ISO-10303-21;
HEADER;
FILE_DESCRIPTION (( 'STEP AP214' ),
    '1' );
FILE_NAME ('38. переходник на кареткиКЗБ.STEP',
    '2026-09-09T16:04:50',
    ( '' ),
    ( '' ),
    'SwSTEP 2.0',
    'SolidWorks 2020',
    '' );
FILE_SCHEMA (( 'AUTOMOTIVE_DESIGN' ));
ENDSEC;

DATA;
#1 = DIRECTION ( 'NONE',  ( 0.000000000000000000, 0.000000000000000000, -1.000000000000000000 ) ) ;
#2 = DIRECTION ( 'NONE',  ( 0.000000000000000000, 0.000000000000000000, -1.000000000000000000 ) ) ;
#3 = ORIENTED_EDGE ( 'NONE', *, *, #63, .T. ) ;
#4 = AXIS2_PLACEMENT_3D ( 'NONE', #3708, #1698, #1097 ) ;
#5 = ORIENTED_EDGE ( 'NONE', *, *, #571, .F. ) ;
#6 = DIRECTION ( 'NONE',  ( 0.000000000000000000, -0.000000000000000000, 1.000000000000000000 ) ) ;
#7 = CARTESIAN_POINT ( 'NONE',  ( 34.50000000000000000, 28.00000000000001066, 55.24999999999999289 ) ) ;
#8 = DIRECTION ( 'NONE',  ( -1.000000000000000000, 0.000000000000000000, 0.000000000000000000 ) ) ;
#9 = ORIENTED_EDGE ( 'NONE', *, *, #514, .T. ) ;
#10 = EDGE_CURVE ( 'NONE', #1573, #3097, #530, .T. ) ;
#11 = DIRECTION ( 'NONE',  ( 0.000000000000000000, -0.000000000000000000, 1.000000000000000000 ) ) ;
#12 = EDGE_CURVE ( 'NONE', #1777, #500, #2759, .T. ) ;
#13 = DIRECTION ( 'NONE',  ( 1.000000000000000000, 0.000000000000000000, 0.000000000000000000 ) ) ;
#14 = DIRECTION ( 'NONE',  ( 1.000000000000000000, -0.000000000000000000, -0.000000000000000000 ) ) ;
#15 = ORIENTED_EDGE ( 'NONE', *, *, #1688, .F. ) ;
#16 = CARTESIAN_POINT ( 'NONE',  ( 25.49999999999999645, 64.00000000000000000, 15.59999999999992681 ) ) ;
#17 = DIRECTION ( 'NONE',  ( 0.000000000000000000, 0.000000000000000000, -1.000000000000000000 ) ) ;
#18 = DIRECTION ( 'NONE',  ( -0.000000000000000000, -0.000000000000000000, -1.000000000000000000 ) ) ;
#19 = SURFACE_SIDE_STYLE ('',( #3710 ) ) ;
#20 = VERTEX_POINT ( 'NONE', #2005 ) ;
#21 = DIRECTION ( 'NONE',  ( 0.000000000000000000, 0.000000000000000000, -1.000000000000000000 ) ) ;
#22 = DIRECTION ( 'NONE',  ( 0.000000000000000000, 0.000000000000000000, 1.000000000000000000 ) ) ;
#23 = DIRECTION ( 'NONE',  ( 1.000000000000000000, 0.000000000000000000, 0.000000000000000000 ) ) ;
#24 = ORIENTED_EDGE ( 'NONE', *, *, #738, .F. ) ;
#25 = DIRECTION ( 'NONE',  ( -0.000000000000000000, -0.000000000000000000, -1.000000000000000000 ) ) ;
#26 = VERTEX_POINT ( 'NONE', #2263 ) ;
#27 = CARTESIAN_POINT ( 'NONE',  ( 39.00000000000000000, 44.00000000000000000, 0.000000000000000000 ) ) ;
#28 = DIRECTION ( 'NONE',  ( 0.000000000000000000, 1.000000000000000000, 0.000000000000000000 ) ) ;
#29 = CARTESIAN_POINT ( 'NONE',  ( 60.00000000000000000, 10.99999999999999112, 17.49999999999998934 ) ) ;
#30 = DIRECTION ( 'NONE',  ( 1.000000000000000000, -0.000000000000000000, -0.000000000000000000 ) ) ;
#31 = ORIENTED_EDGE ( 'NONE', *, *, #3145, .T. ) ;
#32 = ORIENTED_EDGE ( 'NONE', *, *, #3210, .T. ) ;
#33 = VECTOR ( 'NONE', #18, 1000.000000000000000 ) ;
#34 = DIRECTION ( 'NONE',  ( 0.000000000000000000, 0.000000000000000000, -1.000000000000000000 ) ) ;
#35 = CARTESIAN_POINT ( 'NONE',  ( 0.000000000000000000, 22.00000000000000000, 0.000000000000000000 ) ) ;
#36 = CARTESIAN_POINT ( 'NONE',  ( 25.50000000000000000, 23.00000000000000000, 11.65338146873800440 ) ) ;
#37 = ADVANCED_FACE ( 'NONE', ( #1700 ), #1738, .F. ) ;
#38 = ORIENTED_EDGE ( 'NONE', *, *, #3666, .T. ) ;
#39 = EDGE_CURVE ( 'NONE', #1560, #2510, #2892, .T. ) ;
#40 = AXIS2_PLACEMENT_3D ( 'NONE', #2866, #2613, #289 ) ;
#41 = VERTEX_POINT ( 'NONE', #1147 ) ;
#42 = AXIS2_PLACEMENT_3D ( 'NONE', #2631, #1482, #1770 ) ;
#43 = SURFACE_SIDE_STYLE ('',( #859 ) ) ;
#44 = CARTESIAN_POINT ( 'NONE',  ( 48.99999999999999289, 88.00000000000000000, -11.05234317807463817 ) ) ;
#45 = VECTOR ( 'NONE', #197, 1000.000000000000000 ) ;
#46 = DIRECTION ( 'NONE',  ( 1.000000000000000000, -0.000000000000000000, -0.000000000000000000 ) ) ;
#47 = LINE ( 'NONE', #1809, #617 ) ;
#48 = VERTEX_POINT ( 'NONE', #3153 ) ;
#49 = EDGE_LOOP ( 'NONE', ( #2584, #3065 ) ) ;
#50 = AXIS2_PLACEMENT_3D ( 'NONE', #3748, #860, #2911 ) ;
#51 = EDGE_CURVE ( 'NONE', #2541, #2374, #3213, .T. ) ;
#52 = DIRECTION ( 'NONE',  ( -1.000000000000000000, 0.000000000000000000, 0.000000000000000000 ) ) ;
#53 = VECTOR ( 'NONE', #1407, 1000.000000000000000 ) ;
#54 = CONICAL_SURFACE ( 'NONE', #2181, 2.099999999999990763, 1.029744258676654312 ) ;
#55 = DIRECTION ( 'NONE',  ( -1.000000000000000000, 0.000000000000000000, 0.000000000000000000 ) ) ;
#56 = EDGE_CURVE ( 'NONE', #3299, #2231, #1985, .T. ) ;
#57 = CARTESIAN_POINT ( 'NONE',  ( 25.25158496680687037, 22.33977301762345391, 13.15900309512833388 ) ) ;
#58 = EDGE_CURVE ( 'NONE', #158, #1957, #285, .T. ) ;
#59 = AXIS2_PLACEMENT_3D ( 'NONE', #431, #1887, #1311 ) ;
#60 = CIRCLE ( 'NONE', #3644, 2.000000000000001776 ) ;
#61 = ORIENTED_EDGE ( 'NONE', *, *, #3161, .T. ) ;
#62 = EDGE_CURVE ( 'NONE', #1403, #1567, #823, .T. ) ;
#63 = EDGE_CURVE ( 'NONE', #2428, #2258, #2900, .T. ) ;
#64 = CARTESIAN_POINT ( 'NONE',  ( 34.50000000000000000, 28.00000000000001066, 19.25000000000000000 ) ) ;
#65 = ORIENTED_EDGE ( 'NONE', *, *, #2089, .F. ) ;
#66 = CARTESIAN_POINT ( 'NONE',  ( 57.99999999999999289, 83.99999999999998579, 28.99999999999999289 ) ) ;
#67 = DIRECTION ( 'NONE',  ( 0.000000000000000000, 0.000000000000000000, -1.000000000000000000 ) ) ;
#68 = DIRECTION ( 'NONE',  ( -1.000000000000000000, 0.000000000000000000, 0.000000000000000000 ) ) ;
#69 = DIRECTION ( 'NONE',  ( -1.000000000000000000, 0.000000000000000000, 0.000000000000000000 ) ) ;
#70 = ORIENTED_EDGE ( 'NONE', *, *, #1007, .F. ) ;
#71 = EDGE_LOOP ( 'NONE', ( #2327, #1204, #641, #3281, #2826 ) ) ;
#72 = ORIENTED_EDGE ( 'NONE', *, *, #2694, .T. ) ;
#73 = CIRCLE ( 'NONE', #925, 3.299999999999997158 ) ;
#74 = FACE_OUTER_BOUND ( 'NONE', #2562, .T. ) ;
#75 = CARTESIAN_POINT ( 'NONE',  ( 24.49999999999999645, 22.00000000000000000, -5.000000000000003553 ) ) ;
#76 = DIRECTION ( 'NONE',  ( -0.7808688094430303872, 0.000000000000000000, -0.6246950475544242876 ) ) ;
#77 = DIRECTION ( 'NONE',  ( -0.000000000000000000, -0.000000000000000000, 1.000000000000000000 ) ) ;
#78 = ORIENTED_EDGE ( 'NONE', *, *, #705, .F. ) ;
#79 = ADVANCED_FACE ( 'NONE', ( #2565 ), #3756, .F. ) ;
#80 = SURFACE_STYLE_FILL_AREA ( #1784 ) ;
#81 = VERTEX_POINT ( 'NONE', #1474 ) ;
#82 = EDGE_CURVE ( 'NONE', #963, #711, #1612, .T. ) ;
#83 = DIRECTION ( 'NONE',  ( 0.000000000000000000, -1.000000000000000000, 0.000000000000000000 ) ) ;
#84 = CARTESIAN_POINT ( 'NONE',  ( 34.50000000000000000, 28.00000000000001066, 22.00000000000000000 ) ) ;
#85 = DIRECTION ( 'NONE',  ( 1.000000000000000000, -0.000000000000000000, -0.000000000000000000 ) ) ;
#86 = ORIENTED_EDGE ( 'NONE', *, *, #3718, .F. ) ;
#87 = ORIENTED_EDGE ( 'NONE', *, *, #2957, .F. ) ;
#88 = ORIENTED_EDGE ( 'NONE', *, *, #3273, .T. ) ;
#89 = DIRECTION ( 'NONE',  ( 0.000000000000000000, 0.000000000000000000, -1.000000000000000000 ) ) ;
#90 = CARTESIAN_POINT ( 'NONE',  ( 47.00000000000000000, 83.99999999999998579, 29.00000000000000000 ) ) ;
#91 = DIRECTION ( 'NONE',  ( 0.000000000000000000, -0.000000000000000000, 1.000000000000000000 ) ) ;
#92 = CARTESIAN_POINT ( 'NONE',  ( 29.10000000000000142, 60.00000000000001421, 19.25000000000000000 ) ) ;
#93 = CARTESIAN_POINT ( 'NONE',  ( 25.24189964085454108, 22.32948905749397284, 13.67000543079532804 ) ) ;
#94 = VERTEX_POINT ( 'NONE', #269 ) ;
#95 = DIRECTION ( 'NONE',  ( -0.000000000000000000, 1.000000000000000000, -0.000000000000000000 ) ) ;
#96 = EDGE_CURVE ( 'NONE', #3597, #787, #1434, .T. ) ;
#97 = CARTESIAN_POINT ( 'NONE',  ( 25.31319257188573246, 22.41537246163828456, 14.34601396520309358 ) ) ;
#98 = EDGE_LOOP ( 'NONE', ( #2662, #786, #3674, #1200 ) ) ;
#99 = CARTESIAN_POINT ( 'NONE',  ( 55.99999999999999289, 72.00000000000000000, -34.50000000000000000 ) ) ;
#100 =( GEOMETRIC_REPRESENTATION_CONTEXT ( 3 ) GLOBAL_UNCERTAINTY_ASSIGNED_CONTEXT ( ( #893 ) ) GLOBAL_UNIT_ASSIGNED_CONTEXT ( ( #2818, #1233, #669 ) ) REPRESENTATION_CONTEXT ( 'NONE', 'WORKASPACE' ) );
#101 = LINE ( 'NONE', #353, #110 ) ;
#102 = CYLINDRICAL_SURFACE ( 'NONE', #2002, 4.999999999999990230 ) ;
#103 = CARTESIAN_POINT ( 'NONE',  ( 25.50000000000000000, 0.000000000000000000, -0.000000000000000000 ) ) ;
#104 = VERTEX_POINT ( 'NONE', #3431 ) ;
#105 = VERTEX_POINT ( 'NONE', #3361 ) ;
#106 = ORIENTED_EDGE ( 'NONE', *, *, #829, .T. ) ;
#107 = LINE ( 'NONE', #3598, #3694 ) ;
#108 = VECTOR ( 'NONE', #136, 1000.000000000000000 ) ;
#109 = FACE_BOUND ( 'NONE', #3441, .T. ) ;
#110 = VECTOR ( 'NONE', #371, 1000.000000000000000 ) ;
#111 = ORIENTED_EDGE ( 'NONE', *, *, #3106, .F. ) ;
#112 = CIRCLE ( 'NONE', #1024, 2.000000000000001776 ) ;
#113 = AXIS2_PLACEMENT_3D ( 'NONE', #1374, #2801, #3378 ) ;
#114 = CARTESIAN_POINT ( 'NONE',  ( 34.50000000000000000, 83.99999999999998579, 60.50000000000001421 ) ) ;
#115 = VECTOR ( 'NONE', #611, 1000.000000000000114 ) ;
#116 = EDGE_CURVE ( 'NONE', #1346, #3312, #1043, .T. ) ;
#117 = EDGE_CURVE ( 'NONE', #2346, #2243, #818, .T. ) ;
#118 = EDGE_CURVE ( 'NONE', #3400, #41, #1967, .T. ) ;
#119 = ADVANCED_FACE ( 'NONE', ( #1926 ), #3376, .F. ) ;
#120 = ORIENTED_EDGE ( 'NONE', *, *, #1159, .F. ) ;
#121 = DIRECTION ( 'NONE',  ( 0.000000000000000000, 0.000000000000000000, 1.000000000000000000 ) ) ;
#122 = CARTESIAN_POINT ( 'NONE',  ( 2.000000000000015543, 22.00000000000000000, -5.000000000000003553 ) ) ;
#123 = DIRECTION ( 'NONE',  ( 0.000000000000000000, 0.000000000000000000, -1.000000000000000000 ) ) ;
#124 = LINE ( 'NONE', #729, #2749 ) ;
#125 = ORIENTED_EDGE ( 'NONE', *, *, #236, .F. ) ;
#126 = ORIENTED_EDGE ( 'NONE', *, *, #352, .F. ) ;
#127 = LINE ( 'NONE', #3355, #1387 ) ;
#128 = CARTESIAN_POINT ( 'NONE',  ( 34.50000000000000000, 76.00000000000000000, 63.50000000000002842 ) ) ;
#129 = DIRECTION ( 'NONE',  ( 1.000000000000000000, 0.000000000000000000, 0.000000000000000000 ) ) ;
#130 = ORIENTED_EDGE ( 'NONE', *, *, #3271, .T. ) ;
#131 = AXIS2_PLACEMENT_3D ( 'NONE', #3554, #944, #3280 ) ;
#132 = DIRECTION ( 'NONE',  ( 0.000000000000000000, -1.000000000000000000, 0.000000000000000000 ) ) ;
#133 = EDGE_LOOP ( 'NONE', ( #995, #325, #2182, #2931 ) ) ;
#134 = CYLINDRICAL_SURFACE ( 'NONE', #1693, 2.099999999999990763 ) ;
#135 = CARTESIAN_POINT ( 'NONE',  ( 34.50000000000000000, 13.99999999999999822, 72.50000000000001421 ) ) ;
#136 = DIRECTION ( 'NONE',  ( -1.000000000000000000, 0.000000000000000000, 0.000000000000000000 ) ) ;
#137 = CARTESIAN_POINT ( 'NONE',  ( 44.90073188586937647, 0.000000000000000000, -1.125914857336725250 ) ) ;
#138 = ORIENTED_EDGE ( 'NONE', *, *, #3436, .T. ) ;
#139 = ORIENTED_EDGE ( 'NONE', *, *, #1192, .T. ) ;
#140 = ORIENTED_EDGE ( 'NONE', *, *, #3712, .F. ) ;
#141 = FACE_OUTER_BOUND ( 'NONE', #473, .T. ) ;
#142 = EDGE_CURVE ( 'NONE', #2035, #267, #2287, .T. ) ;
#143 = MECHANICAL_DESIGN_GEOMETRIC_PRESENTATION_REPRESENTATION (  '', ( #1797 ), #335 ) ;
#144 = PLANE ( 'NONE',  #1394 ) ;
#145 = DIRECTION ( 'NONE',  ( 1.000000000000000000, -0.000000000000000000, -0.000000000000000000 ) ) ;
#146 = ORIENTED_EDGE ( 'NONE', *, *, #884, .F. ) ;
#147 = DIRECTION ( 'NONE',  ( 0.000000000000000000, -1.000000000000000000, 0.000000000000000000 ) ) ;
#148 = ADVANCED_FACE ( 'NONE', ( #1682 ), #2489, .F. ) ;
#149 = CIRCLE ( 'NONE', #697, 0.3999999999999975797 ) ;
#150 = ADVANCED_FACE ( 'NONE', ( #3391 ), #3687, .F. ) ;
#151 = ORIENTED_EDGE ( 'NONE', *, *, #1123, .T. ) ;
#152 = CIRCLE ( 'NONE', #2292, 2.750000000000002665 ) ;
#153 = FACE_BOUND ( 'NONE', #1001, .T. ) ;
#154 = CIRCLE ( 'NONE', #2594, 5.000000000000004441 ) ;
#155 = DIRECTION ( 'NONE',  ( 0.000000000000000000, 0.000000000000000000, -1.000000000000000000 ) ) ;
#156 = CARTESIAN_POINT ( 'NONE',  ( 25.49999999999999645, 64.00000000000000000, 13.49999999999993605 ) ) ;
#157 = VERTEX_POINT ( 'NONE', #743 ) ;
#158 = VERTEX_POINT ( 'NONE', #203 ) ;
#159 = ORIENTED_EDGE ( 'NONE', *, *, #3734, .F. ) ;
#160 = LINE ( 'NONE', #1276, #3466 ) ;
#161 = DIRECTION ( 'NONE',  ( 0.000000000000000000, -0.000000000000000000, -1.000000000000000000 ) ) ;
#162 = FACE_OUTER_BOUND ( 'NONE', #406, .T. ) ;
#163 = FILL_AREA_STYLE_COLOUR ( '', #1368 ) ;
#164 = EDGE_CURVE ( 'NONE', #2085, #467, #3714, .T. ) ;
#165 = ORIENTED_EDGE ( 'NONE', *, *, #1134, .T. ) ;
#166 = CIRCLE ( 'NONE', #1150, 4.999999999999990230 ) ;
#167 = CARTESIAN_POINT ( 'NONE',  ( 25.50000000000000000, 23.00000000000000000, 0.000000000000000000 ) ) ;
#168 = ADVANCED_FACE ( 'NONE', ( #2517 ), #1080, .F. ) ;
#169 = PRESENTATION_STYLE_ASSIGNMENT (( #1354 ) ) ;
#170 = AXIS2_PLACEMENT_3D ( 'NONE', #2771, #1330, #3652 ) ;
#171 = AXIS2_PLACEMENT_3D ( 'NONE', #2332, #2052, #3222 ) ;
#172 = MANIFOLD_SOLID_BREP ( 'Вырез-Вытянуть8', #3564 ) ;
#173 = VECTOR ( 'NONE', #626, 1000.000000000000000 ) ;
#174 = ADVANCED_FACE ( 'NONE', ( #3561 ), #951, .T. ) ;
#175 = EDGE_CURVE ( 'NONE', #668, #3608, #3288, .T. ) ;
#176 = DIRECTION ( 'NONE',  ( 1.000000000000000000, -0.000000000000000000, -0.000000000000000000 ) ) ;
#177 = LINE ( 'NONE', #3398, #349 ) ;
#178 = DIRECTION ( 'NONE',  ( 0.000000000000000000, 0.000000000000000000, 1.000000000000000000 ) ) ;
#179 = VERTEX_POINT ( 'NONE', #1549 ) ;
#180 = VERTEX_POINT ( 'NONE', #92 ) ;
#181 = ORIENTED_EDGE ( 'NONE', *, *, #723, .T. ) ;
#182 = DIRECTION ( 'NONE',  ( 0.000000000000000000, 0.000000000000000000, 1.000000000000000000 ) ) ;
#183 = LINE ( 'NONE', #736, #3767 ) ;
#184 = DIRECTION ( 'NONE',  ( 0.000000000000000000, 0.000000000000000000, -1.000000000000000000 ) ) ;
#185 = DIRECTION ( 'NONE',  ( 1.000000000000000000, -0.000000000000000000, -0.000000000000000000 ) ) ;
#186 = EDGE_LOOP ( 'NONE', ( #2483, #2150, #1239, #295 ) ) ;
#187 = FACE_OUTER_BOUND ( 'NONE', #674, .T. ) ;
#188 = FILL_AREA_STYLE ('',( #2835 ) ) ;
#189 = ORIENTED_EDGE ( 'NONE', *, *, #1418, .F. ) ;
#190 = FACE_OUTER_BOUND ( 'NONE', #1483, .T. ) ;
#191 = DIRECTION ( 'NONE',  ( -1.000000000000000000, 0.000000000000000000, 0.000000000000000000 ) ) ;
#192 = CARTESIAN_POINT ( 'NONE',  ( 34.50000000000000000, 12.00000000000000533, 16.55835921350009698 ) ) ;
#193 = VERTEX_POINT ( 'NONE', #970 ) ;
#194 = ORIENTED_EDGE ( 'NONE', *, *, #1726, .T. ) ;
#195 = ORIENTED_EDGE ( 'NONE', *, *, #2237, .F. ) ;
#196 = EDGE_CURVE ( 'NONE', #2519, #341, #3061, .T. ) ;
#197 = DIRECTION ( 'NONE',  ( 0.000000000000000000, 0.000000000000000000, -1.000000000000000000 ) ) ;
#198 = DIRECTION ( 'NONE',  ( 0.000000000000000000, -0.7071067811865485719, 0.7071067811865464625 ) ) ;
#199 = FACE_OUTER_BOUND ( 'NONE', #3245, .T. ) ;
#200 = CARTESIAN_POINT ( 'NONE',  ( 47.00000000000000000, 88.00000000000000000, 28.99999999999999645 ) ) ;
#201 = ORIENTED_EDGE ( 'NONE', *, *, #1061, .F. ) ;
#202 = DIRECTION ( 'NONE',  ( 1.000000000000000000, 0.000000000000000000, 0.000000000000000000 ) ) ;
#203 = CARTESIAN_POINT ( 'NONE',  ( 60.00000000000000000, 83.99999999999998579, 27.00000000000002487 ) ) ;
#204 = CYLINDRICAL_SURFACE ( 'NONE', #1088, 2.000000000000001776 ) ;
#205 = ORIENTED_EDGE ( 'NONE', *, *, #458, .T. ) ;
#206 = DIRECTION ( 'NONE',  ( 1.000000000000000000, -0.000000000000000000, -0.000000000000000000 ) ) ;
#207 = SURFACE_STYLE_FILL_AREA ( #3119 ) ;
#208 = CIRCLE ( 'NONE', #1681, 2.099999999999990763 ) ;
#209 = EDGE_CURVE ( 'NONE', #1893, #1432, #2956, .T. ) ;
#210 = ADVANCED_FACE ( 'NONE', ( #2246 ), #1663, .F. ) ;
#211 = DIRECTION ( 'NONE',  ( 0.000000000000000000, 0.000000000000000000, 1.000000000000000000 ) ) ;
#212 = FILL_AREA_STYLE ('',( #3721 ) ) ;
#213 = DIRECTION ( 'NONE',  ( 1.000000000000000000, -0.000000000000000000, -0.000000000000000000 ) ) ;
#214 = ORIENTED_EDGE ( 'NONE', *, *, #2873, .T. ) ;
#215 = EDGE_LOOP ( 'NONE', ( #3717, #146, #1171, #2145 ) ) ;
#216 = ORIENTED_EDGE ( 'NONE', *, *, #449, .F. ) ;
#217 = CARTESIAN_POINT ( 'NONE',  ( 34.50000000000000000, 29.75000000000000000, -29.75000000000000000 ) ) ;
#218 = CARTESIAN_POINT ( 'NONE',  ( 29.10000000000000142, 60.00000000000001421, 58.00000000000000000 ) ) ;
#219 = CARTESIAN_POINT ( 'NONE',  ( 60.00000000000000000, -6.000000000000005329, 7.500000000000007105 ) ) ;
#220 = DIRECTION ( 'NONE',  ( 0.000000000000000000, 0.000000000000000000, -1.000000000000000000 ) ) ;
#221 = ORIENTED_EDGE ( 'NONE', *, *, #3290, .F. ) ;
#222 = EDGE_CURVE ( 'NONE', #2715, #2653, #1057, .T. ) ;
#223 = CARTESIAN_POINT ( 'NONE',  ( 25.50000000000000000, 23.00000000000000000, 64.65338146873800440 ) ) ;
#224 = AXIS2_PLACEMENT_3D ( 'NONE', #3623, #2103, #2454 ) ;
#225 = CARTESIAN_POINT ( 'NONE',  ( 34.50000000000000000, 60.00000000000001421, 55.25000000000000000 ) ) ;
#226 = CARTESIAN_POINT ( 'NONE',  ( 39.00000000000000000, 44.00000000000000000, 7.500000000000007105 ) ) ;
#227 = CIRCLE ( 'NONE', #290, 4.999999999999990230 ) ;
#228 = ORIENTED_EDGE ( 'NONE', *, *, #1818, .T. ) ;
#229 = DIRECTION ( 'NONE',  ( 1.000000000000000000, -0.000000000000000000, -0.000000000000000000 ) ) ;
#230 = CARTESIAN_POINT ( 'NONE',  ( 34.89999999999999858, 12.00000000000000000, 63.50000000000002842 ) ) ;
#231 = VECTOR ( 'NONE', #1052, 1000.000000000000114 ) ;
#232 = VECTOR ( 'NONE', #3193, 1000.000000000000000 ) ;
#233 = ADVANCED_FACE ( 'NONE', ( #3409, #3672, #798 ), #3429, .F. ) ;
#234 = VECTOR ( 'NONE', #3479, 1000.000000000000000 ) ;
#235 = CARTESIAN_POINT ( 'NONE',  ( 34.50000000000000000, 64.00000000000000000, 66.49999999999992895 ) ) ;
#236 = EDGE_CURVE ( 'NONE', #3691, #243, #3084, .T. ) ;
#237 = AXIS2_PLACEMENT_3D ( 'NONE', #2112, #1240, #2147 ) ;
#238 = DIRECTION ( 'NONE',  ( 0.000000000000000000, 0.000000000000000000, -1.000000000000000000 ) ) ;
#239 = DIRECTION ( 'NONE',  ( 1.000000000000000000, -0.000000000000000000, -0.000000000000000000 ) ) ;
#240 = EDGE_LOOP ( 'NONE', ( #1901, #360, #427, #2434, #3185, #846, #3282, #1831, #195, #1035, #3678, #683, #1094, #3635, #382, #1792, #357 ) ) ;
#241 = VERTEX_POINT ( 'NONE', #509 ) ;
#242 = AXIS2_PLACEMENT_3D ( 'NONE', #567, #2271, #3764 ) ;
#243 = VERTEX_POINT ( 'NONE', #1680 ) ;
#244 = CARTESIAN_POINT ( 'NONE',  ( 25.28749093468658415, 65.61696223604673150, 65.81942964371810945 ) ) ;
#245 = DIRECTION ( 'NONE',  ( 1.000000000000000000, -0.000000000000000000, -0.000000000000000000 ) ) ;
#246 = CARTESIAN_POINT ( 'NONE',  ( 25.50000000000000000, 65.00000000000000000, 15.34661853126186415 ) ) ;
#247 =( LENGTH_UNIT ( ) NAMED_UNIT ( * ) SI_UNIT ( .MILLI., .METRE. ) );
#248 = ORIENTED_EDGE ( 'NONE', *, *, #2670, .F. ) ;
#249 = VERTEX_POINT ( 'NONE', #3151 ) ;
#250 = CARTESIAN_POINT ( 'NONE',  ( 34.50000000000000000, 60.00000000000001421, 22.00000000000000355 ) ) ;
#251 = SURFACE_SIDE_STYLE ('',( #2044 ) ) ;
#252 = PLANE ( 'NONE',  #3236 ) ;
#253 = ORIENTED_EDGE ( 'NONE', *, *, #2991, .T. ) ;
#254 = DIRECTION ( 'NONE',  ( 1.000000000000000000, 0.000000000000000000, 0.000000000000000000 ) ) ;
#255 = AXIS2_PLACEMENT_3D ( 'NONE', #314, #69, #388 ) ;
#256 = DIRECTION ( 'NONE',  ( 0.000000000000000000, 0.000000000000000000, 1.000000000000000000 ) ) ;
#257 = CARTESIAN_POINT ( 'NONE',  ( 25.50000000000000000, 60.00000000000001421, 19.25000000000000000 ) ) ;
#258 = ADVANCED_FACE ( 'NONE', ( #2860 ), #3390, .F. ) ;
#259 = DIRECTION ( 'NONE',  ( 1.000000000000000000, -0.000000000000000000, -0.000000000000000000 ) ) ;
#260 = ORIENTED_EDGE ( 'NONE', *, *, #2758, .F. ) ;
#261 = ORIENTED_EDGE ( 'NONE', *, *, #117, .T. ) ;
#262 = CARTESIAN_POINT ( 'NONE',  ( 2.000000000000015543, 66.00000000000000000, -5.000000000000009770 ) ) ;
#263 = DIRECTION ( 'NONE',  ( 1.000000000000000000, -0.000000000000000000, -0.000000000000000000 ) ) ;
#264 = DIRECTION ( 'NONE',  ( 0.000000000000000000, 0.000000000000000000, -1.000000000000000000 ) ) ;
#265 = CARTESIAN_POINT ( 'NONE',  ( 25.49999999999999645, 65.00000000000000000, 11.65338146873800795 ) ) ;
#266 = EDGE_LOOP ( 'NONE', ( #408, #559 ) ) ;
#267 = VERTEX_POINT ( 'NONE', #2008 ) ;
#268 = ADVANCED_FACE ( 'NONE', ( #187 ), #1948, .F. ) ;
#269 = CARTESIAN_POINT ( 'NONE',  ( 55.99999999999999289, 72.00000000000000000, -31.20000000000000639 ) ) ;
#270 = CARTESIAN_POINT ( 'NONE',  ( 52.00000000000000000, 72.00000000000000000, -29.50000000000000355 ) ) ;
#271 = ORIENTED_EDGE ( 'NONE', *, *, #796, .F. ) ;
#272 = AXIS2_PLACEMENT_3D ( 'NONE', #492, #2779, #3055 ) ;
#273 = DIRECTION ( 'NONE',  ( 0.000000000000000000, 0.000000000000000000, -1.000000000000000000 ) ) ;
#274 = CARTESIAN_POINT ( 'NONE',  ( 34.50000000000000000, 81.99999999999998579, 19.50000000000003197 ) ) ;
#275 = VERTEX_POINT ( 'NONE', #3054 ) ;
#276 = CARTESIAN_POINT ( 'NONE',  ( 60.00000000000000000, 12.00000000000000000, 63.50000000000002842 ) ) ;
#277 = PRESENTATION_LAYER_ASSIGNMENT (  '', '', ( #1797 ) ) ;
#278 = CARTESIAN_POINT ( 'NONE',  ( 60.00000000000000000, 88.00000000000000000, 62.50000000000001421 ) ) ;
#279 = CYLINDRICAL_SURFACE ( 'NONE', #1457, 3.299999999999997158 ) ;
#280 = CARTESIAN_POINT ( 'NONE',  ( 25.46878594124324025, 65.25449953581204454, 15.12098570714855050 ) ) ;
#281 = ORIENTED_EDGE ( 'NONE', *, *, #794, .T. ) ;
#282 = ORIENTED_EDGE ( 'NONE', *, *, #2068, .F. ) ;
#283 = AXIS2_PLACEMENT_3D ( 'NONE', #2628, #2395, #2954 ) ;
#284 = EDGE_CURVE ( 'NONE', #3558, #3603, #1891, .T. ) ;
#285 = LINE ( 'NONE', #2608, #2578 ) ;
#286 = CARTESIAN_POINT ( 'NONE',  ( 29.10000000000000142, 60.00000000000001421, 27.00000000000000711 ) ) ;
#287 = VECTOR ( 'NONE', #213, 1000.000000000000000 ) ;
#288 = ORIENTED_EDGE ( 'NONE', *, *, #209, .F. ) ;
#289 = DIRECTION ( 'NONE',  ( 0.000000000000000000, 0.000000000000000000, -1.000000000000000000 ) ) ;
#290 = AXIS2_PLACEMENT_3D ( 'NONE', #2211, #1632, #1955 ) ;
#291 = DIRECTION ( 'NONE',  ( 1.000000000000000000, -0.000000000000000000, -0.000000000000000000 ) ) ;
#292 = VECTOR ( 'NONE', #3020, 1000.000000000000000 ) ;
#293 = EDGE_CURVE ( 'NONE', #2035, #2948, #437, .T. ) ;
#294 = CARTESIAN_POINT ( 'NONE',  ( 25.49156811812169821, 22.85804977181024000, 15.24761427060827756 ) ) ;
#295 = ORIENTED_EDGE ( 'NONE', *, *, #751, .F. ) ;
#296 = CIRCLE ( 'NONE', #1461, 2.499999999999988454 ) ;
#297 = CYLINDRICAL_SURFACE ( 'NONE', #224, 2.499999999999988454 ) ;
#298 = AXIS2_PLACEMENT_3D ( 'NONE', #804, #6, #1201 ) ;
#299 = FACE_BOUND ( 'NONE', #358, .T. ) ;
#300 = CARTESIAN_POINT ( 'NONE',  ( 52.00000000000000000, 0.1195725651749763446, -11.05234317807463817 ) ) ;
#301 = CARTESIAN_POINT ( 'NONE',  ( 25.49999999999999645, 24.00000000000000000, 11.39999999999994351 ) ) ;
#302 = CIRCLE ( 'NONE', #782, 2.749999999999999112 ) ;
#303 = ORIENTED_EDGE ( 'NONE', *, *, #142, .F. ) ;
#304 = CARTESIAN_POINT ( 'NONE',  ( 60.00000000000000000, 62.50000000000000000, 51.00000000000000000 ) ) ;
#305 = DIRECTION ( 'NONE',  ( 0.000000000000000000, 0.000000000000000000, 1.000000000000000000 ) ) ;
#306 = EDGE_LOOP ( 'NONE', ( #710, #138, #921, #1650 ) ) ;
#307 = DIRECTION ( 'NONE',  ( 0.000000000000000000, 0.000000000000000000, 1.000000000000000000 ) ) ;
#308 = LINE ( 'NONE', #64, #3461 ) ;
#309 = ORIENTED_EDGE ( 'NONE', *, *, #2680, .F. ) ;
#310 = AXIS2_PLACEMENT_3D ( 'NONE', #3594, #2156, #1934 ) ;
#311 = LINE ( 'NONE', #66, #3158 ) ;
#312 = CARTESIAN_POINT ( 'NONE',  ( 25.49999999999999645, 65.00000000000000000, 64.65338146873800440 ) ) ;
#313 = CARTESIAN_POINT ( 'NONE',  ( 60.00000000000000000, 72.00000000000000000, -34.50000000000000000 ) ) ;
#314 = CARTESIAN_POINT ( 'NONE',  ( 29.10000000000000142, 62.75000000000001421, 58.00000000000000000 ) ) ;
#315 = UNCERTAINTY_MEASURE_WITH_UNIT (LENGTH_MEASURE( 1.000000000000000082E-05 ), #1128, 'distance_accuracy_value', 'NONE');
#316 = ORIENTED_EDGE ( 'NONE', *, *, #398, .F. ) ;
#317 = ORIENTED_EDGE ( 'NONE', *, *, #2451, .T. ) ;
#318 = ADVANCED_FACE ( 'NONE', ( #1649 ), #1871, .F. ) ;
#319 = CARTESIAN_POINT ( 'NONE',  ( 34.89999999999999858, 12.00000000000000533, 17.89999999999998792 ) ) ;
#320 = LINE ( 'NONE', #1202, #3473 ) ;
#321 = LINE ( 'NONE', #2679, #1812 ) ;
#322 = ORIENTED_EDGE ( 'NONE', *, *, #1319, .F. ) ;
#323 = PRODUCT_CONTEXT ( 'NONE', #2820, 'mechanical' ) ;
#324 = CARTESIAN_POINT ( 'NONE',  ( 60.00000000000000000, 0.000000000000000000, 80.00000000000000000 ) ) ;
#325 = ORIENTED_EDGE ( 'NONE', *, *, #954, .F. ) ;
#326 = DIRECTION ( 'NONE',  ( 0.000000000000000000, -0.7071067811865475727, 0.7071067811865475727 ) ) ;
#327 = EDGE_CURVE ( 'NONE', #157, #3008, #824, .T. ) ;
#328 = EDGE_CURVE ( 'NONE', #2233, #2413, #2101, .T. ) ;
#329 = DIRECTION ( 'NONE',  ( -1.000000000000000000, 0.000000000000000000, 0.000000000000000000 ) ) ;
#330 = CARTESIAN_POINT ( 'NONE',  ( 37.50000000000002132, 23.99999999999998224, 80.00000000000000000 ) ) ;
#331 = PLANE ( 'NONE',  #255 ) ;
#332 = VERTEX_POINT ( 'NONE', #3031 ) ;
#333 = EDGE_LOOP ( 'NONE', ( #303, #507, #878, #725 ) ) ;
#334 = MECHANICAL_DESIGN_GEOMETRIC_PRESENTATION_REPRESENTATION (  '', ( #2899 ), #2455 ) ;
#335 =( GEOMETRIC_REPRESENTATION_CONTEXT ( 3 ) GLOBAL_UNCERTAINTY_ASSIGNED_CONTEXT ( ( #2868 ) ) GLOBAL_UNIT_ASSIGNED_CONTEXT ( ( #3175, #2304, #1753 ) ) REPRESENTATION_CONTEXT ( 'NONE', 'WORKASPACE' ) );
#336 = DIRECTION ( 'NONE',  ( 0.000000000000000000, -0.7071067811865474617, -0.7071067811865474617 ) ) ;
#337 = VECTOR ( 'NONE', #3637, 1000.000000000000000 ) ;
#338 = LINE ( 'NONE', #1241, #851 ) ;
#339 = DIRECTION ( 'NONE',  ( 0.000000000000000000, 1.000000000000000000, 0.000000000000000000 ) ) ;
#340 = ADVANCED_FACE ( 'NONE', ( #2716 ), #1261, .F. ) ;
#341 = VERTEX_POINT ( 'NONE', #1283 ) ;
#342 = EDGE_CURVE ( 'NONE', #3168, #416, #757, .T. ) ;
#343 = AXIS2_PLACEMENT_3D ( 'NONE', #615, #3548, #939 ) ;
#344 = SHAPE_DEFINITION_REPRESENTATION ( #1711, #2088 ) ;
#345 = VECTOR ( 'NONE', #3765, 1000.000000000000114 ) ;
#346 = COLOUR_RGB ( '',0.7529411764705882248, 0.7529411764705882248, 0.7529411764705882248 ) ;
#347 =( NAMED_UNIT ( * ) SI_UNIT ( $, .STERADIAN. ) SOLID_ANGLE_UNIT ( ) );
#348 = ORIENTED_EDGE ( 'NONE', *, *, #3227, .T. ) ;
#349 = VECTOR ( 'NONE', #191, 1000.000000000000000 ) ;
#350 = CIRCLE ( 'NONE', #1637, 4.999999999999990230 ) ;
#351 = LINE ( 'NONE', #3469, #2523 ) ;
#352 = EDGE_CURVE ( 'NONE', #2756, #747, #3268, .T. ) ;
#353 = CARTESIAN_POINT ( 'NONE',  ( 60.00000000000000000, 0.000000000000000000, 62.50000000000002842 ) ) ;
#354 = AXIS2_PLACEMENT_3D ( 'NONE', #1731, #1886, #3009 ) ;
#355 = CARTESIAN_POINT ( 'NONE',  ( 45.00000000000000000, 83.99999999999998579, 48.99999999999999289 ) ) ;
#356 = DIRECTION ( 'NONE',  ( 1.000000000000000000, -0.000000000000000000, -0.000000000000000000 ) ) ;
#357 = ORIENTED_EDGE ( 'NONE', *, *, #2264, .T. ) ;
#358 = EDGE_LOOP ( 'NONE', ( #2548, #809 ) ) ;
#359 = AXIS2_PLACEMENT_3D ( 'NONE', #620, #1162, #1721 ) ;
#360 = ORIENTED_EDGE ( 'NONE', *, *, #2780, .T. ) ;
#361 = CARTESIAN_POINT ( 'NONE',  ( 60.00000000000000000, 76.00000000000000000, 16.50000000000000000 ) ) ;
#362 = CIRCLE ( 'NONE', #2121, 2.000000000000000000 ) ;
#363 = CARTESIAN_POINT ( 'NONE',  ( 34.50000000000000000, 60.00000000000001421, 58.00000000000000000 ) ) ;
#364 = CARTESIAN_POINT ( 'NONE',  ( 25.45400228564132306, 22.69684383401993344, 11.94995781395186008 ) ) ;
#365 = VECTOR ( 'NONE', #1564, 1000.000000000000114 ) ;
#366 = ADVANCED_FACE ( 'NONE', ( #2189, #3360 ), #2415, .T. ) ;
#367 = VECTOR ( 'NONE', #2941, 1000.000000000000000 ) ;
#368 = EDGE_LOOP ( 'NONE', ( #2598, #1832, #1105, #3044 ) ) ;
#369 = CARTESIAN_POINT ( 'NONE',  ( 25.50000000000000000, 60.00000000000001421, 58.00000000000000000 ) ) ;
#370 = ORIENTED_EDGE ( 'NONE', *, *, #1555, .T. ) ;
#371 = DIRECTION ( 'NONE',  ( 0.000000000000000000, 1.000000000000000000, 0.000000000000000000 ) ) ;
#372 = CARTESIAN_POINT ( 'NONE',  ( 34.50000000000000000, 28.00000000000001066, 17.00000000000000711 ) ) ;
#373 = LINE ( 'NONE', #2387, #2436 ) ;
#374 = ORIENTED_EDGE ( 'NONE', *, *, #1229, .T. ) ;
#375 = ORIENTED_EDGE ( 'NONE', *, *, #2585, .F. ) ;
#376 = VERTEX_POINT ( 'NONE', #1042 ) ;
#377 = DIRECTION ( 'NONE',  ( 0.000000000000000000, 0.000000000000000000, -1.000000000000000000 ) ) ;
#378 = DIRECTION ( 'NONE',  ( -1.000000000000000000, 0.000000000000000000, 0.000000000000000000 ) ) ;
#379 = CARTESIAN_POINT ( 'NONE',  ( 34.50000000000000000, 28.00000000000001066, 22.00000000000000000 ) ) ;
#380 = CARTESIAN_POINT ( 'NONE',  ( 44.00000000000000000, 0.000000000000000000, 0.000000000000000000 ) ) ;
#381 = CARTESIAN_POINT ( 'NONE',  ( 60.00000000000000000, 52.54325195007596250, -48.43661487732106963 ) ) ;
#382 = ORIENTED_EDGE ( 'NONE', *, *, #2623, .T. ) ;
#383 = EDGE_CURVE ( 'NONE', #2243, #758, #742, .T. ) ;
#384 = CARTESIAN_POINT ( 'NONE',  ( 25.40728763806126977, 22.57007312370100038, 14.82923548968337180 ) ) ;
#385 = EDGE_LOOP ( 'NONE', ( #151, #391, #2788, #1975, #2221 ) ) ;
#386 = DIRECTION ( 'NONE',  ( -0.000000000000000000, -0.000000000000000000, -1.000000000000000000 ) ) ;
#387 = FACE_OUTER_BOUND ( 'NONE', #2515, .T. ) ;
#388 = DIRECTION ( 'NONE',  ( 0.000000000000000000, 0.000000000000000000, 1.000000000000000000 ) ) ;
#389 = VERTEX_POINT ( 'NONE', #2435 ) ;
#390 = ORIENTED_EDGE ( 'NONE', *, *, #1533, .T. ) ;
#391 = ORIENTED_EDGE ( 'NONE', *, *, #352, .T. ) ;
#392 = FACE_BOUND ( 'NONE', #1361, .T. ) ;
#393 = LINE ( 'NONE', #1528, #365 ) ;
#394 = DIRECTION ( 'NONE',  ( 0.000000000000000000, 0.000000000000000000, 1.000000000000000000 ) ) ;
#395 = EDGE_CURVE ( 'NONE', #397, #1662, #1853, .T. ) ;
#396 = DIRECTION ( 'NONE',  ( 0.000000000000000000, 0.000000000000000000, 1.000000000000000000 ) ) ;
#397 = VERTEX_POINT ( 'NONE', #400 ) ;
#398 = EDGE_CURVE ( 'NONE', #629, #668, #3094, .T. ) ;
#399 = CIRCLE ( 'NONE', #3675, 4.999999999999997335 ) ;
#400 = CARTESIAN_POINT ( 'NONE',  ( 60.00000000000000000, 83.99999999999998579, 60.50000000000001421 ) ) ;
#401 = ORIENTED_EDGE ( 'NONE', *, *, #1973, .F. ) ;
#402 = DIRECTION ( 'NONE',  ( 0.000000000000000000, 0.000000000000000000, -1.000000000000000000 ) ) ;
#403 = CARTESIAN_POINT ( 'NONE',  ( 34.50000000000000000, 0.000000000000000000, 62.10000000000002984 ) ) ;
#404 = CARTESIAN_POINT ( 'NONE',  ( 60.00000000000000000, 12.00000000000000888, 9.500000000000007105 ) ) ;
#405 = LINE ( 'NONE', #2727, #2933 ) ;
#406 = EDGE_LOOP ( 'NONE', ( #1523, #3345, #1436, #578 ) ) ;
#407 = AXIS2_PLACEMENT_3D ( 'NONE', #2349, #3534, #1500 ) ;
#408 = ORIENTED_EDGE ( 'NONE', *, *, #3643, .F. ) ;
#409 = VERTEX_POINT ( 'NONE', #3073 ) ;
#410 = FACE_BOUND ( 'NONE', #1051, .T. ) ;
#411 = AXIS2_PLACEMENT_3D ( 'NONE', #2506, #547, #3700 ) ;
#412 = DIRECTION ( 'NONE',  ( 0.000000000000000000, 0.000000000000000000, -1.000000000000000000 ) ) ;
#413 = DIRECTION ( 'NONE',  ( 1.000000000000000000, -0.000000000000000000, -0.000000000000000000 ) ) ;
#414 =( LENGTH_UNIT ( ) NAMED_UNIT ( * ) SI_UNIT ( .MILLI., .METRE. ) );
#415 = AXIS2_PLACEMENT_3D ( 'NONE', #2217, #198, #2499 ) ;
#416 = VERTEX_POINT ( 'NONE', #456 ) ;
#417 = VECTOR ( 'NONE', #2486, 1000.000000000000000 ) ;
#418 = AXIS2_PLACEMENT_3D ( 'NONE', #2175, #1668, #744 ) ;
#419 = CARTESIAN_POINT ( 'NONE',  ( 34.89999999999999858, 0.000000000000000000, 17.89999999999998082 ) ) ;
#420 = AXIS2_PLACEMENT_3D ( 'NONE', #3187, #597, #2595 ) ;
#421 = ORIENTED_EDGE ( 'NONE', *, *, #1175, .T. ) ;
#422 = CARTESIAN_POINT ( 'NONE',  ( 0.000000000000000000, 19.99999999999998224, 0.000000000000000000 ) ) ;
#423 = CARTESIAN_POINT ( 'NONE',  ( 60.00000000000000000, 0.000000000000000000, 27.00000000000001066 ) ) ;
#424 = CYLINDRICAL_SURFACE ( 'NONE', #3394, 4.999999999999997335 ) ;
#425 = CARTESIAN_POINT ( 'NONE',  ( 56.44499999999999318, 72.00000000000000000, -34.50000000000000000 ) ) ;
#426 = ORIENTED_EDGE ( 'NONE', *, *, #284, .T. ) ;
#427 = ORIENTED_EDGE ( 'NONE', *, *, #1061, .T. ) ;
#428 = ORIENTED_EDGE ( 'NONE', *, *, #2143, .F. ) ;
#429 = LINE ( 'NONE', #966, #2061 ) ;
#430 = EDGE_CURVE ( 'NONE', #979, #332, #3338, .T. ) ;
#431 = CARTESIAN_POINT ( 'NONE',  ( 60.00000000000000000, 72.00000000000000000, -34.50000000000000000 ) ) ;
#432 = CARTESIAN_POINT ( 'NONE',  ( 60.00000000000000000, 77.00000000000001421, 62.50000000000001421 ) ) ;
#433 = CARTESIAN_POINT ( 'NONE',  ( 2.000000000000015543, 66.00000000000000000, 80.00000000000000000 ) ) ;
#434 = ORIENTED_EDGE ( 'NONE', *, *, #1134, .F. ) ;
#435 = EDGE_CURVE ( 'NONE', #1504, #2824, #947, .T. ) ;
#436 = VECTOR ( 'NONE', #356, 1000.000000000000000 ) ;
#437 = LINE ( 'NONE', #1607, #337 ) ;
#438 =( NAMED_UNIT ( * ) PLANE_ANGLE_UNIT ( ) SI_UNIT ( $, .RADIAN. ) );
#439 = CIRCLE ( 'NONE', #3546, 2.099999999999990763 ) ;
#440 = ORIENTED_EDGE ( 'NONE', *, *, #1909, .T. ) ;
#441 = ADVANCED_FACE ( 'NONE', ( #3320 ), #1592, .F. ) ;
#442 = DIRECTION ( 'NONE',  ( 0.000000000000000000, -1.000000000000000000, 0.000000000000000000 ) ) ;
#443 = CARTESIAN_POINT ( 'NONE',  ( 34.50000000000000000, 28.00000000000001066, 26.99999999999999289 ) ) ;
#444 = DIRECTION ( 'NONE',  ( 0.000000000000000000, -1.387778780781446464E-15, 1.000000000000000000 ) ) ;
#445 = ORIENTED_EDGE ( 'NONE', *, *, #3253, .T. ) ;
#446 = ORIENTED_EDGE ( 'NONE', *, *, #3592, .T. ) ;
#447 = ADVANCED_FACE ( 'NONE', ( #1004 ), #2538, .F. ) ;
#448 = ORIENTED_EDGE ( 'NONE', *, *, #1340, .F. ) ;
#449 = EDGE_CURVE ( 'NONE', #243, #2273, #2240, .T. ) ;
#450 = CARTESIAN_POINT ( 'NONE',  ( 34.50000000000000000, 0.000000000000000000, 0.000000000000000000 ) ) ;
#451 = AXIS2_PLACEMENT_3D ( 'NONE', #1741, #1169, #561 ) ;
#452 = CARTESIAN_POINT ( 'NONE',  ( 25.49999999999999645, 24.00000000000000000, 13.49999999999993072 ) ) ;
#453 = FACE_OUTER_BOUND ( 'NONE', #1562, .T. ) ;
#454 = FILL_AREA_STYLE_COLOUR ( '', #3563 ) ;
#455 = ORIENTED_EDGE ( 'NONE', *, *, #430, .F. ) ;
#456 = CARTESIAN_POINT ( 'NONE',  ( 34.50000000000000000, 0.000000000000000000, 17.89999999999998437 ) ) ;
#457 = CARTESIAN_POINT ( 'NONE',  ( 60.00000000000000000, 14.00000000000000888, 7.500000000000007105 ) ) ;
#458 = EDGE_CURVE ( 'NONE', #515, #2322, #1314, .T. ) ;
#459 = EDGE_CURVE ( 'NONE', #802, #3582, #3373, .T. ) ;
#460 = STYLED_ITEM ( 'NONE', ( #169 ), #148 ) ;
#461 = AXIS2_PLACEMENT_3D ( 'NONE', #3673, #1058, #2223 ) ;
#462 = VECTOR ( 'NONE', #1437, 1000.000000000000000 ) ;
#463 = DIRECTION ( 'NONE',  ( -1.000000000000000000, 0.000000000000000000, 0.000000000000000000 ) ) ;
#464 = FACE_OUTER_BOUND ( 'NONE', #478, .T. ) ;
#465 = CARTESIAN_POINT ( 'NONE',  ( 25.49999999999999645, 64.00000000000000000, 64.39999999999994884 ) ) ;
#466 = ORIENTED_EDGE ( 'NONE', *, *, #2364, .T. ) ;
#467 = VERTEX_POINT ( 'NONE', #433 ) ;
#468 = ORIENTED_EDGE ( 'NONE', *, *, #1852, .T. ) ;
#469 = CARTESIAN_POINT ( 'NONE',  ( 34.50000000000000000, 76.00000000000001421, 7.500000000000034639 ) ) ;
#470 = DIRECTION ( 'NONE',  ( 1.000000000000000000, -0.000000000000000000, -0.000000000000000000 ) ) ;
#471 = PLANE ( 'NONE',  #1212 ) ;
#472 = AXIS2_PLACEMENT_3D ( 'NONE', #3324, #703, #941 ) ;
#473 = EDGE_LOOP ( 'NONE', ( #2908, #87, #948, #15 ) ) ;
#474 = VECTOR ( 'NONE', #672, 1000.000000000000000 ) ;
#475 = DIRECTION ( 'NONE',  ( 0.000000000000000000, 0.000000000000000000, 1.000000000000000000 ) ) ;
#476 = EDGE_CURVE ( 'NONE', #3300, #2257, #3388, .T. ) ;
#477 = VECTOR ( 'NONE', #2793, 1000.000000000000000 ) ;
#478 = EDGE_LOOP ( 'NONE', ( #1410, #1325, #973, #1145 ) ) ;
#479 = VECTOR ( 'NONE', #3234, 1000.000000000000000 ) ;
#480 = ADVANCED_FACE ( 'NONE', ( #2464 ), #2955, .F. ) ;
#481 = CARTESIAN_POINT ( 'NONE',  ( 37.50000000000001421, 63.99999999999998579, 72.50000000000001421 ) ) ;
#482 = DIRECTION ( 'NONE',  ( -0.000000000000000000, 1.000000000000000000, 1.387778780781446464E-15 ) ) ;
#483 = ORIENTED_EDGE ( 'NONE', *, *, #1593, .F. ) ;
#484 = EDGE_LOOP ( 'NONE', ( #3208, #2674, #3549, #2102 ) ) ;
#485 = ORIENTED_EDGE ( 'NONE', *, *, #1175, .F. ) ;
#486 = CARTESIAN_POINT ( 'NONE',  ( 25.45372693924847951, 65.30398506482632115, 64.95127218279390036 ) ) ;
#487 = PLANE ( 'NONE',  #3468 ) ;
#488 = DIRECTION ( 'NONE',  ( -0.000000000000000000, -0.7071067811865475727, -0.7071067811865475727 ) ) ;
#489 = CARTESIAN_POINT ( 'NONE',  ( 60.00000000000000000, 72.00000000000000000, -34.50000000000000000 ) ) ;
#490 = VERTEX_POINT ( 'NONE', #200 ) ;
#491 = DIRECTION ( 'NONE',  ( 0.000000000000000000, 0.000000000000000000, 1.000000000000000000 ) ) ;
#492 = CARTESIAN_POINT ( 'NONE',  ( 40.00000000000000000, 63.99999999999998579, 72.50000000000001421 ) ) ;
#493 = CARTESIAN_POINT ( 'NONE',  ( 34.50000000000000000, 64.00000000000000000, 68.59999999999992326 ) ) ;
#494 = EDGE_CURVE ( 'NONE', #249, #241, #399, .T. ) ;
#495 = ORIENTED_EDGE ( 'NONE', *, *, #82, .F. ) ;
#496 = SURFACE_STYLE_FILL_AREA ( #3118 ) ;
#497 = DIRECTION ( 'NONE',  ( -0.000000000000000000, 1.000000000000000000, -0.000000000000000000 ) ) ;
#498 = CARTESIAN_POINT ( 'NONE',  ( 0.000000000000000000, 88.00000000000000000, 0.000000000000000000 ) ) ;
#499 = DIRECTION ( 'NONE',  ( 1.000000000000000000, 0.000000000000000000, 0.000000000000000000 ) ) ;
#500 = VERTEX_POINT ( 'NONE', #3634 ) ;
#501 = ORIENTED_EDGE ( 'NONE', *, *, #2201, .F. ) ;
#502 = ORIENTED_EDGE ( 'NONE', *, *, #2475, .F. ) ;
#503 = DIRECTION ( 'NONE',  ( 1.000000000000000000, -0.000000000000000000, -0.000000000000000000 ) ) ;
#504 = FACE_OUTER_BOUND ( 'NONE', #385, .T. ) ;
#505 = DIRECTION ( 'NONE',  ( -1.000000000000000000, 0.000000000000000000, 0.000000000000000000 ) ) ;
#506 = DIRECTION ( 'NONE',  ( 0.000000000000000000, 0.000000000000000000, -1.000000000000000000 ) ) ;
#507 = ORIENTED_EDGE ( 'NONE', *, *, #293, .T. ) ;
#508 = EDGE_CURVE ( 'NONE', #564, #3140, #3077, .T. ) ;
#509 = CARTESIAN_POINT ( 'NONE',  ( 29.10000000000000142, 28.00000000000001066, 17.00000000000000000 ) ) ;
#510 = DIRECTION ( 'NONE',  ( -0.000000000000000000, -0.7071067811865474617, -0.7071067811865474617 ) ) ;
#511 = DIRECTION ( 'NONE',  ( 0.000000000000000000, -1.000000000000000000, 0.000000000000000000 ) ) ;
#512 = ADVANCED_FACE ( 'NONE', ( #1605 ), #3670, .F. ) ;
#513 = EDGE_CURVE ( 'NONE', #2305, #2541, #149, .T. ) ;
#514 = EDGE_CURVE ( 'NONE', #957, #3573, #642, .T. ) ;
#515 = VERTEX_POINT ( 'NONE', #1943 ) ;
#516 = ADVANCED_FACE ( 'NONE', ( #3052 ), #1296, .F. ) ;
#517 = CARTESIAN_POINT ( 'NONE',  ( 25.50000000000000000, 28.00000000000001066, 24.74999999999999645 ) ) ;
#518 = VECTOR ( 'NONE', #2735, 1000.000000000000000 ) ;
#519 = VECTOR ( 'NONE', #1122, 1000.000000000000000 ) ;
#520 = CARTESIAN_POINT ( 'NONE',  ( 42.55812545754028520, 0.000000000000000000, -3.000000000000000000 ) ) ;
#521 = DIRECTION ( 'NONE',  ( 0.000000000000000000, 1.000000000000000000, 0.000000000000000000 ) ) ;
#522 = CYLINDRICAL_SURFACE ( 'NONE', #3453, 2.750000000000002665 ) ;
#523 = ORIENTED_EDGE ( 'NONE', *, *, #3731, .F. ) ;
#524 = CIRCLE ( 'NONE', #2645, 2.750000000000002665 ) ;
#525 = ORIENTED_EDGE ( 'NONE', *, *, #1404, .F. ) ;
#526 = EDGE_LOOP ( 'NONE', ( #1543, #1306, #3251, #1719 ) ) ;
#527 = CARTESIAN_POINT ( 'NONE',  ( 34.50000000000000000, 88.00000000000000000, 17.50000000000002842 ) ) ;
#528 = CARTESIAN_POINT ( 'NONE',  ( 60.00000000000000000, 83.99999999999998579, 19.50000000000003197 ) ) ;
#529 = CARTESIAN_POINT ( 'NONE',  ( 52.00000000000000000, 82.99999999999997158, -50.00000000000000000 ) ) ;
#530 = LINE ( 'NONE', #839, #1316 ) ;
#531 = EDGE_LOOP ( 'NONE', ( #3457, #945, #2501, #1610 ) ) ;
#532 = DIRECTION ( 'NONE',  ( 0.000000000000000000, 1.000000000000000000, 0.000000000000000000 ) ) ;
#533 = AXIS2_PLACEMENT_3D ( 'NONE', #1990, #870, #883 ) ;
#534 = DIRECTION ( 'NONE',  ( -0.000000000000000000, -0.000000000000000000, 1.000000000000000000 ) ) ;
#535 = CARTESIAN_POINT ( 'NONE',  ( 52.00000000000000000, 15.85294117647059053, -25.08823529411764852 ) ) ;
#536 = VECTOR ( 'NONE', #3042, 1000.000000000000000 ) ;
#537 =( GEOMETRIC_REPRESENTATION_CONTEXT ( 3 ) GLOBAL_UNCERTAINTY_ASSIGNED_CONTEXT ( ( #1422 ) ) GLOBAL_UNIT_ASSIGNED_CONTEXT ( ( #2119, #2924, #347 ) ) REPRESENTATION_CONTEXT ( 'NONE', 'WORKASPACE' ) );
#538 = ORIENTED_EDGE ( 'NONE', *, *, #1226, .F. ) ;
#539 = EDGE_CURVE ( 'NONE', #2199, #2352, #2220, .T. ) ;
#540 = VECTOR ( 'NONE', #856, 1000.000000000000000 ) ;
#541 = CIRCLE ( 'NONE', #1576, 2.099999999999990763 ) ;
#542 = CIRCLE ( 'NONE', #4, 2.099999999999990763 ) ;
#543 = AXIS2_PLACEMENT_3D ( 'NONE', #235, #1188, #273 ) ;
#544 = DIRECTION ( 'NONE',  ( -0.000000000000000000, 1.000000000000000000, -0.000000000000000000 ) ) ;
#545 = UNCERTAINTY_MEASURE_WITH_UNIT (LENGTH_MEASURE( 1.000000000000000082E-05 ), #1280, 'distance_accuracy_value', 'NONE');
#546 = VECTOR ( 'NONE', #3414, 1000.000000000000000 ) ;
#547 = DIRECTION ( 'NONE',  ( 1.000000000000000000, -0.000000000000000000, -0.000000000000000000 ) ) ;
#548 = CARTESIAN_POINT ( 'NONE',  ( 24.49999999999999645, 23.00000000000000000, 0.000000000000000000 ) ) ;
#549 = EDGE_CURVE ( 'NONE', #3329, #2519, #208, .T. ) ;
#550 = ORIENTED_EDGE ( 'NONE', *, *, #795, .T. ) ;
#551 = ORIENTED_EDGE ( 'NONE', *, *, #676, .F. ) ;
#552 = AXIS2_PLACEMENT_3D ( 'NONE', #2609, #1986, #8 ) ;
#553 = ORIENTED_EDGE ( 'NONE', *, *, #2748, .F. ) ;
#554 = DIRECTION ( 'NONE',  ( 1.000000000000000000, -0.000000000000000000, -0.000000000000000000 ) ) ;
#555 = CYLINDRICAL_SURFACE ( 'NONE', #359, 4.999999999999993783 ) ;
#556 = FACE_OUTER_BOUND ( 'NONE', #1426, .T. ) ;
#557 = LINE ( 'NONE', #3729, #33 ) ;
#558 = VERTEX_POINT ( 'NONE', #3174 ) ;
#559 = ORIENTED_EDGE ( 'NONE', *, *, #3319, .F. ) ;
#560 = EDGE_CURVE ( 'NONE', #104, #1458, #557, .T. ) ;
#561 = DIRECTION ( 'NONE',  ( 0.000000000000000000, 0.000000000000000000, -1.000000000000000000 ) ) ;
#562 = DIRECTION ( 'NONE',  ( 0.000000000000000000, 0.000000000000000000, -1.000000000000000000 ) ) ;
#563 = EDGE_CURVE ( 'NONE', #94, #2413, #862, .T. ) ;
#564 = VERTEX_POINT ( 'NONE', #301 ) ;
#565 =( NAMED_UNIT ( * ) PLANE_ANGLE_UNIT ( ) SI_UNIT ( $, .RADIAN. ) );
#566 = CIRCLE ( 'NONE', #2682, 3.299999999999997158 ) ;
#567 = CARTESIAN_POINT ( 'NONE',  ( 60.00000000000000000, 14.00000000000000888, 9.500000000000007105 ) ) ;
#568 = CARTESIAN_POINT ( 'NONE',  ( 0.000000000000000000, 82.99999999999997158, 80.00000000000000000 ) ) ;
#569 = DIRECTION ( 'NONE',  ( -0.6246950475544241765, -0.000000000000000000, 0.7808688094430302762 ) ) ;
#570 = EDGE_LOOP ( 'NONE', ( #1351, #1999, #1476, #2051 ) ) ;
#571 = EDGE_CURVE ( 'NONE', #1432, #2541, #2878, .T. ) ;
#572 = DIRECTION ( 'NONE',  ( -1.000000000000000000, 0.000000000000000000, 0.000000000000000000 ) ) ;
#573 = CARTESIAN_POINT ( 'NONE',  ( 34.50000000000000000, 28.00000000000001066, 57.99999999999999289 ) ) ;
#574 = CARTESIAN_POINT ( 'NONE',  ( 25.25172551365717766, 65.66007054550117061, 13.15713505351145862 ) ) ;
#575 = ORIENTED_EDGE ( 'NONE', *, *, #1124, .F. ) ;
#576 = DIRECTION ( 'NONE',  ( 1.000000000000000000, -0.000000000000000000, -0.000000000000000000 ) ) ;
#577 = DIRECTION ( 'NONE',  ( 1.000000000000000000, -0.000000000000000000, -0.000000000000000000 ) ) ;
#578 = ORIENTED_EDGE ( 'NONE', *, *, #901, .T. ) ;
#579 = DIRECTION ( 'NONE',  ( 1.000000000000000000, 0.000000000000000000, 0.000000000000000000 ) ) ;
#580 = EDGE_CURVE ( 'NONE', #981, #2740, #3015, .T. ) ;
#581 = CARTESIAN_POINT ( 'NONE',  ( 60.00000000000000000, 82.99999999999997158, -50.00000000000000000 ) ) ;
#582 = CARTESIAN_POINT ( 'NONE',  ( 34.50000000000000000, 64.00000000000000000, 11.39999999999994529 ) ) ;
#583 = ORIENTED_EDGE ( 'NONE', *, *, #702, .T. ) ;
#584 = AXIS2_PLACEMENT_3D ( 'NONE', #3449, #2914, #220 ) ;
#585 = FACE_OUTER_BOUND ( 'NONE', #1119, .T. ) ;
#586 = CARTESIAN_POINT ( 'NONE',  ( 34.50000000000000000, 24.00000000000000000, 11.39999999999993996 ) ) ;
#587 = DIRECTION ( 'NONE',  ( -1.000000000000000000, 0.000000000000000000, 0.000000000000000000 ) ) ;
#588 = PRESENTATION_STYLE_ASSIGNMENT (( #2280 ) ) ;
#589 = ORIENTED_EDGE ( 'NONE', *, *, #1973, .T. ) ;
#590 = DIRECTION ( 'NONE',  ( 1.000000000000000000, -0.000000000000000000, -0.000000000000000000 ) ) ;
#591 = CARTESIAN_POINT ( 'NONE',  ( 40.00000000000000711, 23.99999999999998224, 72.50000000000001421 ) ) ;
#592 = CARTESIAN_POINT ( 'NONE',  ( 56.44499999999999318, 72.00000000000000000, -31.20000000000000639 ) ) ;
#593 = VERTEX_POINT ( 'NONE', #1449 ) ;
#594 = AXIS2_PLACEMENT_3D ( 'NONE', #2741, #3040, #402 ) ;
#595 = LINE ( 'NONE', #3459, #1443 ) ;
#596 = VECTOR ( 'NONE', #1399, 1000.000000000000000 ) ;
#597 = DIRECTION ( 'NONE',  ( 0.000000000000000000, -1.000000000000000000, 0.000000000000000000 ) ) ;
#598 = AXIS2_PLACEMENT_3D ( 'NONE', #278, #2023, #1485 ) ;
#599 = EDGE_CURVE ( 'NONE', #832, #1959, #2087, .T. ) ;
#600 = CARTESIAN_POINT ( 'NONE',  ( 25.49999999999999645, 24.00000000000000000, 13.49999999999993072 ) ) ;
#601 = ORIENTED_EDGE ( 'NONE', *, *, #937, .T. ) ;
#602 = VECTOR ( 'NONE', #2204, 1000.000000000000114 ) ;
#603 = AXIS2_PLACEMENT_3D ( 'NONE', #1746, #852, #2573 ) ;
#604 = FACE_OUTER_BOUND ( 'NONE', #1997, .T. ) ;
#605 = LINE ( 'NONE', #1773, #716 ) ;
#606 = DIRECTION ( 'NONE',  ( 0.000000000000000000, 0.000000000000000000, 1.000000000000000000 ) ) ;
#607 = DIRECTION ( 'NONE',  ( 0.000000000000000000, 0.000000000000000000, -1.000000000000000000 ) ) ;
#608 = EDGE_LOOP ( 'NONE', ( #940, #1527 ) ) ;
#609 = ORIENTED_EDGE ( 'NONE', *, *, #560, .T. ) ;
#610 = CARTESIAN_POINT ( 'NONE',  ( 2.000000000000015543, 22.00000000000000000, -5.000000000000003553 ) ) ;
#611 = DIRECTION ( 'NONE',  ( -0.000000000000000000, -0.7071067811865474617, 0.7071067811865474617 ) ) ;
#612 = EDGE_LOOP ( 'NONE', ( #201, #2612, #1701, #1416 ) ) ;
#613 = ADVANCED_FACE ( 'NONE', ( #2320 ), #3487, .F. ) ;
#614 = CARTESIAN_POINT ( 'NONE',  ( 57.99999999999997868, 83.99999999999998579, 51.00000000000000000 ) ) ;
#615 = CARTESIAN_POINT ( 'NONE',  ( 29.10000000000000142, 60.00000000000001421, 58.00000000000000000 ) ) ;
#616 = ORIENTED_EDGE ( 'NONE', *, *, #175, .T. ) ;
#617 = VECTOR ( 'NONE', #1236, 1000.000000000000000 ) ;
#618 = CARTESIAN_POINT ( 'NONE',  ( 25.50000000000000000, 65.00000000000000000, 68.34661853126186770 ) ) ;
#619 = EDGE_CURVE ( 'NONE', #500, #1056, #47, .T. ) ;
#620 = CARTESIAN_POINT ( 'NONE',  ( 34.50000000000000000, 28.00000000000001066, 22.00000000000000000 ) ) ;
#621 = FACE_OUTER_BOUND ( 'NONE', #133, .T. ) ;
#622 = CARTESIAN_POINT ( 'NONE',  ( 60.00000000000000000, 81.99999999999998579, 19.50000000000003197 ) ) ;
#623 = UNCERTAINTY_MEASURE_WITH_UNIT (LENGTH_MEASURE( 1.000000000000000082E-05 ), #3510, 'distance_accuracy_value', 'NONE');
#624 = ORIENTED_EDGE ( 'NONE', *, *, #3718, .T. ) ;
#625 = VERTEX_POINT ( 'NONE', #1845 ) ;
#626 = DIRECTION ( 'NONE',  ( -0.000000000000000000, 1.387778780781446464E-15, -1.000000000000000000 ) ) ;
#627 = LINE ( 'NONE', #1814, #1588 ) ;
#628 = CYLINDRICAL_SURFACE ( 'NONE', #3344, 2.099999999999990763 ) ;
#629 = VERTEX_POINT ( 'NONE', #3225 ) ;
#630 = SURFACE_STYLE_USAGE ( .BOTH. , #922 ) ;
#631 = EDGE_CURVE ( 'NONE', #2653, #3725, #3538, .T. ) ;
#632 = EDGE_CURVE ( 'NONE', #3603, #564, #1415, .T. ) ;
#633 = MECHANICAL_DESIGN_GEOMETRIC_PRESENTATION_REPRESENTATION (  '', ( #2399 ), #3261 ) ;
#634 = ORIENTED_EDGE ( 'NONE', *, *, #3088, .T. ) ;
#635 = CARTESIAN_POINT ( 'NONE',  ( 25.50000000000131450, 65.07600530097754188, 68.30545935318252759 ) ) ;
#636 = CARTESIAN_POINT ( 'NONE',  ( 24.49999999999999645, 23.00000000000000000, 0.000000000000000000 ) ) ;
#637 = ADVANCED_FACE ( 'NONE', ( #2126, #3535 ), #331, .F. ) ;
#638 = CARTESIAN_POINT ( 'NONE',  ( 60.00000000000000000, 72.00000000000000000, -34.50000000000000000 ) ) ;
#639 = DIRECTION ( 'NONE',  ( 0.000000000000000000, 0.000000000000000000, -1.000000000000000000 ) ) ;
#640 = ORIENTED_EDGE ( 'NONE', *, *, #632, .F. ) ;
#641 = ORIENTED_EDGE ( 'NONE', *, *, #1005, .F. ) ;
#642 = CIRCLE ( 'NONE', #2827, 2.499999999999988454 ) ;
#643 = COLOUR_RGB ( '',0.7529411764705882248, 0.7529411764705882248, 0.7529411764705882248 ) ;
#644 =( NAMED_UNIT ( * ) PLANE_ANGLE_UNIT ( ) SI_UNIT ( $, .RADIAN. ) );
#645 = DIRECTION ( 'NONE',  ( -0.000000000000000000, -0.000000000000000000, 1.000000000000000000 ) ) ;
#646 = DIRECTION ( 'NONE',  ( 0.000000000000000000, -1.000000000000000000, 0.000000000000000000 ) ) ;
#647 = ORIENTED_EDGE ( 'NONE', *, *, #3337, .T. ) ;
#648 = AXIS2_PLACEMENT_3D ( 'NONE', #1566, #2077, #1532 ) ;
#649 = LINE ( 'NONE', #2084, #1327 ) ;
#650 = ORIENTED_EDGE ( 'NONE', *, *, #2417, .F. ) ;
#651 = CONICAL_SURFACE ( 'NONE', #3762, 6.855000000000000426, 0.7853981633974482790 ) ;
#652 = VECTOR ( 'NONE', #2357, 1000.000000000000000 ) ;
#653 = CARTESIAN_POINT ( 'NONE',  ( 24.49999999999999645, 65.00000000000000000, 0.000000000000000000 ) ) ;
#654 = CARTESIAN_POINT ( 'NONE',  ( 25.49999999999999645, 24.00000000000000000, 13.49999999999993072 ) ) ;
#655 = ADVANCED_FACE ( 'NONE', ( #1501 ), #1522, .F. ) ;
#656 = VECTOR ( 'NONE', #1140, 1000.000000000000000 ) ;
#657 = CARTESIAN_POINT ( 'NONE',  ( 42.55812545754028520, 88.00000000000000000, 0.000000000000000000 ) ) ;
#658 = DIRECTION ( 'NONE',  ( 0.000000000000000000, 1.000000000000000000, 0.000000000000000000 ) ) ;
#659 = ORIENTED_EDGE ( 'NONE', *, *, #2504, .F. ) ;
#660 = ORIENTED_EDGE ( 'NONE', *, *, #1806, .T. ) ;
#661 = EDGE_LOOP ( 'NONE', ( #3353, #1868 ) ) ;
#662 = LINE ( 'NONE', #1833, #1821 ) ;
#663 = CARTESIAN_POINT ( 'NONE',  ( 52.00000000000000000, 10.00000000000000000, -9.510541081449719769 ) ) ;
#664 = AXIS2_PLACEMENT_3D ( 'NONE', #3148, #3173, #1073 ) ;
#665 = CARTESIAN_POINT ( 'NONE',  ( 25.50000000000000000, 28.00000000000001066, 22.00000000000000000 ) ) ;
#666 = CARTESIAN_POINT ( 'NONE',  ( 0.000000000000000000, 19.99999999999998224, 80.00000000000000000 ) ) ;
#667 = CARTESIAN_POINT ( 'NONE',  ( 25.24194452685190271, 22.32953872580519672, 13.32877685001057344 ) ) ;
#668 = VERTEX_POINT ( 'NONE', #2673 ) ;
#669 =( NAMED_UNIT ( * ) SI_UNIT ( $, .STERADIAN. ) SOLID_ANGLE_UNIT ( ) );
#670 = EDGE_CURVE ( 'NONE', #2225, #3092, #1421, .T. ) ;
#671 = CARTESIAN_POINT ( 'NONE',  ( 0.000000000000000000, 0.000000000000000000, 80.00000000000000000 ) ) ;
#672 = DIRECTION ( 'NONE',  ( -0.000000000000000000, -0.000000000000000000, 1.000000000000000000 ) ) ;
#673 = DIRECTION ( 'NONE',  ( -1.000000000000000000, -0.000000000000000000, -0.000000000000000000 ) ) ;
#674 = EDGE_LOOP ( 'NONE', ( #3072, #1924, #575, #3596, #3477, #2676, #2761, #1551, #2215, #550, #764, #864, #2729, #2093 ) ) ;
#675 = ORIENTED_EDGE ( 'NONE', *, *, #96, .F. ) ;
#676 = EDGE_CURVE ( 'NONE', #2164, #3512, #373, .T. ) ;
#677 = EDGE_LOOP ( 'NONE', ( #309, #2811, #1694, #2282 ) ) ;
#678 = B_SPLINE_CURVE_WITH_KNOTS ( 'NONE', 3,
 ( #3486, #2091, #3224, #2107, #3501, #2071 ),
 .UNSPECIFIED., .F., .F.,
 ( 4, 2, 4 ),
 ( 0.000000000000000000, 0.0008070701874537226927, 0.001614140374907445385 ),
 .UNSPECIFIED. ) ;
#679 = DIRECTION ( 'NONE',  ( -1.000000000000000000, -0.000000000000000000, -0.000000000000000000 ) ) ;
#680 = DIRECTION ( 'NONE',  ( 1.000000000000000000, -0.000000000000000000, -0.000000000000000000 ) ) ;
#681 = FACE_BOUND ( 'NONE', #3737, .T. ) ;
#682 = CARTESIAN_POINT ( 'NONE',  ( 25.37305583731278347, 22.50922895570788995, 12.32917352418098389 ) ) ;
#683 = ORIENTED_EDGE ( 'NONE', *, *, #1894, .T. ) ;
#684 = APPLICATION_PROTOCOL_DEFINITION ( 'draft international standard', 'automotive_design', 1998, #1645 ) ;
#685 = DIRECTION ( 'NONE',  ( 0.7071067811865474617, -0.000000000000000000, 0.7071067811865474617 ) ) ;
#686 = ORIENTED_EDGE ( 'NONE', *, *, #1987, .T. ) ;
#687 = FILL_AREA_STYLE ('',( #990 ) ) ;
#688 = CARTESIAN_POINT ( 'NONE',  ( 60.00000000000000000, 12.00000000000000533, 16.49999999999997158 ) ) ;
#689 = CARTESIAN_POINT ( 'NONE',  ( 42.49999999999998579, 63.99999999999998579, 80.00000000000000000 ) ) ;
#690 = FACE_OUTER_BOUND ( 'NONE', #2480, .T. ) ;
#691 = ORIENTED_EDGE ( 'NONE', *, *, #722, .T. ) ;
#692 = EDGE_LOOP ( 'NONE', ( #3190, #2768, #740, #840 ) ) ;
#693 = EDGE_LOOP ( 'NONE', ( #125, #583, #466, #216 ) ) ;
#694 = CARTESIAN_POINT ( 'NONE',  ( 29.10000000000000142, 60.00000000000001421, 58.00000000000000000 ) ) ;
#695 = CARTESIAN_POINT ( 'NONE',  ( 0.000000000000000000, 82.99999999999997158, 80.00000000000000000 ) ) ;
#696 =( NAMED_UNIT ( * ) SI_UNIT ( $, .STERADIAN. ) SOLID_ANGLE_UNIT ( ) );
#697 = AXIS2_PLACEMENT_3D ( 'NONE', #1661, #1039, #2206 ) ;
#698 = ORIENTED_EDGE ( 'NONE', *, *, #3439, .T. ) ;
#699 = AXIS2_PLACEMENT_3D ( 'NONE', #3735, #817, #2564 ) ;
#700 = CARTESIAN_POINT ( 'NONE',  ( 2.000000000000015543, 22.00000000000000000, 80.00000000000000000 ) ) ;
#701 = ORIENTED_EDGE ( 'NONE', *, *, #833, .T. ) ;
#702 = EDGE_CURVE ( 'NONE', #3691, #994, #2108, .T. ) ;
#703 = DIRECTION ( 'NONE',  ( 1.000000000000000000, -0.000000000000000000, -0.000000000000000000 ) ) ;
#704 = CIRCLE ( 'NONE', #40, 2.750000000000002665 ) ;
#705 = EDGE_CURVE ( 'NONE', #815, #1618, #1782, .T. ) ;
#706 = DIRECTION ( 'NONE',  ( 0.000000000000000000, 0.000000000000000000, -1.000000000000000000 ) ) ;
#707 = DIRECTION ( 'NONE',  ( 1.000000000000000000, -0.000000000000000000, -0.000000000000000000 ) ) ;
#708 = DIRECTION ( 'NONE',  ( 1.000000000000000000, -0.000000000000000000, -0.000000000000000000 ) ) ;
#709 = ORIENTED_EDGE ( 'NONE', *, *, #51, .F. ) ;
#710 = ORIENTED_EDGE ( 'NONE', *, *, #10, .F. ) ;
#711 = VERTEX_POINT ( 'NONE', #3571 ) ;
#712 = PLANE ( 'NONE',  #1153 ) ;
#713 = AXIS2_PLACEMENT_3D ( 'NONE', #2184, #2690, #377 ) ;
#714 = DIRECTION ( 'NONE',  ( 0.000000000000000000, -1.000000000000000000, 0.000000000000000000 ) ) ;
#715 = FILL_AREA_STYLE ('',( #163 ) ) ;
#716 = VECTOR ( 'NONE', #1878, 1000.000000000000000 ) ;
#717 = ORIENTED_EDGE ( 'NONE', *, *, #3141, .F. ) ;
#718 = AXIS2_PLACEMENT_3D ( 'NONE', #1365, #2830, #2279 ) ;
#719 = AXIS2_PLACEMENT_3D ( 'NONE', #2821, #463, #211 ) ;
#720 = CARTESIAN_POINT ( 'NONE',  ( 0.000000000000000000, 0.000000000000000000, 0.000000000000000000 ) ) ;
#721 = VECTOR ( 'NONE', #2248, 1000.000000000000000 ) ;
#722 = EDGE_CURVE ( 'NONE', #3558, #1309, #912, .T. ) ;
#723 = EDGE_CURVE ( 'NONE', #3542, #20, #2965, .T. ) ;
#724 = EDGE_CURVE ( 'NONE', #3601, #193, #3502, .T. ) ;
#725 = ORIENTED_EDGE ( 'NONE', *, *, #1909, .F. ) ;
#726 = CARTESIAN_POINT ( 'NONE',  ( 25.50000000000000000, 60.00000000000001421, 55.25000000000000000 ) ) ;
#727 = CARTESIAN_POINT ( 'NONE',  ( 0.000000000000000000, 68.00000000000001421, 80.00000000000000000 ) ) ;
#728 = CARTESIAN_POINT ( 'NONE',  ( 60.00000000000000000, 82.99999999999997158, 80.00000000000000000 ) ) ;
#729 = CARTESIAN_POINT ( 'NONE',  ( 60.00000000000000000, 10.99999999999999112, 17.49999999999998934 ) ) ;
#730 = ORIENTED_EDGE ( 'NONE', *, *, #3666, .F. ) ;
#731 = EDGE_LOOP ( 'NONE', ( #2902, #1672, #1386, #2006 ) ) ;
#732 = B_SPLINE_CURVE_WITH_KNOTS ( 'NONE', 3,
 ( #2212, #1898, #746, #2766, #1033, #2196, #762, #2140, #2177, #3311 ),
 .UNSPECIFIED., .F., .F.,
 ( 4, 2, 2, 2, 4 ),
 ( 0.000000000000000000, 0.0008493136051252683392, 0.001273970407687886842, 0.001486298808969206122, 0.001698627210250525403 ),
 .UNSPECIFIED. ) ;
#733 = EDGE_LOOP ( 'NONE', ( #2494, #1778, #2437, #2368 ) ) ;
#734 = ADVANCED_FACE ( 'NONE', ( #2652 ), #3005, .F. ) ;
#735 = FACE_BOUND ( 'NONE', #3575, .T. ) ;
#736 = CARTESIAN_POINT ( 'NONE',  ( 59.99999999999999289, 83.99999999999998579, 28.99999999999999645 ) ) ;
#737 = DIRECTION ( 'NONE',  ( 1.000000000000000000, 0.000000000000000000, 0.000000000000000000 ) ) ;
#738 = EDGE_CURVE ( 'NONE', #711, #963, #1728, .T. ) ;
#739 = DIRECTION ( 'NONE',  ( -1.000000000000000000, 0.000000000000000000, 0.000000000000000000 ) ) ;
#740 = ORIENTED_EDGE ( 'NONE', *, *, #3277, .T. ) ;
#741 = VECTOR ( 'NONE', #85, 1000.000000000000000 ) ;
#742 = LINE ( 'NONE', #1910, #2698 ) ;
#743 = CARTESIAN_POINT ( 'NONE',  ( 34.89999999999999858, 10.99999999999999112, 17.49999999999998934 ) ) ;
#744 = DIRECTION ( 'NONE',  ( 1.000000000000000000, 0.000000000000000000, 0.000000000000000000 ) ) ;
#745 = CARTESIAN_POINT ( 'NONE',  ( 34.50000000000000000, 28.00000000000001066, 57.99999999999999289 ) ) ;
#746 = CARTESIAN_POINT ( 'NONE',  ( 34.50000000000000000, 11.60890275583190068, 63.03200476264973418 ) ) ;
#747 = VERTEX_POINT ( 'NONE', #2372 ) ;
#748 = ORIENTED_EDGE ( 'NONE', *, *, #2881, .F. ) ;
#749 = VERTEX_POINT ( 'NONE', #2072 ) ;
#750 = LINE ( 'NONE', #1095, #902 ) ;
#751 = EDGE_CURVE ( 'NONE', #1049, #3168, #1775, .T. ) ;
#752 = DIRECTION ( 'NONE',  ( -1.000000000000000000, 0.000000000000000000, 0.000000000000000000 ) ) ;
#753 = CARTESIAN_POINT ( 'NONE',  ( 57.99999999999999289, 62.50000000000000000, 28.99999999999999289 ) ) ;
#754 = DIRECTION ( 'NONE',  ( 1.000000000000000000, -0.000000000000000000, -0.000000000000000000 ) ) ;
#755 = ORIENTED_EDGE ( 'NONE', *, *, #2857, .F. ) ;
#756 = CARTESIAN_POINT ( 'NONE',  ( 47.00000000000000000, 62.50000000000000000, 30.99999999999999645 ) ) ;
#757 = CIRCLE ( 'NONE', #1800, 0.4000000000000010214 ) ;
#758 = VERTEX_POINT ( 'NONE', #2636 ) ;
#759 = PRESENTATION_LAYER_ASSIGNMENT (  '', '', ( #2399 ) ) ;
#760 = PLANE ( 'NONE',  #2918 ) ;
#761 =( LENGTH_UNIT ( ) NAMED_UNIT ( * ) SI_UNIT ( .MILLI., .METRE. ) );
#762 = CARTESIAN_POINT ( 'NONE',  ( 34.50000000000000000, 11.07900541454145582, 62.36974406001014870 ) ) ;
#763 = EDGE_LOOP ( 'NONE', ( #3498, #1113, #3651, #401, #640, #3618 ) ) ;
#764 = ORIENTED_EDGE ( 'NONE', *, *, #1927, .T. ) ;
#765 = ORIENTED_EDGE ( 'NONE', *, *, #2642, .T. ) ;
#766 = CARTESIAN_POINT ( 'NONE',  ( 25.46853807330607111, 65.25552142907217501, 64.88029716053981133 ) ) ;
#767 = EDGE_CURVE ( 'NONE', #2740, #1777, #439, .T. ) ;
#768 = CARTESIAN_POINT ( 'NONE',  ( 37.50000000000002132, 23.99999999999998224, 72.50000000000001421 ) ) ;
#769 = CARTESIAN_POINT ( 'NONE',  ( 60.00000000000000000, 76.00000000000000000, 72.50000000000001421 ) ) ;
#770 = CARTESIAN_POINT ( 'NONE',  ( 39.00000000000000000, 44.00000000000000000, -1.249139735130297407E-15 ) ) ;
#771 = STYLED_ITEM ( 'NONE', ( #2360 ), #2088 ) ;
#772 = ORIENTED_EDGE ( 'NONE', *, *, #988, .F. ) ;
#773 = CIRCLE ( 'NONE', #2168, 4.999999999999997335 ) ;
#774 = CARTESIAN_POINT ( 'NONE',  ( 25.28749093468657350, 22.38303776395324718, 67.18057035628174845 ) ) ;
#775 =( GEOMETRIC_REPRESENTATION_CONTEXT ( 3 ) GLOBAL_UNCERTAINTY_ASSIGNED_CONTEXT ( ( #2637 ) ) GLOBAL_UNIT_ASSIGNED_CONTEXT ( ( #1864, #2733, #1096 ) ) REPRESENTATION_CONTEXT ( 'NONE', 'WORKASPACE' ) );
#776 = SURFACE_SIDE_STYLE ('',( #1609 ) ) ;
#777 = DIRECTION ( 'NONE',  ( -1.000000000000000000, 0.000000000000000000, 0.000000000000000000 ) ) ;
#778 = VECTOR ( 'NONE', #176, 1000.000000000000000 ) ;
#779 = EDGE_LOOP ( 'NONE', ( #1356, #523, #440, #3420 ) ) ;
#780 = VECTOR ( 'NONE', #336, 1000.000000000000114 ) ;
#781 = PLANE ( 'NONE',  #298 ) ;
#782 = AXIS2_PLACEMENT_3D ( 'NONE', #665, #2996, #305 ) ;
#783 = DIRECTION ( 'NONE',  ( 0.000000000000000000, 0.000000000000000000, 1.000000000000000000 ) ) ;
#784 = CARTESIAN_POINT ( 'NONE',  ( 34.50000000000000000, 76.00000000000000000, 72.50000000000001421 ) ) ;
#785 = CARTESIAN_POINT ( 'NONE',  ( 41.49999999999998579, 44.00000000000000000, -1.249139735130297407E-15 ) ) ;
#786 = ORIENTED_EDGE ( 'NONE', *, *, #62, .F. ) ;
#787 = VERTEX_POINT ( 'NONE', #2947 ) ;
#788 = EDGE_CURVE ( 'NONE', #2179, #802, #1961, .T. ) ;
#789 = ORIENTED_EDGE ( 'NONE', *, *, #1045, .T. ) ;
#790 = CARTESIAN_POINT ( 'NONE',  ( 25.24194452685190981, 65.67046127419482104, 66.67122314998927379 ) ) ;
#791 = DIRECTION ( 'NONE',  ( 1.000000000000000000, -0.000000000000000000, -0.000000000000000000 ) ) ;
#792 = LINE ( 'NONE', #769, #53 ) ;
#793 = CARTESIAN_POINT ( 'NONE',  ( 25.50000000000131450, 65.07600530097754188, 15.30545935318248496 ) ) ;
#794 = EDGE_CURVE ( 'NONE', #3008, #3512, #2191, .T. ) ;
#795 = EDGE_CURVE ( 'NONE', #41, #975, #405, .T. ) ;
#796 = EDGE_CURVE ( 'NONE', #2519, #593, #2458, .T. ) ;
#797 = ORIENTED_EDGE ( 'NONE', *, *, #1866, .T. ) ;
#798 = FACE_OUTER_BOUND ( 'NONE', #484, .T. ) ;
#799 = CARTESIAN_POINT ( 'NONE',  ( 25.37281557388254782, 22.50881318058290503, 67.66963877419098594 ) ) ;
#800 = DIRECTION ( 'NONE',  ( 0.000000000000000000, 0.000000000000000000, 1.000000000000000000 ) ) ;
#801 = AXIS2_PLACEMENT_3D ( 'NONE', #1542, #961, #1252 ) ;
#802 = VERTEX_POINT ( 'NONE', #137 ) ;
#803 = CARTESIAN_POINT ( 'NONE',  ( 0.000000000000000000, 82.99999999999997158, -50.00000000000000000 ) ) ;
#804 = CARTESIAN_POINT ( 'NONE',  ( 0.000000000000000000, 0.000000000000000000, -50.00000000000000000 ) ) ;
#805 = DIRECTION ( 'NONE',  ( 1.000000000000000000, -0.000000000000000000, -0.000000000000000000 ) ) ;
#806 = DIRECTION ( 'NONE',  ( -0.000000000000000000, -0.000000000000000000, 1.000000000000000000 ) ) ;
#807 = CARTESIAN_POINT ( 'NONE',  ( -9.999999999999991118, 9.999999999999991118, -0.000000000000000000 ) ) ;
#808 = ORIENTED_EDGE ( 'NONE', *, *, #476, .T. ) ;
#809 = ORIENTED_EDGE ( 'NONE', *, *, #3200, .F. ) ;
#810 = ORIENTED_EDGE ( 'NONE', *, *, #2473, .F. ) ;
#811 = DIRECTION ( 'NONE',  ( -0.000000000000000000, 1.387778780781446464E-15, -1.000000000000000000 ) ) ;
#812 = DIRECTION ( 'NONE',  ( -1.000000000000000000, 0.000000000000000000, 0.000000000000000000 ) ) ;
#813 = DIRECTION ( 'NONE',  ( -0.000000000000000000, 0.7071067811865474617, -0.7071067811865474617 ) ) ;
#814 = CARTESIAN_POINT ( 'NONE',  ( 25.25158496680687747, 65.66022698237655675, 13.84099690487153822 ) ) ;
#815 = VERTEX_POINT ( 'NONE', #978 ) ;
#816 = EDGE_LOOP ( 'NONE', ( #1344, #2681, #3572, #3705 ) ) ;
#817 = DIRECTION ( 'NONE',  ( -1.000000000000000000, 0.000000000000000000, 0.000000000000000000 ) ) ;
#818 = LINE ( 'NONE', #1628, #3747 ) ;
#819 = CARTESIAN_POINT ( 'NONE',  ( 34.50000000000000000, 60.00000000000001421, 58.00000000000000000 ) ) ;
#820 = ORIENTED_EDGE ( 'NONE', *, *, #1866, .F. ) ;
#821 = CARTESIAN_POINT ( 'NONE',  ( 25.49999999999999645, 64.00000000000000000, 66.49999999999992895 ) ) ;
#822 = EDGE_CURVE ( 'NONE', #2074, #2879, #124, .T. ) ;
#823 = CIRCLE ( 'NONE', #1802, 2.499999999999988454 ) ;
#824 = CIRCLE ( 'NONE', #2762, 0.4000000000000010214 ) ;
#825 = LINE ( 'NONE', #871, #2720 ) ;
#826 = LINE ( 'NONE', #3165, #828 ) ;
#827 = ORIENTED_EDGE ( 'NONE', *, *, #1536, .F. ) ;
#828 = VECTOR ( 'NONE', #2019, 1000.000000000000114 ) ;
#829 = EDGE_CURVE ( 'NONE', #2897, #105, #1288, .T. ) ;
#830 = ORIENTED_EDGE ( 'NONE', *, *, #2251, .T. ) ;
#831 =( GEOMETRIC_REPRESENTATION_CONTEXT ( 3 ) GLOBAL_UNCERTAINTY_ASSIGNED_CONTEXT ( ( #545 ) ) GLOBAL_UNIT_ASSIGNED_CONTEXT ( ( #1280, #919, #696 ) ) REPRESENTATION_CONTEXT ( 'NONE', 'WORKASPACE' ) );
#832 = VERTEX_POINT ( 'NONE', #1013 ) ;
#833 = EDGE_CURVE ( 'NONE', #832, #2789, #1633, .T. ) ;
#834 = DIRECTION ( 'NONE',  ( 0.000000000000000000, 0.000000000000000000, -1.000000000000000000 ) ) ;
#835 = AXIS2_PLACEMENT_3D ( 'NONE', #548, #1375, #499 ) ;
#836 = DIRECTION ( 'NONE',  ( -0.000000000000000000, -0.000000000000000000, -1.000000000000000000 ) ) ;
#837 = CARTESIAN_POINT ( 'NONE',  ( 60.00000000000000000, 77.00000000000001421, 62.50000000000001421 ) ) ;
#838 = CARTESIAN_POINT ( 'NONE',  ( 25.49999999999999645, 23.99999999999999289, 66.49999999999992895 ) ) ;
#839 = CARTESIAN_POINT ( 'NONE',  ( 34.50000000000000000, 60.00000000000001421, 24.75000000000000355 ) ) ;
#840 = ORIENTED_EDGE ( 'NONE', *, *, #1726, .F. ) ;
#841 = DIRECTION ( 'NONE',  ( 1.000000000000000000, -0.000000000000000000, -0.000000000000000000 ) ) ;
#842 = PRESENTATION_LAYER_ASSIGNMENT (  '', '', ( #1998 ) ) ;
#843 = SURFACE_STYLE_USAGE ( .BOTH. , #251 ) ;
#844 = LINE ( 'NONE', #2029, #3039 ) ;
#845 = CIRCLE ( 'NONE', #648, 5.000000000000000888 ) ;
#846 = ORIENTED_EDGE ( 'NONE', *, *, #1688, .T. ) ;
#847 = CONICAL_SURFACE ( 'NONE', #2976, 2.099999999999990763, 1.029744258676655644 ) ;
#848 = EDGE_CURVE ( 'NONE', #747, #2305, #732, .T. ) ;
#849 = AXIS2_PLACEMENT_3D ( 'NONE', #976, #1807, #2123 ) ;
#850 = EDGE_CURVE ( 'NONE', #2273, #994, #1109, .T. ) ;
#851 = VECTOR ( 'NONE', #3560, 1000.000000000000000 ) ;
#852 = DIRECTION ( 'NONE',  ( -0.000000000000000000, 1.000000000000000000, 0.000000000000000000 ) ) ;
#853 = UNCERTAINTY_MEASURE_WITH_UNIT (LENGTH_MEASURE( 1.000000000000000082E-05 ), #3475, 'distance_accuracy_value', 'NONE');
#854 = ADVANCED_FACE ( 'NONE', ( #690 ), #3362, .F. ) ;
#855 = CIRCLE ( 'NONE', #1885, 2.750000000000002665 ) ;
#856 = DIRECTION ( 'NONE',  ( -1.000000000000000000, 0.000000000000000000, 0.000000000000000000 ) ) ;
#857 = CARTESIAN_POINT ( 'NONE',  ( 60.00000000000000000, 88.00000000000000000, -44.99999999999997158 ) ) ;
#858 = EDGE_LOOP ( 'NONE', ( #3195, #2850, #5, #288 ) ) ;
#859 = SURFACE_STYLE_FILL_AREA ( #2617 ) ;
#860 = DIRECTION ( 'NONE',  ( 0.000000000000000000, 0.000000000000000000, -1.000000000000000000 ) ) ;
#861 = CARTESIAN_POINT ( 'NONE',  ( 60.00000000000000000, 76.00000000000000000, 16.50000000000000000 ) ) ;
#862 = LINE ( 'NONE', #1118, #3416 ) ;
#863 = ORIENTED_EDGE ( 'NONE', *, *, #196, .F. ) ;
#864 = ORIENTED_EDGE ( 'NONE', *, *, #1129, .T. ) ;
#865 = ADVANCED_FACE ( 'NONE', ( #3043 ), #1324, .F. ) ;
#866 = EDGE_CURVE ( 'NONE', #2413, #2233, #73, .T. ) ;
#867 = DIRECTION ( 'NONE',  ( 1.000000000000000000, 0.000000000000000000, 0.000000000000000000 ) ) ;
#868 = DIRECTION ( 'NONE',  ( 0.000000000000000000, 0.000000000000000000, -1.000000000000000000 ) ) ;
#869 = ORIENTED_EDGE ( 'NONE', *, *, #2376, .T. ) ;
#870 = DIRECTION ( 'NONE',  ( 1.000000000000000000, -0.000000000000000000, -0.000000000000000000 ) ) ;
#871 = CARTESIAN_POINT ( 'NONE',  ( 36.50000000000000711, 44.00000000000000000, 0.000000000000000000 ) ) ;
#872 = DIRECTION ( 'NONE',  ( 0.000000000000000000, 0.000000000000000000, 1.000000000000000000 ) ) ;
#873 = ORIENTED_EDGE ( 'NONE', *, *, #3264, .T. ) ;
#874 =( NAMED_UNIT ( * ) PLANE_ANGLE_UNIT ( ) SI_UNIT ( $, .RADIAN. ) );
#875 = CARTESIAN_POINT ( 'NONE',  ( 34.50000000000000000, 28.00000000000001066, 22.00000000000000000 ) ) ;
#876 = DIRECTION ( 'NONE',  ( -0.000000000000000000, -1.000000000000000000, -0.000000000000000000 ) ) ;
#877 = CARTESIAN_POINT ( 'NONE',  ( 34.50000000000000000, 28.00000000000001066, 57.99999999999999289 ) ) ;
#878 = ORIENTED_EDGE ( 'NONE', *, *, #2571, .T. ) ;
#879 = DIRECTION ( 'NONE',  ( 0.000000000000000000, 0.000000000000000000, -1.000000000000000000 ) ) ;
#880 = FILL_AREA_STYLE_COLOUR ( '', #1440 ) ;
#881 = DIRECTION ( 'NONE',  ( 1.000000000000000000, -0.000000000000000000, -0.000000000000000000 ) ) ;
#882 = ORIENTED_EDGE ( 'NONE', *, *, #738, .T. ) ;
#883 = DIRECTION ( 'NONE',  ( 0.000000000000000000, 0.000000000000000000, -1.000000000000000000 ) ) ;
#884 = EDGE_CURVE ( 'NONE', #2257, #2085, #2493, .T. ) ;
#885 = CARTESIAN_POINT ( 'NONE',  ( 60.00000000000000000, 81.99999999999998579, 60.50000000000001421 ) ) ;
#886 = DIRECTION ( 'NONE',  ( 1.000000000000000000, 0.000000000000000000, 0.000000000000000000 ) ) ;
#887 = VERTEX_POINT ( 'NONE', #3081 ) ;
#888 = STYLED_ITEM ( 'NONE', ( #588 ), #516 ) ;
#889 =( NAMED_UNIT ( * ) PLANE_ANGLE_UNIT ( ) SI_UNIT ( $, .RADIAN. ) );
#890 = CYLINDRICAL_SURFACE ( 'NONE', #2359, 2.749999999999999112 ) ;
#891 = CARTESIAN_POINT ( 'NONE',  ( 0.000000000000000000, 0.000000000000000000, 0.000000000000000000 ) ) ;
#892 = CARTESIAN_POINT ( 'NONE',  ( 45.00000000000000000, 62.50000000000000000, 51.00000000000000000 ) ) ;
#893 = UNCERTAINTY_MEASURE_WITH_UNIT (LENGTH_MEASURE( 1.000000000000000082E-05 ), #2818, 'distance_accuracy_value', 'NONE');
#894 = ORIENTED_EDGE ( 'NONE', *, *, #3180, .F. ) ;
#895 = VERTEX_POINT ( 'NONE', #465 ) ;
#896 = EDGE_CURVE ( 'NONE', #94, #1253, #566, .T. ) ;
#897 = CARTESIAN_POINT ( 'NONE',  ( 25.50000000000000000, 28.00000000000001066, 57.99999999999999289 ) ) ;
#898 = CARTESIAN_POINT ( 'NONE',  ( 60.00000000000000000, 77.00000000000002842, 17.50000000000002842 ) ) ;
#899 = ORIENTED_EDGE ( 'NONE', *, *, #2922, .F. ) ;
#900 = AXIS2_PLACEMENT_3D ( 'NONE', #1196, #3516, #587 ) ;
#901 = EDGE_CURVE ( 'NONE', #2891, #1432, #1066, .T. ) ;
#902 = VECTOR ( 'NONE', #2875, 1000.000000000000000 ) ;
#903 = CARTESIAN_POINT ( 'NONE',  ( 0.000000000000000000, 0.000000000000000000, 0.000000000000000000 ) ) ;
#904 = VECTOR ( 'NONE', #386, 1000.000000000000000 ) ;
#905 = CARTESIAN_POINT ( 'NONE',  ( 34.50000000000000000, 64.00000000000000000, 66.49999999999992895 ) ) ;
#906 = ORIENTED_EDGE ( 'NONE', *, *, #1129, .F. ) ;
#907 = CIRCLE ( 'NONE', #2611, 6.855000000000000426 ) ;
#908 = AXIS2_PLACEMENT_3D ( 'NONE', #2194, #1341, #1011 ) ;
#909 = DIRECTION ( 'NONE',  ( 0.000000000000000000, 0.000000000000000000, -1.000000000000000000 ) ) ;
#910 = CARTESIAN_POINT ( 'NONE',  ( 34.89999999999999858, 12.00000000000000533, 17.89999999999998792 ) ) ;
#911 = DIRECTION ( 'NONE',  ( 1.000000000000000000, -0.000000000000000000, -0.000000000000000000 ) ) ;
#912 = LINE ( 'NONE', #103, #3056 ) ;
#913 = ORIENTED_EDGE ( 'NONE', *, *, #539, .T. ) ;
#914 = AXIS2_PLACEMENT_3D ( 'NONE', #1727, #3154, #3133 ) ;
#915 = ORIENTED_EDGE ( 'NONE', *, *, #2376, .F. ) ;
#916 = FACE_OUTER_BOUND ( 'NONE', #779, .T. ) ;
#917 = ADVANCED_FACE ( 'NONE', ( #3701 ), #2230, .F. ) ;
#918 = CARTESIAN_POINT ( 'NONE',  ( 45.00000000000000000, 88.00000000000000000, 30.99999999999999645 ) ) ;
#919 =( NAMED_UNIT ( * ) PLANE_ANGLE_UNIT ( ) SI_UNIT ( $, .RADIAN. ) );
#920 = EDGE_CURVE ( 'NONE', #467, #3104, #3202, .T. ) ;
#921 = ORIENTED_EDGE ( 'NONE', *, *, #1526, .T. ) ;
#922 = SURFACE_SIDE_STYLE ('',( #3585 ) ) ;
#923 = DIRECTION ( 'NONE',  ( 1.000000000000000000, -0.000000000000000000, -0.000000000000000000 ) ) ;
#924 = ORIENTED_EDGE ( 'NONE', *, *, #2586, .T. ) ;
#925 = AXIS2_PLACEMENT_3D ( 'NONE', #425, #1598, #1615 ) ;
#926 =( NAMED_UNIT ( * ) SI_UNIT ( $, .STERADIAN. ) SOLID_ANGLE_UNIT ( ) );
#927 = CARTESIAN_POINT ( 'NONE',  ( 60.00000000000000000, 76.00000000000000000, 63.50000000000002842 ) ) ;
#928 = DIRECTION ( 'NONE',  ( -1.000000000000000000, 0.000000000000000000, 0.000000000000000000 ) ) ;
#929 = DIRECTION ( 'NONE',  ( 1.000000000000000000, 0.000000000000000000, 0.000000000000000000 ) ) ;
#930 = VERTEX_POINT ( 'NONE', #1136 ) ;
#931 = ORIENTED_EDGE ( 'NONE', *, *, #670, .F. ) ;
#932 = DIRECTION ( 'NONE',  ( -0.7071067811865474617, -0.000000000000000000, -0.7071067811865474617 ) ) ;
#933 = CYLINDRICAL_SURFACE ( 'NONE', #1155, 4.999999999999993783 ) ;
#934 = LINE ( 'NONE', #3562, #1139 ) ;
#935 = AXIS2_PLACEMENT_3D ( 'NONE', #2350, #2930, #639 ) ;
#936 = ORIENTED_EDGE ( 'NONE', *, *, #580, .T. ) ;
#937 = EDGE_CURVE ( 'NONE', #2330, #1137, #154, .T. ) ;
#938 = VECTOR ( 'NONE', #3074, 1000.000000000000000 ) ;
#939 = DIRECTION ( 'NONE',  ( 0.000000000000000000, 0.000000000000000000, -1.000000000000000000 ) ) ;
#940 = ORIENTED_EDGE ( 'NONE', *, *, #3604, .T. ) ;
#941 = DIRECTION ( 'NONE',  ( 0.000000000000000000, 0.000000000000000000, -1.000000000000000000 ) ) ;
#942 = CARTESIAN_POINT ( 'NONE',  ( 34.50000000000000000, 77.00000000000002842, 17.50000000000002842 ) ) ;
#943 = LINE ( 'NONE', #891, #2912 ) ;
#944 = DIRECTION ( 'NONE',  ( -1.000000000000000000, 0.000000000000000000, 0.000000000000000000 ) ) ;
#945 = ORIENTED_EDGE ( 'NONE', *, *, #222, .T. ) ;
#946 = ORIENTED_EDGE ( 'NONE', *, *, #2780, .F. ) ;
#947 = CIRCLE ( 'NONE', #1059, 1.999999999999998224 ) ;
#948 = ORIENTED_EDGE ( 'NONE', *, *, #1509, .F. ) ;
#949 = VECTOR ( 'NONE', #2997, 1000.000000000000000 ) ;
#950 = LINE ( 'NONE', #1185, #479 ) ;
#951 = PLANE ( 'NONE',  #2288 ) ;
#952 = CARTESIAN_POINT ( 'NONE',  ( 60.00000000000000000, 88.00000000000000000, 51.00000000000000000 ) ) ;
#953 = CIRCLE ( 'NONE', #3093, 2.000000000000001776 ) ;
#954 = EDGE_CURVE ( 'NONE', #332, #1982, #2296, .T. ) ;
#955 = EDGE_CURVE ( 'NONE', #2265, #2231, #2890, .T. ) ;
#956 = DIRECTION ( 'NONE',  ( 0.000000000000000000, 0.000000000000000000, -1.000000000000000000 ) ) ;
#957 = VERTEX_POINT ( 'NONE', #785 ) ;
#958 = DIRECTION ( 'NONE',  ( -1.000000000000000000, 0.000000000000000000, 0.000000000000000000 ) ) ;
#959 = CARTESIAN_POINT ( 'NONE',  ( 34.89999999999999858, 0.000000000000000000, 62.10000000000002984 ) ) ;
#960 = DIRECTION ( 'NONE',  ( 1.000000000000000000, -0.000000000000000000, -0.000000000000000000 ) ) ;
#961 = DIRECTION ( 'NONE',  ( 1.000000000000000000, -0.000000000000000000, -0.000000000000000000 ) ) ;
#962 = ORIENTED_EDGE ( 'NONE', *, *, #3307, .F. ) ;
#963 = VERTEX_POINT ( 'NONE', #1359 ) ;
#964 = CIRCLE ( 'NONE', #50, 1.000000000000000888 ) ;
#965 = ORIENTED_EDGE ( 'NONE', *, *, #2863, .F. ) ;
#966 = CARTESIAN_POINT ( 'NONE',  ( 60.00000000000000000, 5.510910596163095078E-15, 17.49999999999998224 ) ) ;
#967 = FILL_AREA_STYLE ('',( #1257 ) ) ;
#968 = AXIS2_PLACEMENT_3D ( 'NONE', #3259, #2333, #606 ) ;
#969 = FACE_OUTER_BOUND ( 'NONE', #2770, .T. ) ;
#970 = CARTESIAN_POINT ( 'NONE',  ( 34.50000000000000000, 60.00000000000001421, 53.00000000000001421 ) ) ;
#971 = FILL_AREA_STYLE ('',( #2115 ) ) ;
#972 = EDGE_CURVE ( 'NONE', #2508, #3408, #1424, .T. ) ;
#973 = ORIENTED_EDGE ( 'NONE', *, *, #3051, .F. ) ;
#974 = DIRECTION ( 'NONE',  ( 0.000000000000000000, 0.000000000000000000, 1.000000000000000000 ) ) ;
#975 = VERTEX_POINT ( 'NONE', #2507 ) ;
#976 = CARTESIAN_POINT ( 'NONE',  ( 34.50000000000000000, 74.00000000000001421, 9.500000000000007105 ) ) ;
#977 = LINE ( 'NONE', #1897, #536 ) ;
#978 = CARTESIAN_POINT ( 'NONE',  ( 60.00000000000000000, 76.00000000000001421, 9.500000000000010658 ) ) ;
#979 = VERTEX_POINT ( 'NONE', #3122 ) ;
#980 = EDGE_LOOP ( 'NONE', ( #1847, #1754, #3428, #3556 ) ) ;
#981 = VERTEX_POINT ( 'NONE', #2255 ) ;
#982 = CARTESIAN_POINT ( 'NONE',  ( 60.00000000000000000, 0.000000000000000000, 53.00000000000001421 ) ) ;
#983 = SURFACE_STYLE_FILL_AREA ( #967 ) ;
#984 = CARTESIAN_POINT ( 'NONE',  ( 34.50000000000000000, 28.00000000000001066, 62.99999999999998579 ) ) ;
#985 = CARTESIAN_POINT ( 'NONE',  ( 25.50000000000000000, 60.00000000000001421, 58.00000000000000000 ) ) ;
#986 = EDGE_LOOP ( 'NONE', ( #1647, #3275, #1908, #32 ) ) ;
#987 = DIRECTION ( 'NONE',  ( 0.000000000000000000, 0.000000000000000000, -1.000000000000000000 ) ) ;
#988 = EDGE_CURVE ( 'NONE', #2030, #2265, #953, .T. ) ;
#989 = ORIENTED_EDGE ( 'NONE', *, *, #62, .T. ) ;
#990 = FILL_AREA_STYLE_COLOUR ( '', #346 ) ;
#991 = DIRECTION ( 'NONE',  ( -0.000000000000000000, -0.7071067811865475727, -0.7071067811865475727 ) ) ;
#992 = CARTESIAN_POINT ( 'NONE',  ( 34.50000000000000000, 60.00000000000001421, 22.00000000000000355 ) ) ;
#993 = DIRECTION ( 'NONE',  ( -0.000000000000000000, -0.7071067811865474617, 0.7071067811865474617 ) ) ;
#994 = VERTEX_POINT ( 'NONE', #2845 ) ;
#995 = ORIENTED_EDGE ( 'NONE', *, *, #2205, .F. ) ;
#996 = ORIENTED_EDGE ( 'NONE', *, *, #2172, .T. ) ;
#997 = CARTESIAN_POINT ( 'NONE',  ( 60.00000000000000000, 12.00000000000000000, 63.50000000000002842 ) ) ;
#998 = LINE ( 'NONE', #1604, #417 ) ;
#999 = DIRECTION ( 'NONE',  ( 0.000000000000000000, 0.7071067811865475727, -0.7071067811865475727 ) ) ;
#1000 = AXIS2_PLACEMENT_3D ( 'NONE', #1337, #1318, #3602 ) ;
#1001 = EDGE_LOOP ( 'NONE', ( #3313, #1401 ) ) ;
#1002 = VECTOR ( 'NONE', #1369, 1000.000000000000114 ) ;
#1003 = EDGE_CURVE ( 'NONE', #3140, #1657, #1994, .T. ) ;
#1004 = FACE_OUTER_BOUND ( 'NONE', #1264, .T. ) ;
#1005 = EDGE_CURVE ( 'NONE', #2643, #2085, #3743, .T. ) ;
#1006 = AXIS2_PLACEMENT_3D ( 'NONE', #369, #2398, #1537 ) ;
#1007 = EDGE_CURVE ( 'NONE', #3608, #2837, #2823, .T. ) ;
#1008 = VERTEX_POINT ( 'NONE', #3464 ) ;
#1009 = ADVANCED_FACE ( 'NONE', ( #3139 ), #522, .F. ) ;
#1010 = VECTOR ( 'NONE', #1855, 1000.000000000000000 ) ;
#1011 = DIRECTION ( 'NONE',  ( 0.000000000000000000, -0.000000000000000000, 1.000000000000000000 ) ) ;
#1012 = LINE ( 'NONE', #728, #2117 ) ;
#1013 = CARTESIAN_POINT ( 'NONE',  ( 52.00000000000000000, 57.91200687200757358, -50.00000000000000000 ) ) ;
#1014 = VERTEX_POINT ( 'NONE', #857 ) ;
#1015 = CIRCLE ( 'NONE', #3223, 2.499999999999988454 ) ;
#1016 = ORIENTED_EDGE ( 'NONE', *, *, #2237, .T. ) ;
#1017 = ORIENTED_EDGE ( 'NONE', *, *, #955, .F. ) ;
#1018 = CARTESIAN_POINT ( 'NONE',  ( 52.00000000000000000, 88.00000000000000000, -44.99999999999997158 ) ) ;
#1019 = CIRCLE ( 'NONE', #3340, 2.750000000000002665 ) ;
#1020 = DIRECTION ( 'NONE',  ( 1.000000000000000000, -0.000000000000000000, -0.000000000000000000 ) ) ;
#1021 = FACE_BOUND ( 'NONE', #2872, .T. ) ;
#1022 = AXIS2_PLACEMENT_3D ( 'NONE', #218, #2808, #2829 ) ;
#1023 = ORIENTED_EDGE ( 'NONE', *, *, #1030, .F. ) ;
#1024 = AXIS2_PLACEMENT_3D ( 'NONE', #1906, #2131, #1641 ) ;
#1025 = DIRECTION ( 'NONE',  ( -1.000000000000000000, 0.000000000000000000, -0.000000000000000000 ) ) ;
#1026 = EDGE_CURVE ( 'NONE', #3246, #1573, #524, .T. ) ;
#1027 = DIRECTION ( 'NONE',  ( 1.000000000000000000, -0.000000000000000000, -0.000000000000000000 ) ) ;
#1028 = PRESENTATION_LAYER_ASSIGNMENT (  '', '', ( #2666 ) ) ;
#1029 = AXIS2_PLACEMENT_3D ( 'NONE', #226, #1683, #1391 ) ;
#1030 = EDGE_CURVE ( 'NONE', #3503, #3130, #826, .T. ) ;
#1031 = PLANE ( 'NONE',  #908 ) ;
#1032 = DIRECTION ( 'NONE',  ( 0.7071067811865505703, -0.000000000000000000, -0.7071067811865444641 ) ) ;
#1033 = CARTESIAN_POINT ( 'NONE',  ( 34.50000000000000000, 11.23789138528406006, 62.60385045433497453 ) ) ;
#1034 = EDGE_LOOP ( 'NONE', ( #2157, #1691, #1160, #2069 ) ) ;
#1035 = ORIENTED_EDGE ( 'NONE', *, *, #118, .T. ) ;
#1036 = ORIENTED_EDGE ( 'NONE', *, *, #1388, .T. ) ;
#1037 = LINE ( 'NONE', #2202, #1209 ) ;
#1038 = FACE_OUTER_BOUND ( 'NONE', #2722, .T. ) ;
#1039 = DIRECTION ( 'NONE',  ( -0.000000000000000000, 1.000000000000000000, -0.000000000000000000 ) ) ;
#1040 = EDGE_LOOP ( 'NONE', ( #1580, #3006, #913, #3335 ) ) ;
#1041 = VECTOR ( 'NONE', #3481, 1000.000000000000000 ) ;
#1042 = CARTESIAN_POINT ( 'NONE',  ( 60.00000000000000000, 76.00000000000000000, 63.50000000000002842 ) ) ;
#1043 = LINE ( 'NONE', #457, #3075 ) ;
#1044 = EDGE_CURVE ( 'NONE', #1679, #3582, #3189, .T. ) ;
#1045 = EDGE_CURVE ( 'NONE', #2696, #389, #3763, .T. ) ;
#1046 = CARTESIAN_POINT ( 'NONE',  ( 45.00000000000000000, 83.99999999999998579, 62.50000000000001421 ) ) ;
#1047 = PRESENTATION_STYLE_ASSIGNMENT (( #3661 ) ) ;
#1048 = CARTESIAN_POINT ( 'NONE',  ( 34.50000000000000000, 11.02049457017199785, 17.75826388257020128 ) ) ;
#1049 = VERTEX_POINT ( 'NONE', #2034 ) ;
#1050 = ORIENTED_EDGE ( 'NONE', *, *, #1299, .F. ) ;
#1051 = EDGE_LOOP ( 'NONE', ( #1749, #2214 ) ) ;
#1052 = DIRECTION ( 'NONE',  ( -0.000000000000000000, 0.7071067811865474617, 0.7071067811865474617 ) ) ;
#1053 = CARTESIAN_POINT ( 'NONE',  ( 34.50000000000000000, 76.00000000000000000, 70.50000000000000000 ) ) ;
#1054 = LINE ( 'NONE', #1963, #1708 ) ;
#1055 = SURFACE_STYLE_USAGE ( .BOTH. , #3091 ) ;
#1056 = VERTEX_POINT ( 'NONE', #582 ) ;
#1057 = LINE ( 'NONE', #2267, #519 ) ;
#1058 = DIRECTION ( 'NONE',  ( 1.000000000000000000, -0.000000000000000000, -0.000000000000000000 ) ) ;
#1059 = AXIS2_PLACEMENT_3D ( 'NONE', #2208, #3375, #475 ) ;
#1060 = VERTEX_POINT ( 'NONE', #2907 ) ;
#1061 = EDGE_CURVE ( 'NONE', #81, #1982, #649, .T. ) ;
#1062 = CIRCLE ( 'NONE', #3574, 2.499999999999988454 ) ;
#1063 = ADVANCED_FACE ( 'NONE', ( #2959 ), #1699, .F. ) ;
#1064 = CARTESIAN_POINT ( 'NONE',  ( 60.00000000000000000, 12.00000000000000888, 7.500000000000007105 ) ) ;
#1065 = LINE ( 'NONE', #1358, #1697 ) ;
#1066 = LINE ( 'NONE', #1747, #1041 ) ;
#1067 = ORIENTED_EDGE ( 'NONE', *, *, #2124, .F. ) ;
#1068 = VERTEX_POINT ( 'NONE', #2345 ) ;
#1069 = COLOUR_RGB ( '',0.7529411764705882248, 0.7529411764705882248, 0.7529411764705882248 ) ;
#1070 = ORIENTED_EDGE ( 'NONE', *, *, #1352, .T. ) ;
#1071 = CARTESIAN_POINT ( 'NONE',  ( 34.50000000000000000, 24.00000000000000000, 13.49999999999993072 ) ) ;
#1072 = CARTESIAN_POINT ( 'NONE',  ( 24.49999999999999645, 23.00000000000000000, 80.00000000000000000 ) ) ;
#1073 = DIRECTION ( 'NONE',  ( 0.000000000000000000, 0.000000000000000000, -1.000000000000000000 ) ) ;
#1074 = CARTESIAN_POINT ( 'NONE',  ( 0.000000000000000000, 5.000000000000004441, 80.00000000000000000 ) ) ;
#1075 = CIRCLE ( 'NONE', #3221, 2.099999999999990763 ) ;
#1076 = ORIENTED_EDGE ( 'NONE', *, *, #2939, .F. ) ;
#1077 = VECTOR ( 'NONE', #3243, 1000.000000000000000 ) ;
#1078 = DIRECTION ( 'NONE',  ( 0.000000000000000000, 1.000000000000000000, 0.000000000000000000 ) ) ;
#1079 = VECTOR ( 'NONE', #572, 1000.000000000000000 ) ;
#1080 = CYLINDRICAL_SURFACE ( 'NONE', #2832, 2.999999999999999112 ) ;
#1081 = LINE ( 'NONE', #535, #721 ) ;
#1082 = AXIS2_PLACEMENT_3D ( 'NONE', #3508, #2339, #1258 ) ;
#1083 = CIRCLE ( 'NONE', #1519, 2.749999999999999112 ) ;
#1084 = ORIENTED_EDGE ( 'NONE', *, *, #2526, .T. ) ;
#1085 = DIRECTION ( 'NONE',  ( 0.000000000000000000, 0.000000000000000000, -1.000000000000000000 ) ) ;
#1086 = VECTOR ( 'NONE', #3506, 1000.000000000000000 ) ;
#1087 = PRESENTATION_STYLE_ASSIGNMENT (( #3693 ) ) ;
#1088 = AXIS2_PLACEMENT_3D ( 'NONE', #2546, #511, #2518 ) ;
#1089 = CARTESIAN_POINT ( 'NONE',  ( 0.000000000000000000, 0.000000000000000000, 80.00000000000000000 ) ) ;
#1090 = CARTESIAN_POINT ( 'NONE',  ( 29.10000000000000142, 60.00000000000001421, 63.00000000000000000 ) ) ;
#1091 = CARTESIAN_POINT ( 'NONE',  ( 0.000000000000000000, 0.000000000000000000, 80.00000000000000000 ) ) ;
#1092 = ORIENTED_EDGE ( 'NONE', *, *, #1319, .T. ) ;
#1093 = ORIENTED_EDGE ( 'NONE', *, *, #342, .F. ) ;
#1094 = ORIENTED_EDGE ( 'NONE', *, *, #1479, .T. ) ;
#1095 = CARTESIAN_POINT ( 'NONE',  ( 34.50000000000000000, 76.00000000000000000, 70.50000000000000000 ) ) ;
#1096 =( NAMED_UNIT ( * ) SI_UNIT ( $, .STERADIAN. ) SOLID_ANGLE_UNIT ( ) );
#1097 = DIRECTION ( 'NONE',  ( 0.000000000000000000, 0.000000000000000000, -1.000000000000000000 ) ) ;
#1098 = CARTESIAN_POINT ( 'NONE',  ( 25.49159640795374315, 65.14160782962937901, 15.24786635439044069 ) ) ;
#1099 = DIRECTION ( 'NONE',  ( 1.000000000000000000, -0.000000000000000000, -0.000000000000000000 ) ) ;
#1100 = ORIENTED_EDGE ( 'NONE', *, *, #1806, .F. ) ;
#1101 = CARTESIAN_POINT ( 'NONE',  ( 0.000000000000000000, 0.000000000000000000, 80.00000000000000000 ) ) ;
#1102 = FILL_AREA_STYLE ('',( #2545 ) ) ;
#1103 = DIRECTION ( 'NONE',  ( 0.000000000000000000, 0.000000000000000000, 1.000000000000000000 ) ) ;
#1104 = VECTOR ( 'NONE', #3380, 1000.000000000000000 ) ;
#1105 = ORIENTED_EDGE ( 'NONE', *, *, #2190, .F. ) ;
#1106 = ADVANCED_FACE ( 'NONE', ( #1189 ), #3531, .F. ) ;
#1107 = EDGE_CURVE ( 'NONE', #275, #2352, #308, .T. ) ;
#1108 = CARTESIAN_POINT ( 'NONE',  ( 42.55812545754028520, 0.000000000000000000, 0.000000000000000000 ) ) ;
#1109 = CIRCLE ( 'NONE', #3247, 5.000000000000000888 ) ;
#1110 =( NAMED_UNIT ( * ) PLANE_ANGLE_UNIT ( ) SI_UNIT ( $, .RADIAN. ) );
#1111 = DIRECTION ( 'NONE',  ( -1.000000000000000000, 0.000000000000000000, 0.000000000000000000 ) ) ;
#1112 = ORIENTED_EDGE ( 'NONE', *, *, #702, .F. ) ;
#1113 = ORIENTED_EDGE ( 'NONE', *, *, #1003, .T. ) ;
#1114 = ORIENTED_EDGE ( 'NONE', *, *, #2940, .F. ) ;
#1115 = DIRECTION ( 'NONE',  ( 0.000000000000000000, 0.000000000000000000, -1.000000000000000000 ) ) ;
#1116 = CARTESIAN_POINT ( 'NONE',  ( 51.34260642832908417, 88.00000000000000000, -9.178258035411362314 ) ) ;
#1117 = CARTESIAN_POINT ( 'NONE',  ( 34.89999999999999858, 12.00000000000000000, 63.50000000000002842 ) ) ;
#1118 = CARTESIAN_POINT ( 'NONE',  ( 60.00000000000000000, 72.00000000000000000, -31.20000000000000639 ) ) ;
#1119 = EDGE_LOOP ( 'NONE', ( #3483, #709, #2966, #2554 ) ) ;
#1120 = ORIENTED_EDGE ( 'NONE', *, *, #2192, .T. ) ;
#1121 = VECTOR ( 'NONE', #2625, 1000.000000000000000 ) ;
#1122 = DIRECTION ( 'NONE',  ( 1.000000000000000000, -0.000000000000000000, -0.000000000000000000 ) ) ;
#1123 = EDGE_CURVE ( 'NONE', #3299, #2756, #1174, .T. ) ;
#1124 = EDGE_CURVE ( 'NONE', #1049, #2407, #1230, .T. ) ;
#1125 = DIRECTION ( 'NONE',  ( 1.000000000000000000, -0.000000000000000000, -0.000000000000000000 ) ) ;
#1126 = ORIENTED_EDGE ( 'NONE', *, *, #2732, .F. ) ;
#1127 = EDGE_CURVE ( 'NONE', #490, #1504, #3254, .T. ) ;
#1128 =( LENGTH_UNIT ( ) NAMED_UNIT ( * ) SI_UNIT ( .MILLI., .METRE. ) );
#1129 = EDGE_CURVE ( 'NONE', #2316, #2179, #2668, .T. ) ;
#1130 = AXIS2_PLACEMENT_3D ( 'NONE', #2469, #3619, #1025 ) ;
#1131 = AXIS2_PLACEMENT_3D ( 'NONE', #2222, #532, #491 ) ;
#1132 = CARTESIAN_POINT ( 'NONE',  ( 34.89999999999999858, 12.00000000000000000, 62.10000000000002984 ) ) ;
#1133 = B_SPLINE_CURVE_WITH_KNOTS ( 'NONE', 3,
 ( #2851, #2216, #3384, #766, #486, #1658, #2807, #1363, #244, #2511, #1675, #790, #3445, #3126, #1380, #2535, #3706, #1405, #2277, #2944, #635, #618 ),
 .UNSPECIFIED., .F., .F.,
 ( 4, 2, 2, 2, 2, 2, 2, 2, 2, 2, 4 ),
 ( 0.0001083251821637512232, 0.0003665611930004101984, 0.0006247972038370692548, 0.001141269225510387151, 0.001657741247183705047, 0.002174213268857023377, 0.002690685290530341056, 0.003207157312203659169, 0.003723629333876977282, 0.003981865344713645880, 0.004240101355550315344 ),
 .UNSPECIFIED. ) ;
#1134 = EDGE_CURVE ( 'NONE', #3601, #3215, #1514, .T. ) ;
#1135 = DIRECTION ( 'NONE',  ( 1.000000000000000000, -0.000000000000000000, -0.000000000000000000 ) ) ;
#1136 = CARTESIAN_POINT ( 'NONE',  ( 24.49999999999999645, 22.00000000000000000, 0.000000000000000000 ) ) ;
#1137 = VERTEX_POINT ( 'NONE', #2983 ) ;
#1138 = ADVANCED_FACE ( 'NONE', ( #1801 ), #3274, .F. ) ;
#1139 = VECTOR ( 'NONE', #2098, 1000.000000000000000 ) ;
#1140 = DIRECTION ( 'NONE',  ( -0.000000000000000000, 1.000000000000000000, 5.782411586589356653E-16 ) ) ;
#1141 = LINE ( 'NONE', #2070, #1822 ) ;
#1142 = CARTESIAN_POINT ( 'NONE',  ( 51.34260642832908417, 0.000000000000000000, -9.178258035411362314 ) ) ;
#1143 = DIRECTION ( 'NONE',  ( 0.000000000000000000, 1.000000000000000000, -0.000000000000000000 ) ) ;
#1144 = SURFACE_STYLE_USAGE ( .BOTH. , #19 ) ;
#1145 = ORIENTED_EDGE ( 'NONE', *, *, #2572, .F. ) ;
#1146 = STYLED_ITEM ( 'NONE', ( #2369 ), #3543 ) ;
#1147 = CARTESIAN_POINT ( 'NONE',  ( 60.00000000000000000, 0.000000000000000000, 75.00000000000000000 ) ) ;
#1148 = CARTESIAN_POINT ( 'NONE',  ( 34.50000000000000000, 69.75000000000000000, 69.75000000000000000 ) ) ;
#1149 = AXIS2_PLACEMENT_3D ( 'NONE', #1808, #1829, #2651 ) ;
#1150 = AXIS2_PLACEMENT_3D ( 'NONE', #2952, #1796, #2393 ) ;
#1151 = EDGE_LOOP ( 'NONE', ( #1186, #1638 ) ) ;
#1152 =( NAMED_UNIT ( * ) SI_UNIT ( $, .STERADIAN. ) SOLID_ANGLE_UNIT ( ) );
#1153 = AXIS2_PLACEMENT_3D ( 'NONE', #450, #2129, #2462 ) ;
#1154 = AXIS2_PLACEMENT_3D ( 'NONE', #452, #245, #2852 ) ;
#1155 = AXIS2_PLACEMENT_3D ( 'NONE', #379, #881, #2045 ) ;
#1156 = DIRECTION ( 'NONE',  ( 0.000000000000000000, 1.000000000000000000, -0.000000000000000000 ) ) ;
#1157 = UNCERTAINTY_MEASURE_WITH_UNIT (LENGTH_MEASURE( 1.000000000000000082E-05 ), #2114, 'distance_accuracy_value', 'NONE');
#1158 = DIRECTION ( 'NONE',  ( -0.000000000000000000, -0.000000000000000000, 1.000000000000000000 ) ) ;
#1159 = EDGE_CURVE ( 'NONE', #3597, #3542, #2169, .T. ) ;
#1160 = ORIENTED_EDGE ( 'NONE', *, *, #1192, .F. ) ;
#1161 = CARTESIAN_POINT ( 'NONE',  ( 0.000000000000000000, 88.00000000000000000, -44.99999999999997158 ) ) ;
#1162 = DIRECTION ( 'NONE',  ( 1.000000000000000000, -0.000000000000000000, -0.000000000000000000 ) ) ;
#1163 = DIRECTION ( 'NONE',  ( 1.000000000000000000, -0.000000000000000000, -0.000000000000000000 ) ) ;
#1164 = CARTESIAN_POINT ( 'NONE',  ( 25.46853807330605690, 65.25552142907217501, 11.88029716053979712 ) ) ;
#1165 = ORIENTED_EDGE ( 'NONE', *, *, #2490, .F. ) ;
#1166 = ORIENTED_EDGE ( 'NONE', *, *, #2660, .F. ) ;
#1167 = EDGE_CURVE ( 'NONE', #3725, #2653, #350, .T. ) ;
#1168 = DIRECTION ( 'NONE',  ( -1.000000000000000000, 0.000000000000000000, 0.000000000000000000 ) ) ;
#1169 = DIRECTION ( 'NONE',  ( 1.000000000000000000, -0.000000000000000000, -0.000000000000000000 ) ) ;
#1170 = CARTESIAN_POINT ( 'NONE',  ( 34.50000000000000000, 11.00000000000000000, 62.10000000000002984 ) ) ;
#1171 = ORIENTED_EDGE ( 'NONE', *, *, #476, .F. ) ;
#1172 = LINE ( 'NONE', #3494, #2167 ) ;
#1173 = DIRECTION ( 'NONE',  ( -1.000000000000000000, 0.000000000000000000, 0.000000000000000000 ) ) ;
#1174 = LINE ( 'NONE', #2329, #1208 ) ;
#1175 = EDGE_CURVE ( 'NONE', #3628, #3603, #2629, .T. ) ;
#1176 = ORIENTED_EDGE ( 'NONE', *, *, #3458, .F. ) ;
#1177 = PLANE ( 'NONE',  #2057 ) ;
#1178 = PLANE ( 'NONE',  #598 ) ;
#1179 = FACE_OUTER_BOUND ( 'NONE', #2046, .T. ) ;
#1180 = CARTESIAN_POINT ( 'NONE',  ( 25.37281557388254782, 65.49118681941709497, 12.33036122580890215 ) ) ;
#1181 = DIRECTION ( 'NONE',  ( -0.000000000000000000, -0.000000000000000000, -1.000000000000000000 ) ) ;
#1182 = ORIENTED_EDGE ( 'NONE', *, *, #1282, .T. ) ;
#1183 = LINE ( 'NONE', #2819, #1086 ) ;
#1184 = CARTESIAN_POINT ( 'NONE',  ( 60.00000000000000000, 11.00000000000000000, 62.50000000000002842 ) ) ;
#1185 = CARTESIAN_POINT ( 'NONE',  ( 52.00000000000000000, 82.99999999999997158, -50.00000000000000000 ) ) ;
#1186 = ORIENTED_EDGE ( 'NONE', *, *, #3731, .T. ) ;
#1187 = EDGE_CURVE ( 'NONE', #3542, #3597, #152, .T. ) ;
#1188 = DIRECTION ( 'NONE',  ( 1.000000000000000000, -0.000000000000000000, -0.000000000000000000 ) ) ;
#1189 = FACE_OUTER_BOUND ( 'NONE', #215, .T. ) ;
#1190 = ORIENTED_EDGE ( 'NONE', *, *, #2857, .T. ) ;
#1191 = EDGE_CURVE ( 'NONE', #558, #3059, #166, .T. ) ;
#1192 = EDGE_CURVE ( 'NONE', #1860, #3503, #1242, .T. ) ;
#1193 = CARTESIAN_POINT ( 'NONE',  ( 25.50000000000000000, 23.00000000000000000, 0.000000000000000000 ) ) ;
#1194 = ADVANCED_FACE ( 'NONE', ( #2641 ), #1508, .T. ) ;
#1195 = DIRECTION ( 'NONE',  ( 1.000000000000000000, -0.000000000000000000, -0.000000000000000000 ) ) ;
#1196 = CARTESIAN_POINT ( 'NONE',  ( 39.00000000000000000, 44.00000000000000000, 7.500000000000007105 ) ) ;
#1197 = DIRECTION ( 'NONE',  ( 0.000000000000000000, 0.000000000000000000, -1.000000000000000000 ) ) ;
#1198 = UNCERTAINTY_MEASURE_WITH_UNIT (LENGTH_MEASURE( 1.000000000000000082E-05 ), #2022, 'distance_accuracy_value', 'NONE');
#1199 = ORIENTED_EDGE ( 'NONE', *, *, #2396, .F. ) ;
#1200 = ORIENTED_EDGE ( 'NONE', *, *, #1969, .T. ) ;
#1201 = DIRECTION ( 'NONE',  ( 1.000000000000000000, 0.000000000000000000, -0.000000000000000000 ) ) ;
#1202 = CARTESIAN_POINT ( 'NONE',  ( 60.00000000000000000, 1.224646799147356609E-15, -15.00000000000000000 ) ) ;
#1203 = DIRECTION ( 'NONE',  ( 0.000000000000000000, 0.000000000000000000, -1.000000000000000000 ) ) ;
#1204 = ORIENTED_EDGE ( 'NONE', *, *, #884, .T. ) ;
#1205 = MECHANICAL_DESIGN_GEOMETRIC_PRESENTATION_REPRESENTATION (  '', ( #1146 ), #1569 ) ;
#1206 =( NAMED_UNIT ( * ) SI_UNIT ( $, .STERADIAN. ) SOLID_ANGLE_UNIT ( ) );
#1207 = VECTOR ( 'NONE', #928, 1000.000000000000000 ) ;
#1208 = VECTOR ( 'NONE', #3239, 1000.000000000000000 ) ;
#1209 = VECTOR ( 'NONE', #679, 1000.000000000000000 ) ;
#1210 = DIRECTION ( 'NONE',  ( -0.000000000000000000, 1.000000000000000000, -0.000000000000000000 ) ) ;
#1211 = ORIENTED_EDGE ( 'NONE', *, *, #631, .F. ) ;
#1212 = AXIS2_PLACEMENT_3D ( 'NONE', #1589, #3654, #394 ) ;
#1213 = AXIS2_PLACEMENT_3D ( 'NONE', #520, #1730, #3511 ) ;
#1214 = SURFACE_STYLE_USAGE ( .BOTH. , #43 ) ;
#1215 = VECTOR ( 'NONE', #3332, 1000.000000000000114 ) ;
#1216 = EDGE_CURVE ( 'NONE', #1346, #3328, #2998, .T. ) ;
#1217 = DIRECTION ( 'NONE',  ( 0.000000000000000000, 0.000000000000000000, -1.000000000000000000 ) ) ;
#1218 = CARTESIAN_POINT ( 'NONE',  ( 60.00000000000000000, 0.000000000000000000, 62.50000000000002842 ) ) ;
#1219 = DIRECTION ( 'NONE',  ( 0.000000000000000000, -3.469446951953620598E-16, 1.000000000000000000 ) ) ;
#1220 = ORIENTED_EDGE ( 'NONE', *, *, #3163, .F. ) ;
#1221 = CIRCLE ( 'NONE', #242, 2.000000000000000000 ) ;
#1222 = ORIENTED_EDGE ( 'NONE', *, *, #3141, .T. ) ;
#1223 = CARTESIAN_POINT ( 'NONE',  ( 34.50000000000000000, 14.00000000000000888, 7.500000000000007105 ) ) ;
#1224 = DIRECTION ( 'NONE',  ( 1.000000000000000000, -0.000000000000000000, -0.000000000000000000 ) ) ;
#1225 = DIRECTION ( 'NONE',  ( 1.000000000000000000, 0.000000000000000000, 0.000000000000000000 ) ) ;
#1226 = EDGE_CURVE ( 'NONE', #1403, #749, #321, .T. ) ;
#1227 = EDGE_LOOP ( 'NONE', ( #1084, #2289 ) ) ;
#1228 = EDGE_CURVE ( 'NONE', #243, #3691, #845, .T. ) ;
#1229 = EDGE_CURVE ( 'NONE', #3117, #2164, #934, .T. ) ;
#1230 = LINE ( 'NONE', #324, #2958 ) ;
#1231 = ORIENTED_EDGE ( 'NONE', *, *, #3443, .T. ) ;
#1232 = VECTOR ( 'NONE', #1654, 1000.000000000000000 ) ;
#1233 =( NAMED_UNIT ( * ) PLANE_ANGLE_UNIT ( ) SI_UNIT ( $, .RADIAN. ) );
#1234 = DIRECTION ( 'NONE',  ( -0.000000000000000000, -0.000000000000000000, 1.000000000000000000 ) ) ;
#1235 = CARTESIAN_POINT ( 'NONE',  ( 34.50000000000000000, 13.99999999999999822, 72.50000000000001421 ) ) ;
#1236 = DIRECTION ( 'NONE',  ( 1.000000000000000000, -0.000000000000000000, -0.000000000000000000 ) ) ;
#1237 = EDGE_LOOP ( 'NONE', ( #1466, #1345, #3170, #205 ) ) ;
#1238 = ORIENTED_EDGE ( 'NONE', *, *, #508, .F. ) ;
#1239 = ORIENTED_EDGE ( 'NONE', *, *, #3112, .T. ) ;
#1240 = DIRECTION ( 'NONE',  ( -0.000000000000000000, -0.000000000000000000, 1.000000000000000000 ) ) ;
#1241 = CARTESIAN_POINT ( 'NONE',  ( 60.00000000000000000, 88.00000000000000000, 80.00000000000000000 ) ) ;
#1242 = LINE ( 'NONE', #2411, #3160 ) ;
#1243 = ORIENTED_EDGE ( 'NONE', *, *, #1818, .F. ) ;
#1244 = EDGE_CURVE ( 'NONE', #2442, #2689, #3317, .T. ) ;
#1245 =( NAMED_UNIT ( * ) PLANE_ANGLE_UNIT ( ) SI_UNIT ( $, .RADIAN. ) );
#1246 = CARTESIAN_POINT ( 'NONE',  ( 34.50000000000000000, 28.00000000000001066, 57.99999999999999289 ) ) ;
#1247 = VERTEX_POINT ( 'NONE', #381 ) ;
#1248 = CARTESIAN_POINT ( 'NONE',  ( 25.49999999999999645, 23.99999999999999289, 66.49999999999992895 ) ) ;
#1249 = ADVANCED_FACE ( 'NONE', ( #1550 ), #628, .F. ) ;
#1250 = PLANE ( 'NONE',  #2849 ) ;
#1251 = DIRECTION ( 'NONE',  ( 0.000000000000000000, 0.000000000000000000, -1.000000000000000000 ) ) ;
#1252 = DIRECTION ( 'NONE',  ( 0.000000000000000000, 0.000000000000000000, -1.000000000000000000 ) ) ;
#1253 = VERTEX_POINT ( 'NONE', #2934 ) ;
#1254 = ORIENTED_EDGE ( 'NONE', *, *, #3210, .F. ) ;
#1255 = ORIENTED_EDGE ( 'NONE', *, *, #3754, .T. ) ;
#1256 = DIRECTION ( 'NONE',  ( 1.000000000000000000, -0.000000000000000000, -0.000000000000000000 ) ) ;
#1257 = FILL_AREA_STYLE_COLOUR ( '', #3474 ) ;
#1258 = DIRECTION ( 'NONE',  ( 0.000000000000000000, 0.000000000000000000, 1.000000000000000000 ) ) ;
#1259 = DIRECTION ( 'NONE',  ( -1.000000000000000000, 0.000000000000000000, 0.000000000000000000 ) ) ;
#1260 = ORIENTED_EDGE ( 'NONE', *, *, #1127, .F. ) ;
#1261 = PLANE ( 'NONE',  #1130 ) ;
#1262 = COLOUR_RGB ( '',0.8980392156862745390, 0.9176470588235293713, 0.9294117647058823817 ) ;
#1263 = CARTESIAN_POINT ( 'NONE',  ( 25.46853807330607111, 22.74447857092782499, 15.11970283946006965 ) ) ;
#1264 = EDGE_LOOP ( 'NONE', ( #2094, #1284, #2014, #3442 ) ) ;
#1265 = CIRCLE ( 'NONE', #2602, 2.099999999999990763 ) ;
#1266 = FACE_OUTER_BOUND ( 'NONE', #763, .T. ) ;
#1267 = CIRCLE ( 'NONE', #2118, 1.400000000000015898 ) ;
#1268 = DIRECTION ( 'NONE',  ( -0.000000000000000000, 0.000000000000000000, 1.000000000000000000 ) ) ;
#1269 = CARTESIAN_POINT ( 'NONE',  ( 25.50000000000000000, 28.00000000000001066, 60.75000000000000000 ) ) ;
#1270 = CARTESIAN_POINT ( 'NONE',  ( 34.50000000000000000, 60.00000000000001421, 53.00000000000000711 ) ) ;
#1271 = ORIENTED_EDGE ( 'NONE', *, *, #2379, .T. ) ;
#1272 = EDGE_LOOP ( 'NONE', ( #1600, #370, #906, #3703, #3178, #3240, #2297, #691, #446, #1616, #808, #1076 ) ) ;
#1273 = AXIS2_PLACEMENT_3D ( 'NONE', #2794, #2410, #3050 ) ;
#1274 = AXIS2_PLACEMENT_3D ( 'NONE', #3060, #291, #1687 ) ;
#1275 = PRESENTATION_LAYER_ASSIGNMENT (  '', '', ( #3037 ) ) ;
#1276 = CARTESIAN_POINT ( 'NONE',  ( 9.999999999999994671, 52.54325195007597671, -48.43661487732107673 ) ) ;
#1277 = CYLINDRICAL_SURFACE ( 'NONE', #2607, 2.099999999999990763 ) ;
#1278 = VECTOR ( 'NONE', #413, 1000.000000000000000 ) ;
#1279 = DIRECTION ( 'NONE',  ( 1.000000000000000000, 0.000000000000000000, 0.000000000000000000 ) ) ;
#1280 =( LENGTH_UNIT ( ) NAMED_UNIT ( * ) SI_UNIT ( .MILLI., .METRE. ) );
#1281 = EDGE_LOOP ( 'NONE', ( #2825, #159, #3124, #1220, #3537, #2135 ) ) ;
#1282 = EDGE_CURVE ( 'NONE', #341, #1060, #1827, .T. ) ;
#1283 = CARTESIAN_POINT ( 'NONE',  ( 25.50000000000000000, 23.00000000000000000, 64.65338146873800440 ) ) ;
#1284 = ORIENTED_EDGE ( 'NONE', *, *, #795, .F. ) ;
#1285 = CARTESIAN_POINT ( 'NONE',  ( 25.49999999999999645, 23.00000000000000000, 15.34661853126185527 ) ) ;
#1286 = DIRECTION ( 'NONE',  ( 1.000000000000000000, 0.000000000000000000, 0.000000000000000000 ) ) ;
#1287 = CARTESIAN_POINT ( 'NONE',  ( 60.00000000000000000, 10.00000000000000000, -9.510541081449719769 ) ) ;
#1288 = LINE ( 'NONE', #3648, #2739 ) ;
#1289 = VECTOR ( 'NONE', #178, 1000.000000000000000 ) ;
#1290 = EDGE_LOOP ( 'NONE', ( #3013, #1450, #2449, #1093 ) ) ;
#1291 = ORIENTED_EDGE ( 'NONE', *, *, #2940, .T. ) ;
#1292 = ORIENTED_EDGE ( 'NONE', *, *, #822, .F. ) ;
#1293 = DIRECTION ( 'NONE',  ( 0.000000000000000000, 1.000000000000000000, -0.000000000000000000 ) ) ;
#1294 =( LENGTH_UNIT ( ) NAMED_UNIT ( * ) SI_UNIT ( .MILLI., .METRE. ) );
#1295 = FACE_BOUND ( 'NONE', #3308, .T. ) ;
#1296 = CYLINDRICAL_SURFACE ( 'NONE', #2341, 2.499999999999988454 ) ;
#1297 = EDGE_LOOP ( 'NONE', ( #1112, #2746, #2708, #3452 ) ) ;
#1298 = DIRECTION ( 'NONE',  ( -1.000000000000000000, -0.000000000000000000, -0.000000000000000000 ) ) ;
#1299 = EDGE_CURVE ( 'NONE', #3130, #815, #2950, .T. ) ;
#1300 = ORIENTED_EDGE ( 'NONE', *, *, #1282, .F. ) ;
#1301 = FILL_AREA_STYLE_COLOUR ( '', #1069 ) ;
#1302 = DIRECTION ( 'NONE',  ( 1.000000000000000000, -0.000000000000000000, 0.000000000000000000 ) ) ;
#1303 = DIRECTION ( 'NONE',  ( 1.000000000000000000, 0.000000000000000000, 0.000000000000000000 ) ) ;
#1304 = CARTESIAN_POINT ( 'NONE',  ( 34.50000000000000000, 11.11704466123335777, 17.56973303174443046 ) ) ;
#1305 = ORIENTED_EDGE ( 'NONE', *, *, #619, .T. ) ;
#1306 = ORIENTED_EDGE ( 'NONE', *, *, #2106, .F. ) ;
#1307 = ADVANCED_FACE ( 'NONE', ( #3490 ), #2252, .F. ) ;
#1308 = ADVANCED_FACE ( 'NONE', ( #3211, #2658 ), #1453, .F. ) ;
#1309 = VERTEX_POINT ( 'NONE', #1757 ) ;
#1310 = PLANE ( 'NONE',  #3515 ) ;
#1311 = DIRECTION ( 'NONE',  ( 0.000000000000000000, 0.000000000000000000, -1.000000000000000000 ) ) ;
#1312 = DIRECTION ( 'NONE',  ( 0.000000000000000000, 0.000000000000000000, -1.000000000000000000 ) ) ;
#1313 = DIRECTION ( 'NONE',  ( 0.000000000000000000, 0.000000000000000000, -1.000000000000000000 ) ) ;
#1314 = CIRCLE ( 'NONE', #2048, 4.999999999999990230 ) ;
#1315 = ORIENTED_EDGE ( 'NONE', *, *, #2882, .F. ) ;
#1316 = VECTOR ( 'NONE', #1099, 1000.000000000000000 ) ;
#1317 = COLOUR_RGB ( '',0.8980392156862745390, 0.9176470588235293713, 0.9294117647058823817 ) ;
#1318 = DIRECTION ( 'NONE',  ( 1.000000000000000000, -0.000000000000000000, -0.000000000000000000 ) ) ;
#1319 = EDGE_CURVE ( 'NONE', #2460, #625, #1779, .T. ) ;
#1320 = VECTOR ( 'NONE', #569, 1000.000000000000114 ) ;
#1321 = MECHANICAL_DESIGN_GEOMETRIC_PRESENTATION_REPRESENTATION (  '', ( #1998 ), #1454 ) ;
#1322 = CARTESIAN_POINT ( 'NONE',  ( 60.00000000000000000, 83.99999999999998579, 19.50000000000004619 ) ) ;
#1323 = DIRECTION ( 'NONE',  ( -0.000000000000000000, 0.7071067811865465735, 0.7071067811865485719 ) ) ;
#1324 = PLANE ( 'NONE',  #1599 ) ;
#1325 = ORIENTED_EDGE ( 'NONE', *, *, #1987, .F. ) ;
#1326 = ORIENTED_EDGE ( 'NONE', *, *, #563, .T. ) ;
#1327 = VECTOR ( 'NONE', #1210, 1000.000000000000000 ) ;
#1328 = ORIENTED_EDGE ( 'NONE', *, *, #2470, .F. ) ;
#1329 = ADVANCED_FACE ( 'NONE', ( #2521 ), #2183, .F. ) ;
#1330 = DIRECTION ( 'NONE',  ( 1.000000000000000000, -0.000000000000000000, -0.000000000000000000 ) ) ;
#1331 = CIRCLE ( 'NONE', #2007, 2.099999999999990763 ) ;
#1332 = FACE_BOUND ( 'NONE', #608, .T. ) ;
#1333 = CARTESIAN_POINT ( 'NONE',  ( 0.000000000000000000, 5.000000000000004441, 80.00000000000000000 ) ) ;
#1334 = SURFACE_STYLE_FILL_AREA ( #715 ) ;
#1335 = AXIS2_PLACEMENT_3D ( 'NONE', #2772, #1348, #161 ) ;
#1336 = ORIENTED_EDGE ( 'NONE', *, *, #722, .F. ) ;
#1337 = CARTESIAN_POINT ( 'NONE',  ( 56.44499999999999318, 72.00000000000000000, -34.50000000000000000 ) ) ;
#1338 =( NAMED_UNIT ( * ) SI_UNIT ( $, .STERADIAN. ) SOLID_ANGLE_UNIT ( ) );
#1339 = AXIS2_PLACEMENT_3D ( 'NONE', #663, #3265, #2130 ) ;
#1340 = EDGE_CURVE ( 'NONE', #981, #1309, #2917, .T. ) ;
#1341 = DIRECTION ( 'NONE',  ( 0.000000000000000000, 1.000000000000000000, 0.000000000000000000 ) ) ;
#1342 = SURFACE_STYLE_FILL_AREA ( #212 ) ;
#1343 = DIRECTION ( 'NONE',  ( 1.000000000000000000, -0.000000000000000000, -0.000000000000000000 ) ) ;
#1344 = ORIENTED_EDGE ( 'NONE', *, *, #723, .F. ) ;
#1345 = ORIENTED_EDGE ( 'NONE', *, *, #3076, .F. ) ;
#1346 = VERTEX_POINT ( 'NONE', #1223 ) ;
#1347 = CARTESIAN_POINT ( 'NONE',  ( 57.99999999999999289, 83.99999999999998579, 28.99999999999999645 ) ) ;
#1348 = DIRECTION ( 'NONE',  ( 0.000000000000000000, -1.000000000000000000, 0.000000000000000000 ) ) ;
#1349 = DIRECTION ( 'NONE',  ( 1.000000000000000000, -0.000000000000000000, -0.000000000000000000 ) ) ;
#1350 =( NAMED_UNIT ( * ) SI_UNIT ( $, .STERADIAN. ) SOLID_ANGLE_UNIT ( ) );
#1351 = ORIENTED_EDGE ( 'NONE', *, *, #563, .F. ) ;
#1352 = EDGE_CURVE ( 'NONE', #2756, #2541, #1971, .T. ) ;
#1353 = DIRECTION ( 'NONE',  ( 1.000000000000000000, 0.000000000000000000, -0.000000000000000000 ) ) ;
#1354 = SURFACE_STYLE_USAGE ( .BOTH. , #776 ) ;
#1355 = ADVANCED_FACE ( 'NONE', ( #1506 ), #2606, .F. ) ;
#1356 = ORIENTED_EDGE ( 'NONE', *, *, #293, .F. ) ;
#1357 = DIRECTION ( 'NONE',  ( 0.000000000000000000, 0.000000000000000000, -1.000000000000000000 ) ) ;
#1358 = CARTESIAN_POINT ( 'NONE',  ( 34.50000000000000000, 0.000000000000000000, 80.00000000000000000 ) ) ;
#1359 = CARTESIAN_POINT ( 'NONE',  ( 34.50000000000000000, 23.99999999999999289, 64.39999999999994884 ) ) ;
#1360 = ORIENTED_EDGE ( 'NONE', *, *, #3551, .F. ) ;
#1361 = EDGE_LOOP ( 'NONE', ( #495, #24 ) ) ;
#1362 = ORIENTED_EDGE ( 'NONE', *, *, #1702, .F. ) ;
#1363 = CARTESIAN_POINT ( 'NONE',  ( 25.31319257188574312, 65.58462753836172965, 65.65398603479678741 ) ) ;
#1364 = CARTESIAN_POINT ( 'NONE',  ( 42.55812545754028520, 0.000000000000000000, 0.000000000000000000 ) ) ;
#1365 = CARTESIAN_POINT ( 'NONE',  ( 60.00000000000000000, 83.99999999999998579, 62.50000000000001421 ) ) ;
#1366 = ORIENTED_EDGE ( 'NONE', *, *, #988, .T. ) ;
#1367 = DIRECTION ( 'NONE',  ( 0.000000000000000000, 0.000000000000000000, -1.000000000000000000 ) ) ;
#1368 = COLOUR_RGB ( '',0.7529411764705882248, 0.7529411764705882248, 0.7529411764705882248 ) ;
#1369 = DIRECTION ( 'NONE',  ( 0.7071067811865474617, -0.7071067811865474617, -0.000000000000000000 ) ) ;
#1370 = DIRECTION ( 'NONE',  ( -1.000000000000000000, 0.000000000000000000, 0.000000000000000000 ) ) ;
#1371 = ORIENTED_EDGE ( 'NONE', *, *, #705, .T. ) ;
#1372 = CARTESIAN_POINT ( 'NONE',  ( 25.50000000000000000, 28.00000000000001066, 57.99999999999999289 ) ) ;
#1373 = SURFACE_SIDE_STYLE ('',( #207 ) ) ;
#1374 = CARTESIAN_POINT ( 'NONE',  ( 60.00000000000000000, 62.50000000000000000, 28.99999999999999289 ) ) ;
#1375 = DIRECTION ( 'NONE',  ( 0.000000000000000000, 0.000000000000000000, 1.000000000000000000 ) ) ;
#1376 = EDGE_LOOP ( 'NONE', ( #1271, #1636 ) ) ;
#1377 = ORIENTED_EDGE ( 'NONE', *, *, #3760, .F. ) ;
#1378 = AXIS2_PLACEMENT_3D ( 'NONE', #1248, #3018, #3295 ) ;
#1379 = ORIENTED_EDGE ( 'NONE', *, *, #2504, .T. ) ;
#1380 = CARTESIAN_POINT ( 'NONE',  ( 25.31335974109317632, 65.58440452132946064, 67.34703695514643584 ) ) ;
#1381 = CARTESIAN_POINT ( 'NONE',  ( 25.50000000000000000, 60.00000000000001421, 24.75000000000000355 ) ) ;
#1382 = AXIS2_PLACEMENT_3D ( 'NONE', #3553, #1521, #68 ) ;
#1383 = LINE ( 'NONE', #2302, #232 ) ;
#1384 =( NAMED_UNIT ( * ) SI_UNIT ( $, .STERADIAN. ) SOLID_ANGLE_UNIT ( ) );
#1385 = CARTESIAN_POINT ( 'NONE',  ( 25.49999999999999645, 64.00000000000000000, 13.49999999999993605 ) ) ;
#1386 = ORIENTED_EDGE ( 'NONE', *, *, #1044, .F. ) ;
#1387 = VECTOR ( 'NONE', #3576, 1000.000000000000000 ) ;
#1388 = EDGE_CURVE ( 'NONE', #2127, #3403, #1183, .T. ) ;
#1389 = CARTESIAN_POINT ( 'NONE',  ( 25.50000000000131450, 22.92399469902247588, 64.69454064681741556 ) ) ;
#1390 = CARTESIAN_POINT ( 'NONE',  ( 34.50000000000000000, 60.00000000000001421, 58.00000000000000000 ) ) ;
#1391 = DIRECTION ( 'NONE',  ( -1.000000000000000000, 0.000000000000000000, 0.000000000000000000 ) ) ;
#1392 = EDGE_CURVE ( 'NONE', #3007, #2428, #855, .T. ) ;
#1393 = CARTESIAN_POINT ( 'NONE',  ( 25.45372693924847596, 22.69601493517366464, 68.04872781720598596 ) ) ;
#1394 = AXIS2_PLACEMENT_3D ( 'NONE', #3027, #1279, #1312 ) ;
#1395 = EDGE_LOOP ( 'NONE', ( #827, #924, #31, #3294 ) ) ;
#1396 = DIRECTION ( 'NONE',  ( 0.000000000000000000, 0.000000000000000000, -1.000000000000000000 ) ) ;
#1397 = AXIS2_PLACEMENT_3D ( 'NONE', #2901, #777, #1103 ) ;
#1398 = CARTESIAN_POINT ( 'NONE',  ( 29.10000000000000142, 28.00000000000001066, 53.00000000000000000 ) ) ;
#1399 = DIRECTION ( 'NONE',  ( 1.000000000000000000, -0.000000000000000000, -0.000000000000000000 ) ) ;
#1400 = DIRECTION ( 'NONE',  ( 1.000000000000000000, -0.000000000000000000, -0.000000000000000000 ) ) ;
#1401 = ORIENTED_EDGE ( 'NONE', *, *, #2364, .F. ) ;
#1402 = EDGE_LOOP ( 'NONE', ( #78, #2503, #810, #1254 ) ) ;
#1403 = VERTEX_POINT ( 'NONE', #2059 ) ;
#1404 = EDGE_CURVE ( 'NONE', #2837, #629, #3229, .T. ) ;
#1405 = CARTESIAN_POINT ( 'NONE',  ( 25.45400228564131950, 65.30315616598005590, 68.05004218604800315 ) ) ;
#1406 = CARTESIAN_POINT ( 'NONE',  ( 57.99999999999999289, 88.00000000000000000, 28.99999999999999289 ) ) ;
#1407 = DIRECTION ( 'NONE',  ( 0.000000000000000000, 0.000000000000000000, -1.000000000000000000 ) ) ;
#1408 = CARTESIAN_POINT ( 'NONE',  ( 40.00000000000000000, 63.99999999999998579, 80.00000000000000000 ) ) ;
#1409 = VERTEX_POINT ( 'NONE', #517 ) ;
#1410 = ORIENTED_EDGE ( 'NONE', *, *, #3544, .F. ) ;
#1411 = ADVANCED_FACE ( 'NONE', ( #2639 ), #781, .F. ) ;
#1412 = ADVANCED_FACE ( 'NONE', ( #916 ), #2075, .F. ) ;
#1413 = CARTESIAN_POINT ( 'NONE',  ( 25.25158496680687037, 22.33977301762345036, 66.15900309512834099 ) ) ;
#1414 = CARTESIAN_POINT ( 'NONE',  ( 0.000000000000000000, 68.00000000000001421, 0.000000000000000000 ) ) ;
#1415 = CIRCLE ( 'NONE', #1899, 2.099999999999987210 ) ;
#1416 = ORIENTED_EDGE ( 'NONE', *, *, #954, .T. ) ;
#1417 = LINE ( 'NONE', #2570, #462 ) ;
#1418 = EDGE_CURVE ( 'NONE', #2233, #3092, #3010, .T. ) ;
#1419 = ADVANCED_FACE ( 'NONE', ( #74 ), #2753, .T. ) ;
#1420 = FACE_OUTER_BOUND ( 'NONE', #368, .T. ) ;
#1421 = CIRCLE ( 'NONE', #3719, 6.855000000000000426 ) ;
#1422 = UNCERTAINTY_MEASURE_WITH_UNIT (LENGTH_MEASURE( 1.000000000000000082E-05 ), #2119, 'distance_accuracy_value', 'NONE');
#1423 = DIRECTION ( 'NONE',  ( 0.000000000000000000, 0.000000000000000000, 1.000000000000000000 ) ) ;
#1424 = LINE ( 'NONE', #2597, #2777 ) ;
#1425 = ORIENTED_EDGE ( 'NONE', *, *, #58, .F. ) ;
#1426 = EDGE_LOOP ( 'NONE', ( #3664, #2249, #3, #3314 ) ) ;
#1427 = DIRECTION ( 'NONE',  ( 0.000000000000000000, 0.000000000000000000, -1.000000000000000000 ) ) ;
#1428 = CARTESIAN_POINT ( 'NONE',  ( 34.50000000000000000, 81.99999999999998579, 17.50000000000002842 ) ) ;
#1429 = CARTESIAN_POINT ( 'NONE',  ( 45.00000000000000000, 83.99999999999998579, 31.00000000000000000 ) ) ;
#1430 = CARTESIAN_POINT ( 'NONE',  ( 25.49999999999999645, 65.07576003864468817, 11.69440782982022675 ) ) ;
#1431 = ORIENTED_EDGE ( 'NONE', *, *, #3499, .T. ) ;
#1432 = VERTEX_POINT ( 'NONE', #2972 ) ;
#1433 = AXIS2_PLACEMENT_3D ( 'NONE', #3096, #1949, #3115 ) ;
#1434 = LINE ( 'NONE', #225, #938 ) ;
#1435 = PLANE ( 'NONE',  #1397 ) ;
#1436 = ORIENTED_EDGE ( 'NONE', *, *, #1894, .F. ) ;
#1437 = DIRECTION ( 'NONE',  ( -0.000000000000000000, -0.000000000000000000, -1.000000000000000000 ) ) ;
#1438 = ADVANCED_FACE ( 'NONE', ( #3286 ), #3049, .F. ) ;
#1439 = AXIS2_PLACEMENT_3D ( 'NONE', #1074, #999, #3111 ) ;
#1440 = COLOUR_RGB ( '',0.7529411764705882248, 0.7529411764705882248, 0.7529411764705882248 ) ;
#1441 = DIRECTION ( 'NONE',  ( 1.000000000000000000, -0.000000000000000000, -0.000000000000000000 ) ) ;
#1442 = CARTESIAN_POINT ( 'NONE',  ( 29.10000000000000142, 60.00000000000001421, 22.00000000000000355 ) ) ;
#1443 = VECTOR ( 'NONE', #3199, 1000.000000000000000 ) ;
#1444 = EDGE_LOOP ( 'NONE', ( #1126, #214, #3209, #538 ) ) ;
#1445 = DIRECTION ( 'NONE',  ( -1.000000000000000000, 0.000000000000000000, 0.000000000000000000 ) ) ;
#1446 = VECTOR ( 'NONE', #259, 1000.000000000000000 ) ;
#1447 = CARTESIAN_POINT ( 'NONE',  ( 34.50000000000000000, 24.00000000000000000, 15.59999999999992149 ) ) ;
#1448 = CYLINDRICAL_SURFACE ( 'NONE', #1149, 0.4000000000000010214 ) ;
#1449 = CARTESIAN_POINT ( 'NONE',  ( 25.50000000000000000, 23.00000000000000000, 80.00000000000000000 ) ) ;
#1450 = ORIENTED_EDGE ( 'NONE', *, *, #327, .T. ) ;
#1451 = EDGE_LOOP ( 'NONE', ( #2337, #3150 ) ) ;
#1452 = AXIS2_PLACEMENT_3D ( 'NONE', #27, #3241, #2893 ) ;
#1453 = PLANE ( 'NONE',  #2064 ) ;
#1454 =( GEOMETRIC_REPRESENTATION_CONTEXT ( 3 ) GLOBAL_UNCERTAINTY_ASSIGNED_CONTEXT ( ( #1198 ) ) GLOBAL_UNIT_ASSIGNED_CONTEXT ( ( #2022, #889, #1554 ) ) REPRESENTATION_CONTEXT ( 'NONE', 'WORKASPACE' ) );
#1455 = DIRECTION ( 'NONE',  ( 0.000000000000000000, 0.000000000000000000, -1.000000000000000000 ) ) ;
#1456 = FACE_OUTER_BOUND ( 'NONE', #1617, .T. ) ;
#1457 = AXIS2_PLACEMENT_3D ( 'NONE', #638, #46, #17 ) ;
#1458 = VERTEX_POINT ( 'NONE', #1547 ) ;
#1459 = DIRECTION ( 'NONE',  ( 0.000000000000000000, 0.000000000000000000, 1.000000000000000000 ) ) ;
#1460 = EDGE_CURVE ( 'NONE', #2647, #2897, #1585, .T. ) ;
#1461 = AXIS2_PLACEMENT_3D ( 'NONE', #2894, #836, #3727 ) ;
#1462 = AXIS2_PLACEMENT_3D ( 'NONE', #2624, #1685, #879 ) ;
#1463 = CIRCLE ( 'NONE', #1883, 2.499999999999988454 ) ;
#1464 = LINE ( 'NONE', #2614, #1583 ) ;
#1465 = CARTESIAN_POINT ( 'NONE',  ( 47.00000000000000000, 83.99999999999998579, 28.99999999999999645 ) ) ;
#1466 = ORIENTED_EDGE ( 'NONE', *, *, #1704, .F. ) ;
#1467 = LINE ( 'NONE', #1161, #1756 ) ;
#1468 = FACE_OUTER_BOUND ( 'NONE', #2406, .T. ) ;
#1469 = LINE ( 'NONE', #355, #2524 ) ;
#1470 = CARTESIAN_POINT ( 'NONE',  ( 25.24189964085453752, 65.67051094250602716, 13.32999456920454584 ) ) ;
#1471 = ORIENTED_EDGE ( 'NONE', *, *, #3659, .F. ) ;
#1472 = EDGE_LOOP ( 'NONE', ( #3030, #601 ) ) ;
#1473 = DIRECTION ( 'NONE',  ( 0.000000000000000000, 0.000000000000000000, 1.000000000000000000 ) ) ;
#1474 = CARTESIAN_POINT ( 'NONE',  ( 60.00000000000000000, 77.00000000000001421, 62.50000000000001421 ) ) ;
#1475 = CARTESIAN_POINT ( 'NONE',  ( 0.000000000000000000, 0.000000000000000000, -9.510541081449719769 ) ) ;
#1476 = ORIENTED_EDGE ( 'NONE', *, *, #2266, .T. ) ;
#1477 = EDGE_CURVE ( 'NONE', #2110, #2715, #2721, .T. ) ;
#1478 = EDGE_CURVE ( 'NONE', #3130, #409, #2446, .T. ) ;
#1479 = EDGE_CURVE ( 'NONE', #2374, #3299, #393, .T. ) ;
#1480 = PRODUCT_DEFINITION ( 'UNKNOWN', '', #2593, #2610 ) ;
#1481 = CARTESIAN_POINT ( 'NONE',  ( 60.00000000000000000, 72.00000000000000000, -27.64500000000000313 ) ) ;
#1482 = DIRECTION ( 'NONE',  ( 0.7071067811865475727, 0.7071067811865475727, 0.000000000000000000 ) ) ;
#1483 = EDGE_LOOP ( 'NONE', ( #1733, #194, #797, #1166, #374 ) ) ;
#1484 = CARTESIAN_POINT ( 'NONE',  ( 60.00000000000000000, 14.00000000000000888, 9.500000000000007105 ) ) ;
#1485 = DIRECTION ( 'NONE',  ( 1.000000000000000000, 0.000000000000000000, 0.000000000000000000 ) ) ;
#1486 = DIRECTION ( 'NONE',  ( 0.000000000000000000, 0.000000000000000000, -1.000000000000000000 ) ) ;
#1487 = DIRECTION ( 'NONE',  ( -1.000000000000000000, -0.000000000000000000, -0.000000000000000000 ) ) ;
#1488 = ORIENTED_EDGE ( 'NONE', *, *, #2760, .F. ) ;
#1489 = ORIENTED_EDGE ( 'NONE', *, *, #1228, .T. ) ;
#1490 = DIRECTION ( 'NONE',  ( 0.000000000000000000, 0.000000000000000000, -1.000000000000000000 ) ) ;
#1491 = CARTESIAN_POINT ( 'NONE',  ( 25.49999999999999645, 23.00000000000000000, 68.34661853126186770 ) ) ;
#1492 = ORIENTED_EDGE ( 'NONE', *, *, #508, .T. ) ;
#1493 = VECTOR ( 'NONE', #3657, 1000.000000000000000 ) ;
#1494 = DIRECTION ( 'NONE',  ( -0.000000000000000000, -1.000000000000000000, -0.000000000000000000 ) ) ;
#1495 = EDGE_LOOP ( 'NONE', ( #1050, #3532, #698, #2817 ) ) ;
#1496 = AXIS2_PLACEMENT_3D ( 'NONE', #1390, #1027, #2814 ) ;
#1497 = CARTESIAN_POINT ( 'NONE',  ( 36.50000000000001421, 44.00000000000000000, -1.249139735130297407E-15 ) ) ;
#1498 = CARTESIAN_POINT ( 'NONE',  ( 55.99999999999999289, 72.00000000000000000, -34.50000000000000000 ) ) ;
#1499 = EDGE_CURVE ( 'NONE', #975, #2555, #3539, .T. ) ;
#1500 = DIRECTION ( 'NONE',  ( 0.000000000000000000, 0.000000000000000000, 1.000000000000000000 ) ) ;
#1501 = FACE_OUTER_BOUND ( 'NONE', #1692, .T. ) ;
#1502 = UNCERTAINTY_MEASURE_WITH_UNIT (LENGTH_MEASURE( 1.000000000000000082E-05 ), #761, 'distance_accuracy_value', 'NONE');
#1503 = ORIENTED_EDGE ( 'NONE', *, *, #1593, .T. ) ;
#1504 = VERTEX_POINT ( 'NONE', #90 ) ;
#1505 = AXIS2_PLACEMENT_3D ( 'NONE', #600, #14, #2646 ) ;
#1506 = FACE_OUTER_BOUND ( 'NONE', #2496, .T. ) ;
#1507 = CARTESIAN_POINT ( 'NONE',  ( 25.49999999999999645, 64.00000000000000000, 66.49999999999992895 ) ) ;
#1508 = CYLINDRICAL_SURFACE ( 'NONE', #2466, 10.00000000000000178 ) ;
#1509 = EDGE_CURVE ( 'NONE', #1458, #2689, #2995, .T. ) ;
#1510 = ORIENTED_EDGE ( 'NONE', *, *, #972, .T. ) ;
#1511 = AXIS2_PLACEMENT_3D ( 'NONE', #2556, #503, #182 ) ;
#1512 = ADVANCED_FACE ( 'NONE', ( #2096 ), #1277, .F. ) ;
#1513 = MECHANICAL_DESIGN_GEOMETRIC_PRESENTATION_REPRESENTATION (  '', ( #2472 ), #1820 ) ;
#1514 = CIRCLE ( 'NONE', #343, 5.000000000000004441 ) ;
#1515 = CIRCLE ( 'NONE', #2474, 2.099999999999990763 ) ;
#1516 = VECTOR ( 'NONE', #28, 1000.000000000000000 ) ;
#1517 = EDGE_LOOP ( 'NONE', ( #1292, #820, #2969, #2921 ) ) ;
#1518 = VECTOR ( 'NONE', #2060, 1000.000000000000000 ) ;
#1519 = AXIS2_PLACEMENT_3D ( 'NONE', #1913, #3078, #783 ) ;
#1520 = DIRECTION ( 'NONE',  ( 0.000000000000000000, -1.000000000000000000, 0.000000000000000000 ) ) ;
#1521 = DIRECTION ( 'NONE',  ( 0.000000000000000000, 0.7071067811865475727, 0.7071067811865475727 ) ) ;
#1522 = CYLINDRICAL_SURFACE ( 'NONE', #3252, 2.000000000000001776 ) ;
#1523 = ORIENTED_EDGE ( 'NONE', *, *, #571, .T. ) ;
#1524 = CIRCLE ( 'NONE', #2859, 2.000000000000001776 ) ;
#1525 = ORIENTED_EDGE ( 'NONE', *, *, #2095, .F. ) ;
#1526 = EDGE_CURVE ( 'NONE', #3246, #180, #3668, .T. ) ;
#1527 = ORIENTED_EDGE ( 'NONE', *, *, #896, .T. ) ;
#1528 = CARTESIAN_POINT ( 'NONE',  ( 60.00000000000000000, 12.00000000000000000, 63.50000000000002842 ) ) ;
#1529 = PLANE ( 'NONE',  #1082 ) ;
#1530 = EDGE_CURVE ( 'NONE', #747, #2265, #2485, .T. ) ;
#1531 =( NAMED_UNIT ( * ) PLANE_ANGLE_UNIT ( ) SI_UNIT ( $, .RADIAN. ) );
#1532 = DIRECTION ( 'NONE',  ( 0.000000000000000000, 0.000000000000000000, 1.000000000000000000 ) ) ;
#1533 = EDGE_CURVE ( 'NONE', #3628, #3603, #3640, .T. ) ;
#1534 = ORIENTED_EDGE ( 'NONE', *, *, #2592, .T. ) ;
#1535 = EDGE_CURVE ( 'NONE', #2430, #1553, #541, .T. ) ;
#1536 = EDGE_CURVE ( 'NONE', #3215, #3601, #3291, .T. ) ;
#1537 = DIRECTION ( 'NONE',  ( 0.000000000000000000, 0.000000000000000000, 1.000000000000000000 ) ) ;
#1538 = ORIENTED_EDGE ( 'NONE', *, *, #1714, .T. ) ;
#1539 = LINE ( 'NONE', #2384, #1010 ) ;
#1540 = FACE_OUTER_BOUND ( 'NONE', #858, .T. ) ;
#1541 = DIRECTION ( 'NONE',  ( 1.000000000000000000, -0.000000000000000000, -0.000000000000000000 ) ) ;
#1542 = CARTESIAN_POINT ( 'NONE',  ( 34.50000000000000000, 23.99999999999999289, 66.49999999999992895 ) ) ;
#1543 = ORIENTED_EDGE ( 'NONE', *, *, #3036, .F. ) ;
#1544 = ORIENTED_EDGE ( 'NONE', *, *, #3227, .F. ) ;
#1545 = EDGE_LOOP ( 'NONE', ( #717, #421, #3301, #3025, #1328, #3489, #271, #3125 ) ) ;
#1546 = FACE_BOUND ( 'NONE', #1451, .T. ) ;
#1547 = CARTESIAN_POINT ( 'NONE',  ( 60.00000000000000000, 88.00000000000000000, 53.00000000000001421 ) ) ;
#1548 = CARTESIAN_POINT ( 'NONE',  ( 25.50000000000000000, 28.00000000000001066, 55.24999999999999289 ) ) ;
#1549 = CARTESIAN_POINT ( 'NONE',  ( 37.50000000000002132, 23.99999999999998224, 80.00000000000000000 ) ) ;
#1550 = FACE_OUTER_BOUND ( 'NONE', #2444, .T. ) ;
#1551 = ORIENTED_EDGE ( 'NONE', *, *, #901, .F. ) ;
#1552 = CARTESIAN_POINT ( 'NONE',  ( 25.28749093468657705, 22.38303776395324363, 14.18057035628175555 ) ) ;
#1553 = VERTEX_POINT ( 'NONE', #1979 ) ;
#1554 =( NAMED_UNIT ( * ) SI_UNIT ( $, .STERADIAN. ) SOLID_ANGLE_UNIT ( ) );
#1555 = EDGE_CURVE ( 'NONE', #2949, #2179, #3424, .T. ) ;
#1556 = FACE_OUTER_BOUND ( 'NONE', #1517, .T. ) ;
#1557 = LINE ( 'NONE', #443, #3513 ) ;
#1558 = DIRECTION ( 'NONE',  ( 1.000000000000000000, -0.000000000000000000, -0.000000000000000000 ) ) ;
#1559 = ORIENTED_EDGE ( 'NONE', *, *, #2266, .F. ) ;
#1560 = VERTEX_POINT ( 'NONE', #1053 ) ;
#1561 = VECTOR ( 'NONE', #3014, 1000.000000000000000 ) ;
#1562 = EDGE_LOOP ( 'NONE', ( #317, #2188, #1724, #3519 ) ) ;
#1563 = DIRECTION ( 'NONE',  ( 0.000000000000000000, 0.7071067811865474617, -0.7071067811865474617 ) ) ;
#1564 = DIRECTION ( 'NONE',  ( -0.000000000000000000, 0.7071067811865474617, 0.7071067811865474617 ) ) ;
#1565 = DIRECTION ( 'NONE',  ( 1.000000000000000000, -0.000000000000000000, -0.000000000000000000 ) ) ;
#1566 = CARTESIAN_POINT ( 'NONE',  ( 55.99999999999999289, 72.00000000000000000, -34.50000000000000000 ) ) ;
#1567 = VERTEX_POINT ( 'NONE', #768 ) ;
#1568 = CARTESIAN_POINT ( 'NONE',  ( 34.50000000000000000, 88.00000000000000000, 62.50000000000001421 ) ) ;
#1569 =( GEOMETRIC_REPRESENTATION_CONTEXT ( 3 ) GLOBAL_UNCERTAINTY_ASSIGNED_CONTEXT ( ( #2335 ) ) GLOBAL_UNIT_ASSIGNED_CONTEXT ( ( #2038, #874, #926 ) ) REPRESENTATION_CONTEXT ( 'NONE', 'WORKASPACE' ) );
#1570 = ADVANCED_FACE ( 'NONE', ( #3356 ), #3127, .F. ) ;
#1571 = VECTOR ( 'NONE', #707, 1000.000000000000000 ) ;
#1572 = VECTOR ( 'NONE', #2031, 1000.000000000000000 ) ;
#1573 = VERTEX_POINT ( 'NONE', #1381 ) ;
#1574 = CIRCLE ( 'NONE', #900, 2.499999999999995115 ) ;
#1575 = FACE_OUTER_BOUND ( 'NONE', #240, .T. ) ;
#1576 = AXIS2_PLACEMENT_3D ( 'NONE', #3632, #1020, #3089 ) ;
#1577 = FACE_OUTER_BOUND ( 'NONE', #1297, .T. ) ;
#1578 = CARTESIAN_POINT ( 'NONE',  ( 34.50000000000000000, 64.00000000000000000, 15.59999999999992681 ) ) ;
#1579 = CARTESIAN_POINT ( 'NONE',  ( 34.49999999999998579, 11.07945307978531879, 17.62953983813587300 ) ) ;
#1580 = ORIENTED_EDGE ( 'NONE', *, *, #1953, .T. ) ;
#1581 = VERTEX_POINT ( 'NONE', #1941 ) ;
#1582 = AXIS2_PLACEMENT_3D ( 'NONE', #1850, #3303, #2712 ) ;
#1583 = VECTOR ( 'NONE', #25, 1000.000000000000000 ) ;
#1584 = EDGE_LOOP ( 'NONE', ( #1489, #1988 ) ) ;
#1585 = CIRCLE ( 'NONE', #1339, 10.00000000000000178 ) ;
#1586 = EDGE_CURVE ( 'NONE', #2510, #2030, #3147, .T. ) ;
#1587 = FACE_BOUND ( 'NONE', #3389, .T. ) ;
#1588 = VECTOR ( 'NONE', #645, 1000.000000000000000 ) ;
#1589 = CARTESIAN_POINT ( 'NONE',  ( 25.50000000000000000, 0.000000000000000000, 0.000000000000000000 ) ) ;
#1590 = DIRECTION ( 'NONE',  ( 0.000000000000000000, 0.000000000000000000, -1.000000000000000000 ) ) ;
#1591 = VERTEX_POINT ( 'NONE', #2512 ) ;
#1592 = CYLINDRICAL_SURFACE ( 'NONE', #2397, 5.000000000000000888 ) ;
#1593 = EDGE_CURVE ( 'NONE', #3509, #1504, #183, .T. ) ;
#1594 = EDGE_CURVE ( 'NONE', #389, #1957, #1696, .T. ) ;
#1595 = ORIENTED_EDGE ( 'NONE', *, *, #580, .F. ) ;
#1596 = DIRECTION ( 'NONE',  ( 0.000000000000000000, 0.000000000000000000, -1.000000000000000000 ) ) ;
#1597 = LINE ( 'NONE', #2744, #3220 ) ;
#1598 = DIRECTION ( 'NONE',  ( 1.000000000000000000, -0.000000000000000000, -0.000000000000000000 ) ) ;
#1599 = AXIS2_PLACEMENT_3D ( 'NONE', #3102, #482, #444 ) ;
#1600 = ORIENTED_EDGE ( 'NONE', *, *, #3377, .F. ) ;
#1601 = ORIENTED_EDGE ( 'NONE', *, *, #3163, .T. ) ;
#1602 = ORIENTED_EDGE ( 'NONE', *, *, #3182, .T. ) ;
#1603 = DIRECTION ( 'NONE',  ( 1.000000000000000000, -0.000000000000000000, -0.000000000000000000 ) ) ;
#1604 = CARTESIAN_POINT ( 'NONE',  ( 60.00000000000000000, 12.00000000000000888, 7.500000000000007105 ) ) ;
#1605 = FACE_OUTER_BOUND ( 'NONE', #98, .T. ) ;
#1606 = ORIENTED_EDGE ( 'NONE', *, *, #3754, .F. ) ;
#1607 = CARTESIAN_POINT ( 'NONE',  ( 37.50000000000001421, 63.99999999999998579, 80.00000000000000000 ) ) ;
#1608 = VECTOR ( 'NONE', #1487, 1000.000000000000000 ) ;
#1609 = SURFACE_STYLE_FILL_AREA ( #188 ) ;
#1610 = ORIENTED_EDGE ( 'NONE', *, *, #3273, .F. ) ;
#1611 = EDGE_CURVE ( 'NONE', #593, #1068, #2784, .T. ) ;
#1612 = CIRCLE ( 'NONE', #451, 2.099999999999990763 ) ;
#1613 = FACE_OUTER_BOUND ( 'NONE', #1472, .T. ) ;
#1614 = CARTESIAN_POINT ( 'NONE',  ( 34.50000000000000000, 10.99999999999999112, 17.89999999999998792 ) ) ;
#1615 = DIRECTION ( 'NONE',  ( 0.000000000000000000, 0.000000000000000000, -1.000000000000000000 ) ) ;
#1616 = ORIENTED_EDGE ( 'NONE', *, *, #3689, .F. ) ;
#1617 = EDGE_LOOP ( 'NONE', ( #2605, #3649, #322, #1656, #650, #3354, #448, #936 ) ) ;
#1618 = VERTEX_POINT ( 'NONE', #1905 ) ;
#1619 = CYLINDRICAL_SURFACE ( 'NONE', #170, 2.750000000000002665 ) ;
#1620 = ADVANCED_FACE ( 'NONE', ( #504 ), #1621, .F. ) ;
#1621 = PLANE ( 'NONE',  #1335 ) ;
#1622 = CARTESIAN_POINT ( 'NONE',  ( 60.00000000000000000, 0.000000000000000000, 62.50000000000002842 ) ) ;
#1623 = CARTESIAN_POINT ( 'NONE',  ( 29.10000000000000142, 28.00000000000001066, 22.00000000000000000 ) ) ;
#1624 = VECTOR ( 'NONE', #2151, 1000.000000000000114 ) ;
#1625 = VERTEX_POINT ( 'NONE', #2238 ) ;
#1626 = AXIS2_PLACEMENT_3D ( 'NONE', #3454, #2797, #1353 ) ;
#1627 = DIRECTION ( 'NONE',  ( 0.000000000000000000, 0.000000000000000000, -1.000000000000000000 ) ) ;
#1628 = CARTESIAN_POINT ( 'NONE',  ( 60.00000000000000000, 83.99999999999998579, 51.00000000000000000 ) ) ;
#1629 = VECTOR ( 'NONE', #3419, 1000.000000000000000 ) ;
#1630 = COLOUR_RGB ( '',0.7529411764705882248, 0.7529411764705882248, 0.7529411764705882248 ) ;
#1631 = CARTESIAN_POINT ( 'NONE',  ( 60.00000000000000000, 13.99999999999999822, 72.50000000000001421 ) ) ;
#1632 = DIRECTION ( 'NONE',  ( 1.000000000000000000, -0.000000000000000000, -0.000000000000000000 ) ) ;
#1633 = LINE ( 'NONE', #2427, #1104 ) ;
#1634 = ORIENTED_EDGE ( 'NONE', *, *, #3712, .T. ) ;
#1635 = AXIS2_PLACEMENT_3D ( 'NONE', #1858, #1303, #2426 ) ;
#1636 = ORIENTED_EDGE ( 'NONE', *, *, #2937, .T. ) ;
#1637 = AXIS2_PLACEMENT_3D ( 'NONE', #1246, #3566, #956 ) ;
#1638 = ORIENTED_EDGE ( 'NONE', *, *, #142, .T. ) ;
#1639 = LINE ( 'NONE', #527, #1876 ) ;
#1640 = CARTESIAN_POINT ( 'NONE',  ( 34.50000000000000000, 28.00000000000001066, 24.74999999999999645 ) ) ;
#1641 = DIRECTION ( 'NONE',  ( 0.000000000000000000, 0.000000000000000000, 1.000000000000000000 ) ) ;
#1642 =( NAMED_UNIT ( * ) PLANE_ANGLE_UNIT ( ) SI_UNIT ( $, .RADIAN. ) );
#1643 = ADVANCED_FACE ( 'NONE', ( #3386, #1332 ), #487, .T. ) ;
#1644 = VECTOR ( 'NONE', #2300, 1000.000000000000000 ) ;
#1645 = APPLICATION_CONTEXT ( 'automotive_design' ) ;
#1646 = EDGE_CURVE ( 'NONE', #1409, #2199, #1920, .T. ) ;
#1647 = ORIENTED_EDGE ( 'NONE', *, *, #1216, .F. ) ;
#1648 = CIRCLE ( 'NONE', #968, 2.000000000000001776 ) ;
#1649 = FACE_OUTER_BOUND ( 'NONE', #2200, .T. ) ;
#1650 = ORIENTED_EDGE ( 'NONE', *, *, #3290, .T. ) ;
#1651 = ADVANCED_FACE ( 'NONE', ( #2634 ), #1178, .F. ) ;
#1652 = LINE ( 'NONE', #1046, #2540 ) ;
#1653 =( NAMED_UNIT ( * ) SI_UNIT ( $, .STERADIAN. ) SOLID_ANGLE_UNIT ( ) );
#1654 = DIRECTION ( 'NONE',  ( 0.000000000000000000, 0.000000000000000000, 1.000000000000000000 ) ) ;
#1655 = EDGE_LOOP ( 'NONE', ( #2796, #1791, #1165, #1534, #2380, #634, #1854, #686, #3665, #1190, #139, #2767, #2178, #1371, #248, #1120, #3393, #2990, #130 ) ) ;
#1656 = ORIENTED_EDGE ( 'NONE', *, *, #1788, .F. ) ;
#1657 = VERTEX_POINT ( 'NONE', #1447 ) ;
#1658 = CARTESIAN_POINT ( 'NONE',  ( 25.40728763806126622, 65.42992687629899251, 65.17076451031648787 ) ) ;
#1659 = DIRECTION ( 'NONE',  ( 0.000000000000000000, 0.000000000000000000, 1.000000000000000000 ) ) ;
#1660 = CARTESIAN_POINT ( 'NONE',  ( 57.99999999999997868, 88.00000000000000000, 51.00000000000000000 ) ) ;
#1661 = CARTESIAN_POINT ( 'NONE',  ( 34.89999999999999858, 11.00000000000000000, 62.10000000000002984 ) ) ;
#1662 = VERTEX_POINT ( 'NONE', #2601 ) ;
#1663 = PLANE ( 'NONE',  #3270 ) ;
#1664 = DIRECTION ( 'NONE',  ( 1.000000000000000000, 0.000000000000000000, 0.000000000000000000 ) ) ;
#1665 = VERTEX_POINT ( 'NONE', #1406 ) ;
#1666 = SURFACE_SIDE_STYLE ('',( #496 ) ) ;
#1667 = DIRECTION ( 'NONE',  ( 0.000000000000000000, 0.000000000000000000, 1.000000000000000000 ) ) ;
#1668 = DIRECTION ( 'NONE',  ( -0.000000000000000000, -0.000000000000000000, 1.000000000000000000 ) ) ;
#1669 = LINE ( 'NONE', #784, #3690 ) ;
#1670 = CARTESIAN_POINT ( 'NONE',  ( 34.50000000000000000, 13.99999999999999822, 70.50000000000000000 ) ) ;
#1671 = ORIENTED_EDGE ( 'NONE', *, *, #3415, .F. ) ;
#1672 = ORIENTED_EDGE ( 'NONE', *, *, #459, .T. ) ;
#1673 = ORIENTED_EDGE ( 'NONE', *, *, #2192, .F. ) ;
#1674 = EDGE_CURVE ( 'NONE', #2510, #1710, #3514, .T. ) ;
#1675 = CARTESIAN_POINT ( 'NONE',  ( 25.24189964085453752, 65.67051094250604137, 66.32999456920451564 ) ) ;
#1676 = DIRECTION ( 'NONE',  ( 1.000000000000000000, -0.000000000000000000, -0.000000000000000000 ) ) ;
#1677 = DIRECTION ( 'NONE',  ( 0.000000000000000000, 0.000000000000000000, -1.000000000000000000 ) ) ;
#1678 = DIRECTION ( 'NONE',  ( 1.000000000000000000, -0.000000000000000000, -0.000000000000000000 ) ) ;
#1679 = VERTEX_POINT ( 'NONE', #1116 ) ;
#1680 = CARTESIAN_POINT ( 'NONE',  ( 55.99999999999999289, 72.00000000000000000, -29.50000000000000355 ) ) ;
#1681 = AXIS2_PLACEMENT_3D ( 'NONE', #838, #2620, #2560 ) ;
#1682 = FACE_OUTER_BOUND ( 'NONE', #2142, .T. ) ;
#1683 = DIRECTION ( 'NONE',  ( 0.000000000000000000, 0.000000000000000000, -1.000000000000000000 ) ) ;
#1684 = ORIENTED_EDGE ( 'NONE', *, *, #494, .F. ) ;
#1685 = DIRECTION ( 'NONE',  ( 1.000000000000000000, 0.000000000000000000, 0.000000000000000000 ) ) ;
#1686 = EDGE_CURVE ( 'NONE', #3403, #832, #2558, .T. ) ;
#1687 = DIRECTION ( 'NONE',  ( 0.000000000000000000, 0.000000000000000000, -1.000000000000000000 ) ) ;
#1688 = EDGE_CURVE ( 'NONE', #758, #1458, #3242, .T. ) ;
#1689 = FACE_OUTER_BOUND ( 'NONE', #1281, .T. ) ;
#1690 = CARTESIAN_POINT ( 'NONE',  ( 34.50000000000000000, 60.00000000000001421, 22.00000000000000355 ) ) ;
#1691 = ORIENTED_EDGE ( 'NONE', *, *, #2475, .T. ) ;
#1692 = EDGE_LOOP ( 'NONE', ( #755, #2848, #2388, #1362 ) ) ;
#1693 = AXIS2_PLACEMENT_3D ( 'NONE', #3156, #2290, #1085 ) ;
#1694 = ORIENTED_EDGE ( 'NONE', *, *, #3019, .T. ) ;
#1695 = DIRECTION ( 'NONE',  ( 0.000000000000000000, 0.000000000000000000, 1.000000000000000000 ) ) ;
#1696 = LINE ( 'NONE', #528, #2916 ) ;
#1697 = VECTOR ( 'NONE', #1933, 1000.000000000000000 ) ;
#1698 = DIRECTION ( 'NONE',  ( 1.000000000000000000, -0.000000000000000000, -0.000000000000000000 ) ) ;
#1699 = CONICAL_SURFACE ( 'NONE', #1505, 2.099999999999987210, 1.029744258676654312 ) ;
#1700 = FACE_OUTER_BOUND ( 'NONE', #3422, .T. ) ;
#1701 = ORIENTED_EDGE ( 'NONE', *, *, #430, .T. ) ;
#1702 = EDGE_CURVE ( 'NONE', #1860, #2696, #3485, .T. ) ;
#1703 = VECTOR ( 'NONE', #1603, 1000.000000000000000 ) ;
#1704 = EDGE_CURVE ( 'NONE', #2330, #2322, #2348, .T. ) ;
#1705 = CARTESIAN_POINT ( 'NONE',  ( 25.49159640795373249, 22.85839217037061388, 64.75213364560943319 ) ) ;
#1706 = PRESENTATION_STYLE_ASSIGNMENT (( #843 ) ) ;
#1707 = FACE_OUTER_BOUND ( 'NONE', #986, .T. ) ;
#1708 = VECTOR ( 'NONE', #505, 1000.000000000000000 ) ;
#1709 = CIRCLE ( 'NONE', #543, 2.099999999999990763 ) ;
#1710 = VERTEX_POINT ( 'NONE', #1735 ) ;
#1711 = PRODUCT_DEFINITION_SHAPE ( 'NONE', 'NONE',  #1480 ) ;
#1712 = CIRCLE ( 'NONE', #2723, 2.999999999999999112 ) ;
#1713 = LINE ( 'NONE', #3238, #2245 ) ;
#1714 = EDGE_CURVE ( 'NONE', #3573, #957, #296, .T. ) ;
#1715 = CARTESIAN_POINT ( 'NONE',  ( 0.000000000000000000, 88.00000000000000000, 74.99999999999998579 ) ) ;
#1716 = DIRECTION ( 'NONE',  ( 1.000000000000000000, -0.000000000000000000, -0.000000000000000000 ) ) ;
#1717 = ORIENTED_EDGE ( 'NONE', *, *, #599, .F. ) ;
#1718 = VERTEX_POINT ( 'NONE', #2278 ) ;
#1719 = ORIENTED_EDGE ( 'NONE', *, *, #3253, .F. ) ;
#1720 = CYLINDRICAL_SURFACE ( 'NONE', #1819, 4.999999999999990230 ) ;
#1721 = DIRECTION ( 'NONE',  ( 0.000000000000000000, 0.000000000000000000, -1.000000000000000000 ) ) ;
#1722 = PLANE ( 'NONE',  #718 ) ;
#1723 = CARTESIAN_POINT ( 'NONE',  ( 34.89999999999999858, 12.00000000000000000, 62.50000000000002842 ) ) ;
#1724 = ORIENTED_EDGE ( 'NONE', *, *, #3047, .F. ) ;
#1725 = EDGE_LOOP ( 'NONE', ( #2683, #1238, #589, #1846 ) ) ;
#1726 = EDGE_CURVE ( 'NONE', #3512, #887, #1267, .T. ) ;
#1727 = CARTESIAN_POINT ( 'NONE',  ( 52.00000000000000000, 72.00000000000000000, -34.50000000000000000 ) ) ;
#1728 = CIRCLE ( 'NONE', #801, 2.099999999999990763 ) ;
#1729 = VERTEX_POINT ( 'NONE', #312 ) ;
#1730 = DIRECTION ( 'NONE',  ( 0.000000000000000000, -1.000000000000000000, 0.000000000000000000 ) ) ;
#1731 = CARTESIAN_POINT ( 'NONE',  ( 0.000000000000000000, 88.00000000000000000, 80.00000000000000000 ) ) ;
#1732 = DIRECTION ( 'NONE',  ( 1.000000000000000000, -0.000000000000000000, -0.000000000000000000 ) ) ;
#1733 = ORIENTED_EDGE ( 'NONE', *, *, #676, .T. ) ;
#1734 = SURFACE_STYLE_FILL_AREA ( #1772 ) ;
#1735 = CARTESIAN_POINT ( 'NONE',  ( 60.00000000000000000, 74.00000000000000000, 72.50000000000001421 ) ) ;
#1736 = DIRECTION ( 'NONE',  ( 1.000000000000000000, -0.000000000000000000, -0.000000000000000000 ) ) ;
#1737 = CARTESIAN_POINT ( 'NONE',  ( 25.37305583731277636, 65.49077104429214558, 14.67082647581889354 ) ) ;
#1738 = CYLINDRICAL_SURFACE ( 'NONE', #2099, 2.499999999999995115 ) ;
#1739 = ORIENTED_EDGE ( 'NONE', *, *, #848, .T. ) ;
#1740 = EDGE_CURVE ( 'NONE', #2675, #802, #1141, .T. ) ;
#1741 = CARTESIAN_POINT ( 'NONE',  ( 34.50000000000000000, 23.99999999999999289, 66.49999999999992895 ) ) ;
#1742 = CARTESIAN_POINT ( 'NONE',  ( 60.00000000000000000, 74.00000000000000000, 70.50000000000000000 ) ) ;
#1743 = ORIENTED_EDGE ( 'NONE', *, *, #1005, .T. ) ;
#1744 = LINE ( 'NONE', #803, #2909 ) ;
#1745 =( GEOMETRIC_REPRESENTATION_CONTEXT ( 3 ) GLOBAL_UNCERTAINTY_ASSIGNED_CONTEXT ( ( #3480 ) ) GLOBAL_UNIT_ASSIGNED_CONTEXT ( ( #247, #1981, #1384 ) ) REPRESENTATION_CONTEXT ( 'NONE', 'WORKASPACE' ) );
#1746 = CARTESIAN_POINT ( 'NONE',  ( 47.00000000000000000, 83.99999999999998579, 48.99999999999999289 ) ) ;
#1747 = CARTESIAN_POINT ( 'NONE',  ( 60.00000000000000000, 0.000000000000000000, 62.50000000000002842 ) ) ;
#1748 = MECHANICAL_DESIGN_GEOMETRIC_PRESENTATION_REPRESENTATION (  '', ( #771 ), #2704 ) ;
#1749 = ORIENTED_EDGE ( 'NONE', *, *, #2938, .F. ) ;
#1750 = DIRECTION ( 'NONE',  ( 1.000000000000000000, 0.000000000000000000, 0.000000000000000000 ) ) ;
#1751 = FACE_BOUND ( 'NONE', #1771, .T. ) ;
#1752 = LINE ( 'NONE', #2946, #1077 ) ;
#1753 =( NAMED_UNIT ( * ) SI_UNIT ( $, .STERADIAN. ) SOLID_ANGLE_UNIT ( ) );
#1754 = ORIENTED_EDGE ( 'NONE', *, *, #10, .T. ) ;
#1755 = ADVANCED_FACE ( 'NONE', ( #3172 ), #555, .F. ) ;
#1756 = VECTOR ( 'NONE', #3768, 1000.000000000000000 ) ;
#1757 = CARTESIAN_POINT ( 'NONE',  ( 25.50000000000000000, 65.00000000000000000, 0.000000000000000000 ) ) ;
#1758 = EDGE_CURVE ( 'NONE', #3097, #180, #3695, .T. ) ;
#1759 = DIRECTION ( 'NONE',  ( 0.000000000000000000, -0.000000000000000000, 1.000000000000000000 ) ) ;
#1760 = FACE_OUTER_BOUND ( 'NONE', #3045, .T. ) ;
#1761 = CIRCLE ( 'NONE', #3284, 2.099999999999990763 ) ;
#1762 = ORIENTED_EDGE ( 'NONE', *, *, #2648, .T. ) ;
#1763 = AXIS2_PLACEMENT_3D ( 'NONE', #2876, #263, #2318 ) ;
#1764 = CARTESIAN_POINT ( 'NONE',  ( 40.00000000000000000, 63.99999999999998579, 72.50000000000001421 ) ) ;
#1765 = AXIS2_PLACEMENT_3D ( 'NONE', #3333, #2163, #737 ) ;
#1766 = VECTOR ( 'NONE', #3646, 1000.000000000000000 ) ;
#1767 = AXIS2_PLACEMENT_3D ( 'NONE', #3559, #378, #2409 ) ;
#1768 = CIRCLE ( 'NONE', #2543, 2.099999999999990763 ) ;
#1769 = CARTESIAN_POINT ( 'NONE',  ( 48.99999999999999289, 0.000000000000000000, -11.05234317807463817 ) ) ;
#1770 = DIRECTION ( 'NONE',  ( 0.000000000000000000, 0.000000000000000000, -1.000000000000000000 ) ) ;
#1771 = EDGE_LOOP ( 'NONE', ( #501, #3203 ) ) ;
#1772 = FILL_AREA_STYLE ('',( #2086 ) ) ;
#1773 = CARTESIAN_POINT ( 'NONE',  ( 0.000000000000000000, 5.000000000000004441, 80.00000000000000000 ) ) ;
#1774 = DIRECTION ( 'NONE',  ( 1.000000000000000000, -0.000000000000000000, -0.000000000000000000 ) ) ;
#1775 = LINE ( 'NONE', #2404, #1608 ) ;
#1776 = UNCERTAINTY_MEASURE_WITH_UNIT (LENGTH_MEASURE( 1.000000000000000082E-05 ), #3216, 'distance_accuracy_value', 'NONE');
#1777 = VERTEX_POINT ( 'NONE', #16 ) ;
#1778 = ORIENTED_EDGE ( 'NONE', *, *, #2452, .T. ) ;
#1779 = LINE ( 'NONE', #2338, #2015 ) ;
#1780 = DIRECTION ( 'NONE',  ( -0.000000000000000000, -0.8436614877321074735, 0.5368754921931593316 ) ) ;
#1781 = ORIENTED_EDGE ( 'NONE', *, *, #829, .F. ) ;
#1782 = CIRCLE ( 'NONE', #131, 2.000000000000000000 ) ;
#1783 = LINE ( 'NONE', #903, #367 ) ;
#1784 = FILL_AREA_STYLE ('',( #2942 ) ) ;
#1785 = ORIENTED_EDGE ( 'NONE', *, *, #937, .F. ) ;
#1786 = CYLINDRICAL_SURFACE ( 'NONE', #2714, 2.000000000000000000 ) ;
#1787 = CARTESIAN_POINT ( 'NONE',  ( 34.50000000000000000, 60.00000000000001421, 27.00000000000000000 ) ) ;
#1788 = EDGE_CURVE ( 'NONE', #3104, #2460, #964, .T. ) ;
#1789 = CYLINDRICAL_SURFACE ( 'NONE', #1635, 2.000000000000001776 ) ;
#1790 = DIRECTION ( 'NONE',  ( 0.000000000000000000, 0.000000000000000000, -1.000000000000000000 ) ) ;
#1791 = ORIENTED_EDGE ( 'NONE', *, *, #2992, .T. ) ;
#1792 = ORIENTED_EDGE ( 'NONE', *, *, #3611, .F. ) ;
#1793 = ADVANCED_FACE ( 'NONE', ( #3500 ), #890, .F. ) ;
#1794 = CARTESIAN_POINT ( 'NONE',  ( 25.50000000000000000, 65.00000000000000000, 0.000000000000000000 ) ) ;
#1795 = CARTESIAN_POINT ( 'NONE',  ( 47.00000000000000000, 88.00000000000000000, 51.00000000000000000 ) ) ;
#1796 = DIRECTION ( 'NONE',  ( 1.000000000000000000, -0.000000000000000000, -0.000000000000000000 ) ) ;
#1797 = STYLED_ITEM ( 'NONE', ( #3427 ), #37 ) ;
#1798 = VERTEX_POINT ( 'NONE', #586 ) ;
#1799 = ADVANCED_FACE ( 'NONE', ( #1751, #299, #1468 ), #2618, .F. ) ;
#1800 = AXIS2_PLACEMENT_3D ( 'NONE', #419, #2165, #974 ) ;
#1801 = FACE_OUTER_BOUND ( 'NONE', #2967, .T. ) ;
#1802 = AXIS2_PLACEMENT_3D ( 'NONE', #591, #1759, #867 ) ;
#1803 = ORIENTED_EDGE ( 'NONE', *, *, #2799, .F. ) ;
#1804 = AXIS2_PLACEMENT_3D ( 'NONE', #250, #841, #1367 ) ;
#1805 = EDGE_CURVE ( 'NONE', #2555, #3400, #605, .T. ) ;
#1806 = EDGE_CURVE ( 'NONE', #2442, #3408, #2173, .T. ) ;
#1807 = DIRECTION ( 'NONE',  ( 1.000000000000000000, 0.000000000000000000, 0.000000000000000000 ) ) ;
#1808 = CARTESIAN_POINT ( 'NONE',  ( 34.89999999999999858, 5.279614132699520535E-15, 17.89999999999998082 ) ) ;
#1809 = CARTESIAN_POINT ( 'NONE',  ( 34.50000000000000000, 64.00000000000000000, 11.39999999999994529 ) ) ;
#1810 = ORIENTED_EDGE ( 'NONE', *, *, #1586, .T. ) ;
#1811 = VERTEX_POINT ( 'NONE', #942 ) ;
#1812 = VECTOR ( 'NONE', #77, 1000.000000000000000 ) ;
#1813 =( NAMED_UNIT ( * ) SI_UNIT ( $, .STERADIAN. ) SOLID_ANGLE_UNIT ( ) );
#1814 = CARTESIAN_POINT ( 'NONE',  ( 24.49999999999999645, 66.00000000000000000, -5.000000000000009770 ) ) ;
#1815 = CARTESIAN_POINT ( 'NONE',  ( 25.28725477863186200, 22.38274029443884672, 12.82112419153254734 ) ) ;
#1816 = ADVANCED_FACE ( 'NONE', ( #2385 ), #1250, .F. ) ;
#1817 = ORIENTED_EDGE ( 'NONE', *, *, #1758, .F. ) ;
#1818 = EDGE_CURVE ( 'NONE', #105, #1679, #2663, .T. ) ;
#1819 = AXIS2_PLACEMENT_3D ( 'NONE', #3746, #1978, #1115 ) ;
#1820 =( GEOMETRIC_REPRESENTATION_CONTEXT ( 3 ) GLOBAL_UNCERTAINTY_ASSIGNED_CONTEXT ( ( #1502 ) ) GLOBAL_UNIT_ASSIGNED_CONTEXT ( ( #761, #1110, #1653 ) ) REPRESENTATION_CONTEXT ( 'NONE', 'WORKASPACE' ) );
#1821 = VECTOR ( 'NONE', #2994, 1000.000000000000000 ) ;
#1822 = VECTOR ( 'NONE', #2001, 1000.000000000000114 ) ;
#1823 = DIRECTION ( 'NONE',  ( 1.000000000000000000, -0.000000000000000000, -0.000000000000000000 ) ) ;
#1824 = ORIENTED_EDGE ( 'NONE', *, *, #724, .T. ) ;
#1825 = VECTOR ( 'NONE', #2218, 1000.000000000000000 ) ;
#1826 = CARTESIAN_POINT ( 'NONE',  ( 29.10000000000000142, 60.00000000000001421, 53.00000000000000000 ) ) ;
#1827 = CIRCLE ( 'NONE', #2244, 2.099999999999990763 ) ;
#1828 = CARTESIAN_POINT ( 'NONE',  ( 60.00000000000000000, 81.99999999999998579, 17.50000000000002842 ) ) ;
#1829 = DIRECTION ( 'NONE',  ( 0.000000000000000000, 1.000000000000000000, 5.782411586589356653E-16 ) ) ;
#1830 = CARTESIAN_POINT ( 'NONE',  ( 34.50000000000000000, 60.00000000000001421, 60.75000000000000711 ) ) ;
#1831 = ORIENTED_EDGE ( 'NONE', *, *, #3036, .T. ) ;
#1832 = ORIENTED_EDGE ( 'NONE', *, *, #1555, .F. ) ;
#1833 = CARTESIAN_POINT ( 'NONE',  ( 45.00000000000000000, 88.00000000000000000, 30.99999999999999645 ) ) ;
#1834 = CARTESIAN_POINT ( 'NONE',  ( 29.10000000000000142, 28.00000000000001066, 57.99999999999999289 ) ) ;
#1835 = DIRECTION ( 'NONE',  ( 0.000000000000000000, 0.000000000000000000, -1.000000000000000000 ) ) ;
#1836 = PRESENTATION_STYLE_ASSIGNMENT (( #2693 ) ) ;
#1837 = CARTESIAN_POINT ( 'NONE',  ( 0.000000000000000000, 10.00000000000000000, -9.510541081449719769 ) ) ;
#1838 = ORIENTED_EDGE ( 'NONE', *, *, #599, .T. ) ;
#1839 = ADVANCED_FACE ( 'NONE', ( #1857 ), #2986, .F. ) ;
#1840 = ADVANCED_FACE ( 'NONE', ( #3257 ), #2370, .F. ) ;
#1841 = CARTESIAN_POINT ( 'NONE',  ( 25.49999999999999645, 22.92423996135532249, 15.30559217017964002 ) ) ;
#1842 = ORIENTED_EDGE ( 'NONE', *, *, #767, .F. ) ;
#1843 = PLANE ( 'NONE',  #2234 ) ;
#1844 = CARTESIAN_POINT ( 'NONE',  ( 60.00000000000000000, 72.00000000000000000, -41.35500000000000398 ) ) ;
#1845 = CARTESIAN_POINT ( 'NONE',  ( 25.50000000000000000, 65.00000000000000000, 68.34661853126186770 ) ) ;
#1846 = ORIENTED_EDGE ( 'NONE', *, *, #2938, .T. ) ;
#1847 = ORIENTED_EDGE ( 'NONE', *, *, #1026, .T. ) ;
#1848 = ORIENTED_EDGE ( 'NONE', *, *, #1167, .F. ) ;
#1849 = CARTESIAN_POINT ( 'NONE',  ( 34.50000000000000000, 83.99999999999998579, 62.50000000000001421 ) ) ;
#1850 = CARTESIAN_POINT ( 'NONE',  ( 60.00000000000000000, 57.91200687200757358, -40.00000000000000000 ) ) ;
#1851 = EDGE_LOOP ( 'NONE', ( #65, #2616 ) ) ;
#1852 = EDGE_CURVE ( 'NONE', #3140, #3628, #3228, .T. ) ;
#1853 = LINE ( 'NONE', #114, #1561 ) ;
#1854 = ORIENTED_EDGE ( 'NONE', *, *, #2525, .F. ) ;
#1855 = DIRECTION ( 'NONE',  ( -0.000000000000000000, -1.000000000000000000, -0.000000000000000000 ) ) ;
#1856 = MECHANICAL_DESIGN_GEOMETRIC_PRESENTATION_REPRESENTATION (  '', ( #888 ), #1745 ) ;
#1857 = FACE_OUTER_BOUND ( 'NONE', #1402, .T. ) ;
#1858 = CARTESIAN_POINT ( 'NONE',  ( 60.00000000000000000, 81.99999999999998579, 60.50000000000001421 ) ) ;
#1859 = CARTESIAN_POINT ( 'NONE',  ( 34.50000000000000000, 10.99999999999999112, 17.89999999999998792 ) ) ;
#1860 = VERTEX_POINT ( 'NONE', #1828 ) ;
#1861 = ORIENTED_EDGE ( 'NONE', *, *, #1611, .T. ) ;
#1862 = ORIENTED_EDGE ( 'NONE', *, *, #549, .F. ) ;
#1863 = FACE_BOUND ( 'NONE', #1976, .T. ) ;
#1864 =( LENGTH_UNIT ( ) NAMED_UNIT ( * ) SI_UNIT ( .MILLI., .METRE. ) );
#1865 = LINE ( 'NONE', #3090, #1947 ) ;
#1866 = EDGE_CURVE ( 'NONE', #887, #2074, #2104, .T. ) ;
#1867 = DIRECTION ( 'NONE',  ( 0.000000000000000000, 0.000000000000000000, -1.000000000000000000 ) ) ;
#1868 = ORIENTED_EDGE ( 'NONE', *, *, #494, .T. ) ;
#1869 = EDGE_CURVE ( 'NONE', #930, #3558, #2533, .T. ) ;
#1870 = ADVANCED_FACE ( 'NONE', ( #1577 ), #3552, .F. ) ;
#1871 = CYLINDRICAL_SURFACE ( 'NONE', #3451, 1.999999999999998224 ) ;
#1872 = EDGE_CURVE ( 'NONE', #2305, #1893, #3533, .T. ) ;
#1873 = MECHANICAL_DESIGN_GEOMETRIC_PRESENTATION_REPRESENTATION (  '', ( #2226 ), #2781 ) ;
#1874 = AXIS2_PLACEMENT_3D ( 'NONE', #84, #3062, #1251 ) ;
#1875 = ORIENTED_EDGE ( 'NONE', *, *, #1686, .T. ) ;
#1876 = VECTOR ( 'NONE', #1960, 1000.000000000000000 ) ;
#1877 = VECTOR ( 'NONE', #3470, 1000.000000000000000 ) ;
#1878 = DIRECTION ( 'NONE',  ( 1.000000000000000000, 0.000000000000000000, 0.000000000000000000 ) ) ;
#1879 = CARTESIAN_POINT ( 'NONE',  ( 34.89999999999999858, 3.707415142945431119E-30, 17.49999999999998224 ) ) ;
#1880 = DIRECTION ( 'NONE',  ( 0.000000000000000000, 0.000000000000000000, -1.000000000000000000 ) ) ;
#1881 = ORIENTED_EDGE ( 'NONE', *, *, #2732, .T. ) ;
#1882 = ORIENTED_EDGE ( 'NONE', *, *, #796, .T. ) ;
#1883 = AXIS2_PLACEMENT_3D ( 'NONE', #3110, #2513, #3128 ) ;
#1884 = CIRCLE ( 'NONE', #3697, 2.750000000000002665 ) ;
#1885 = AXIS2_PLACEMENT_3D ( 'NONE', #897, #52, #3522 ) ;
#1886 = DIRECTION ( 'NONE',  ( 0.000000000000000000, -1.000000000000000000, 0.000000000000000000 ) ) ;
#1887 = DIRECTION ( 'NONE',  ( 1.000000000000000000, -0.000000000000000000, -0.000000000000000000 ) ) ;
#1888 = CIRCLE ( 'NONE', #2186, 4.999999999999990230 ) ;
#1889 = CARTESIAN_POINT ( 'NONE',  ( 52.00000000000000000, 4.631245078068403132, -17.94715595877080005 ) ) ;
#1890 = EDGE_LOOP ( 'NONE', ( #1036, #1875, #701, #1634 ) ) ;
#1891 = LINE ( 'NONE', #167, #3621 ) ;
#1892 = EDGE_CURVE ( 'NONE', #2654, #376, #2402, .T. ) ;
#1893 = VERTEX_POINT ( 'NONE', #403 ) ;
#1894 = EDGE_CURVE ( 'NONE', #2891, #2374, #101, .T. ) ;
#1895 = CARTESIAN_POINT ( 'NONE',  ( 60.00000000000000000, 0.000000000000000000, 80.00000000000000000 ) ) ;
#1896 = LINE ( 'NONE', #3100, #778 ) ;
#1897 = CARTESIAN_POINT ( 'NONE',  ( 60.00000000000000000, 83.99999999999998579, 62.50000000000001421 ) ) ;
#1898 = CARTESIAN_POINT ( 'NONE',  ( 34.49999999999999289, 11.80409910548407915, 63.23721851857094833 ) ) ;
#1899 = AXIS2_PLACEMENT_3D ( 'NONE', #3517, #1558, #607 ) ;
#1900 = EDGE_LOOP ( 'NONE', ( #2728, #1017, #772, #1315 ) ) ;
#1901 = ORIENTED_EDGE ( 'NONE', *, *, #2742, .T. ) ;
#1902 = ORIENTED_EDGE ( 'NONE', *, *, #2106, .T. ) ;
#1903 = FACE_OUTER_BOUND ( 'NONE', #2078, .T. ) ;
#1904 = ADVANCED_FACE ( 'NONE', ( #1556 ), #1843, .F. ) ;
#1905 = CARTESIAN_POINT ( 'NONE',  ( 60.00000000000000000, 74.00000000000001421, 7.500000000000007105 ) ) ;
#1906 = CARTESIAN_POINT ( 'NONE',  ( 60.00000000000000000, 13.99999999999999822, 70.50000000000000000 ) ) ;
#1907 = CARTESIAN_POINT ( 'NONE',  ( 25.49999999999999645, 24.00000000000000000, 13.49999999999993072 ) ) ;
#1908 = ORIENTED_EDGE ( 'NONE', *, *, #2670, .T. ) ;
#1909 = EDGE_CURVE ( 'NONE', #267, #3082, #3569, .T. ) ;
#1910 = CARTESIAN_POINT ( 'NONE',  ( 60.00000000000000000, 83.99999999999998579, 53.00000000000001421 ) ) ;
#1911 = CARTESIAN_POINT ( 'NONE',  ( 2.000000000000015543, 66.00000000000000000, 80.00000000000000000 ) ) ;
#1912 = ADVANCED_FACE ( 'NONE', ( #1540 ), #2684, .F. ) ;
#1913 = CARTESIAN_POINT ( 'NONE',  ( 25.50000000000000000, 28.00000000000001066, 22.00000000000000000 ) ) ;
#1914 = CARTESIAN_POINT ( 'NONE',  ( 25.49999999999999645, 23.99999999999999289, 66.49999999999992895 ) ) ;
#1915 = CARTESIAN_POINT ( 'NONE',  ( 0.000000000000000000, 68.00000000000001421, 80.00000000000000000 ) ) ;
#1916 = EDGE_LOOP ( 'NONE', ( #2481, #863 ) ) ;
#1917 = ORIENTED_EDGE ( 'NONE', *, *, #1536, .T. ) ;
#1918 = ORIENTED_EDGE ( 'NONE', *, *, #2937, .F. ) ;
#1919 = DIRECTION ( 'NONE',  ( -1.000000000000000000, 0.000000000000000000, 0.000000000000000000 ) ) ;
#1920 = LINE ( 'NONE', #1640, #1644 ) ;
#1921 = CARTESIAN_POINT ( 'NONE',  ( 25.50000000000000000, 22.00000000000000000, -5.000000000000003553 ) ) ;
#1922 = DIRECTION ( 'NONE',  ( 1.000000000000000000, -0.000000000000000000, -0.000000000000000000 ) ) ;
#1923 = VECTOR ( 'NONE', #3071, 1000.000000000000000 ) ;
#1924 = ORIENTED_EDGE ( 'NONE', *, *, #2497, .T. ) ;
#1925 = DIRECTION ( 'NONE',  ( 0.000000000000000000, 0.000000000000000000, -1.000000000000000000 ) ) ;
#1926 = FACE_OUTER_BOUND ( 'NONE', #2800, .T. ) ;
#1927 = EDGE_CURVE ( 'NONE', #975, #2316, #3296, .T. ) ;
#1928 = AXIS2_PLACEMENT_3D ( 'NONE', #2520, #229, #1396 ) ;
#1929 = VERTEX_POINT ( 'NONE', #498 ) ;
#1930 = VECTOR ( 'NONE', #1956, 1000.000000000000000 ) ;
#1931 = PRESENTATION_LAYER_ASSIGNMENT (  '', '', ( #771 ) ) ;
#1932 = CARTESIAN_POINT ( 'NONE',  ( 52.00000000000000000, 52.54325195007597671, -48.43661487732107673 ) ) ;
#1933 = DIRECTION ( 'NONE',  ( 0.000000000000000000, -0.000000000000000000, 1.000000000000000000 ) ) ;
#1934 = DIRECTION ( 'NONE',  ( 0.000000000000000000, 0.000000000000000000, 1.000000000000000000 ) ) ;
#1935 = ORIENTED_EDGE ( 'NONE', *, *, #3264, .F. ) ;
#1936 = VECTOR ( 'NONE', #1323, 1000.000000000000000 ) ;
#1937 = ORIENTED_EDGE ( 'NONE', *, *, #3645, .F. ) ;
#1938 = AXIS2_PLACEMENT_3D ( 'NONE', #44, #2425, #1217 ) ;
#1939 = ORIENTED_EDGE ( 'NONE', *, *, #2172, .F. ) ;
#1940 = CARTESIAN_POINT ( 'NONE',  ( 60.00000000000000000, 5.000000000000004441, 80.00000000000000000 ) ) ;
#1941 = CARTESIAN_POINT ( 'NONE',  ( 60.00000000000000000, 76.00000000000000000, 70.50000000000000000 ) ) ;
#1942 = DIRECTION ( 'NONE',  ( -1.000000000000000000, 0.000000000000000000, 0.000000000000000000 ) ) ;
#1943 = CARTESIAN_POINT ( 'NONE',  ( 34.50000000000000000, 60.00000000000001421, 17.00000000000001066 ) ) ;
#1944 = VECTOR ( 'NONE', #1195, 1000.000000000000000 ) ;
#1945 = ORIENTED_EDGE ( 'NONE', *, *, #2957, .T. ) ;
#1946 = AXIS2_PLACEMENT_3D ( 'NONE', #304, #1473, #2354 ) ;
#1947 = VECTOR ( 'NONE', #2734, 1000.000000000000000 ) ;
#1948 = PLANE ( 'NONE',  #3321 ) ;
#1949 = DIRECTION ( 'NONE',  ( 0.000000000000000000, 0.5368754921931593316, 0.8436614877321074735 ) ) ;
#1950 = CARTESIAN_POINT ( 'NONE',  ( 34.50000000000000000, 12.00000000000000000, 70.50000000000000000 ) ) ;
#1951 = ORIENTED_EDGE ( 'NONE', *, *, #117, .F. ) ;
#1952 = FILL_AREA_STYLE_COLOUR ( '', #3235 ) ;
#1953 = EDGE_CURVE ( 'NONE', #275, #1409, #1083, .T. ) ;
#1954 = DIRECTION ( 'NONE',  ( 0.7071067811865475727, 8.659560562354931626E-17, 0.7071067811865474617 ) ) ;
#1955 = DIRECTION ( 'NONE',  ( 0.000000000000000000, 0.000000000000000000, -1.000000000000000000 ) ) ;
#1956 = DIRECTION ( 'NONE',  ( -0.000000000000000000, -1.000000000000000000, -0.000000000000000000 ) ) ;
#1957 = VERTEX_POINT ( 'NONE', #1322 ) ;
#1958 = EDGE_LOOP ( 'NONE', ( #165, #1917 ) ) ;
#1959 = VERTEX_POINT ( 'NONE', #1932 ) ;
#1960 = DIRECTION ( 'NONE',  ( 0.000000000000000000, -1.000000000000000000, 0.000000000000000000 ) ) ;
#1961 = CIRCLE ( 'NONE', #310, 3.000000000000000000 ) ;
#1962 = DIRECTION ( 'NONE',  ( 0.000000000000000000, -1.000000000000000000, -0.000000000000000000 ) ) ;
#1963 = CARTESIAN_POINT ( 'NONE',  ( 60.00000000000000000, 10.99999999999999112, 17.49999999999998934 ) ) ;
#1964 = DIRECTION ( 'NONE',  ( -0.000000000000000000, -0.000000000000000000, 1.000000000000000000 ) ) ;
#1965 = ORIENTED_EDGE ( 'NONE', *, *, #3019, .F. ) ;
#1966 = CARTESIAN_POINT ( 'NONE',  ( 25.31335974109317277, 22.41559547867052871, 65.65296304485345047 ) ) ;
#1967 = LINE ( 'NONE', #3638, #3446 ) ;
#1968 = CARTESIAN_POINT ( 'NONE',  ( 0.000000000000000000, 0.000000000000000000, 0.000000000000000000 ) ) ;
#1969 = EDGE_CURVE ( 'NONE', #749, #179, #3642, .T. ) ;
#1970 = ORIENTED_EDGE ( 'NONE', *, *, #1953, .F. ) ;
#1971 = LINE ( 'NONE', #230, #780 ) ;
#1972 = FACE_OUTER_BOUND ( 'NONE', #3143, .T. ) ;
#1973 = EDGE_CURVE ( 'NONE', #564, #1798, #1896, .T. ) ;
#1974 = CARTESIAN_POINT ( 'NONE',  ( 0.000000000000000000, 66.00000000000000000, 80.00000000000000000 ) ) ;
#1975 = ORIENTED_EDGE ( 'NONE', *, *, #955, .T. ) ;
#1976 = EDGE_LOOP ( 'NONE', ( #2953, #1377 ) ) ;
#1977 = ORIENTED_EDGE ( 'NONE', *, *, #2396, .T. ) ;
#1978 = DIRECTION ( 'NONE',  ( 1.000000000000000000, -0.000000000000000000, -0.000000000000000000 ) ) ;
#1979 = CARTESIAN_POINT ( 'NONE',  ( 34.50000000000000000, 64.00000000000000000, 68.59999999999992326 ) ) ;
#1980 = DIRECTION ( 'NONE',  ( -1.000000000000000000, 0.000000000000000000, 0.000000000000000000 ) ) ;
#1981 =( NAMED_UNIT ( * ) PLANE_ANGLE_UNIT ( ) SI_UNIT ( $, .RADIAN. ) );
#1982 = VERTEX_POINT ( 'NONE', #3041 ) ;
#1983 = ORIENTED_EDGE ( 'NONE', *, *, #1892, .T. ) ;
#1984 = CARTESIAN_POINT ( 'NONE',  ( 25.31319257188573246, 22.41537246163828812, 67.34601396520311312 ) ) ;
#1985 = LINE ( 'NONE', #2010, #3269 ) ;
#1986 = DIRECTION ( 'NONE',  ( 0.000000000000000000, 0.000000000000000000, -1.000000000000000000 ) ) ;
#1987 = EDGE_CURVE ( 'NONE', #3155, #158, #2785, .T. ) ;
#1988 = ORIENTED_EDGE ( 'NONE', *, *, #236, .T. ) ;
#1989 = EDGE_CURVE ( 'NONE', #2413, #2225, #3364, .T. ) ;
#1990 = CARTESIAN_POINT ( 'NONE',  ( 34.50000000000000000, 28.00000000000001066, 22.00000000000000000 ) ) ;
#1991 = CARTESIAN_POINT ( 'NONE',  ( 60.00000000000000000, 12.00000000000000000, 70.50000000000000000 ) ) ;
#1992 = UNCERTAINTY_MEASURE_WITH_UNIT (LENGTH_MEASURE( 1.000000000000000082E-05 ), #414, 'distance_accuracy_value', 'NONE');
#1993 = CARTESIAN_POINT ( 'NONE',  ( 57.99999999999999289, 62.50000000000000000, 28.99999999999999289 ) ) ;
#1994 = LINE ( 'NONE', #2575, #287 ) ;
#1995 = ORIENTED_EDGE ( 'NONE', *, *, #1872, .T. ) ;
#1996 = EDGE_CURVE ( 'NONE', #2258, #48, #1884, .T. ) ;
#1997 = EDGE_LOOP ( 'NONE', ( #1918, #3330, #9, #1067 ) ) ;
#1998 = STYLED_ITEM ( 'NONE', ( #2331 ), #3583 ) ;
#1999 = ORIENTED_EDGE ( 'NONE', *, *, #3604, .F. ) ;
#2000 = CARTESIAN_POINT ( 'NONE',  ( 60.00000000000000000, 57.91200687200757358, -50.00000000000000000 ) ) ;
#2001 = DIRECTION ( 'NONE',  ( -0.6246950475544241765, -0.000000000000000000, 0.7808688094430302762 ) ) ;
#2002 = AXIS2_PLACEMENT_3D ( 'NONE', #745, #3593, #123 ) ;
#2003 = FACE_OUTER_BOUND ( 'NONE', #3614, .T. ) ;
#2004 = VECTOR ( 'NONE', #886, 1000.000000000000000 ) ;
#2005 = CARTESIAN_POINT ( 'NONE',  ( 29.10000000000000142, 60.00000000000001421, 60.75000000000000711 ) ) ;
#2006 = ORIENTED_EDGE ( 'NONE', *, *, #2760, .T. ) ;
#2007 = AXIS2_PLACEMENT_3D ( 'NONE', #1071, #3108, #3146 ) ;
#2008 = CARTESIAN_POINT ( 'NONE',  ( 42.49999999999998579, 63.99999999999998579, 72.50000000000001421 ) ) ;
#2009 = VECTOR ( 'NONE', #3192, 1000.000000000000000 ) ;
#2010 = CARTESIAN_POINT ( 'NONE',  ( 60.00000000000000000, 12.00000000000000000, 72.50000000000001421 ) ) ;
#2011 = CARTESIAN_POINT ( 'NONE',  ( 29.10000000000000142, 28.00000000000001066, 19.25000000000000000 ) ) ;
#2012 = CARTESIAN_POINT ( 'NONE',  ( 25.46853807330607111, 22.74447857092782499, 68.11970283946006077 ) ) ;
#2013 = VECTOR ( 'NONE', #3728, 1000.000000000000000 ) ;
#2014 = ORIENTED_EDGE ( 'NONE', *, *, #118, .F. ) ;
#2015 = VECTOR ( 'NONE', #21, 1000.000000000000000 ) ;
#2016 = AXIS2_PLACEMENT_3D ( 'NONE', #2862, #1664, #868 ) ;
#2017 = CYLINDRICAL_SURFACE ( 'NONE', #3181, 4.999999999999997335 ) ;
#2018 = PLANE ( 'NONE',  #354 ) ;
#2019 = DIRECTION ( 'NONE',  ( -0.000000000000000000, -0.7071067811865474617, -0.7071067811865474617 ) ) ;
#2020 = ADVANCED_FACE ( 'NONE', ( #2743, #1613 ), #3349, .F. ) ;
#2021 = ORIENTED_EDGE ( 'NONE', *, *, #39, .T. ) ;
#2022 =( LENGTH_UNIT ( ) NAMED_UNIT ( * ) SI_UNIT ( .MILLI., .METRE. ) );
#2023 = DIRECTION ( 'NONE',  ( -0.000000000000000000, 0.000000000000000000, 1.000000000000000000 ) ) ;
#2024 = DIRECTION ( 'NONE',  ( 0.000000000000000000, 0.7071067811865475727, -0.7071067811865475727 ) ) ;
#2025 = CARTESIAN_POINT ( 'NONE',  ( 25.40728763806125556, 65.42992687629900672, 12.17076451031650031 ) ) ;
#2026 = ORIENTED_EDGE ( 'NONE', *, *, #1244, .F. ) ;
#2027 = ORIENTED_EDGE ( 'NONE', *, *, #2473, .T. ) ;
#2028 =( NAMED_UNIT ( * ) SI_UNIT ( $, .STERADIAN. ) SOLID_ANGLE_UNIT ( ) );
#2029 = CARTESIAN_POINT ( 'NONE',  ( 60.00000000000000000, 72.00000000000000000, -37.79999999999999716 ) ) ;
#2030 = VERTEX_POINT ( 'NONE', #135 ) ;
#2031 = DIRECTION ( 'NONE',  ( 0.000000000000000000, 1.000000000000000000, 0.000000000000000000 ) ) ;
#2032 = ADVANCED_FACE ( 'NONE', ( #2505 ), #1031, .F. ) ;
#2033 = DIRECTION ( 'NONE',  ( 1.000000000000000000, -0.000000000000000000, -0.000000000000000000 ) ) ;
#2034 = CARTESIAN_POINT ( 'NONE',  ( 60.00000000000000000, 5.510910596163095078E-15, 17.49999999999998224 ) ) ;
#2035 = VERTEX_POINT ( 'NONE', #481 ) ;
#2036 = ADVANCED_FACE ( 'NONE', ( #153, #3660 ), #760, .F. ) ;
#2037 = PRODUCT_RELATED_PRODUCT_CATEGORY ( 'part', '', ( #2858 ) ) ;
#2038 =( LENGTH_UNIT ( ) NAMED_UNIT ( * ) SI_UNIT ( .MILLI., .METRE. ) );
#2039 = DIRECTION ( 'NONE',  ( 1.000000000000000000, -0.000000000000000000, -0.000000000000000000 ) ) ;
#2040 = CARTESIAN_POINT ( 'NONE',  ( 34.50000000000000000, 64.00000000000000000, 15.59999999999992681 ) ) ;
#2041 = EDGE_LOOP ( 'NONE', ( #1673, #3421, #748, #2160 ) ) ;
#2042 = ORIENTED_EDGE ( 'NONE', *, *, #1418, .T. ) ;
#2043 = DIRECTION ( 'NONE',  ( 0.000000000000000000, 0.000000000000000000, -1.000000000000000000 ) ) ;
#2044 = SURFACE_STYLE_FILL_AREA ( #2587 ) ;
#2045 = DIRECTION ( 'NONE',  ( 0.000000000000000000, 0.000000000000000000, -1.000000000000000000 ) ) ;
#2046 = EDGE_LOOP ( 'NONE', ( #2487, #1326, #2707, #1559 ) ) ;
#2047 = CARTESIAN_POINT ( 'NONE',  ( 34.50000000000000000, 64.00000000000000000, 13.49999999999993605 ) ) ;
#2048 = AXIS2_PLACEMENT_3D ( 'NONE', #2795, #185, #1590 ) ;
#2049 = DIRECTION ( 'NONE',  ( 0.000000000000000000, 0.000000000000000000, -1.000000000000000000 ) ) ;
#2050 = SURFACE_STYLE_USAGE ( .BOTH. , #2367 ) ;
#2051 = ORIENTED_EDGE ( 'NONE', *, *, #328, .T. ) ;
#2052 = DIRECTION ( 'NONE',  ( 0.000000000000000000, 0.000000000000000000, -1.000000000000000000 ) ) ;
#2053 = FACE_OUTER_BOUND ( 'NONE', #1290, .T. ) ;
#2054 = DIRECTION ( 'NONE',  ( -1.000000000000000000, 0.000000000000000000, -0.000000000000000000 ) ) ;
#2055 = FILL_AREA_STYLE_COLOUR ( '', #3437 ) ;
#2056 = EDGE_LOOP ( 'NONE', ( #2276, #3323, #3724, #3103, #1114 ) ) ;
#2057 = AXIS2_PLACEMENT_3D ( 'NONE', #276, #326, #1445 ) ;
#2058 = COLOUR_RGB ( '',0.7529411764705882248, 0.7529411764705882248, 0.7529411764705882248 ) ;
#2059 = CARTESIAN_POINT ( 'NONE',  ( 42.49999999999999289, 23.99999999999998224, 72.50000000000001421 ) ) ;
#2060 = DIRECTION ( 'NONE',  ( 1.000000000000000000, 0.000000000000000000, 0.000000000000000000 ) ) ;
#2061 = VECTOR ( 'NONE', #2431, 1000.000000000000000 ) ;
#2062 = VERTEX_POINT ( 'NONE', #1631 ) ;
#2063 = AXIS2_PLACEMENT_3D ( 'NONE', #1622, #2773, #2433 ) ;
#2064 = AXIS2_PLACEMENT_3D ( 'NONE', #2839, #1168, #1667 ) ;
#2065 = EDGE_CURVE ( 'NONE', #668, #2555, #2253, .T. ) ;
#2066 = AXIS2_PLACEMENT_3D ( 'NONE', #2314, #3201, #13 ) ;
#2067 = DIRECTION ( 'NONE',  ( 0.000000000000000000, 1.000000000000000000, 0.000000000000000000 ) ) ;
#2068 = EDGE_CURVE ( 'NONE', #2824, #1718, #1652, .T. ) ;
#2069 = ORIENTED_EDGE ( 'NONE', *, *, #1702, .T. ) ;
#2070 = CARTESIAN_POINT ( 'NONE',  ( 44.00000000000000000, 0.000000000000000000, 0.000000000000000000 ) ) ;
#2071 = CARTESIAN_POINT ( 'NONE',  ( 51.57348912856514289, 0.000000000000000000, -9.510541081449719769 ) ) ;
#2072 = CARTESIAN_POINT ( 'NONE',  ( 42.49999999999999289, 23.99999999999998224, 80.00000000000000000 ) ) ;
#2073 = ORIENTED_EDGE ( 'NONE', *, *, #2452, .F. ) ;
#2074 = VERTEX_POINT ( 'NONE', #3624 ) ;
#2075 = CYLINDRICAL_SURFACE ( 'NONE', #237, 2.499999999999988454 ) ;
#2076 = DIRECTION ( 'NONE',  ( 0.000000000000000000, 0.000000000000000000, -1.000000000000000000 ) ) ;
#2077 = DIRECTION ( 'NONE',  ( -1.000000000000000000, 0.000000000000000000, 0.000000000000000000 ) ) ;
#2078 = EDGE_LOOP ( 'NONE', ( #3520, #181, #2871, #675 ) ) ;
#2079 =( NAMED_UNIT ( * ) SI_UNIT ( $, .STERADIAN. ) SOLID_ANGLE_UNIT ( ) );
#2080 = ADVANCED_FACE ( 'NONE', ( #3120 ), #2210, .F. ) ;
#2081 = AXIS2_PLACEMENT_3D ( 'NONE', #2604, #3129, #506 ) ;
#2082 = ADVANCED_FACE ( 'NONE', ( #190 ), #3676, .F. ) ;
#2083 = EDGE_CURVE ( 'NONE', #1008, #815, #2527, .T. ) ;
#2084 = CARTESIAN_POINT ( 'NONE',  ( 60.00000000000000000, 88.00000000000000000, 62.50000000000001421 ) ) ;
#2085 = VERTEX_POINT ( 'NONE', #727 ) ;
#2086 = FILL_AREA_STYLE_COLOUR ( '', #2471 ) ;
#2087 = CIRCLE ( 'NONE', #2081, 10.00000000000000178 ) ;
#2088 = ADVANCED_BREP_SHAPE_REPRESENTATION ( '38. яхЁхїюфэшъ эр ърЁхЄъш¦¦+', ( #172, #283 ), #2105 ) ;
#2089 = EDGE_CURVE ( 'NONE', #2352, #2199, #3035, .T. ) ;
#2090 = DIRECTION ( 'NONE',  ( -0.000000000000000000, -0.000000000000000000, 1.000000000000000000 ) ) ;
#2091 = CARTESIAN_POINT ( 'NONE',  ( 52.00000000000000000, 0.07749916391547223560, -10.78272155219230122 ) ) ;
#2092 = CARTESIAN_POINT ( 'NONE',  ( 60.00000000000000000, 72.00000000000000000, -34.50000000000000000 ) ) ;
#2093 = ORIENTED_EDGE ( 'NONE', *, *, #1740, .F. ) ;
#2094 = ORIENTED_EDGE ( 'NONE', *, *, #1499, .F. ) ;
#2095 = EDGE_CURVE ( 'NONE', #1718, #2346, #2665, .T. ) ;
#2096 = FACE_OUTER_BOUND ( 'NONE', #677, .T. ) ;
#2097 = LINE ( 'NONE', #75, #2539 ) ;
#2098 = DIRECTION ( 'NONE',  ( -1.000000000000000000, 0.000000000000000000, 0.000000000000000000 ) ) ;
#2099 = AXIS2_PLACEMENT_3D ( 'NONE', #2621, #1181, #2336 ) ;
#2100 = ORIENTED_EDGE ( 'NONE', *, *, #1191, .T. ) ;
#2101 = CIRCLE ( 'NONE', #1000, 3.299999999999997158 ) ;
#2102 = ORIENTED_EDGE ( 'NONE', *, *, #2882, .T. ) ;
#2103 = DIRECTION ( 'NONE',  ( -0.000000000000000000, -0.000000000000000000, 1.000000000000000000 ) ) ;
#2104 = LINE ( 'NONE', #688, #3169 ) ;
#2105 =( GEOMETRIC_REPRESENTATION_CONTEXT ( 3 ) GLOBAL_UNCERTAINTY_ASSIGNED_CONTEXT ( ( #315 ) ) GLOBAL_UNIT_ASSIGNED_CONTEXT ( ( #1128, #565, #1206 ) ) REPRESENTATION_CONTEXT ( 'NONE', 'WORKASPACE' ) );
#2106 = EDGE_CURVE ( 'NONE', #3237, #104, #2904, .T. ) ;
#2107 = CARTESIAN_POINT ( 'NONE',  ( 51.82120368392745746, 0.008429604509226707940, -9.997025934395088242 ) ) ;
#2108 = LINE ( 'NONE', #2706, #2197 ) ;
#2109 = ORIENTED_EDGE ( 'NONE', *, *, #395, .T. ) ;
#2110 = VERTEX_POINT ( 'NONE', #1398 ) ;
#2111 = ORIENTED_EDGE ( 'NONE', *, *, #1191, .F. ) ;
#2112 = CARTESIAN_POINT ( 'NONE',  ( 40.00000000000000000, 63.99999999999998579, 80.00000000000000000 ) ) ;
#2113 = FACE_OUTER_BOUND ( 'NONE', #816, .T. ) ;
#2114 =( LENGTH_UNIT ( ) NAMED_UNIT ( * ) SI_UNIT ( .MILLI., .METRE. ) );
#2115 = FILL_AREA_STYLE_COLOUR ( '', #2782 ) ;
#2116 = APPLICATION_PROTOCOL_DEFINITION ( 'draft international standard', 'automotive_design', 1998, #2820 ) ;
#2117 = VECTOR ( 'NONE', #3625, 1000.000000000000114 ) ;
#2118 = AXIS2_PLACEMENT_3D ( 'NONE', #910, #3447, #1 ) ;
#2119 =( LENGTH_UNIT ( ) NAMED_UNIT ( * ) SI_UNIT ( .MILLI., .METRE. ) );
#2120 = EDGE_LOOP ( 'NONE', ( #869, #2590, #106, #111, #1379, #2405, #1838 ) ) ;
#2121 = AXIS2_PLACEMENT_3D ( 'NONE', #2626, #2919, #2640 ) ;
#2122 = SURFACE_STYLE_USAGE ( .BOTH. , #2153 ) ;
#2123 = DIRECTION ( 'NONE',  ( 0.000000000000000000, 0.000000000000000000, -1.000000000000000000 ) ) ;
#2124 = EDGE_CURVE ( 'NONE', #1625, #3573, #825, .T. ) ;
#2125 = CARTESIAN_POINT ( 'NONE',  ( 24.49999999999999645, 66.00000000000000000, 80.00000000000000000 ) ) ;
#2126 = FACE_BOUND ( 'NONE', #266, .T. ) ;
#2127 = VERTEX_POINT ( 'NONE', #581 ) ;
#2128 = ORIENTED_EDGE ( 'NONE', *, *, #1805, .T. ) ;
#2129 = DIRECTION ( 'NONE',  ( -1.000000000000000000, 0.000000000000000000, 0.000000000000000000 ) ) ;
#2130 = DIRECTION ( 'NONE',  ( 0.000000000000000000, 0.000000000000000000, -1.000000000000000000 ) ) ;
#2131 = DIRECTION ( 'NONE',  ( -1.000000000000000000, 0.000000000000000000, 0.000000000000000000 ) ) ;
#2132 = SURFACE_STYLE_FILL_AREA ( #971 ) ;
#2133 = ORIENTED_EDGE ( 'NONE', *, *, #12, .F. ) ;
#2134 = DIRECTION ( 'NONE',  ( -1.000000000000000000, 0.000000000000000000, -0.000000000000000000 ) ) ;
#2135 = ORIENTED_EDGE ( 'NONE', *, *, #1535, .T. ) ;
#2136 = CYLINDRICAL_SURFACE ( 'NONE', #472, 2.099999999999988987 ) ;
#2137 = ADVANCED_FACE ( 'NONE', ( #1972 ), #3233, .F. ) ;
#2138 = DIRECTION ( 'NONE',  ( 1.000000000000000000, -0.000000000000000000, -0.000000000000000000 ) ) ;
#2139 = LINE ( 'NONE', #3570, #1936 ) ;
#2140 = CARTESIAN_POINT ( 'NONE',  ( 34.50000000000000000, 11.01997306842654822, 62.24033192421656935 ) ) ;
#2141 = EDGE_LOOP ( 'NONE', ( #1525, #899, #1100, #3267 ) ) ;
#2142 = EDGE_LOOP ( 'NONE', ( #1862, #2576, #882, #1965, #1300, #2553 ) ) ;
#2143 = EDGE_CURVE ( 'NONE', #3237, #1929, #1464, .T. ) ;
#2144 = ADVANCED_FACE ( 'NONE', ( #1420 ), #2344, .F. ) ;
#2145 = ORIENTED_EDGE ( 'NONE', *, *, #3443, .F. ) ;
#2146 = DIRECTION ( 'NONE',  ( -1.000000000000000000, -0.000000000000000000, 0.000000000000000000 ) ) ;
#2147 = DIRECTION ( 'NONE',  ( 1.000000000000000000, 0.000000000000000000, 0.000000000000000000 ) ) ;
#2148 = DIRECTION ( 'NONE',  ( 0.000000000000000000, -0.000000000000000000, -1.000000000000000000 ) ) ;
#2149 = SURFACE_SIDE_STYLE ('',( #2132 ) ) ;
#2150 = ORIENTED_EDGE ( 'NONE', *, *, #2697, .T. ) ;
#2151 = DIRECTION ( 'NONE',  ( -0.7071067811865474617, -0.7071067811865474617, -0.000000000000000000 ) ) ;
#2152 = ORIENTED_EDGE ( 'NONE', *, *, #2525, .T. ) ;
#2153 = SURFACE_SIDE_STYLE ('',( #2424 ) ) ;
#2154 = DIRECTION ( 'NONE',  ( 0.7071067811865475727, -0.7071067811865475727, 0.000000000000000000 ) ) ;
#2155 = CARTESIAN_POINT ( 'NONE',  ( 60.00000000000000000, 76.00000000000000000, 16.50000000000000000 ) ) ;
#2156 = DIRECTION ( 'NONE',  ( 0.000000000000000000, 1.000000000000000000, 0.000000000000000000 ) ) ;
#2157 = ORIENTED_EDGE ( 'NONE', *, *, #3465, .T. ) ;
#2158 = ORIENTED_EDGE ( 'NONE', *, *, #3157, .F. ) ;
#2159 = STYLED_ITEM ( 'NONE', ( #1836 ), #172 ) ;
#2160 = ORIENTED_EDGE ( 'NONE', *, *, #1229, .F. ) ;
#2161 = LINE ( 'NONE', #1849, #2661 ) ;
#2162 = DIRECTION ( 'NONE',  ( -1.000000000000000000, 0.000000000000000000, 0.000000000000000000 ) ) ;
#2163 = DIRECTION ( 'NONE',  ( -0.000000000000000000, -0.000000000000000000, 1.000000000000000000 ) ) ;
#2164 = VERTEX_POINT ( 'NONE', #3741 ) ;
#2165 = DIRECTION ( 'NONE',  ( 0.000000000000000000, 1.000000000000000000, 0.000000000000000000 ) ) ;
#2166 = ADVANCED_FACE ( 'NONE', ( #2293 ), #54, .F. ) ;
#2167 = VECTOR ( 'NONE', #3435, 1000.000000000000000 ) ;
#2168 = AXIS2_PLACEMENT_3D ( 'NONE', #3121, #1135, #3101 ) ;
#2169 = CIRCLE ( 'NONE', #1006, 2.750000000000002665 ) ;
#2170 = VERTEX_POINT ( 'NONE', #2843 ) ;
#2171 = AXIS2_PLACEMENT_3D ( 'NONE', #1993, #3138, #521 ) ;
#2172 = EDGE_CURVE ( 'NONE', #1553, #2430, #1709, .T. ) ;
#2173 = CIRCLE ( 'NONE', #2307, 2.000000000000001776 ) ;
#2174 = ADVANCED_FACE ( 'NONE', ( #3462 ), #2017, .F. ) ;
#2175 = CARTESIAN_POINT ( 'NONE',  ( 40.00000000000000711, 23.99999999999998224, 80.00000000000000000 ) ) ;
#2176 = CARTESIAN_POINT ( 'NONE',  ( 0.000000000000000000, 22.00000000000000000, 80.00000000000000000 ) ) ;
#2177 = CARTESIAN_POINT ( 'NONE',  ( 34.49999999999999289, 10.99999999999999822, 62.17149886913544776 ) ) ;
#2178 = ORIENTED_EDGE ( 'NONE', *, *, #1299, .T. ) ;
#2179 = VERTEX_POINT ( 'NONE', #1108 ) ;
#2180 = AXIS2_PLACEMENT_3D ( 'NONE', #1921, #714, #2148 ) ;
#2181 = AXIS2_PLACEMENT_3D ( 'NONE', #3496, #2033, #2049 ) ;
#2182 = ORIENTED_EDGE ( 'NONE', *, *, #3499, .F. ) ;
#2183 = CONICAL_SURFACE ( 'NONE', #3587, 1.400000000000015898, 0.7853981633974488341 ) ;
#2184 = CARTESIAN_POINT ( 'NONE',  ( 29.10000000000000142, 60.00000000000001421, 22.00000000000000355 ) ) ;
#2185 = DIRECTION ( 'NONE',  ( 0.000000000000000000, 0.000000000000000000, -1.000000000000000000 ) ) ;
#2186 = AXIS2_PLACEMENT_3D ( 'NONE', #819, #3476, #562 ) ;
#2187 = PLANE ( 'NONE',  #2063 ) ;
#2188 = ORIENTED_EDGE ( 'NONE', *, *, #1404, .T. ) ;
#2189 = FACE_BOUND ( 'NONE', #49, .T. ) ;
#2190 = EDGE_CURVE ( 'NONE', #3582, #2949, #3704, .T. ) ;
#2191 = B_SPLINE_CURVE_WITH_KNOTS ( 'NONE', 3,
 ( #1859, #2441, #1048, #1579, #1304, #3366, #2803, #2745, #3022, #192 ),
 .UNSPECIFIED., .F., .F.,
 ( 4, 2, 2, 2, 4 ),
 ( 0.000000000000000000, 0.0002128629091539247745, 0.0004257258183078495490, 0.0008514516366157047359, 0.001702903273231422699 ),
 .UNSPECIFIED. ) ;
#2192 = EDGE_CURVE ( 'NONE', #3312, #3117, #1221, .T. ) ;
#2193 = EDGE_CURVE ( 'NONE', #2346, #2442, #3217, .T. ) ;
#2194 = CARTESIAN_POINT ( 'NONE',  ( 25.50000000000000000, 66.00000000000000000, -5.000000000000009770 ) ) ;
#2195 = FACE_OUTER_BOUND ( 'NONE', #733, .T. ) ;
#2196 = CARTESIAN_POINT ( 'NONE',  ( 34.50000000000000000, 11.11660936287995582, 62.42958337191632978 ) ) ;
#2197 = VECTOR ( 'NONE', #673, 1000.000000000000000 ) ;
#2198 = ORIENTED_EDGE ( 'NONE', *, *, #3058, .F. ) ;
#2199 = VERTEX_POINT ( 'NONE', #3438 ) ;
#2200 = EDGE_LOOP ( 'NONE', ( #2915, #1260, #2390, #3732 ) ) ;
#2201 = EDGE_CURVE ( 'NONE', #3082, #2948, #2982, .T. ) ;
#2202 = CARTESIAN_POINT ( 'NONE',  ( 0.000000000000000000, 88.00000000000000000, 0.000000000000000000 ) ) ;
#2203 = CARTESIAN_POINT ( 'NONE',  ( 34.50000000000000000, 12.00000000000000000, 72.50000000000001421 ) ) ;
#2204 = DIRECTION ( 'NONE',  ( -0.000000000000000000, 0.7071067811865474617, -0.7071067811865474617 ) ) ;
#2205 = EDGE_CURVE ( 'NONE', #1982, #397, #1524, .T. ) ;
#2206 = DIRECTION ( 'NONE',  ( 0.000000000000000000, 0.000000000000000000, -1.000000000000000000 ) ) ;
#2207 = ORIENTED_EDGE ( 'NONE', *, *, #222, .F. ) ;
#2208 = CARTESIAN_POINT ( 'NONE',  ( 47.00000000000000000, 83.99999999999998579, 30.99999999999999645 ) ) ;
#2209 = DIRECTION ( 'NONE',  ( 1.000000000000000000, -0.000000000000000000, -0.000000000000000000 ) ) ;
#2210 = PLANE ( 'NONE',  #113 ) ;
#2211 = CARTESIAN_POINT ( 'NONE',  ( 34.50000000000000000, 60.00000000000001421, 58.00000000000000000 ) ) ;
#2212 = CARTESIAN_POINT ( 'NONE',  ( 34.50000000000000000, 12.00000000000000000, 63.44164078649990302 ) ) ;
#2213 = EDGE_LOOP ( 'NONE', ( #2383, #228, #2358, #3663, #2532, #428, #1902, #609, #2321, #2026, #660, #2622, #1762, #553, #2898, #2152, #3067 ) ) ;
#2214 = ORIENTED_EDGE ( 'NONE', *, *, #3495, .F. ) ;
#2215 = ORIENTED_EDGE ( 'NONE', *, *, #3739, .F. ) ;
#2216 = CARTESIAN_POINT ( 'NONE',  ( 25.50000000000000711, 65.07576003864468817, 64.69440782982022142 ) ) ;
#2217 = CARTESIAN_POINT ( 'NONE',  ( 0.000000000000000000, 82.99999999999997158, -50.00000000000000000 ) ) ;
#2218 = DIRECTION ( 'NONE',  ( 0.000000000000000000, 1.000000000000000000, 0.000000000000000000 ) ) ;
#2219 = DIRECTION ( 'NONE',  ( -0.000000000000000000, -0.000000000000000000, -1.000000000000000000 ) ) ;
#2220 = CIRCLE ( 'NONE', #584, 2.749999999999999112 ) ;
#2221 = ORIENTED_EDGE ( 'NONE', *, *, #56, .F. ) ;
#2222 = CARTESIAN_POINT ( 'NONE',  ( 34.89999999999999858, 0.000000000000000000, 62.10000000000002984 ) ) ;
#2223 = DIRECTION ( 'NONE',  ( 0.000000000000000000, 0.000000000000000000, -1.000000000000000000 ) ) ;
#2224 = EDGE_CURVE ( 'NONE', #2675, #3650, #1712, .T. ) ;
#2225 = VERTEX_POINT ( 'NONE', #1481 ) ;
#2226 = STYLED_ITEM ( 'NONE', ( #3738 ), #3639 ) ;
#2227 = CIRCLE ( 'NONE', #1928, 4.999999999999990230 ) ;
#2228 = DIRECTION ( 'NONE',  ( 0.000000000000000000, -1.000000000000000000, -3.469446951953620598E-16 ) ) ;
#2229 = DIRECTION ( 'NONE',  ( 1.000000000000000000, -0.000000000000000000, -0.000000000000000000 ) ) ;
#2230 = CYLINDRICAL_SURFACE ( 'NONE', #835, 1.000000000000000888 ) ;
#2231 = VERTEX_POINT ( 'NONE', #1991 ) ;
#2232 = CIRCLE ( 'NONE', #2416, 2.099999999999990763 ) ;
#2233 = VERTEX_POINT ( 'NONE', #2630 ) ;
#2234 = AXIS2_PLACEMENT_3D ( 'NONE', #2439, #991, #2703 ) ;
#2235 = VERTEX_POINT ( 'NONE', #3162 ) ;
#2236 = LINE ( 'NONE', #3086, #656 ) ;
#2237 = EDGE_CURVE ( 'NONE', #3400, #26, #1713, .T. ) ;
#2238 = CARTESIAN_POINT ( 'NONE',  ( 36.50000000000000711, 44.00000000000000000, 7.500000000000007105 ) ) ;
#2239 = PLANE ( 'NONE',  #3523 ) ;
#2240 = LINE ( 'NONE', #3334, #1923 ) ;
#2241 = AXIS2_PLACEMENT_3D ( 'NONE', #363, #2677, #2076 ) ;
#2242 = VECTOR ( 'NONE', #1954, 1000.000000000000000 ) ;
#2243 = VERTEX_POINT ( 'NONE', #614 ) ;
#2244 = AXIS2_PLACEMENT_3D ( 'NONE', #3136, #590, #1490 ) ;
#2245 = VECTOR ( 'NONE', #2067, 1000.000000000000000 ) ;
#2246 = FACE_OUTER_BOUND ( 'NONE', #71, .T. ) ;
#2247 = CARTESIAN_POINT ( 'NONE',  ( 48.99999999999999289, 0.000000000000000000, -11.05234317807463817 ) ) ;
#2248 = DIRECTION ( 'NONE',  ( -0.000000000000000000, -0.8436614877321074735, 0.5368754921931593316 ) ) ;
#2249 = ORIENTED_EDGE ( 'NONE', *, *, #1392, .T. ) ;
#2250 = DIRECTION ( 'NONE',  ( 1.000000000000000000, -0.000000000000000000, -0.000000000000000000 ) ) ;
#2251 = EDGE_CURVE ( 'NONE', #3608, #2316, #1783, .T. ) ;
#2252 = CYLINDRICAL_SURFACE ( 'NONE', #1462, 2.000000000000001776 ) ;
#2253 = LINE ( 'NONE', #1089, #1766 ) ;
#2254 = CARTESIAN_POINT ( 'NONE',  ( 34.50000000000000000, 28.00000000000001066, 60.75000000000000000 ) ) ;
#2255 = CARTESIAN_POINT ( 'NONE',  ( 25.49999999999999645, 65.00000000000000000, 11.65338146873800795 ) ) ;
#2256 = EDGE_LOOP ( 'NONE', ( #221, #1817 ) ) ;
#2257 = VERTEX_POINT ( 'NONE', #1414 ) ;
#2258 = VERTEX_POINT ( 'NONE', #2286 ) ;
#2259 = CARTESIAN_POINT ( 'NONE',  ( 25.50000000000000000, 60.00000000000001421, 22.00000000000000355 ) ) ;
#2260 = CARTESIAN_POINT ( 'NONE',  ( 34.50000000000000000, 60.00000000000001421, 19.25000000000000000 ) ) ;
#2261 = CARTESIAN_POINT ( 'NONE',  ( 51.34260642832908417, 0.000000000000000000, -9.178258035411362314 ) ) ;
#2262 = CARTESIAN_POINT ( 'NONE',  ( 25.50000000000000000, 65.00000000000000000, 15.34661853126186415 ) ) ;
#2263 = CARTESIAN_POINT ( 'NONE',  ( 60.00000000000000000, 82.99999999999997158, 80.00000000000000000 ) ) ;
#2264 = EDGE_CURVE ( 'NONE', #1710, #1581, #60, .T. ) ;
#2265 = VERTEX_POINT ( 'NONE', #1950 ) ;
#2266 = EDGE_CURVE ( 'NONE', #1253, #2233, #844, .T. ) ;
#2267 = CARTESIAN_POINT ( 'NONE',  ( 34.50000000000000000, 28.00000000000001066, 62.99999999999998579 ) ) ;
#2268 = SURFACE_STYLE_FILL_AREA ( #1102 ) ;
#2269 = CARTESIAN_POINT ( 'NONE',  ( 25.49999999999999645, 64.00000000000000000, 66.49999999999992895 ) ) ;
#2270 = ORIENTED_EDGE ( 'NONE', *, *, #1927, .F. ) ;
#2271 = DIRECTION ( 'NONE',  ( -1.000000000000000000, 0.000000000000000000, 0.000000000000000000 ) ) ;
#2272 = DIRECTION ( 'NONE',  ( 0.000000000000000000, 0.000000000000000000, 1.000000000000000000 ) ) ;
#2273 = VERTEX_POINT ( 'NONE', #270 ) ;
#2274 = EDGE_LOOP ( 'NONE', ( #3536, #434, #1824, #3226 ) ) ;
#2275 = VECTOR ( 'NONE', #2308, 1000.000000000000000 ) ;
#2276 = ORIENTED_EDGE ( 'NONE', *, *, #1460, .F. ) ;
#2277 = CARTESIAN_POINT ( 'NONE',  ( 25.46878594124324025, 65.25449953581205875, 68.12098570714854873 ) ) ;
#2278 = CARTESIAN_POINT ( 'NONE',  ( 45.00000000000000000, 83.99999999999998579, 48.99999999999999289 ) ) ;
#2279 = DIRECTION ( 'NONE',  ( 0.000000000000000000, -0.000000000000000000, 1.000000000000000000 ) ) ;
#2280 = SURFACE_STYLE_USAGE ( .BOTH. , #2448 ) ;
#2281 = ORIENTED_EDGE ( 'NONE', *, *, #2264, .F. ) ;
#2282 = ORIENTED_EDGE ( 'NONE', *, *, #82, .T. ) ;
#2283 = ADVANCED_FACE ( 'NONE', ( #3411, #3116 ), #1435, .F. ) ;
#2284 = CARTESIAN_POINT ( 'NONE',  ( 25.45400228564132306, 22.69684383401993344, 64.94995781395186896 ) ) ;
#2285 = AXIS2_PLACEMENT_3D ( 'NONE', #3358, #3655, #129 ) ;
#2286 = CARTESIAN_POINT ( 'NONE',  ( 29.10000000000000142, 28.00000000000001066, 55.24999999999999289 ) ) ;
#2287 = CIRCLE ( 'NONE', #272, 2.499999999999988454 ) ;
#2288 = AXIS2_PLACEMENT_3D ( 'NONE', #380, #76, #3580 ) ;
#2289 = ORIENTED_EDGE ( 'NONE', *, *, #3530, .F. ) ;
#2290 = DIRECTION ( 'NONE',  ( 1.000000000000000000, -0.000000000000000000, -0.000000000000000000 ) ) ;
#2291 = ADVANCED_FACE ( 'NONE', ( #3197 ), #3715, .F. ) ;
#2292 = AXIS2_PLACEMENT_3D ( 'NONE', #985, #1259, #396 ) ;
#2293 = FACE_OUTER_BOUND ( 'NONE', #1916, .T. ) ;
#2294 = UNCERTAINTY_MEASURE_WITH_UNIT (LENGTH_MEASURE( 1.000000000000000082E-05 ), #3658, 'distance_accuracy_value', 'NONE');
#2295 = DIRECTION ( 'NONE',  ( 0.000000000000000000, 0.000000000000000000, -1.000000000000000000 ) ) ;
#2296 = LINE ( 'NONE', #2870, #1446 ) ;
#2297 = ORIENTED_EDGE ( 'NONE', *, *, #1869, .T. ) ;
#2298 = PRESENTATION_LAYER_ASSIGNMENT (  '', '', ( #2226 ) ) ;
#2299 = DIRECTION ( 'NONE',  ( 1.000000000000000000, -0.000000000000000000, -0.000000000000000000 ) ) ;
#2300 = DIRECTION ( 'NONE',  ( 1.000000000000000000, -0.000000000000000000, -0.000000000000000000 ) ) ;
#2301 = AXIS2_PLACEMENT_3D ( 'NONE', #2550, #3379, #2822 ) ;
#2302 = CARTESIAN_POINT ( 'NONE',  ( 60.00000000000000000, 88.00000000000000000, 28.99999999999999289 ) ) ;
#2303 = VECTOR ( 'NONE', #339, 1000.000000000000000 ) ;
#2304 =( NAMED_UNIT ( * ) PLANE_ANGLE_UNIT ( ) SI_UNIT ( $, .RADIAN. ) );
#2305 = VERTEX_POINT ( 'NONE', #1170 ) ;
#2306 = CIRCLE ( 'NONE', #1511, 2.000000000000001776 ) ;
#2307 = AXIS2_PLACEMENT_3D ( 'NONE', #2650, #83, #706 ) ;
#2308 = DIRECTION ( 'NONE',  ( 1.000000000000000000, 0.000000000000000000, 0.000000000000000000 ) ) ;
#2309 = DIRECTION ( 'NONE',  ( 0.000000000000000000, 0.000000000000000000, -1.000000000000000000 ) ) ;
#2310 = CIRCLE ( 'NONE', #2920, 2.099999999999990763 ) ;
#2311 = ORIENTED_EDGE ( 'NONE', *, *, #920, .T. ) ;
#2312 = SURFACE_STYLE_USAGE ( .BOTH. , #1666 ) ;
#2313 = EDGE_CURVE ( 'NONE', #2170, #1553, #2566, .T. ) ;
#2314 = CARTESIAN_POINT ( 'NONE',  ( 40.00000000000000000, 63.99999999999998579, 80.00000000000000000 ) ) ;
#2315 = DIRECTION ( 'NONE',  ( 1.000000000000000000, -0.000000000000000000, -0.000000000000000000 ) ) ;
#2316 = VERTEX_POINT ( 'NONE', #1968 ) ;
#2317 = SURFACE_STYLE_USAGE ( .BOTH. , #3191 ) ;
#2318 = DIRECTION ( 'NONE',  ( 0.000000000000000000, 0.000000000000000000, -1.000000000000000000 ) ) ;
#2319 = CARTESIAN_POINT ( 'NONE',  ( 2.000000000000015543, 22.00000000000000000, 0.000000000000000000 ) ) ;
#2320 = FACE_OUTER_BOUND ( 'NONE', #2833, .T. ) ;
#2321 = ORIENTED_EDGE ( 'NONE', *, *, #1509, .T. ) ;
#2322 = VERTEX_POINT ( 'NONE', #2326 ) ;
#2323 = EDGE_CURVE ( 'NONE', #2170, #895, #1768, .T. ) ;
#2324 = DIRECTION ( 'NONE',  ( 1.000000000000000000, -0.000000000000000000, -0.000000000000000000 ) ) ;
#2325 = DIRECTION ( 'NONE',  ( 0.000000000000000000, 0.000000000000000000, -1.000000000000000000 ) ) ;
#2326 = CARTESIAN_POINT ( 'NONE',  ( 34.50000000000000000, 60.00000000000001421, 26.99999999999999289 ) ) ;
#2327 = ORIENTED_EDGE ( 'NONE', *, *, #2939, .T. ) ;
#2328 = DIRECTION ( 'NONE',  ( 0.000000000000000000, 0.000000000000000000, 1.000000000000000000 ) ) ;
#2329 = CARTESIAN_POINT ( 'NONE',  ( 60.00000000000000000, 12.00000000000000000, 63.50000000000002842 ) ) ;
#2330 = VERTEX_POINT ( 'NONE', #286 ) ;
#2331 = PRESENTATION_STYLE_ASSIGNMENT (( #1214 ) ) ;
#2332 = CARTESIAN_POINT ( 'NONE',  ( 0.000000000000000000, 0.000000000000000000, 80.00000000000000000 ) ) ;
#2333 = DIRECTION ( 'NONE',  ( -1.000000000000000000, 0.000000000000000000, 0.000000000000000000 ) ) ;
#2334 = CARTESIAN_POINT ( 'NONE',  ( 25.45400228564132306, 65.30315616598009854, 15.05004218604801203 ) ) ;
#2335 = UNCERTAINTY_MEASURE_WITH_UNIT (LENGTH_MEASURE( 1.000000000000000082E-05 ), #2038, 'distance_accuracy_value', 'NONE');
#2336 = DIRECTION ( 'NONE',  ( -1.000000000000000000, 0.000000000000000000, 0.000000000000000000 ) ) ;
#2337 = ORIENTED_EDGE ( 'NONE', *, *, #2342, .F. ) ;
#2338 = CARTESIAN_POINT ( 'NONE',  ( 25.50000000000000000, 65.00000000000000000, 0.000000000000000000 ) ) ;
#2339 = DIRECTION ( 'NONE',  ( -1.000000000000000000, 0.000000000000000000, 0.000000000000000000 ) ) ;
#2340 = ORIENTED_EDGE ( 'NONE', *, *, #3659, .T. ) ;
#2341 = AXIS2_PLACEMENT_3D ( 'NONE', #1408, #1964, #3472 ) ;
#2342 = EDGE_CURVE ( 'NONE', #193, #2925, #1888, .T. ) ;
#2343 = MECHANICAL_DESIGN_GEOMETRIC_PRESENTATION_REPRESENTATION (  '', ( #2159 ), #2769 ) ;
#2344 = CYLINDRICAL_SURFACE ( 'NONE', #1213, 3.000000000000000000 ) ;
#2345 = CARTESIAN_POINT ( 'NONE',  ( 24.49999999999999645, 22.00000000000000000, 80.00000000000000000 ) ) ;
#2346 = VERTEX_POINT ( 'NONE', #3432 ) ;
#2347 = DIRECTION ( 'NONE',  ( -0.7071067811865505703, -0.000000000000000000, 0.7071067811865444641 ) ) ;
#2348 = LINE ( 'NONE', #1787, #2009 ) ;
#2349 = CARTESIAN_POINT ( 'NONE',  ( 34.50000000000000000, 14.00000000000000888, 9.500000000000007105 ) ) ;
#2350 = CARTESIAN_POINT ( 'NONE',  ( 34.50000000000000000, 28.00000000000001066, 57.99999999999999289 ) ) ;
#2351 = EDGE_LOOP ( 'NONE', ( #2207, #3450, #88, #3046 ) ) ;
#2352 = VERTEX_POINT ( 'NONE', #2011 ) ;
#2353 = AXIS2_PLACEMENT_3D ( 'NONE', #1287, #960, #3350 ) ;
#2354 = DIRECTION ( 'NONE',  ( 1.000000000000000000, 0.000000000000000000, -0.000000000000000000 ) ) ;
#2355 = DIRECTION ( 'NONE',  ( -0.000000000000000000, -0.000000000000000000, -1.000000000000000000 ) ) ;
#2356 = ADVANCED_FACE ( 'NONE', ( #1456 ), #3688, .F. ) ;
#2357 = DIRECTION ( 'NONE',  ( 1.000000000000000000, -0.000000000000000000, -0.000000000000000000 ) ) ;
#2358 = ORIENTED_EDGE ( 'NONE', *, *, #1044, .T. ) ;
#2359 = AXIS2_PLACEMENT_3D ( 'NONE', #875, #2039, #3205 ) ;
#2360 = PRESENTATION_STYLE_ASSIGNMENT (( #630 ) ) ;
#2361 = AXIS2_PLACEMENT_3D ( 'NONE', #2536, #488, #1980 ) ;
#2362 = AXIS2_PLACEMENT_3D ( 'NONE', #1132, #544, #256 ) ;
#2363 = VECTOR ( 'NONE', #3578, 1000.000000000000000 ) ;
#2364 = EDGE_CURVE ( 'NONE', #994, #2273, #2365, .T. ) ;
#2365 = CIRCLE ( 'NONE', #914, 5.000000000000000888 ) ;
#2366 = ADVANCED_FACE ( 'NONE', ( #2815 ), #204, .F. ) ;
#2367 = SURFACE_SIDE_STYLE ('',( #80 ) ) ;
#2368 = ORIENTED_EDGE ( 'NONE', *, *, #2089, .T. ) ;
#2369 = PRESENTATION_STYLE_ASSIGNMENT (( #2317 ) ) ;
#2370 = PLANE ( 'NONE',  #3099 ) ;
#2371 = FACE_OUTER_BOUND ( 'NONE', #3467, .T. ) ;
#2372 = CARTESIAN_POINT ( 'NONE',  ( 34.50000000000000000, 12.00000000000000000, 63.44164078649990302 ) ) ;
#2373 = ORIENTED_EDGE ( 'NONE', *, *, #1996, .F. ) ;
#2374 = VERTEX_POINT ( 'NONE', #3184 ) ;
#2375 = CARTESIAN_POINT ( 'NONE',  ( 60.00000000000000000, 76.00000000000001421, 7.500000000000034639 ) ) ;
#2376 = EDGE_CURVE ( 'NONE', #1959, #2647, #1081, .T. ) ;
#2377 = CYLINDRICAL_SURFACE ( 'NONE', #2241, 2.750000000000002665 ) ;
#2378 = CARTESIAN_POINT ( 'NONE',  ( 34.50000000000000000, -6.000000000000005329, 7.500000000000007105 ) ) ;
#2379 = EDGE_CURVE ( 'NONE', #1625, #1591, #2667, .T. ) ;
#2380 = ORIENTED_EDGE ( 'NONE', *, *, #1388, .F. ) ;
#2381 = ADVANCED_FACE ( 'NONE', ( #3456, #1707 ), #252, .F. ) ;
#2382 = CARTESIAN_POINT ( 'NONE',  ( 0.000000000000000000, 0.000000000000000000, 0.000000000000000000 ) ) ;
#2383 = ORIENTED_EDGE ( 'NONE', *, *, #3106, .T. ) ;
#2384 = CARTESIAN_POINT ( 'NONE',  ( 60.00000000000000000, -6.000000000000005329, 72.50000000000001421 ) ) ;
#2385 = FACE_OUTER_BOUND ( 'NONE', #3758, .T. ) ;
#2386 = FACE_OUTER_BOUND ( 'NONE', #2805, .T. ) ;
#2387 = CARTESIAN_POINT ( 'NONE',  ( 34.50000000000000000, 12.00000000000000888, 7.500000000000007105 ) ) ;
#2388 = ORIENTED_EDGE ( 'NONE', *, *, #1045, .F. ) ;
#2389 = ORIENTED_EDGE ( 'NONE', *, *, #2694, .F. ) ;
#2390 = ORIENTED_EDGE ( 'NONE', *, *, #2648, .F. ) ;
#2391 = CARTESIAN_POINT ( 'NONE',  ( 60.00000000000000000, 72.00000000000000000, -41.35500000000000398 ) ) ;
#2392 = CARTESIAN_POINT ( 'NONE',  ( 60.00000000000000000, 76.00000000000000000, 72.50000000000001421 ) ) ;
#2393 = DIRECTION ( 'NONE',  ( 0.000000000000000000, 0.000000000000000000, -1.000000000000000000 ) ) ;
#2394 = AXIS2_PLACEMENT_3D ( 'NONE', #2883, #2861, #22 ) ;
#2395 = DIRECTION ( 'NONE',  ( 0.000000000000000000, 0.000000000000000000, 1.000000000000000000 ) ) ;
#2396 = EDGE_CURVE ( 'NONE', #979, #2654, #3757, .T. ) ;
#2397 = AXIS2_PLACEMENT_3D ( 'NONE', #2738, #1298, #2450 ) ;
#2398 = DIRECTION ( 'NONE',  ( -1.000000000000000000, 0.000000000000000000, 0.000000000000000000 ) ) ;
#2399 = STYLED_ITEM ( 'NONE', ( #1706 ), #79 ) ;
#2400 = ORIENTED_EDGE ( 'NONE', *, *, #3544, .T. ) ;
#2401 = CYLINDRICAL_SURFACE ( 'NONE', #594, 4.999999999999997335 ) ;
#2402 = LINE ( 'NONE', #927, #2418 ) ;
#2403 = LINE ( 'NONE', #3606, #3098 ) ;
#2404 = CARTESIAN_POINT ( 'NONE',  ( 60.00000000000000000, 5.510910596163095078E-15, 17.49999999999998224 ) ) ;
#2405 = ORIENTED_EDGE ( 'NONE', *, *, #833, .F. ) ;
#2406 = EDGE_LOOP ( 'NONE', ( #3629, #2736, #3528, #2128, #1016, #445, #1743, #3680, #2311, #2880, #86, #1861 ) ) ;
#2407 = VERTEX_POINT ( 'NONE', #2659 ) ;
#2408 = DIRECTION ( 'NONE',  ( -0.7071067811865475727, 0.000000000000000000, 0.7071067811865475727 ) ) ;
#2409 = DIRECTION ( 'NONE',  ( 0.000000000000000000, 0.000000000000000000, 1.000000000000000000 ) ) ;
#2410 = DIRECTION ( 'NONE',  ( 0.000000000000000000, -1.000000000000000000, 0.000000000000000000 ) ) ;
#2411 = CARTESIAN_POINT ( 'NONE',  ( 60.00000000000000000, 88.00000000000000000, 17.50000000000002842 ) ) ;
#2412 = PRESENTATION_LAYER_ASSIGNMENT (  '', '', ( #1146 ) ) ;
#2413 = VERTEX_POINT ( 'NONE', #592 ) ;
#2414 = FILL_AREA_STYLE ('',( #2979 ) ) ;
#2415 = PLANE ( 'NONE',  #3144 ) ;
#2416 = AXIS2_PLACEMENT_3D ( 'NONE', #1914, #2229, #2295 ) ;
#2417 = EDGE_CURVE ( 'NONE', #2235, #3104, #627, .T. ) ;
#2418 = VECTOR ( 'NONE', #3278, 1000.000000000000000 ) ;
#2419 = ADVANCED_FACE ( 'NONE', ( #2973 ), #3249, .F. ) ;
#2420 = VECTOR ( 'NONE', #442, 1000.000000000000000 ) ;
#2421 = MECHANICAL_DESIGN_GEOMETRIC_PRESENTATION_REPRESENTATION (  '', ( #3037 ), #3526 ) ;
#2422 = EDGE_LOOP ( 'NONE', ( #3504, #3589, #2042, #2846 ) ) ;
#2423 = CIRCLE ( 'NONE', #1273, 1.999999999999998224 ) ;
#2424 = SURFACE_STYLE_FILL_AREA ( #687 ) ;
#2425 = DIRECTION ( 'NONE',  ( 0.000000000000000000, -1.000000000000000000, 0.000000000000000000 ) ) ;
#2426 = DIRECTION ( 'NONE',  ( 0.000000000000000000, 0.000000000000000000, -1.000000000000000000 ) ) ;
#2427 = CARTESIAN_POINT ( 'NONE',  ( 52.00000000000000000, 0.000000000000000000, -50.00000000000000000 ) ) ;
#2428 = VERTEX_POINT ( 'NONE', #1548 ) ;
#2429 = ORIENTED_EDGE ( 'NONE', *, *, #2812, .T. ) ;
#2430 = VERTEX_POINT ( 'NONE', #3214 ) ;
#2431 = DIRECTION ( 'NONE',  ( -0.000000000000000000, -1.000000000000000000, -5.782411586589356653E-16 ) ) ;
#2432 = SURFACE_STYLE_USAGE ( .BOTH. , #2711 ) ;
#2433 = DIRECTION ( 'NONE',  ( 1.000000000000000000, 0.000000000000000000, -0.000000000000000000 ) ) ;
#2434 = ORIENTED_EDGE ( 'NONE', *, *, #2205, .T. ) ;
#2435 = CARTESIAN_POINT ( 'NONE',  ( 34.50000000000000000, 83.99999999999998579, 19.50000000000004619 ) ) ;
#2436 = VECTOR ( 'NONE', #1219, 1000.000000000000000 ) ;
#2437 = ORIENTED_EDGE ( 'NONE', *, *, #1107, .T. ) ;
#2438 = CARTESIAN_POINT ( 'NONE',  ( 25.50000000000000000, 23.00000000000000000, 11.65338146873800440 ) ) ;
#2439 = CARTESIAN_POINT ( 'NONE',  ( 60.00000000000000000, 10.99999999999999112, 17.49999999999998934 ) ) ;
#2440 = CYLINDRICAL_SURFACE ( 'NONE', #1874, 2.749999999999999112 ) ;
#2441 = CARTESIAN_POINT ( 'NONE',  ( 34.50000000000001421, 10.99999999999999112, 17.82798285693899842 ) ) ;
#2442 = VERTEX_POINT ( 'NONE', #1795 ) ;
#2443 = EDGE_LOOP ( 'NONE', ( #390, #485 ) ) ;
#2444 = EDGE_LOOP ( 'NONE', ( #965, #1842, #260, #1803, #1305, #38 ) ) ;
#2445 = FACE_OUTER_BOUND ( 'NONE', #3567, .T. ) ;
#2446 = LINE ( 'NONE', #361, #3699 ) ;
#2447 = CARTESIAN_POINT ( 'NONE',  ( 34.50000000000000000, 60.00000000000001421, 63.00000000000000000 ) ) ;
#2448 = SURFACE_SIDE_STYLE ('',( #2514 ) ) ;
#2449 = ORIENTED_EDGE ( 'NONE', *, *, #3430, .F. ) ;
#2450 = DIRECTION ( 'NONE',  ( 0.000000000000000000, 0.000000000000000000, 1.000000000000000000 ) ) ;
#2451 = EDGE_CURVE ( 'NONE', #930, #2837, #2692, .T. ) ;
#2452 = EDGE_CURVE ( 'NONE', #1409, #275, #302, .T. ) ;
#2453 = ORIENTED_EDGE ( 'NONE', *, *, #63, .F. ) ;
#2454 = DIRECTION ( 'NONE',  ( 1.000000000000000000, 0.000000000000000000, 0.000000000000000000 ) ) ;
#2455 =( GEOMETRIC_REPRESENTATION_CONTEXT ( 3 ) GLOBAL_UNCERTAINTY_ASSIGNED_CONTEXT ( ( #1992 ) ) GLOBAL_UNIT_ASSIGNED_CONTEXT ( ( #414, #1642, #1350 ) ) REPRESENTATION_CONTEXT ( 'NONE', 'WORKASPACE' ) );
#2456 = DIRECTION ( 'NONE',  ( 0.000000000000000000, 0.000000000000000000, 1.000000000000000000 ) ) ;
#2457 = CARTESIAN_POINT ( 'NONE',  ( 34.50000000000000000, 23.99999999999999289, 64.39999999999994884 ) ) ;
#2458 = LINE ( 'NONE', #2479, #1289 ) ;
#2459 = ORIENTED_EDGE ( 'NONE', *, *, #1127, .T. ) ;
#2460 = VERTEX_POINT ( 'NONE', #3540 ) ;
#2461 = ORIENTED_EDGE ( 'NONE', *, *, #866, .F. ) ;
#2462 = DIRECTION ( 'NONE',  ( 0.000000000000000000, 0.000000000000000000, 1.000000000000000000 ) ) ;
#2463 = PLANE ( 'NONE',  #2180 ) ;
#2464 = FACE_OUTER_BOUND ( 'NONE', #2422, .T. ) ;
#2465 = ADVANCED_FACE ( 'NONE', ( #1760 ), #933, .F. ) ;
#2466 = AXIS2_PLACEMENT_3D ( 'NONE', #1837, #1225, #1203 ) ;
#2467 = ORIENTED_EDGE ( 'NONE', *, *, #2863, .T. ) ;
#2468 = ADVANCED_FACE ( 'NONE', ( #2951, #3287 ), #1529, .F. ) ;
#2469 = CARTESIAN_POINT ( 'NONE',  ( 60.00000000000000000, 88.00000000000000000, 17.50000000000002842 ) ) ;
#2470 = EDGE_CURVE ( 'NONE', #1068, #930, #2097, .T. ) ;
#2471 = COLOUR_RGB ( '',0.7529411764705882248, 0.7529411764705882248, 0.7529411764705882248 ) ;
#2472 = STYLED_ITEM ( 'NONE', ( #1047 ), #3231 ) ;
#2473 = EDGE_CURVE ( 'NONE', #3328, #1008, #362, .T. ) ;
#2474 = AXIS2_PLACEMENT_3D ( 'NONE', #2579, #2498, #834 ) ;
#2475 = EDGE_CURVE ( 'NONE', #1811, #3503, #3266, .T. ) ;
#2476 = AXIS2_PLACEMENT_3D ( 'NONE', #636, #1234, #329 ) ;
#2477 = CARTESIAN_POINT ( 'NONE',  ( 60.00000000000000000, 72.00000000000000000, -27.64500000000000313 ) ) ;
#2478 = FACE_OUTER_BOUND ( 'NONE', #2351, .T. ) ;
#2479 = CARTESIAN_POINT ( 'NONE',  ( 25.50000000000000000, 23.00000000000000000, 0.000000000000000000 ) ) ;
#2480 = EDGE_LOOP ( 'NONE', ( #2999, #1595 ) ) ;
#2481 = ORIENTED_EDGE ( 'NONE', *, *, #3612, .T. ) ;
#2482 = VECTOR ( 'NONE', #23, 1000.000000000000000 ) ;
#2483 = ORIENTED_EDGE ( 'NONE', *, *, #3271, .F. ) ;
#2484 = CARTESIAN_POINT ( 'NONE',  ( 34.89999999999999858, 10.99999999999999112, 17.49999999999998934 ) ) ;
#2485 = LINE ( 'NONE', #2203, #3341 ) ;
#2486 = DIRECTION ( 'NONE',  ( 0.000000000000000000, -3.469446951953620598E-16, 1.000000000000000000 ) ) ;
#2487 = ORIENTED_EDGE ( 'NONE', *, *, #896, .F. ) ;
#2488 = DIRECTION ( 'NONE',  ( 0.000000000000000000, 0.000000000000000000, 1.000000000000000000 ) ) ;
#2489 = CYLINDRICAL_SURFACE ( 'NONE', #461, 2.099999999999990763 ) ;
#2490 = EDGE_CURVE ( 'NONE', #1247, #2627, #320, .T. ) ;
#2491 = DIRECTION ( 'NONE',  ( 1.000000000000000000, -0.000000000000000000, -0.000000000000000000 ) ) ;
#2492 = DIRECTION ( 'NONE',  ( 1.000000000000000000, 0.000000000000000000, 0.000000000000000000 ) ) ;
#2493 = LINE ( 'NONE', #1915, #1232 ) ;
#2494 = ORIENTED_EDGE ( 'NONE', *, *, #1646, .F. ) ;
#2495 = ORIENTED_EDGE ( 'NONE', *, *, #670, .T. ) ;
#2496 = EDGE_LOOP ( 'NONE', ( #3656, #1945, #1951, #2936 ) ) ;
#2497 = EDGE_CURVE ( 'NONE', #3650, #2407, #3525, .T. ) ;
#2498 = DIRECTION ( 'NONE',  ( 1.000000000000000000, -0.000000000000000000, -0.000000000000000000 ) ) ;
#2499 = DIRECTION ( 'NONE',  ( 1.000000000000000000, 0.000000000000000000, 0.000000000000000000 ) ) ;
#2500 = DIRECTION ( 'NONE',  ( 1.000000000000000000, -0.000000000000000000, -0.000000000000000000 ) ) ;
#2501 = ORIENTED_EDGE ( 'NONE', *, *, #631, .T. ) ;
#2502 = DIRECTION ( 'NONE',  ( 0.000000000000000000, 0.000000000000000000, -1.000000000000000000 ) ) ;
#2503 = ORIENTED_EDGE ( 'NONE', *, *, #2083, .F. ) ;
#2504 = EDGE_CURVE ( 'NONE', #3359, #2789, #950, .T. ) ;
#2505 = FACE_OUTER_BOUND ( 'NONE', #3107, .T. ) ;
#2506 = CARTESIAN_POINT ( 'NONE',  ( 34.50000000000000000, 64.00000000000000000, 66.49999999999992895 ) ) ;
#2507 = CARTESIAN_POINT ( 'NONE',  ( 0.000000000000000000, 0.000000000000000000, 75.00000000000000000 ) ) ;
#2508 = VERTEX_POINT ( 'NONE', #918 ) ;
#2509 = ORIENTED_EDGE ( 'NONE', *, *, #2742, .F. ) ;
#2510 = VERTEX_POINT ( 'NONE', #2935 ) ;
#2511 = CARTESIAN_POINT ( 'NONE',  ( 25.25172551365718832, 65.66007054550117061, 66.15713505351146750 ) ) ;
#2512 = CARTESIAN_POINT ( 'NONE',  ( 41.49999999999999289, 44.00000000000000000, 7.500000000000007105 ) ) ;
#2513 = DIRECTION ( 'NONE',  ( 0.000000000000000000, -0.000000000000000000, 1.000000000000000000 ) ) ;
#2514 = SURFACE_STYLE_FILL_AREA ( #2810 ) ;
#2515 = EDGE_LOOP ( 'NONE', ( #1785, #3198, #3053, #1360 ) ) ;
#2516 = CARTESIAN_POINT ( 'NONE',  ( 25.40738767173076695, 22.57018178131513864, 65.17031736320846846 ) ) ;
#2517 = FACE_OUTER_BOUND ( 'NONE', #3555, .T. ) ;
#2518 = DIRECTION ( 'NONE',  ( 0.000000000000000000, 0.000000000000000000, -1.000000000000000000 ) ) ;
#2519 = VERTEX_POINT ( 'NONE', #1491 ) ;
#2520 = CARTESIAN_POINT ( 'NONE',  ( 34.50000000000000000, 60.00000000000001421, 22.00000000000000355 ) ) ;
#2521 = FACE_OUTER_BOUND ( 'NONE', #692, .T. ) ;
#2522 = ADVANCED_FACE ( 'NONE', ( #2113 ), #2377, .F. ) ;
#2523 = VECTOR ( 'NONE', #2299, 1000.000000000000000 ) ;
#2524 = VECTOR ( 'NONE', #3206, 1000.000000000000000 ) ;
#2525 = EDGE_CURVE ( 'NONE', #3155, #1014, #338, .T. ) ;
#2526 = EDGE_CURVE ( 'NONE', #1729, #625, #2310, .T. ) ;
#2527 = LINE ( 'NONE', #3417, #3343 ) ;
#2528 = ADVANCED_FACE ( 'NONE', ( #1038 ), #144, .F. ) ;
#2529 = DIRECTION ( 'NONE',  ( 0.000000000000000000, 0.000000000000000000, 1.000000000000000000 ) ) ;
#2530 = EDGE_LOOP ( 'NONE', ( #2133, #2467, #2534, #2750 ) ) ;
#2531 = CIRCLE ( 'NONE', #713, 2.750000000000002665 ) ;
#2532 = ORIENTED_EDGE ( 'NONE', *, *, #3377, .T. ) ;
#2533 = CIRCLE ( 'NONE', #2476, 1.000000000000000888 ) ;
#2534 = ORIENTED_EDGE ( 'NONE', *, *, #3434, .T. ) ;
#2535 = CARTESIAN_POINT ( 'NONE',  ( 25.37305583731277281, 65.49077104429211715, 67.67082647581887045 ) ) ;
#2536 = CARTESIAN_POINT ( 'NONE',  ( 0.000000000000000000, 82.99999999999997158, 80.00000000000000000 ) ) ;
#2537 = CARTESIAN_POINT ( 'NONE',  ( 25.24194452685190981, 65.67046127419482104, 13.67122314998929511 ) ) ;
#2538 = PLANE ( 'NONE',  #1439 ) ;
#2539 = VECTOR ( 'NONE', #2355, 1000.000000000000000 ) ;
#2540 = VECTOR ( 'NONE', #2456, 1000.000000000000000 ) ;
#2541 = VERTEX_POINT ( 'NONE', #3357 ) ;
#2542 = VECTOR ( 'NONE', #34, 1000.000000000000000 ) ;
#2543 = AXIS2_PLACEMENT_3D ( 'NONE', #2269, #1125, #2309 ) ;
#2544 = CARTESIAN_POINT ( 'NONE',  ( 25.28725477863185844, 22.38274029443883961, 65.82112419153253313 ) ) ;
#2545 = FILL_AREA_STYLE_COLOUR ( '', #1317 ) ;
#2546 = CARTESIAN_POINT ( 'NONE',  ( 47.00000000000000000, 62.50000000000000000, 48.99999999999999289 ) ) ;
#2547 = CARTESIAN_POINT ( 'NONE',  ( 25.40728763806126977, 22.57007312370099683, 67.82923548968338423 ) ) ;
#2548 = ORIENTED_EDGE ( 'NONE', *, *, #1969, .F. ) ;
#2549 = DIRECTION ( 'NONE',  ( 0.000000000000000000, 0.000000000000000000, -1.000000000000000000 ) ) ;
#2550 = CARTESIAN_POINT ( 'NONE',  ( 29.10000000000000142, 28.00000000000001066, 57.99999999999999289 ) ) ;
#2551 = EDGE_CURVE ( 'NONE', #2643, #3237, #3600, .T. ) ;
#2552 = DIRECTION ( 'NONE',  ( 0.000000000000000000, 0.000000000000000000, -1.000000000000000000 ) ) ;
#2553 = ORIENTED_EDGE ( 'NONE', *, *, #3612, .F. ) ;
#2554 = ORIENTED_EDGE ( 'NONE', *, *, #1123, .F. ) ;
#2555 = VERTEX_POINT ( 'NONE', #1333 ) ;
#2556 = CARTESIAN_POINT ( 'NONE',  ( 34.50000000000000000, 81.99999999999998579, 60.50000000000001421 ) ) ;
#2557 = AXIS2_PLACEMENT_3D ( 'NONE', #156, #708, #1880 ) ;
#2558 = LINE ( 'NONE', #2580, #1877 ) ;
#2559 = CARTESIAN_POINT ( 'NONE',  ( 25.50000000000000000, 65.00000000000000000, 0.000000000000000000 ) ) ;
#2560 = DIRECTION ( 'NONE',  ( 0.000000000000000000, 0.000000000000000000, -1.000000000000000000 ) ) ;
#2561 = ORIENTED_EDGE ( 'NONE', *, *, #435, .T. ) ;
#2562 = EDGE_LOOP ( 'NONE', ( #3702, #1935, #1717, #2791 ) ) ;
#2563 = EDGE_CURVE ( 'NONE', #81, #979, #3011, .T. ) ;
#2564 = DIRECTION ( 'NONE',  ( 0.000000000000000000, 0.000000000000000000, 1.000000000000000000 ) ) ;
#2565 = FACE_OUTER_BOUND ( 'NONE', #1725, .T. ) ;
#2566 = LINE ( 'NONE', #493, #3527 ) ;
#2567 = CARTESIAN_POINT ( 'NONE',  ( 25.49156811812169821, 22.85804977181024356, 68.24761427060828112 ) ) ;
#2568 = ORIENTED_EDGE ( 'NONE', *, *, #3734, .T. ) ;
#2569 = AXIS2_PLACEMENT_3D ( 'NONE', #877, #1678, #3298 ) ;
#2570 = CARTESIAN_POINT ( 'NONE',  ( 60.00000000000000000, 0.000000000000000000, 80.00000000000000000 ) ) ;
#2571 = EDGE_CURVE ( 'NONE', #2948, #3082, #3402, .T. ) ;
#2572 = EDGE_CURVE ( 'NONE', #3509, #1665, #3633, .T. ) ;
#2573 = DIRECTION ( 'NONE',  ( 0.000000000000000000, 0.000000000000000000, 1.000000000000000000 ) ) ;
#2574 = CARTESIAN_POINT ( 'NONE',  ( 25.49999999999999645, 64.00000000000000000, 66.49999999999992895 ) ) ;
#2575 = CARTESIAN_POINT ( 'NONE',  ( 34.50000000000000000, 24.00000000000000000, 15.59999999999991971 ) ) ;
#2576 = ORIENTED_EDGE ( 'NONE', *, *, #2680, .T. ) ;
#2577 = ORIENTED_EDGE ( 'NONE', *, *, #3337, .F. ) ;
#2578 = VECTOR ( 'NONE', #2325, 1000.000000000000000 ) ;
#2579 = CARTESIAN_POINT ( 'NONE',  ( 34.50000000000000000, 64.00000000000000000, 13.49999999999993605 ) ) ;
#2580 = CARTESIAN_POINT ( 'NONE',  ( 0.000000000000000000, 57.91200687200757358, -50.00000000000000000 ) ) ;
#2581 = CARTESIAN_POINT ( 'NONE',  ( 34.50000000000000000, 23.99999999999999289, 68.59999999999992326 ) ) ;
#2582 = CARTESIAN_POINT ( 'NONE',  ( 25.49156811812168755, 65.14195022818977066, 11.75238572939159276 ) ) ;
#2583 = DIRECTION ( 'NONE',  ( 1.000000000000000000, -0.000000000000000000, -0.000000000000000000 ) ) ;
#2584 = ORIENTED_EDGE ( 'NONE', *, *, #1714, .F. ) ;
#2585 = EDGE_CURVE ( 'NONE', #3092, #2225, #907, .T. ) ;
#2586 = EDGE_CURVE ( 'NONE', #3215, #2925, #3316, .T. ) ;
#2587 = FILL_AREA_STYLE ('',( #880 ) ) ;
#2588 = DIRECTION ( 'NONE',  ( -1.000000000000000000, 0.000000000000000000, -0.000000000000000000 ) ) ;
#2589 = PRESENTATION_LAYER_ASSIGNMENT (  '', '', ( #460 ) ) ;
#2590 = ORIENTED_EDGE ( 'NONE', *, *, #1460, .T. ) ;
#2591 =( NAMED_UNIT ( * ) PLANE_ANGLE_UNIT ( ) SI_UNIT ( $, .RADIAN. ) );
#2592 = EDGE_CURVE ( 'NONE', #1247, #3403, #3230, .T. ) ;
#2593 = PRODUCT_DEFINITION_FORMATION_WITH_SPECIFIED_SOURCE ( 'ANY', '', #2858, .NOT_KNOWN. ) ;
#2594 = AXIS2_PLACEMENT_3D ( 'NONE', #1442, #1716, #3440 ) ;
#2595 = DIRECTION ( 'NONE',  ( 0.000000000000000000, 0.000000000000000000, -1.000000000000000000 ) ) ;
#2596 = ADVANCED_FACE ( 'NONE', ( #1295, #681, #1021, #109, #969 ), #471, .T. ) ;
#2597 = CARTESIAN_POINT ( 'NONE',  ( 45.00000000000000000, 88.00000000000000000, 51.00000000000000000 ) ) ;
#2598 = ORIENTED_EDGE ( 'NONE', *, *, #788, .F. ) ;
#2599 = CIRCLE ( 'NONE', #1378, 2.099999999999990763 ) ;
#2600 = FACE_OUTER_BOUND ( 'NONE', #2041, .T. ) ;
#2601 = CARTESIAN_POINT ( 'NONE',  ( 34.50000000000000000, 83.99999999999998579, 60.50000000000001421 ) ) ;
#2602 = AXIS2_PLACEMENT_3D ( 'NONE', #2603, #911, #2 ) ;
#2603 = CARTESIAN_POINT ( 'NONE',  ( 34.50000000000000000, 24.00000000000000000, 13.49999999999993072 ) ) ;
#2604 = CARTESIAN_POINT ( 'NONE',  ( 52.00000000000000000, 57.91200687200757358, -40.00000000000000000 ) ) ;
#2605 = ORIENTED_EDGE ( 'NONE', *, *, #2812, .F. ) ;
#2606 = PLANE ( 'NONE',  #1946 ) ;
#2607 = AXIS2_PLACEMENT_3D ( 'NONE', #3405, #791, #2185 ) ;
#2608 = CARTESIAN_POINT ( 'NONE',  ( 60.00000000000000000, 83.99999999999998579, 62.50000000000001421 ) ) ;
#2609 = CARTESIAN_POINT ( 'NONE',  ( 24.49999999999999645, 65.00000000000000000, 0.000000000000000000 ) ) ;
#2610 = PRODUCT_DEFINITION_CONTEXT ( 'detailed design', #1645, 'design' ) ;
#2611 = AXIS2_PLACEMENT_3D ( 'NONE', #3372, #1565, #184 ) ;
#2612 = ORIENTED_EDGE ( 'NONE', *, *, #2563, .T. ) ;
#2613 = DIRECTION ( 'NONE',  ( 1.000000000000000000, -0.000000000000000000, -0.000000000000000000 ) ) ;
#2614 = CARTESIAN_POINT ( 'NONE',  ( 0.000000000000000000, 88.00000000000000000, 80.00000000000000000 ) ) ;
#2615 = DIRECTION ( 'NONE',  ( 0.000000000000000000, 0.000000000000000000, -1.000000000000000000 ) ) ;
#2616 = ORIENTED_EDGE ( 'NONE', *, *, #539, .F. ) ;
#2617 = FILL_AREA_STYLE ('',( #2910 ) ) ;
#2618 = PLANE ( 'NONE',  #171 ) ;
#2619 = LINE ( 'NONE', #2040, #3105 ) ;
#2620 = DIRECTION ( 'NONE',  ( 1.000000000000000000, -0.000000000000000000, -0.000000000000000000 ) ) ;
#2621 = CARTESIAN_POINT ( 'NONE',  ( 39.00000000000000000, 44.00000000000000000, 0.000000000000000000 ) ) ;
#2622 = ORIENTED_EDGE ( 'NONE', *, *, #972, .F. ) ;
#2623 = EDGE_CURVE ( 'NONE', #2231, #2062, #112, .T. ) ;
#2624 = CARTESIAN_POINT ( 'NONE',  ( 34.50000000000000000, 13.99999999999999822, 70.50000000000000000 ) ) ;
#2625 = DIRECTION ( 'NONE',  ( 1.000000000000000000, -0.000000000000000000, -0.000000000000000000 ) ) ;
#2626 = CARTESIAN_POINT ( 'NONE',  ( 34.50000000000000000, 74.00000000000001421, 9.500000000000007105 ) ) ;
#2627 = VERTEX_POINT ( 'NONE', #3070 ) ;
#2628 = CARTESIAN_POINT ( 'NONE',  ( 0.000000000000000000, 0.000000000000000000, 0.000000000000000000 ) ) ;
#2629 = B_SPLINE_CURVE_WITH_KNOTS ( 'NONE', 3,
 ( #3293, #1841, #294, #1263, #2699, #384, #3001, #97, #1552, #2713, #93, #667, #57, #1815, #2975, #682, #2695, #364, #3541, #3012, #3289, #36 ),
 .UNSPECIFIED., .F., .F.,
 ( 4, 2, 2, 2, 2, 2, 2, 2, 2, 2, 4 ),
 ( 0.0001083251821637480384, 0.0003665611930004058073, 0.0006247972038370635086, 0.001141269225510384115, 0.001657741247183704613, 0.002174213268857025112, 0.002690685290530345393, 0.003207157312203665674, 0.003723629333876986823, 0.003981865344713647614, 0.004240101355550307538 ),
 .UNSPECIFIED. ) ;
#2630 = CARTESIAN_POINT ( 'NONE',  ( 56.44499999999999318, 72.00000000000000000, -37.79999999999999716 ) ) ;
#2631 = CARTESIAN_POINT ( 'NONE',  ( 2.000000000000015543, 66.00000000000000000, -5.000000000000009770 ) ) ;
#2632 = ADVANCED_FACE ( 'NONE', ( #453 ), #2463, .F. ) ;
#2633 = ORIENTED_EDGE ( 'NONE', *, *, #2748, .T. ) ;
#2634 = FACE_OUTER_BOUND ( 'NONE', #612, .T. ) ;
#2635 = LINE ( 'NONE', #1235, #1207 ) ;
#2636 = CARTESIAN_POINT ( 'NONE',  ( 60.00000000000000000, 83.99999999999998579, 53.00000000000002132 ) ) ;
#2637 = UNCERTAINTY_MEASURE_WITH_UNIT (LENGTH_MEASURE( 1.000000000000000082E-05 ), #1864, 'distance_accuracy_value', 'NONE');
#2638 = ORIENTED_EDGE ( 'NONE', *, *, #1478, .F. ) ;
#2639 = FACE_OUTER_BOUND ( 'NONE', #1890, .T. ) ;
#2640 = DIRECTION ( 'NONE',  ( 0.000000000000000000, 0.000000000000000000, 1.000000000000000000 ) ) ;
#2641 = FACE_OUTER_BOUND ( 'NONE', #2056, .T. ) ;
#2642 = EDGE_CURVE ( 'NONE', #241, #3059, #1865, .T. ) ;
#2643 = VERTEX_POINT ( 'NONE', #3617 ) ;
#2644 = PRESENTATION_LAYER_ASSIGNMENT (  '', '', ( #2159 ) ) ;
#2645 = AXIS2_PLACEMENT_3D ( 'NONE', #3722, #1111, #2272 ) ;
#2646 = DIRECTION ( 'NONE',  ( 0.000000000000000000, 0.000000000000000000, -1.000000000000000000 ) ) ;
#2647 = VERTEX_POINT ( 'NONE', #1889 ) ;
#2648 = EDGE_CURVE ( 'NONE', #2508, #490, #2423, .T. ) ;
#2649 = ADVANCED_FACE ( 'NONE', ( #162 ), #2187, .F. ) ;
#2650 = CARTESIAN_POINT ( 'NONE',  ( 47.00000000000000000, 88.00000000000000000, 48.99999999999999289 ) ) ;
#2651 = DIRECTION ( 'NONE',  ( 0.000000000000000000, -5.782411586589341862E-16, 1.000000000000000000 ) ) ;
#2652 = FACE_OUTER_BOUND ( 'NONE', #3627, .T. ) ;
#2653 = VERTEX_POINT ( 'NONE', #984 ) ;
#2654 = VERTEX_POINT ( 'NONE', #128 ) ;
#2655 = PRESENTATION_LAYER_ASSIGNMENT (  '', '', ( #2840 ) ) ;
#2656 = CIRCLE ( 'NONE', #2353, 10.00000000000000000 ) ;
#2657 = MECHANICAL_DESIGN_GEOMETRIC_PRESENTATION_REPRESENTATION (  '', ( #3636 ), #537 ) ;
#2658 = FACE_OUTER_BOUND ( 'NONE', #1655, .T. ) ;
#2659 = CARTESIAN_POINT ( 'NONE',  ( 60.00000000000000000, 0.000000000000000000, -9.510541081449719769 ) ) ;
#2660 = EDGE_CURVE ( 'NONE', #3117, #2074, #998, .T. ) ;
#2661 = VECTOR ( 'NONE', #89, 1000.000000000000000 ) ;
#2662 = ORIENTED_EDGE ( 'NONE', *, *, #2873, .F. ) ;
#2663 = CIRCLE ( 'NONE', #1938, 2.999999999999999112 ) ;
#2664 = VECTOR ( 'NONE', #3387, 1000.000000000000000 ) ;
#2665 = CIRCLE ( 'NONE', #603, 2.000000000000001776 ) ;
#2666 = STYLED_ITEM ( 'NONE', ( #3599 ), #1512 ) ;
#2667 = CIRCLE ( 'NONE', #1029, 2.499999999999995115 ) ;
#2668 = LINE ( 'NONE', #2382, #2004 ) ;
#2669 = ORIENTED_EDGE ( 'NONE', *, *, #1989, .T. ) ;
#2670 = EDGE_CURVE ( 'NONE', #3312, #1618, #3406, .T. ) ;
#2671 = DIRECTION ( 'NONE',  ( 0.000000000000000000, 5.782411586589356653E-16, -1.000000000000000000 ) ) ;
#2672 = CARTESIAN_POINT ( 'NONE',  ( 34.50000000000000000, 60.00000000000001421, 63.00000000000000000 ) ) ;
#2673 = CARTESIAN_POINT ( 'NONE',  ( 0.000000000000000000, 19.99999999999998224, 80.00000000000000000 ) ) ;
#2674 = ORIENTED_EDGE ( 'NONE', *, *, #1674, .T. ) ;
#2675 = VERTEX_POINT ( 'NONE', #1142 ) ;
#2676 = ORIENTED_EDGE ( 'NONE', *, *, #3157, .T. ) ;
#2677 = DIRECTION ( 'NONE',  ( 1.000000000000000000, -0.000000000000000000, -0.000000000000000000 ) ) ;
#2678 = SURFACE_SIDE_STYLE ('',( #2268 ) ) ;
#2679 = CARTESIAN_POINT ( 'NONE',  ( 42.49999999999999289, 23.99999999999998224, 80.00000000000000000 ) ) ;
#2680 = EDGE_CURVE ( 'NONE', #3329, #711, #3683, .T. ) ;
#2681 = ORIENTED_EDGE ( 'NONE', *, *, #1187, .T. ) ;
#2682 = AXIS2_PLACEMENT_3D ( 'NONE', #2787, #1343, #3662 ) ;
#2683 = ORIENTED_EDGE ( 'NONE', *, *, #1003, .F. ) ;
#2684 = CYLINDRICAL_SURFACE ( 'NONE', #2854, 0.3999999999999975797 ) ;
#2685 = LINE ( 'NONE', #3297, #474 ) ;
#2686 = DIRECTION ( 'NONE',  ( 1.000000000000000000, -0.000000000000000000, -0.000000000000000000 ) ) ;
#2687 = EDGE_LOOP ( 'NONE', ( #989, #1881 ) ) ;
#2688 = ORIENTED_EDGE ( 'NONE', *, *, #767, .T. ) ;
#2689 = VERTEX_POINT ( 'NONE', #1660 ) ;
#2690 = DIRECTION ( 'NONE',  ( 1.000000000000000000, -0.000000000000000000, -0.000000000000000000 ) ) ;
#2691 = CARTESIAN_POINT ( 'NONE',  ( 60.00000000000000000, 88.00000000000000000, 53.00000000000001421 ) ) ;
#2692 = LINE ( 'NONE', #35, #2719 ) ;
#2693 = SURFACE_STYLE_USAGE ( .BOTH. , #2678 ) ;
#2694 = EDGE_CURVE ( 'NONE', #48, #2258, #3292, .T. ) ;
#2695 = CARTESIAN_POINT ( 'NONE',  ( 25.40738767173076695, 22.57018178131513864, 12.17031736320845248 ) ) ;
#2696 = VERTEX_POINT ( 'NONE', #3749 ) ;
#2697 = EDGE_CURVE ( 'NONE', #2879, #157, #1054, .T. ) ;
#2698 = VECTOR ( 'NONE', #685, 1000.000000000000114 ) ;
#2699 = CARTESIAN_POINT ( 'NONE',  ( 25.45372693924847596, 22.69601493517366464, 15.04872781720596642 ) ) ;
#2700 = ORIENTED_EDGE ( 'NONE', *, *, #2572, .T. ) ;
#2701 = DIRECTION ( 'NONE',  ( -0.000000000000000000, -0.000000000000000000, 1.000000000000000000 ) ) ;
#2702 = ADVANCED_FACE ( 'NONE', ( #2003 ), #2239, .F. ) ;
#2703 = DIRECTION ( 'NONE',  ( -1.000000000000000000, 0.000000000000000000, 0.000000000000000000 ) ) ;
#2704 =( GEOMETRIC_REPRESENTATION_CONTEXT ( 3 ) GLOBAL_UNCERTAINTY_ASSIGNED_CONTEXT ( ( #623 ) ) GLOBAL_UNIT_ASSIGNED_CONTEXT ( ( #3510, #1245, #2079 ) ) REPRESENTATION_CONTEXT ( 'NONE', 'WORKASPACE' ) );
#2705 = LINE ( 'NONE', #1879, #2841 ) ;
#2706 = CARTESIAN_POINT ( 'NONE',  ( 55.99999999999999289, 72.00000000000000000, -39.50000000000000711 ) ) ;
#2707 = ORIENTED_EDGE ( 'NONE', *, *, #866, .T. ) ;
#2708 = ORIENTED_EDGE ( 'NONE', *, *, #449, .T. ) ;
#2709 = EDGE_LOOP ( 'NONE', ( #375, #931 ) ) ;
#2710 = CARTESIAN_POINT ( 'NONE',  ( 2.000000000000015543, 66.00000000000000000, 0.000000000000000000 ) ) ;
#2711 = SURFACE_SIDE_STYLE ('',( #983 ) ) ;
#2712 = DIRECTION ( 'NONE',  ( 0.000000000000000000, 0.000000000000000000, 1.000000000000000000 ) ) ;
#2713 = CARTESIAN_POINT ( 'NONE',  ( 25.25172551365718476, 22.33992945449884004, 13.84286494648840993 ) ) ;
#2714 = AXIS2_PLACEMENT_3D ( 'NONE', #1484, #1750, #909 ) ;
#2715 = VERTEX_POINT ( 'NONE', #3669 ) ;
#2716 = FACE_OUTER_BOUND ( 'NONE', #1034, .T. ) ;
#2717 = CIRCLE ( 'NONE', #2301, 4.999999999999997335 ) ;
#2718 = VECTOR ( 'NONE', #2090, 1000.000000000000000 ) ;
#2719 = VECTOR ( 'NONE', #55, 1000.000000000000000 ) ;
#2720 = VECTOR ( 'NONE', #2888, 1000.000000000000000 ) ;
#2721 = CIRCLE ( 'NONE', #2856, 4.999999999999997335 ) ;
#2722 = EDGE_LOOP ( 'NONE', ( #2885, #616, #830, #2270, #3433 ) ) ;
#2723 = AXIS2_PLACEMENT_3D ( 'NONE', #1769, #2923, #307 ) ;
#2724 = PLANE ( 'NONE',  #3283 ) ;
#2725 = DIRECTION ( 'NONE',  ( 0.000000000000000000, 0.000000000000000000, 1.000000000000000000 ) ) ;
#2726 = LINE ( 'NONE', #2457, #1571 ) ;
#2727 = CARTESIAN_POINT ( 'NONE',  ( 0.000000000000000000, 0.000000000000000000, 75.00000000000000000 ) ) ;
#2728 = ORIENTED_EDGE ( 'NONE', *, *, #2623, .F. ) ;
#2729 = ORIENTED_EDGE ( 'NONE', *, *, #788, .T. ) ;
#2730 = ORIENTED_EDGE ( 'NONE', *, *, #1892, .F. ) ;
#2731 = CARTESIAN_POINT ( 'NONE',  ( 25.49999999999999645, 23.99999999999999289, 68.59999999999992326 ) ) ;
#2732 = EDGE_CURVE ( 'NONE', #1567, #1403, #1463, .T. ) ;
#2733 =( NAMED_UNIT ( * ) PLANE_ANGLE_UNIT ( ) SI_UNIT ( $, .RADIAN. ) );
#2734 = DIRECTION ( 'NONE',  ( 1.000000000000000000, -0.000000000000000000, -0.000000000000000000 ) ) ;
#2735 = DIRECTION ( 'NONE',  ( 0.000000000000000000, 1.000000000000000000, 0.000000000000000000 ) ) ;
#2736 = ORIENTED_EDGE ( 'NONE', *, *, #398, .T. ) ;
#2737 = ADVANCED_FACE ( 'NONE', ( #199 ), #1722, .F. ) ;
#2738 = CARTESIAN_POINT ( 'NONE',  ( 55.99999999999999289, 72.00000000000000000, -34.50000000000000000 ) ) ;
#2739 = VECTOR ( 'NONE', #3626, 1000.000000000000000 ) ;
#2740 = VERTEX_POINT ( 'NONE', #246 ) ;
#2741 = CARTESIAN_POINT ( 'NONE',  ( 34.50000000000000000, 60.00000000000001421, 22.00000000000000355 ) ) ;
#2742 = EDGE_CURVE ( 'NONE', #1581, #376, #792, .T. ) ;
#2743 = FACE_BOUND ( 'NONE', #2256, .T. ) ;
#2744 = CARTESIAN_POINT ( 'NONE',  ( 25.50000000000000000, 23.00000000000000000, 0.000000000000000000 ) ) ;
#2745 = CARTESIAN_POINT ( 'NONE',  ( 34.50000000000000711, 11.60931421593170576, 16.96757686665256415 ) ) ;
#2746 = ORIENTED_EDGE ( 'NONE', *, *, #1228, .F. ) ;
#2747 = ORIENTED_EDGE ( 'NONE', *, *, #3436, .F. ) ;
#2748 = EDGE_CURVE ( 'NONE', #1665, #490, #1383, .T. ) ;
#2749 = VECTOR ( 'NONE', #993, 1000.000000000000114 ) ;
#2750 = ORIENTED_EDGE ( 'NONE', *, *, #619, .F. ) ;
#2751 = ADVANCED_FACE ( 'NONE', ( #2895 ), #3448, .F. ) ;
#2752 = LINE ( 'NONE', #2484, #3167 ) ;
#2753 = CYLINDRICAL_SURFACE ( 'NONE', #1767, 10.00000000000000178 ) ;
#2754 = DIRECTION ( 'NONE',  ( -1.000000000000000000, -0.000000000000000000, 0.000000000000000000 ) ) ;
#2755 = CARTESIAN_POINT ( 'NONE',  ( 34.00000000000000711, 34.00000000000000711, 0.000000000000000000 ) ) ;
#2756 = VERTEX_POINT ( 'NONE', #1117 ) ;
#2757 = CARTESIAN_POINT ( 'NONE',  ( 34.89999999999999858, 10.99999999999999112, 17.89999999999998792 ) ) ;
#2758 = EDGE_CURVE ( 'NONE', #981, #2740, #542, .T. ) ;
#2759 = CIRCLE ( 'NONE', #2764, 2.099999999999990763 ) ;
#2760 = EDGE_CURVE ( 'NONE', #1679, #2675, #2809, .T. ) ;
#2761 = ORIENTED_EDGE ( 'NONE', *, *, #209, .T. ) ;
#2762 = AXIS2_PLACEMENT_3D ( 'NONE', #2757, #95, #987 ) ;
#2763 = CARTESIAN_POINT ( 'NONE',  ( 29.10000000000000142, 28.00000000000001066, 57.99999999999999289 ) ) ;
#2764 = AXIS2_PLACEMENT_3D ( 'NONE', #1385, #2583, #3149 ) ;
#2765 = DIRECTION ( 'NONE',  ( 1.000000000000000000, -0.000000000000000000, -0.000000000000000000 ) ) ;
#2766 = CARTESIAN_POINT ( 'NONE',  ( 34.50000000000000000, 11.32945176850900104, 62.71219842314407344 ) ) ;
#2767 = ORIENTED_EDGE ( 'NONE', *, *, #1030, .T. ) ;
#2768 = ORIENTED_EDGE ( 'NONE', *, *, #327, .F. ) ;
#2769 =( GEOMETRIC_REPRESENTATION_CONTEXT ( 3 ) GLOBAL_UNCERTAINTY_ASSIGNED_CONTEXT ( ( #1157 ) ) GLOBAL_UNIT_ASSIGNED_CONTEXT ( ( #2114, #1531, #2974 ) ) REPRESENTATION_CONTEXT ( 'NONE', 'WORKASPACE' ) );
#2770 = EDGE_LOOP ( 'NONE', ( #3671, #1492, #468, #1222, #1182, #61, #3412, #1882, #624, #1092, #2568, #3123, #1601, #2429, #2688, #2804, #3142, #2776, #1336, #426 ) ) ;
#2771 = CARTESIAN_POINT ( 'NONE',  ( 34.50000000000000000, 60.00000000000001421, 58.00000000000000000 ) ) ;
#2772 = CARTESIAN_POINT ( 'NONE',  ( 60.00000000000000000, 12.00000000000000000, 72.50000000000001421 ) ) ;
#2773 = DIRECTION ( 'NONE',  ( 0.000000000000000000, 0.000000000000000000, 1.000000000000000000 ) ) ;
#2774 = DIRECTION ( 'NONE',  ( 0.000000000000000000, 0.000000000000000000, -1.000000000000000000 ) ) ;
#2775 = PRESENTATION_LAYER_ASSIGNMENT (  '', '', ( #3152 ) ) ;
#2776 = ORIENTED_EDGE ( 'NONE', *, *, #1340, .T. ) ;
#2777 = VECTOR ( 'NONE', #1158, 1000.000000000000000 ) ;
#2778 = CARTESIAN_POINT ( 'NONE',  ( 34.89999999999999858, 12.00000000000000000, 62.10000000000002984 ) ) ;
#2779 = DIRECTION ( 'NONE',  ( 0.000000000000000000, -0.000000000000000000, 1.000000000000000000 ) ) ;
#2780 = EDGE_CURVE ( 'NONE', #376, #81, #3425, .T. ) ;
#2781 =( GEOMETRIC_REPRESENTATION_CONTEXT ( 3 ) GLOBAL_UNCERTAINTY_ASSIGNED_CONTEXT ( ( #1776 ) ) GLOBAL_UNIT_ASSIGNED_CONTEXT ( ( #3216, #2591, #1152 ) ) REPRESENTATION_CONTEXT ( 'NONE', 'WORKASPACE' ) );
#2782 = COLOUR_RGB ( '',0.7529411764705882248, 0.7529411764705882248, 0.7529411764705882248 ) ;
#2783 = CIRCLE ( 'NONE', #2847, 2.750000000000002665 ) ;
#2784 = CIRCLE ( 'NONE', #2978, 1.000000000000000888 ) ;
#2785 = LINE ( 'NONE', #423, #2420 ) ;
#2786 = DIRECTION ( 'NONE',  ( 1.000000000000000000, -0.000000000000000000, -0.000000000000000000 ) ) ;
#2787 = CARTESIAN_POINT ( 'NONE',  ( 55.99999999999999289, 72.00000000000000000, -34.50000000000000000 ) ) ;
#2788 = ORIENTED_EDGE ( 'NONE', *, *, #1530, .T. ) ;
#2789 = VERTEX_POINT ( 'NONE', #529 ) ;
#2790 = AXIS2_PLACEMENT_3D ( 'NONE', #573, #1736, #264 ) ;
#2791 = ORIENTED_EDGE ( 'NONE', *, *, #1686, .F. ) ;
#2792 = CARTESIAN_POINT ( 'NONE',  ( 25.49999999999999645, 64.00000000000000000, 66.49999999999992895 ) ) ;
#2793 = DIRECTION ( 'NONE',  ( -0.000000000000000000, -1.000000000000000000, -0.000000000000000000 ) ) ;
#2794 = CARTESIAN_POINT ( 'NONE',  ( 47.00000000000000000, 88.00000000000000000, 30.99999999999999645 ) ) ;
#2795 = CARTESIAN_POINT ( 'NONE',  ( 34.50000000000000000, 60.00000000000001421, 22.00000000000000355 ) ) ;
#2796 = ORIENTED_EDGE ( 'NONE', *, *, #1124, .T. ) ;
#2797 = DIRECTION ( 'NONE',  ( 0.000000000000000000, -0.000000000000000000, 1.000000000000000000 ) ) ;
#2798 = DIRECTION ( 'NONE',  ( 1.000000000000000000, 0.000000000000000000, -0.000000000000000000 ) ) ;
#2799 = EDGE_CURVE ( 'NONE', #500, #981, #3641, .T. ) ;
#2800 = EDGE_LOOP ( 'NONE', ( #3679, #2865, #915, #873 ) ) ;
#2801 = DIRECTION ( 'NONE',  ( -2.312964634635742957E-16, 0.000000000000000000, -1.000000000000000000 ) ) ;
#2802 = CYLINDRICAL_SURFACE ( 'NONE', #411, 2.099999999999990763 ) ;
#2803 = CARTESIAN_POINT ( 'NONE',  ( 34.49999999999999289, 11.33022844474206003, 17.28688662566345968 ) ) ;
#2804 = ORIENTED_EDGE ( 'NONE', *, *, #12, .T. ) ;
#2805 = EDGE_LOOP ( 'NONE', ( #946, #2730, #1199, #3685 ) ) ;
#2806 = EDGE_LOOP ( 'NONE', ( #730, #3367 ) ) ;
#2807 = CARTESIAN_POINT ( 'NONE',  ( 25.37281557388255138, 65.49118681941710918, 65.33036122580891458 ) ) ;
#2808 = DIRECTION ( 'NONE',  ( 1.000000000000000000, -0.000000000000000000, -0.000000000000000000 ) ) ;
#2809 = LINE ( 'NONE', #2261, #2664 ) ;
#2810 = FILL_AREA_STYLE ('',( #454 ) ) ;
#2811 = ORIENTED_EDGE ( 'NONE', *, *, #3161, .F. ) ;
#2812 = EDGE_CURVE ( 'NONE', #1729, #2740, #2853, .T. ) ;
#2813 = CARTESIAN_POINT ( 'NONE',  ( 25.24189964085453752, 22.32948905749396573, 66.67000543079534225 ) ) ;
#2814 = DIRECTION ( 'NONE',  ( 0.000000000000000000, 0.000000000000000000, -1.000000000000000000 ) ) ;
#2815 = FACE_OUTER_BOUND ( 'NONE', #2141, .T. ) ;
#2816 = ADVANCED_FACE ( 'NONE', ( #556 ), #2877, .F. ) ;
#2817 = ORIENTED_EDGE ( 'NONE', *, *, #2083, .T. ) ;
#2818 =( LENGTH_UNIT ( ) NAMED_UNIT ( * ) SI_UNIT ( .MILLI., .METRE. ) );
#2819 = CARTESIAN_POINT ( 'NONE',  ( 60.00000000000000000, 0.000000000000000000, -50.00000000000000000 ) ) ;
#2820 = APPLICATION_CONTEXT ( 'automotive_design' ) ;
#2821 = CARTESIAN_POINT ( 'NONE',  ( 29.10000000000000142, 62.75000000000001421, 22.00000000000000355 ) ) ;
#2822 = DIRECTION ( 'NONE',  ( 0.000000000000000000, 0.000000000000000000, -1.000000000000000000 ) ) ;
#2823 = LINE ( 'NONE', #807, #345 ) ;
#2824 = VERTEX_POINT ( 'NONE', #1429 ) ;
#2825 = ORIENTED_EDGE ( 'NONE', *, *, #2313, .F. ) ;
#2826 = ORIENTED_EDGE ( 'NONE', *, *, #2143, .T. ) ;
#2827 = AXIS2_PLACEMENT_3D ( 'NONE', #770, #2219, #739 ) ;
#2828 = CARTESIAN_POINT ( 'NONE',  ( 45.00000000000000000, 88.00000000000000000, 48.99999999999999289 ) ) ;
#2829 = DIRECTION ( 'NONE',  ( 0.000000000000000000, 0.000000000000000000, -1.000000000000000000 ) ) ;
#2830 = DIRECTION ( 'NONE',  ( -0.000000000000000000, 1.000000000000000000, 0.000000000000000000 ) ) ;
#2831 = DIRECTION ( 'NONE',  ( 1.000000000000000000, -0.000000000000000000, -0.000000000000000000 ) ) ;
#2832 = AXIS2_PLACEMENT_3D ( 'NONE', #2247, #3132, #3410 ) ;
#2833 = EDGE_LOOP ( 'NONE', ( #1255, #1602, #72, #2453 ) ) ;
#2834 = CARTESIAN_POINT ( 'NONE',  ( 25.25172551365717766, 22.33992945449884004, 66.84286494648839039 ) ) ;
#2835 = FILL_AREA_STYLE_COLOUR ( '', #643 ) ;
#2836 = DIRECTION ( 'NONE',  ( 1.000000000000000000, -0.000000000000000000, -0.000000000000000000 ) ) ;
#2837 = VERTEX_POINT ( 'NONE', #2319 ) ;
#2838 = DIRECTION ( 'NONE',  ( -1.000000000000000000, 0.000000000000000000, 0.000000000000000000 ) ) ;
#2839 = CARTESIAN_POINT ( 'NONE',  ( 60.00000000000000000, 0.000000000000000000, 80.00000000000000000 ) ) ;
#2840 = STYLED_ITEM ( 'NONE', ( #3590 ), #3610 ) ;
#2841 = VECTOR ( 'NONE', #3021, 1000.000000000000000 ) ;
#2842 = MECHANICAL_DESIGN_GEOMETRIC_PRESENTATION_REPRESENTATION (  '', ( #3152 ), #831 ) ;
#2843 = CARTESIAN_POINT ( 'NONE',  ( 25.49999999999999645, 64.00000000000000000, 68.59999999999992326 ) ) ;
#2844 = SURFACE_SIDE_STYLE ('',( #1342 ) ) ;
#2845 = CARTESIAN_POINT ( 'NONE',  ( 52.00000000000000000, 72.00000000000000000, -39.50000000000000711 ) ) ;
#2846 = ORIENTED_EDGE ( 'NONE', *, *, #2585, .T. ) ;
#2847 = AXIS2_PLACEMENT_3D ( 'NONE', #694, #3302, #3331 ) ;
#2848 = ORIENTED_EDGE ( 'NONE', *, *, #1594, .F. ) ;
#2849 = AXIS2_PLACEMENT_3D ( 'NONE', #122, #2154, #1268 ) ;
#2850 = ORIENTED_EDGE ( 'NONE', *, *, #513, .T. ) ;
#2851 = CARTESIAN_POINT ( 'NONE',  ( 25.49999999999999645, 65.00000000000000000, 64.65338146873800440 ) ) ;
#2852 = DIRECTION ( 'NONE',  ( 0.000000000000000000, 0.000000000000000000, -1.000000000000000000 ) ) ;
#2853 = LINE ( 'NONE', #2559, #2013 ) ;
#2854 = AXIS2_PLACEMENT_3D ( 'NONE', #959, #1520, #67 ) ;
#2855 = ORIENTED_EDGE ( 'NONE', *, *, #2124, .T. ) ;
#2856 = AXIS2_PLACEMENT_3D ( 'NONE', #1834, #680, #412 ) ;
#2857 = EDGE_CURVE ( 'NONE', #1957, #1860, #1648, .T. ) ;
#2858 = PRODUCT ( '38. переходник на кареткиКЗБ', '38. переходник на кареткиКЗБ', '', ( #323 ) ) ;
#2859 = AXIS2_PLACEMENT_3D ( 'NONE', #885, #1173, #2328 ) ;
#2860 = FACE_OUTER_BOUND ( 'NONE', #980, .T. ) ;
#2861 = DIRECTION ( 'NONE',  ( 1.000000000000000000, -0.000000000000000000, -0.000000000000000000 ) ) ;
#2862 = CARTESIAN_POINT ( 'NONE',  ( 60.00000000000000000, 74.00000000000000000, 70.50000000000000000 ) ) ;
#2863 = EDGE_CURVE ( 'NONE', #1777, #3002, #2619, .T. ) ;
#2864 = CARTESIAN_POINT ( 'NONE',  ( 25.49999999999999645, 23.00000000000000000, 68.34661853126186770 ) ) ;
#2865 = ORIENTED_EDGE ( 'NONE', *, *, #3322, .T. ) ;
#2866 = CARTESIAN_POINT ( 'NONE',  ( 29.10000000000000142, 60.00000000000001421, 58.00000000000000000 ) ) ;
#2867 = CARTESIAN_POINT ( 'NONE',  ( 0.000000000000000000, 88.00000000000000000, 74.99999999999998579 ) ) ;
#2868 = UNCERTAINTY_MEASURE_WITH_UNIT (LENGTH_MEASURE( 1.000000000000000082E-05 ), #3175, 'distance_accuracy_value', 'NONE');
#2869 = CARTESIAN_POINT ( 'NONE',  ( 60.00000000000000000, 88.00000000000000000, 27.00000000000001066 ) ) ;
#2870 = CARTESIAN_POINT ( 'NONE',  ( 60.00000000000000000, 81.99999999999998579, 62.50000000000001421 ) ) ;
#2871 = ORIENTED_EDGE ( 'NONE', *, *, #3319, .T. ) ;
#2872 = EDGE_LOOP ( 'NONE', ( #1970, #2073 ) ) ;
#2873 = EDGE_CURVE ( 'NONE', #1567, #179, #2913, .T. ) ;
#2874 = ORIENTED_EDGE ( 'NONE', *, *, #1026, .F. ) ;
#2875 = DIRECTION ( 'NONE',  ( -1.000000000000000000, 0.000000000000000000, 0.000000000000000000 ) ) ;
#2876 = CARTESIAN_POINT ( 'NONE',  ( 29.10000000000000142, 60.00000000000001421, 22.00000000000000355 ) ) ;
#2877 = CYLINDRICAL_SURFACE ( 'NONE', #2790, 2.750000000000002665 ) ;
#2878 = LINE ( 'NONE', #1723, #3733 ) ;
#2879 = VERTEX_POINT ( 'NONE', #29 ) ;
#2880 = ORIENTED_EDGE ( 'NONE', *, *, #1788, .T. ) ;
#2881 = EDGE_CURVE ( 'NONE', #2164, #1346, #3177, .T. ) ;
#2882 = EDGE_CURVE ( 'NONE', #2062, #2030, #2635, .T. ) ;
#2883 = CARTESIAN_POINT ( 'NONE',  ( 34.50000000000000000, 74.00000000000000000, 70.50000000000000000 ) ) ;
#2884 = CARTESIAN_POINT ( 'NONE',  ( 34.50000000000000000, -6.000000000000005329, 7.500000000000007105 ) ) ;
#2885 = ORIENTED_EDGE ( 'NONE', *, *, #2065, .F. ) ;
#2886 = ADVANCED_FACE ( 'NONE', ( #2371 ), #651, .F. ) ;
#2887 = ADVANCED_FACE ( 'NONE', ( #1179 ), #279, .F. ) ;
#2888 = DIRECTION ( 'NONE',  ( -0.000000000000000000, -0.000000000000000000, -1.000000000000000000 ) ) ;
#2889 = FACE_OUTER_BOUND ( 'NONE', #2213, .T. ) ;
#2890 = LINE ( 'NONE', #3399, #2960 ) ;
#2891 = VERTEX_POINT ( 'NONE', #1218 ) ;
#2892 = CIRCLE ( 'NONE', #2394, 2.000000000000001776 ) ;
#2893 = DIRECTION ( 'NONE',  ( -1.000000000000000000, 0.000000000000000000, 0.000000000000000000 ) ) ;
#2894 = CARTESIAN_POINT ( 'NONE',  ( 39.00000000000000000, 44.00000000000000000, -1.249139735130297407E-15 ) ) ;
#2895 = FACE_OUTER_BOUND ( 'NONE', #526, .T. ) ;
#2896 = CARTESIAN_POINT ( 'NONE',  ( 25.40738767173075985, 65.42981821868485781, 14.82968263679141074 ) ) ;
#2897 = VERTEX_POINT ( 'NONE', #300 ) ;
#2898 = ORIENTED_EDGE ( 'NONE', *, *, #3051, .T. ) ;
#2899 = STYLED_ITEM ( 'NONE', ( #3028 ), #512 ) ;
#2900 = LINE ( 'NONE', #7, #1121 ) ;
#2901 = CARTESIAN_POINT ( 'NONE',  ( 29.10000000000000142, 30.75000000000001066, 22.00000000000000000 ) ) ;
#2902 = ORIENTED_EDGE ( 'NONE', *, *, #1740, .T. ) ;
#2903 = DIRECTION ( 'NONE',  ( 0.000000000000000000, 0.000000000000000000, -1.000000000000000000 ) ) ;
#2904 = LINE ( 'NONE', #2867, #234 ) ;
#2905 = AXIS2_PLACEMENT_3D ( 'NONE', #99, #2985, #3276 ) ;
#2906 = ADVANCED_FACE ( 'NONE', ( #2053 ), #1448, .F. ) ;
#2907 = CARTESIAN_POINT ( 'NONE',  ( 25.49999999999999645, 23.99999999999999289, 64.39999999999994884 ) ) ;
#2908 = ORIENTED_EDGE ( 'NONE', *, *, #383, .F. ) ;
#2909 = VECTOR ( 'NONE', #254, 1000.000000000000000 ) ;
#2910 = FILL_AREA_STYLE_COLOUR ( '', #1630 ) ;
#2911 = DIRECTION ( 'NONE',  ( -1.000000000000000000, 0.000000000000000000, 0.000000000000000000 ) ) ;
#2912 = VECTOR ( 'NONE', #876, 1000.000000000000000 ) ;
#2913 = LINE ( 'NONE', #330, #3588 ) ;
#2914 = DIRECTION ( 'NONE',  ( 1.000000000000000000, -0.000000000000000000, -0.000000000000000000 ) ) ;
#2915 = ORIENTED_EDGE ( 'NONE', *, *, #435, .F. ) ;
#2916 = VECTOR ( 'NONE', #470, 1000.000000000000000 ) ;
#2917 = LINE ( 'NONE', #1794, #2542 ) ;
#2918 = AXIS2_PLACEMENT_3D ( 'NONE', #3698, #1302, #1357 ) ;
#2919 = DIRECTION ( 'NONE',  ( 1.000000000000000000, -0.000000000000000000, -0.000000000000000000 ) ) ;
#2920 = AXIS2_PLACEMENT_3D ( 'NONE', #1507, #1224, #1835 ) ;
#2921 = ORIENTED_EDGE ( 'NONE', *, *, #2697, .F. ) ;
#2922 = EDGE_CURVE ( 'NONE', #3408, #1718, #1469, .T. ) ;
#2923 = DIRECTION ( 'NONE',  ( 0.000000000000000000, 1.000000000000000000, 0.000000000000000000 ) ) ;
#2924 =( NAMED_UNIT ( * ) PLANE_ANGLE_UNIT ( ) SI_UNIT ( $, .RADIAN. ) );
#2925 = VERTEX_POINT ( 'NONE', #2672 ) ;
#2926 = CYLINDRICAL_SURFACE ( 'NONE', #1452, 2.499999999999995115 ) ;
#2927 = ADVANCED_FACE ( 'NONE', ( #2386 ), #2964, .F. ) ;
#2928 = CARTESIAN_POINT ( 'NONE',  ( 60.00000000000000000, 0.000000000000000000, 53.00000000000001421 ) ) ;
#2929 = DIRECTION ( 'NONE',  ( -0.000000000000000000, -0.000000000000000000, 1.000000000000000000 ) ) ;
#2930 = DIRECTION ( 'NONE',  ( 1.000000000000000000, -0.000000000000000000, -0.000000000000000000 ) ) ;
#2931 = ORIENTED_EDGE ( 'NONE', *, *, #395, .F. ) ;
#2932 = ORIENTED_EDGE ( 'NONE', *, *, #383, .T. ) ;
#2933 = VECTOR ( 'NONE', #3327, 1000.000000000000000 ) ;
#2934 = CARTESIAN_POINT ( 'NONE',  ( 55.99999999999999289, 72.00000000000000000, -37.79999999999999716 ) ) ;
#2935 = CARTESIAN_POINT ( 'NONE',  ( 34.50000000000000000, 74.00000000000000000, 72.50000000000001421 ) ) ;
#2936 = ORIENTED_EDGE ( 'NONE', *, *, #2193, .T. ) ;
#2937 = EDGE_CURVE ( 'NONE', #1591, #1625, #1574, .T. ) ;
#2938 = EDGE_CURVE ( 'NONE', #1798, #1657, #1265, .T. ) ;
#2939 = EDGE_CURVE ( 'NONE', #1929, #2257, #943, .T. ) ;
#2940 = EDGE_CURVE ( 'NONE', #2897, #3650, #678, .T. ) ;
#2941 = DIRECTION ( 'NONE',  ( -0.000000000000000000, -1.000000000000000000, -0.000000000000000000 ) ) ;
#2942 = FILL_AREA_STYLE_COLOUR ( '', #3336 ) ;
#2943 = ORIENTED_EDGE ( 'NONE', *, *, #2922, .T. ) ;
#2944 = CARTESIAN_POINT ( 'NONE',  ( 25.49159640795373960, 65.14160782962937901, 68.24786635439045313 ) ) ;
#2945 = CARTESIAN_POINT ( 'NONE',  ( 60.00000000000000000, 74.00000000000000000, 72.50000000000001421 ) ) ;
#2946 = CARTESIAN_POINT ( 'NONE',  ( 57.99999999999997868, 62.50000000000000000, 51.00000000000000000 ) ) ;
#2947 = CARTESIAN_POINT ( 'NONE',  ( 29.10000000000000142, 60.00000000000001421, 55.25000000000000000 ) ) ;
#2948 = VERTEX_POINT ( 'NONE', #3279 ) ;
#2949 = VERTEX_POINT ( 'NONE', #657 ) ;
#2950 = LINE ( 'NONE', #2375, #173 ) ;
#2951 = FACE_BOUND ( 'NONE', #3609, .T. ) ;
#2952 = CARTESIAN_POINT ( 'NONE',  ( 34.50000000000000000, 28.00000000000001066, 22.00000000000000000 ) ) ;
#2953 = ORIENTED_EDGE ( 'NONE', *, *, #458, .F. ) ;
#2954 = DIRECTION ( 'NONE',  ( 1.000000000000000000, 0.000000000000000000, 0.000000000000000000 ) ) ;
#2955 = CONICAL_SURFACE ( 'NONE', #3745, 6.855000000000000426, 0.7853981633974482790 ) ;
#2956 = CIRCLE ( 'NONE', #1131, 0.3999999999999975797 ) ;
#2957 = EDGE_CURVE ( 'NONE', #2689, #2243, #1752, .T. ) ;
#2958 = VECTOR ( 'NONE', #3497, 1000.000000000000000 ) ;
#2959 = FACE_OUTER_BOUND ( 'NONE', #2443, .T. ) ;
#2960 = VECTOR ( 'NONE', #239, 1000.000000000000000 ) ;
#2961 = ORIENTED_EDGE ( 'NONE', *, *, #3430, .T. ) ;
#2962 = CARTESIAN_POINT ( 'NONE',  ( 34.50000000000000000, 0.000000000000000000, 62.10000000000002984 ) ) ;
#2963 = ADVANCED_FACE ( 'NONE', ( #621 ), #1789, .F. ) ;
#2964 = PLANE ( 'NONE',  #1382 ) ;
#2965 = LINE ( 'NONE', #1830, #741 ) ;
#2966 = ORIENTED_EDGE ( 'NONE', *, *, #1352, .F. ) ;
#2967 = EDGE_LOOP ( 'NONE', ( #2977, #3711, #996, #962 ) ) ;
#2968 = CIRCLE ( 'NONE', #2905, 3.299999999999997158 ) ;
#2969 = ORIENTED_EDGE ( 'NONE', *, *, #3277, .F. ) ;
#2970 = AXIS2_PLACEMENT_3D ( 'NONE', #3310, #1541, #155 ) ;
#2971 = AXIS2_PLACEMENT_3D ( 'NONE', #905, #1823, #2615 ) ;
#2972 = CARTESIAN_POINT ( 'NONE',  ( 34.89999999999999858, 0.000000000000000000, 62.50000000000002842 ) ) ;
#2973 = FACE_OUTER_BOUND ( 'NONE', #3744, .T. ) ;
#2974 =( NAMED_UNIT ( * ) SI_UNIT ( $, .STERADIAN. ) SOLID_ANGLE_UNIT ( ) );
#2975 = CARTESIAN_POINT ( 'NONE',  ( 25.31335974109317277, 22.41559547867052871, 12.65296304485343093 ) ) ;
#2976 = AXIS2_PLACEMENT_3D ( 'NONE', #2792, #554, #1427 ) ;
#2977 = ORIENTED_EDGE ( 'NONE', *, *, #2323, .F. ) ;
#2978 = AXIS2_PLACEMENT_3D ( 'NONE', #1072, #3707, #812 ) ;
#2979 = FILL_AREA_STYLE_COLOUR ( '', #1262 ) ;
#2980 = AXIS2_PLACEMENT_3D ( 'NONE', #2392, #3492, #91 ) ;
#2981 = VECTOR ( 'NONE', #932, 1000.000000000000114 ) ;
#2982 = CIRCLE ( 'NONE', #2066, 2.499999999999988454 ) ;
#2983 = CARTESIAN_POINT ( 'NONE',  ( 29.10000000000000142, 60.00000000000001421, 16.99999999999999645 ) ) ;
#2984 = ORIENTED_EDGE ( 'NONE', *, *, #513, .F. ) ;
#2985 = DIRECTION ( 'NONE',  ( 1.000000000000000000, -0.000000000000000000, -0.000000000000000000 ) ) ;
#2986 = CYLINDRICAL_SURFACE ( 'NONE', #849, 2.000000000000000000 ) ;
#2987 = DIRECTION ( 'NONE',  ( 1.000000000000000000, -0.000000000000000000, -0.000000000000000000 ) ) ;
#2988 = DIRECTION ( 'NONE',  ( -0.000000000000000000, 0.000000000000000000, 1.000000000000000000 ) ) ;
#2989 = ORIENTED_EDGE ( 'NONE', *, *, #39, .F. ) ;
#2990 = ORIENTED_EDGE ( 'NONE', *, *, #822, .T. ) ;
#2991 = EDGE_CURVE ( 'NONE', #249, #558, #1557, .T. ) ;
#2992 = EDGE_CURVE ( 'NONE', #2407, #2627, #2656, .T. ) ;
#2993 = ORIENTED_EDGE ( 'NONE', *, *, #1530, .F. ) ;
#2994 = DIRECTION ( 'NONE',  ( 0.000000000000000000, 1.000000000000000000, 0.000000000000000000 ) ) ;
#2995 = LINE ( 'NONE', #2691, #2981 ) ;
#2996 = DIRECTION ( 'NONE',  ( -1.000000000000000000, 0.000000000000000000, 0.000000000000000000 ) ) ;
#2997 = DIRECTION ( 'NONE',  ( 0.000000000000000000, 0.000000000000000000, -1.000000000000000000 ) ) ;
#2998 = LINE ( 'NONE', #2378, #2303 ) ;
#2999 = ORIENTED_EDGE ( 'NONE', *, *, #2758, .T. ) ;
#3000 = ADVANCED_FACE ( 'NONE', ( #2195 ), #2440, .F. ) ;
#3001 = CARTESIAN_POINT ( 'NONE',  ( 25.37281557388254782, 22.50881318058291569, 14.66963877419096107 ) ) ;
#3002 = VERTEX_POINT ( 'NONE', #1578 ) ;
#3003 = DIRECTION ( 'NONE',  ( -1.000000000000000000, -0.000000000000000000, -0.000000000000000000 ) ) ;
#3004 = LINE ( 'NONE', #2176, #108 ) ;
#3005 = PLANE ( 'NONE',  #3066 ) ;
#3006 = ORIENTED_EDGE ( 'NONE', *, *, #1646, .T. ) ;
#3007 = VERTEX_POINT ( 'NONE', #1269 ) ;
#3008 = VERTEX_POINT ( 'NONE', #1614 ) ;
#3009 = DIRECTION ( 'NONE',  ( 0.000000000000000000, -0.000000000000000000, -1.000000000000000000 ) ) ;
#3010 = LINE ( 'NONE', #2391, #2363 ) ;
#3011 = LINE ( 'NONE', #432, #3396 ) ;
#3012 = CARTESIAN_POINT ( 'NONE',  ( 25.49159640795373249, 22.85839217037061388, 11.75213364560943319 ) ) ;
#3013 = ORIENTED_EDGE ( 'NONE', *, *, #3112, .F. ) ;
#3014 = DIRECTION ( 'NONE',  ( -1.000000000000000000, 0.000000000000000000, 0.000000000000000000 ) ) ;
#3015 = B_SPLINE_CURVE_WITH_KNOTS ( 'NONE', 3,
 ( #265, #1430, #2582, #1164, #3750, #2025, #1180, #3426, #3194, #574, #1470, #2537, #814, #3207, #3709, #1737, #2896, #2334, #280, #1098, #793, #2262 ),
 .UNSPECIFIED., .F., .F.,
 ( 4, 2, 2, 2, 2, 2, 2, 2, 2, 2, 4 ),
 ( 0.0001083251821637644098, 0.0003665611930004231546, 0.0006247972038370818316, 0.001141269225510399294, 0.001657741247183716756, 0.002174213268857034219, 0.002690685290530351464, 0.003207157312203669144, 0.003723629333876986823, 0.003981865344713645880, 0.004240101355550304069 ),
 .UNSPECIFIED. ) ;
#3016 = AXIS2_PLACEMENT_3D ( 'NONE', #1907, #1922, #2774 ) ;
#3017 = ORIENTED_EDGE ( 'NONE', *, *, #2095, .T. ) ;
#3018 = DIRECTION ( 'NONE',  ( 1.000000000000000000, -0.000000000000000000, -0.000000000000000000 ) ) ;
#3019 = EDGE_CURVE ( 'NONE', #1060, #963, #2726, .T. ) ;
#3020 = DIRECTION ( 'NONE',  ( -0.000000000000000000, -1.000000000000000000, -0.000000000000000000 ) ) ;
#3021 = DIRECTION ( 'NONE',  ( 0.000000000000000000, -1.000000000000000000, -5.782411586589356653E-16 ) ) ;
#3022 = CARTESIAN_POINT ( 'NONE',  ( 34.50000000000000000, 11.80425947089477745, 16.76261414038126318 ) ) ;
#3023 = ORIENTED_EDGE ( 'NONE', *, *, #2068, .T. ) ;
#3024 = ORIENTED_EDGE ( 'NONE', *, *, #1594, .T. ) ;
#3025 = ORIENTED_EDGE ( 'NONE', *, *, #1869, .F. ) ;
#3026 = FACE_BOUND ( 'NONE', #3166, .T. ) ;
#3027 = CARTESIAN_POINT ( 'NONE',  ( 0.000000000000000000, 0.000000000000000000, 80.00000000000000000 ) ) ;
#3028 = PRESENTATION_STYLE_ASSIGNMENT (( #1055 ) ) ;
#3029 = AXIS2_PLACEMENT_3D ( 'NONE', #653, #2701, #958 ) ;
#3030 = ORIENTED_EDGE ( 'NONE', *, *, #3076, .T. ) ;
#3031 = CARTESIAN_POINT ( 'NONE',  ( 34.50000000000000000, 81.99999999999998579, 62.50000000000001421 ) ) ;
#3032 = VECTOR ( 'NONE', #811, 1000.000000000000000 ) ;
#3033 = VECTOR ( 'NONE', #1962, 1000.000000000000000 ) ;
#3034 = VECTOR ( 'NONE', #1349, 1000.000000000000000 ) ;
#3035 = CIRCLE ( 'NONE', #1274, 2.749999999999999112 ) ;
#3036 = EDGE_CURVE ( 'NONE', #104, #26, #1012, .T. ) ;
#3037 = STYLED_ITEM ( 'NONE', ( #1087 ), #1412 ) ;
#3038 = ORIENTED_EDGE ( 'NONE', *, *, #1392, .F. ) ;
#3039 = VECTOR ( 'NONE', #577, 1000.000000000000000 ) ;
#3040 = DIRECTION ( 'NONE',  ( 1.000000000000000000, -0.000000000000000000, -0.000000000000000000 ) ) ;
#3041 = CARTESIAN_POINT ( 'NONE',  ( 60.00000000000000000, 81.99999999999998579, 62.50000000000001421 ) ) ;
#3042 = DIRECTION ( 'NONE',  ( 0.000000000000000000, 0.000000000000000000, -1.000000000000000000 ) ) ;
#3043 = FACE_OUTER_BOUND ( 'NONE', #1495, .T. ) ;
#3044 = ORIENTED_EDGE ( 'NONE', *, *, #459, .F. ) ;
#3045 = EDGE_LOOP ( 'NONE', ( #1684, #253, #2100, #3401 ) ) ;
#3046 = ORIENTED_EDGE ( 'NONE', *, *, #1167, .T. ) ;
#3047 = EDGE_CURVE ( 'NONE', #1068, #629, #3004, .T. ) ;
#3048 = CARTESIAN_POINT ( 'NONE',  ( 34.50000000000000000, 28.00000000000001066, 53.00000000000000711 ) ) ;
#3049 = CYLINDRICAL_SURFACE ( 'NONE', #59, 3.299999999999997158 ) ;
#3050 = DIRECTION ( 'NONE',  ( 0.000000000000000000, 0.000000000000000000, -1.000000000000000000 ) ) ;
#3051 = EDGE_CURVE ( 'NONE', #1665, #3155, #2403, .T. ) ;
#3052 = FACE_OUTER_BOUND ( 'NONE', #333, .T. ) ;
#3053 = ORIENTED_EDGE ( 'NONE', *, *, #3760, .T. ) ;
#3054 = CARTESIAN_POINT ( 'NONE',  ( 25.50000000000000000, 28.00000000000001066, 19.25000000000000000 ) ) ;
#3055 = DIRECTION ( 'NONE',  ( 1.000000000000000000, 0.000000000000000000, 0.000000000000000000 ) ) ;
#3056 = VECTOR ( 'NONE', #658, 1000.000000000000000 ) ;
#3057 = ADVANCED_FACE ( 'NONE', ( #2478 ), #102, .F. ) ;
#3058 = EDGE_CURVE ( 'NONE', #397, #758, #977, .T. ) ;
#3059 = VERTEX_POINT ( 'NONE', #372 ) ;
#3060 = CARTESIAN_POINT ( 'NONE',  ( 29.10000000000000142, 28.00000000000001066, 22.00000000000000000 ) ) ;
#3061 = B_SPLINE_CURVE_WITH_KNOTS ( 'NONE', 3,
 ( #2864, #3716, #2567, #2012, #1393, #2547, #799, #1984, #774, #2834, #2813, #3131, #1413, #2544, #1966, #3114, #2516, #2284, #3713, #1705, #1389, #223 ),
 .UNSPECIFIED., .F., .F.,
 ( 4, 2, 2, 2, 2, 2, 2, 2, 2, 2, 4 ),
 ( 0.0001083251821637481061, 0.0003665611930004060242, 0.0006247972038370639422, 0.001141269225510384766, 0.001657741247183705481, 0.002174213268857026413, 0.002690685290530347128, 0.003207157312203667843, 0.003723629333876989425, 0.003981865344713649349, 0.004240101355550310140 ),
 .UNSPECIFIED. ) ;
#3062 = DIRECTION ( 'NONE',  ( 1.000000000000000000, -0.000000000000000000, -0.000000000000000000 ) ) ;
#3063 = CARTESIAN_POINT ( 'NONE',  ( 52.00000000000000000, 72.00000000000000000, -34.50000000000000000 ) ) ;
#3064 = ORIENTED_EDGE ( 'NONE', *, *, #3439, .F. ) ;
#3065 = ORIENTED_EDGE ( 'NONE', *, *, #514, .F. ) ;
#3066 = AXIS2_PLACEMENT_3D ( 'NONE', #892, #2054, #2988 ) ;
#3067 = ORIENTED_EDGE ( 'NONE', *, *, #3547, .T. ) ;
#3068 = CARTESIAN_POINT ( 'NONE',  ( 34.50000000000000000, 74.00000000000001421, 7.500000000000007105 ) ) ;
#3069 = ADVANCED_FACE ( 'NONE', ( #387 ), #424, .F. ) ;
#3070 = CARTESIAN_POINT ( 'NONE',  ( 60.00000000000000000, 4.631245078068402243, -17.94715595877080005 ) ) ;
#3071 = DIRECTION ( 'NONE',  ( -1.000000000000000000, -0.000000000000000000, -0.000000000000000000 ) ) ;
#3072 = ORIENTED_EDGE ( 'NONE', *, *, #2224, .T. ) ;
#3073 = CARTESIAN_POINT ( 'NONE',  ( 34.50000000000000000, 76.00000000000000000, 16.50000000000000000 ) ) ;
#3074 = DIRECTION ( 'NONE',  ( 1.000000000000000000, -0.000000000000000000, -0.000000000000000000 ) ) ;
#3075 = VECTOR ( 'NONE', #2209, 1000.000000000000000 ) ;
#3076 = EDGE_CURVE ( 'NONE', #1137, #2330, #3577, .T. ) ;
#3077 = CIRCLE ( 'NONE', #3016, 2.099999999999987210 ) ;
#3078 = DIRECTION ( 'NONE',  ( -1.000000000000000000, 0.000000000000000000, 0.000000000000000000 ) ) ;
#3079 = MECHANICAL_DESIGN_GEOMETRIC_PRESENTATION_REPRESENTATION (  '', ( #460 ), #3752 ) ;
#3080 = LINE ( 'NONE', #2254, #596 ) ;
#3081 = CARTESIAN_POINT ( 'NONE',  ( 34.89999999999999858, 12.00000000000000533, 16.49999999999997158 ) ) ;
#3082 = VERTEX_POINT ( 'NONE', #689 ) ;
#3083 = ORIENTED_EDGE ( 'NONE', *, *, #3465, .F. ) ;
#3084 = CIRCLE ( 'NONE', #699, 5.000000000000000888 ) ;
#3085 = ORIENTED_EDGE ( 'NONE', *, *, #175, .F. ) ;
#3086 = CARTESIAN_POINT ( 'NONE',  ( 34.50000000000000000, 12.00000000000000533, 17.89999999999998792 ) ) ;
#3087 = AXIS2_PLACEMENT_3D ( 'NONE', #2047, #2250, #3478 ) ;
#3088 = EDGE_CURVE ( 'NONE', #2127, #1014, #2139, .T. ) ;
#3089 = DIRECTION ( 'NONE',  ( 0.000000000000000000, 0.000000000000000000, -1.000000000000000000 ) ) ;
#3090 = CARTESIAN_POINT ( 'NONE',  ( 34.50000000000000000, 28.00000000000001066, 17.00000000000000355 ) ) ;
#3091 = SURFACE_SIDE_STYLE ('',( #1334 ) ) ;
#3092 = VERTEX_POINT ( 'NONE', #1844 ) ;
#3093 = AXIS2_PLACEMENT_3D ( 'NONE', #1670, #1732, #2529 ) ;
#3094 = LINE ( 'NONE', #700, #1624 ) ;
#3095 = CIRCLE ( 'NONE', #533, 4.999999999999990230 ) ;
#3096 = CARTESIAN_POINT ( 'NONE',  ( 9.999999999999994671, 1.224646799147356609E-15, -15.00000000000000000 ) ) ;
#3097 = VERTEX_POINT ( 'NONE', #3365 ) ;
#3098 = VECTOR ( 'NONE', #1032, 1000.000000000000000 ) ;
#3099 = AXIS2_PLACEMENT_3D ( 'NONE', #3591, #2671, #3605 ) ;
#3100 = CARTESIAN_POINT ( 'NONE',  ( 34.50000000000000000, 24.00000000000000000, 11.39999999999994174 ) ) ;
#3101 = DIRECTION ( 'NONE',  ( 0.000000000000000000, 0.000000000000000000, -1.000000000000000000 ) ) ;
#3102 = CARTESIAN_POINT ( 'NONE',  ( 60.00000000000000000, 76.00000000000001421, 7.500000000000034639 ) ) ;
#3103 = ORIENTED_EDGE ( 'NONE', *, *, #2497, .F. ) ;
#3104 = VERTEX_POINT ( 'NONE', #2125 ) ;
#3105 = VECTOR ( 'NONE', #1774, 1000.000000000000000 ) ;
#3106 = EDGE_CURVE ( 'NONE', #3359, #105, #2685, .T. ) ;
#3107 = EDGE_LOOP ( 'NONE', ( #3382, #1231, #3766, #3262 ) ) ;
#3108 = DIRECTION ( 'NONE',  ( 1.000000000000000000, -0.000000000000000000, -0.000000000000000000 ) ) ;
#3109 = CARTESIAN_POINT ( 'NONE',  ( 34.50000000000000000, -6.000000000000005329, 72.50000000000001421 ) ) ;
#3110 = CARTESIAN_POINT ( 'NONE',  ( 40.00000000000000711, 23.99999999999998224, 72.50000000000001421 ) ) ;
#3111 = DIRECTION ( 'NONE',  ( 1.000000000000000000, -0.000000000000000000, 0.000000000000000000 ) ) ;
#3112 = EDGE_CURVE ( 'NONE', #157, #3168, #2705, .T. ) ;
#3113 = ORIENTED_EDGE ( 'NONE', *, *, #1187, .F. ) ;
#3114 = CARTESIAN_POINT ( 'NONE',  ( 25.37305583731278347, 22.50922895570788995, 65.32917352418097323 ) ) ;
#3115 = DIRECTION ( 'NONE',  ( 0.000000000000000000, -0.8436614877321074735, 0.5368754921931593316 ) ) ;
#3116 = FACE_OUTER_BOUND ( 'NONE', #661, .T. ) ;
#3117 = VERTEX_POINT ( 'NONE', #404 ) ;
#3118 = FILL_AREA_STYLE ('',( #1301 ) ) ;
#3119 = FILL_AREA_STYLE ('',( #1952 ) ) ;
#3120 = FACE_OUTER_BOUND ( 'NONE', #3219, .T. ) ;
#3121 = CARTESIAN_POINT ( 'NONE',  ( 29.10000000000000142, 28.00000000000001066, 22.00000000000000000 ) ) ;
#3122 = CARTESIAN_POINT ( 'NONE',  ( 34.50000000000000000, 77.00000000000001421, 62.50000000000001421 ) ) ;
#3123 = ORIENTED_EDGE ( 'NONE', *, *, #2323, .T. ) ;
#3124 = ORIENTED_EDGE ( 'NONE', *, *, #2526, .F. ) ;
#3125 = ORIENTED_EDGE ( 'NONE', *, *, #196, .T. ) ;
#3126 = CARTESIAN_POINT ( 'NONE',  ( 25.28725477863186200, 65.61725970556115328, 67.17887580846731055 ) ) ;
#3127 = PLANE ( 'NONE',  #415 ) ;
#3128 = DIRECTION ( 'NONE',  ( 1.000000000000000000, 0.000000000000000000, 0.000000000000000000 ) ) ;
#3129 = DIRECTION ( 'NONE',  ( -1.000000000000000000, 0.000000000000000000, -0.000000000000000000 ) ) ;
#3130 = VERTEX_POINT ( 'NONE', #2155 ) ;
#3131 = CARTESIAN_POINT ( 'NONE',  ( 25.24194452685189916, 22.32953872580519317, 66.32877685001056989 ) ) ;
#3132 = DIRECTION ( 'NONE',  ( 0.000000000000000000, 1.000000000000000000, 0.000000000000000000 ) ) ;
#3133 = DIRECTION ( 'NONE',  ( 0.000000000000000000, 0.000000000000000000, 1.000000000000000000 ) ) ;
#3134 = ORIENTED_EDGE ( 'NONE', *, *, #848, .F. ) ;
#3135 = CARTESIAN_POINT ( 'NONE',  ( 34.50000000000000000, 28.00000000000001066, 53.00000000000000711 ) ) ;
#3136 = CARTESIAN_POINT ( 'NONE',  ( 25.49999999999999645, 23.99999999999999289, 66.49999999999992895 ) ) ;
#3137 = CARTESIAN_POINT ( 'NONE',  ( 47.00000000000000000, 88.00000000000000000, 51.00000000000000000 ) ) ;
#3138 = DIRECTION ( 'NONE',  ( -0.7071067811865444641, 0.000000000000000000, -0.7071067811865505703 ) ) ;
#3139 = FACE_OUTER_BOUND ( 'NONE', #306, .T. ) ;
#3140 = VERTEX_POINT ( 'NONE', #3326 ) ;
#3141 = EDGE_CURVE ( 'NONE', #3628, #341, #1597, .T. ) ;
#3142 = ORIENTED_EDGE ( 'NONE', *, *, #2799, .T. ) ;
#3143 = EDGE_LOOP ( 'NONE', ( #1070, #2984, #3134, #126 ) ) ;
#3144 = AXIS2_PLACEMENT_3D ( 'NONE', #720, #3586, #2134 ) ;
#3145 = EDGE_CURVE ( 'NONE', #2925, #193, #227, .T. ) ;
#3146 = DIRECTION ( 'NONE',  ( 0.000000000000000000, 0.000000000000000000, -1.000000000000000000 ) ) ;
#3147 = LINE ( 'NONE', #3109, #477 ) ;
#3148 = CARTESIAN_POINT ( 'NONE',  ( 25.49999999999999645, 64.00000000000000000, 13.49999999999993605 ) ) ;
#3149 = DIRECTION ( 'NONE',  ( 0.000000000000000000, 0.000000000000000000, -1.000000000000000000 ) ) ;
#3150 = ORIENTED_EDGE ( 'NONE', *, *, #3145, .F. ) ;
#3151 = CARTESIAN_POINT ( 'NONE',  ( 29.10000000000000142, 28.00000000000001066, 26.99999999999999645 ) ) ;
#3152 = STYLED_ITEM ( 'NONE', ( #3250 ), #1249 ) ;
#3153 = CARTESIAN_POINT ( 'NONE',  ( 29.10000000000000142, 28.00000000000001066, 60.75000000000000000 ) ) ;
#3154 = DIRECTION ( 'NONE',  ( -1.000000000000000000, 0.000000000000000000, 0.000000000000000000 ) ) ;
#3155 = VERTEX_POINT ( 'NONE', #2869 ) ;
#3156 = CARTESIAN_POINT ( 'NONE',  ( 34.50000000000000000, 64.00000000000000000, 13.49999999999993605 ) ) ;
#3157 = EDGE_CURVE ( 'NONE', #416, #1893, #1065, .T. ) ;
#3158 = VECTOR ( 'NONE', #2347, 1000.000000000000000 ) ;
#3159 = PRESENTATION_LAYER_ASSIGNMENT (  '', '', ( #2472 ) ) ;
#3160 = VECTOR ( 'NONE', #646, 1000.000000000000000 ) ;
#3161 = EDGE_CURVE ( 'NONE', #1060, #3329, #2232, .T. ) ;
#3162 = CARTESIAN_POINT ( 'NONE',  ( 24.49999999999999645, 66.00000000000000000, 0.000000000000000000 ) ) ;
#3163 = EDGE_CURVE ( 'NONE', #895, #1729, #1761, .T. ) ;
#3164 = CARTESIAN_POINT ( 'NONE',  ( 40.00000000000000711, 23.99999999999998224, 80.00000000000000000 ) ) ;
#3165 = CARTESIAN_POINT ( 'NONE',  ( 60.00000000000000000, 76.00000000000000000, 16.50000000000000000 ) ) ;
#3166 = EDGE_LOOP ( 'NONE', ( #1848, #1211 ) ) ;
#3167 = VECTOR ( 'NONE', #1563, 1000.000000000000114 ) ;
#3168 = VERTEX_POINT ( 'NONE', #3742 ) ;
#3169 = VECTOR ( 'NONE', #1286, 1000.000000000000000 ) ;
#3170 = ORIENTED_EDGE ( 'NONE', *, *, #3551, .T. ) ;
#3171 = LINE ( 'NONE', #217, #231 ) ;
#3172 = FACE_OUTER_BOUND ( 'NONE', #3493, .T. ) ;
#3173 = DIRECTION ( 'NONE',  ( 1.000000000000000000, -0.000000000000000000, -0.000000000000000000 ) ) ;
#3174 = CARTESIAN_POINT ( 'NONE',  ( 34.50000000000000000, 28.00000000000001066, 26.99999999999998934 ) ) ;
#3175 =( LENGTH_UNIT ( ) NAMED_UNIT ( * ) SI_UNIT ( .MILLI., .METRE. ) );
#3176 = VECTOR ( 'NONE', #813, 1000.000000000000114 ) ;
#3177 = CIRCLE ( 'NONE', #407, 2.000000000000000000 ) ;
#3178 = ORIENTED_EDGE ( 'NONE', *, *, #1007, .T. ) ;
#3179 = MECHANICAL_DESIGN_GEOMETRIC_PRESENTATION_REPRESENTATION (  '', ( #2666 ), #775 ) ;
#3180 = EDGE_CURVE ( 'NONE', #241, #249, #773, .T. ) ;
#3181 = AXIS2_PLACEMENT_3D ( 'NONE', #3720, #1441, #2549 ) ;
#3182 = EDGE_CURVE ( 'NONE', #3007, #48, #3080, .T. ) ;
#3183 = CARTESIAN_POINT ( 'NONE',  ( 34.50000000000000000, 24.00000000000000000, 13.49999999999993072 ) ) ;
#3184 = CARTESIAN_POINT ( 'NONE',  ( 60.00000000000000000, 11.00000000000000000, 62.50000000000002842 ) ) ;
#3185 = ORIENTED_EDGE ( 'NONE', *, *, #3058, .T. ) ;
#3186 = LINE ( 'NONE', #3759, #1572 ) ;
#3187 = CARTESIAN_POINT ( 'NONE',  ( 42.55812545754028520, 88.00000000000000000, -3.000000000000000000 ) ) ;
#3188 = LINE ( 'NONE', #568, #540 ) ;
#3189 = LINE ( 'NONE', #3677, #1320 ) ;
#3190 = ORIENTED_EDGE ( 'NONE', *, *, #794, .F. ) ;
#3191 = SURFACE_SIDE_STYLE ('',( #1734 ) ) ;
#3192 = DIRECTION ( 'NONE',  ( 1.000000000000000000, -0.000000000000000000, -0.000000000000000000 ) ) ;
#3193 = DIRECTION ( 'NONE',  ( -1.000000000000000000, 0.000000000000000000, 2.312964634635742957E-16 ) ) ;
#3194 = CARTESIAN_POINT ( 'NONE',  ( 25.28749093468658060, 65.61696223604674572, 12.81942964371811122 ) ) ;
#3195 = ORIENTED_EDGE ( 'NONE', *, *, #1872, .F. ) ;
#3196 = EDGE_CURVE ( 'NONE', #2715, #2110, #2717, .T. ) ;
#3197 = FACE_OUTER_BOUND ( 'NONE', #3730, .T. ) ;
#3198 = ORIENTED_EDGE ( 'NONE', *, *, #1704, .T. ) ;
#3199 = DIRECTION ( 'NONE',  ( 1.000000000000000000, -0.000000000000000000, 0.000000000000000000 ) ) ;
#3200 = EDGE_CURVE ( 'NONE', #179, #749, #1015, .T. ) ;
#3201 = DIRECTION ( 'NONE',  ( -0.000000000000000000, -0.000000000000000000, 1.000000000000000000 ) ) ;
#3202 = LINE ( 'NONE', #1974, #1629 ) ;
#3203 = ORIENTED_EDGE ( 'NONE', *, *, #2571, .F. ) ;
#3204 = CARTESIAN_POINT ( 'NONE',  ( 25.50000000000000000, 60.00000000000001421, 60.75000000000000711 ) ) ;
#3205 = DIRECTION ( 'NONE',  ( 0.000000000000000000, 0.000000000000000000, -1.000000000000000000 ) ) ;
#3206 = DIRECTION ( 'NONE',  ( -0.000000000000000000, -1.000000000000000000, -0.000000000000000000 ) ) ;
#3207 = CARTESIAN_POINT ( 'NONE',  ( 25.28725477863186200, 65.61725970556113907, 14.17887580846732298 ) ) ;
#3208 = ORIENTED_EDGE ( 'NONE', *, *, #1586, .F. ) ;
#3209 = ORIENTED_EDGE ( 'NONE', *, *, #3200, .T. ) ;
#3210 = EDGE_CURVE ( 'NONE', #1618, #3328, #177, .T. ) ;
#3211 = FACE_BOUND ( 'NONE', #2709, .T. ) ;
#3212 = AXIS2_PLACEMENT_3D ( 'NONE', #2778, #132, #1925 ) ;
#3213 = LINE ( 'NONE', #1184, #2275 ) ;
#3214 = CARTESIAN_POINT ( 'NONE',  ( 34.50000000000000000, 64.00000000000000000, 64.39999999999994884 ) ) ;
#3215 = VERTEX_POINT ( 'NONE', #1090 ) ;
#3216 =( LENGTH_UNIT ( ) NAMED_UNIT ( * ) SI_UNIT ( .MILLI., .METRE. ) );
#3217 = LINE ( 'NONE', #3137, #3347 ) ;
#3218 = PRESENTATION_STYLE_ASSIGNMENT (( #2050 ) ) ;
#3219 = EDGE_LOOP ( 'NONE', ( #483, #2700, #2633, #2459 ) ) ;
#3220 = VECTOR ( 'NONE', #1423, 1000.000000000000000 ) ;
#3221 = AXIS2_PLACEMENT_3D ( 'NONE', #821, #206, #2903 ) ;
#3222 = DIRECTION ( 'NONE',  ( -1.000000000000000000, 0.000000000000000000, -0.000000000000000000 ) ) ;
#3223 = AXIS2_PLACEMENT_3D ( 'NONE', #3164, #806, #2492 ) ;
#3224 = CARTESIAN_POINT ( 'NONE',  ( 51.96428821122963626, 0.04742009914130700804, -10.51766560067090062 ) ) ;
#3225 = CARTESIAN_POINT ( 'NONE',  ( 2.000000000000015543, 22.00000000000000000, 80.00000000000000000 ) ) ;
#3226 = ORIENTED_EDGE ( 'NONE', *, *, #2342, .T. ) ;
#3227 = EDGE_CURVE ( 'NONE', #1560, #2654, #1669, .T. ) ;
#3228 = CIRCLE ( 'NONE', #3584, 2.099999999999987210 ) ;
#3229 = LINE ( 'NONE', #610, #546 ) ;
#3230 = CIRCLE ( 'NONE', #1582, 10.00000000000000178 ) ;
#3231 = ADVANCED_FACE ( 'NONE', ( #1689 ), #2802, .F. ) ;
#3232 = ADVANCED_FACE ( 'NONE', ( #464 ), #3418, .F. ) ;
#3233 = CONICAL_SURFACE ( 'NONE', #2362, 1.399999999999998579, 0.7853981633974471688 ) ;
#3234 = DIRECTION ( 'NONE',  ( -0.000000000000000000, -0.7071067811865465735, -0.7071067811865485719 ) ) ;
#3235 = COLOUR_RGB ( '',0.7529411764705882248, 0.7529411764705882248, 0.7529411764705882248 ) ;
#3236 = AXIS2_PLACEMENT_3D ( 'NONE', #2884, #3736, #2588 ) ;
#3237 = VERTEX_POINT ( 'NONE', #1715 ) ;
#3238 = CARTESIAN_POINT ( 'NONE',  ( 60.00000000000000000, 0.000000000000000000, 80.00000000000000000 ) ) ;
#3239 = DIRECTION ( 'NONE',  ( -1.000000000000000000, 0.000000000000000000, 0.000000000000000000 ) ) ;
#3240 = ORIENTED_EDGE ( 'NONE', *, *, #2451, .F. ) ;
#3241 = DIRECTION ( 'NONE',  ( -0.000000000000000000, -0.000000000000000000, -1.000000000000000000 ) ) ;
#3242 = LINE ( 'NONE', #2928, #1516 ) ;
#3243 = DIRECTION ( 'NONE',  ( 0.000000000000000000, -1.000000000000000000, 0.000000000000000000 ) ) ;
#3244 = CARTESIAN_POINT ( 'NONE',  ( 25.49999999999999645, 64.00000000000000000, 13.49999999999993605 ) ) ;
#3245 = EDGE_LOOP ( 'NONE', ( #261, #2932, #2198, #2109, #647, #3024, #1425, #2400, #1503, #2561, #3023, #3017 ) ) ;
#3246 = VERTEX_POINT ( 'NONE', #257 ) ;
#3247 = AXIS2_PLACEMENT_3D ( 'NONE', #3063, #3607, #3351 ) ;
#3248 = DIRECTION ( 'NONE',  ( 0.000000000000000000, 0.000000000000000000, 1.000000000000000000 ) ) ;
#3249 = PLANE ( 'NONE',  #2980 ) ;
#3250 = PRESENTATION_STYLE_ASSIGNMENT (( #3304 ) ) ;
#3251 = ORIENTED_EDGE ( 'NONE', *, *, #2551, .F. ) ;
#3252 = AXIS2_PLACEMENT_3D ( 'NONE', #622, #929, #1790 ) ;
#3253 = EDGE_CURVE ( 'NONE', #26, #2643, #3188, .T. ) ;
#3254 = LINE ( 'NONE', #1465, #3285 ) ;
#3255 = ORIENTED_EDGE ( 'NONE', *, *, #2224, .F. ) ;
#3256 = CARTESIAN_POINT ( 'NONE',  ( 44.90073188586937647, 88.00000000000000000, -1.125914857336725250 ) ) ;
#3257 = FACE_OUTER_BOUND ( 'NONE', #186, .T. ) ;
#3258 = ADVANCED_FACE ( 'NONE', ( #2889 ), #2018, .F. ) ;
#3259 = CARTESIAN_POINT ( 'NONE',  ( 60.00000000000000000, 81.99999999999998579, 19.50000000000003197 ) ) ;
#3260 = DIRECTION ( 'NONE',  ( 0.000000000000000000, 0.000000000000000000, -1.000000000000000000 ) ) ;
#3261 =( GEOMETRIC_REPRESENTATION_CONTEXT ( 3 ) GLOBAL_UNCERTAINTY_ASSIGNED_CONTEXT ( ( #853 ) ) GLOBAL_UNIT_ASSIGNED_CONTEXT ( ( #3475, #3491, #2028 ) ) REPRESENTATION_CONTEXT ( 'NONE', 'WORKASPACE' ) );
#3262 = ORIENTED_EDGE ( 'NONE', *, *, #2417, .T. ) ;
#3263 = ORIENTED_EDGE ( 'NONE', *, *, #2379, .F. ) ;
#3264 = EDGE_CURVE ( 'NONE', #1959, #1247, #160, .T. ) ;
#3265 = DIRECTION ( 'NONE',  ( -1.000000000000000000, 0.000000000000000000, -0.000000000000000000 ) ) ;
#3266 = LINE ( 'NONE', #898, #1518 ) ;
#3267 = ORIENTED_EDGE ( 'NONE', *, *, #2193, .F. ) ;
#3268 = CIRCLE ( 'NONE', #3212, 1.399999999999998579 ) ;
#3269 = VECTOR ( 'NONE', #534, 1000.000000000000000 ) ;
#3270 = AXIS2_PLACEMENT_3D ( 'NONE', #1101, #202, #2502 ) ;
#3271 = EDGE_CURVE ( 'NONE', #2879, #1049, #429, .T. ) ;
#3272 = AXIS2_PLACEMENT_3D ( 'NONE', #274, #2315, #872 ) ;
#3273 = EDGE_CURVE ( 'NONE', #2110, #3725, #3615, .T. ) ;
#3274 = CYLINDRICAL_SURFACE ( 'NONE', #2971, 2.099999999999990763 ) ;
#3275 = ORIENTED_EDGE ( 'NONE', *, *, #116, .T. ) ;
#3276 = DIRECTION ( 'NONE',  ( 0.000000000000000000, 0.000000000000000000, 1.000000000000000000 ) ) ;
#3277 = EDGE_CURVE ( 'NONE', #157, #887, #2752, .T. ) ;
#3278 = DIRECTION ( 'NONE',  ( 1.000000000000000000, 0.000000000000000000, 0.000000000000000000 ) ) ;
#3279 = CARTESIAN_POINT ( 'NONE',  ( 37.50000000000001421, 63.99999999999998579, 80.00000000000000000 ) ) ;
#3280 = DIRECTION ( 'NONE',  ( 0.000000000000000000, 0.000000000000000000, 1.000000000000000000 ) ) ;
#3281 = ORIENTED_EDGE ( 'NONE', *, *, #2551, .T. ) ;
#3282 = ORIENTED_EDGE ( 'NONE', *, *, #560, .F. ) ;
#3283 = AXIS2_PLACEMENT_3D ( 'NONE', #1895, #3568, #121 ) ;
#3284 = AXIS2_PLACEMENT_3D ( 'NONE', #2574, #2786, #238 ) ;
#3285 = VECTOR ( 'NONE', #1494, 1000.000000000000000 ) ;
#3286 = FACE_OUTER_BOUND ( 'NONE', #570, .T. ) ;
#3287 = FACE_OUTER_BOUND ( 'NONE', #3444, .T. ) ;
#3288 = LINE ( 'NONE', #666, #949 ) ;
#3289 = CARTESIAN_POINT ( 'NONE',  ( 25.50000000000131806, 22.92399469902246878, 11.69454064681739247 ) ) ;
#3290 = EDGE_CURVE ( 'NONE', #180, #3097, #2531, .T. ) ;
#3291 = CIRCLE ( 'NONE', #1022, 5.000000000000004441 ) ;
#3292 = CIRCLE ( 'NONE', #3342, 2.750000000000002665 ) ;
#3293 = CARTESIAN_POINT ( 'NONE',  ( 25.49999999999999645, 23.00000000000000000, 15.34661853126185527 ) ) ;
#3294 = ORIENTED_EDGE ( 'NONE', *, *, #724, .F. ) ;
#3295 = DIRECTION ( 'NONE',  ( 0.000000000000000000, 0.000000000000000000, -1.000000000000000000 ) ) ;
#3296 = LINE ( 'NONE', #671, #904 ) ;
#3297 = CARTESIAN_POINT ( 'NONE',  ( 52.00000000000000000, 88.00000000000000000, -50.00000000000000000 ) ) ;
#3298 = DIRECTION ( 'NONE',  ( 0.000000000000000000, 0.000000000000000000, -1.000000000000000000 ) ) ;
#3299 = VERTEX_POINT ( 'NONE', #997 ) ;
#3300 = VERTEX_POINT ( 'NONE', #2710 ) ;
#3301 = ORIENTED_EDGE ( 'NONE', *, *, #284, .F. ) ;
#3302 = DIRECTION ( 'NONE',  ( 1.000000000000000000, -0.000000000000000000, -0.000000000000000000 ) ) ;
#3303 = DIRECTION ( 'NONE',  ( 1.000000000000000000, -0.000000000000000000, -0.000000000000000000 ) ) ;
#3304 = SURFACE_STYLE_USAGE ( .BOTH. , #2149 ) ;
#3305 = ORIENTED_EDGE ( 'NONE', *, *, #1216, .T. ) ;
#3306 = DIRECTION ( 'NONE',  ( 0.000000000000000000, -0.000000000000000000, 1.000000000000000000 ) ) ;
#3307 = EDGE_CURVE ( 'NONE', #895, #2430, #127, .T. ) ;
#3308 = EDGE_LOOP ( 'NONE', ( #120, #3113 ) ) ;
#3309 = DIRECTION ( 'NONE',  ( 0.000000000000000000, 0.000000000000000000, -1.000000000000000000 ) ) ;
#3310 = CARTESIAN_POINT ( 'NONE',  ( 29.10000000000000142, 60.00000000000001421, 22.00000000000000355 ) ) ;
#3311 = CARTESIAN_POINT ( 'NONE',  ( 34.50000000000000000, 11.00000000000000000, 62.10000000000002984 ) ) ;
#3312 = VERTEX_POINT ( 'NONE', #3315 ) ;
#3313 = ORIENTED_EDGE ( 'NONE', *, *, #850, .F. ) ;
#3314 = ORIENTED_EDGE ( 'NONE', *, *, #1996, .T. ) ;
#3315 = CARTESIAN_POINT ( 'NONE',  ( 60.00000000000000000, 14.00000000000000888, 7.500000000000007105 ) ) ;
#3316 = LINE ( 'NONE', #2447, #1278 ) ;
#3317 = LINE ( 'NONE', #952, #652 ) ;
#3318 = EDGE_LOOP ( 'NONE', ( #659, #3753, #3381, #140 ) ) ;
#3319 = EDGE_CURVE ( 'NONE', #20, #787, #2783, .T. ) ;
#3320 = FACE_OUTER_BOUND ( 'NONE', #693, .T. ) ;
#3321 = AXIS2_PLACEMENT_3D ( 'NONE', #3686, #1078, #3306 ) ;
#3322 = EDGE_CURVE ( 'NONE', #2627, #2647, #107, .T. ) ;
#3323 = ORIENTED_EDGE ( 'NONE', *, *, #3322, .F. ) ;
#3324 = CARTESIAN_POINT ( 'NONE',  ( 34.50000000000000000, 24.00000000000000000, 13.49999999999993072 ) ) ;
#3325 = CARTESIAN_POINT ( 'NONE',  ( 42.49999999999998579, 63.99999999999998579, 80.00000000000000000 ) ) ;
#3326 = CARTESIAN_POINT ( 'NONE',  ( 25.49999999999999645, 24.00000000000000000, 15.59999999999991793 ) ) ;
#3327 = DIRECTION ( 'NONE',  ( -1.000000000000000000, 0.000000000000000000, 0.000000000000000000 ) ) ;
#3328 = VERTEX_POINT ( 'NONE', #3068 ) ;
#3329 = VERTEX_POINT ( 'NONE', #2731 ) ;
#3330 = ORIENTED_EDGE ( 'NONE', *, *, #3645, .T. ) ;
#3331 = DIRECTION ( 'NONE',  ( 0.000000000000000000, 0.000000000000000000, -1.000000000000000000 ) ) ;
#3332 = DIRECTION ( 'NONE',  ( -0.000000000000000000, 0.7071067811865474617, 0.7071067811865474617 ) ) ;
#3333 = CARTESIAN_POINT ( 'NONE',  ( 40.00000000000000000, 63.99999999999998579, 80.00000000000000000 ) ) ;
#3334 = CARTESIAN_POINT ( 'NONE',  ( 55.99999999999999289, 72.00000000000000000, -29.50000000000000355 ) ) ;
#3335 = ORIENTED_EDGE ( 'NONE', *, *, #1107, .F. ) ;
#3336 = COLOUR_RGB ( '',0.7529411764705882248, 0.7529411764705882248, 0.7529411764705882248 ) ;
#3337 = EDGE_CURVE ( 'NONE', #1662, #389, #2161, .T. ) ;
#3338 = LINE ( 'NONE', #1568, #1493 ) ;
#3339 = ADVANCED_FACE ( 'NONE', ( #141 ), #1310, .F. ) ;
#3340 = AXIS2_PLACEMENT_3D ( 'NONE', #2259, #1919, #1695 ) ;
#3341 = VECTOR ( 'NONE', #3371, 1000.000000000000000 ) ;
#3342 = AXIS2_PLACEMENT_3D ( 'NONE', #3471, #2500, #1677 ) ;
#3343 = VECTOR ( 'NONE', #805, 1000.000000000000000 ) ;
#3344 = AXIS2_PLACEMENT_3D ( 'NONE', #3581, #2324, #2043 ) ;
#3345 = ORIENTED_EDGE ( 'NONE', *, *, #51, .T. ) ;
#3346 = ADVANCED_FACE ( 'NONE', ( #1546, #1863, #735, #3026, #410, #392, #1587, #3631, #2445 ), #712, .F. ) ;
#3347 = VECTOR ( 'NONE', #1156, 1000.000000000000000 ) ;
#3348 = FACE_OUTER_BOUND ( 'NONE', #1237, .T. ) ;
#3349 = PLANE ( 'NONE',  #719 ) ;
#3350 = DIRECTION ( 'NONE',  ( 0.000000000000000000, 0.000000000000000000, 1.000000000000000000 ) ) ;
#3351 = DIRECTION ( 'NONE',  ( 0.000000000000000000, 0.000000000000000000, 1.000000000000000000 ) ) ;
#3352 = ORIENTED_EDGE ( 'NONE', *, *, #1477, .T. ) ;
#3353 = ORIENTED_EDGE ( 'NONE', *, *, #3180, .T. ) ;
#3354 = ORIENTED_EDGE ( 'NONE', *, *, #3592, .F. ) ;
#3355 = CARTESIAN_POINT ( 'NONE',  ( 34.50000000000000000, 64.00000000000000000, 64.39999999999994884 ) ) ;
#3356 = FACE_OUTER_BOUND ( 'NONE', #3318, .T. ) ;
#3357 = CARTESIAN_POINT ( 'NONE',  ( 34.89999999999999858, 11.00000000000000000, 62.50000000000002842 ) ) ;
#3358 = CARTESIAN_POINT ( 'NONE',  ( 40.00000000000000711, 23.99999999999998224, 80.00000000000000000 ) ) ;
#3359 = VERTEX_POINT ( 'NONE', #1018 ) ;
#3360 = FACE_OUTER_BOUND ( 'NONE', #1272, .T. ) ;
#3361 = CARTESIAN_POINT ( 'NONE',  ( 52.00000000000000000, 88.00000000000000000, -11.05234317807463817 ) ) ;
#3362 = CONICAL_SURFACE ( 'NONE', #2557, 2.099999999999990763, 1.029744258676655644 ) ;
#3363 = ADVANCED_FACE ( 'NONE', ( #1903 ), #1619, .F. ) ;
#3364 = LINE ( 'NONE', #2477, #2242 ) ;
#3365 = CARTESIAN_POINT ( 'NONE',  ( 29.10000000000000142, 60.00000000000001421, 24.75000000000000355 ) ) ;
#3366 = CARTESIAN_POINT ( 'NONE',  ( 34.49999999999999289, 11.23860284223806616, 17.39524466861882601 ) ) ;
#3367 = ORIENTED_EDGE ( 'NONE', *, *, #3434, .F. ) ;
#3368 = ORIENTED_EDGE ( 'NONE', *, *, #3196, .T. ) ;
#3369 = ORIENTED_EDGE ( 'NONE', *, *, #3458, .T. ) ;
#3370 = FACE_OUTER_BOUND ( 'NONE', #1227, .T. ) ;
#3371 = DIRECTION ( 'NONE',  ( -0.000000000000000000, -0.000000000000000000, 1.000000000000000000 ) ) ;
#3372 = CARTESIAN_POINT ( 'NONE',  ( 60.00000000000000000, 72.00000000000000000, -34.50000000000000000 ) ) ;
#3373 = LINE ( 'NONE', #3407, #518 ) ;
#3374 = ORIENTED_EDGE ( 'NONE', *, *, #1674, .F. ) ;
#3375 = DIRECTION ( 'NONE',  ( -0.000000000000000000, 1.000000000000000000, 0.000000000000000000 ) ) ;
#3376 = PLANE ( 'NONE',  #1433 ) ;
#3377 = EDGE_CURVE ( 'NONE', #2949, #1929, #1037, .T. ) ;
#3378 = DIRECTION ( 'NONE',  ( -1.000000000000000000, 0.000000000000000000, 2.312964634635742957E-16 ) ) ;
#3379 = DIRECTION ( 'NONE',  ( 1.000000000000000000, -0.000000000000000000, -0.000000000000000000 ) ) ;
#3380 = DIRECTION ( 'NONE',  ( 0.000000000000000000, 1.000000000000000000, 0.000000000000000000 ) ) ;
#3381 = ORIENTED_EDGE ( 'NONE', *, *, #3088, .F. ) ;
#3382 = ORIENTED_EDGE ( 'NONE', *, *, #920, .F. ) ;
#3383 = ORIENTED_EDGE ( 'NONE', *, *, #3392, .T. ) ;
#3384 = CARTESIAN_POINT ( 'NONE',  ( 25.49156811812169110, 65.14195022818975644, 64.75238572939159098 ) ) ;
#3385 = CIRCLE ( 'NONE', #3087, 2.099999999999990763 ) ;
#3386 = FACE_OUTER_BOUND ( 'NONE', #1584, .T. ) ;
#3387 = DIRECTION ( 'NONE',  ( -0.000000000000000000, -1.000000000000000000, -0.000000000000000000 ) ) ;
#3388 = LINE ( 'NONE', #2755, #3507 ) ;
#3389 = EDGE_LOOP ( 'NONE', ( #3622, #1939 ) ) ;
#3390 = CYLINDRICAL_SURFACE ( 'NONE', #1804, 2.750000000000002665 ) ;
#3391 = FACE_OUTER_BOUND ( 'NONE', #2274, .T. ) ;
#3392 = EDGE_CURVE ( 'NONE', #2824, #2508, #662, .T. ) ;
#3393 = ORIENTED_EDGE ( 'NONE', *, *, #2660, .T. ) ;
#3394 = AXIS2_PLACEMENT_3D ( 'NONE', #992, #2765, #3647 ) ;
#3395 = AXIS2_PLACEMENT_3D ( 'NONE', #1498, #3003, #2725 ) ;
#3396 = VECTOR ( 'NONE', #2754, 1000.000000000000000 ) ;
#3397 = DIRECTION ( 'NONE',  ( 0.000000000000000000, 3.469446951953620598E-16, -1.000000000000000000 ) ) ;
#3398 = CARTESIAN_POINT ( 'NONE',  ( 34.50000000000000000, 74.00000000000001421, 7.500000000000007105 ) ) ;
#3399 = CARTESIAN_POINT ( 'NONE',  ( 60.00000000000000000, 12.00000000000000000, 70.50000000000000000 ) ) ;
#3400 = VERTEX_POINT ( 'NONE', #1940 ) ;
#3401 = ORIENTED_EDGE ( 'NONE', *, *, #2642, .F. ) ;
#3402 = CIRCLE ( 'NONE', #1765, 2.499999999999988454 ) ;
#3403 = VERTEX_POINT ( 'NONE', #2000 ) ;
#3404 = CARTESIAN_POINT ( 'NONE',  ( 60.00000000000000000, 77.00000000000002842, 17.50000000000002842 ) ) ;
#3405 = CARTESIAN_POINT ( 'NONE',  ( 34.50000000000000000, 23.99999999999999289, 66.49999999999992895 ) ) ;
#3406 = LINE ( 'NONE', #219, #1825 ) ;
#3407 = CARTESIAN_POINT ( 'NONE',  ( 44.90073188586937647, 88.00000000000000000, -1.125914857336725472 ) ) ;
#3408 = VERTEX_POINT ( 'NONE', #2828 ) ;
#3409 = FACE_BOUND ( 'NONE', #1151, .T. ) ;
#3410 = DIRECTION ( 'NONE',  ( 0.000000000000000000, 0.000000000000000000, 1.000000000000000000 ) ) ;
#3411 = FACE_BOUND ( 'NONE', #1851, .T. ) ;
#3412 = ORIENTED_EDGE ( 'NONE', *, *, #549, .T. ) ;
#3413 = CARTESIAN_POINT ( 'NONE',  ( 55.99999999999999289, 72.00000000000000000, -39.50000000000000711 ) ) ;
#3414 = DIRECTION ( 'NONE',  ( 0.000000000000000000, 0.000000000000000000, 1.000000000000000000 ) ) ;
#3415 = EDGE_CURVE ( 'NONE', #1581, #1560, #750, .T. ) ;
#3416 = VECTOR ( 'NONE', #2831, 1000.000000000000000 ) ;
#3417 = CARTESIAN_POINT ( 'NONE',  ( 60.00000000000000000, 76.00000000000001421, 9.500000000000010658 ) ) ;
#3418 = PLANE ( 'NONE',  #2171 ) ;
#3419 = DIRECTION ( 'NONE',  ( 1.000000000000000000, -0.000000000000000000, 0.000000000000000000 ) ) ;
#3420 = ORIENTED_EDGE ( 'NONE', *, *, #2201, .T. ) ;
#3421 = ORIENTED_EDGE ( 'NONE', *, *, #116, .F. ) ;
#3422 = EDGE_LOOP ( 'NONE', ( #1937, #3263, #2855, #1538 ) ) ;
#3423 = LINE ( 'NONE', #262, #45 ) ;
#3424 = LINE ( 'NONE', #1364, #3033 ) ;
#3425 = LINE ( 'NONE', #837, #3176 ) ;
#3426 = CARTESIAN_POINT ( 'NONE',  ( 25.31319257188573246, 65.58462753836170123, 12.65398603479676609 ) ) ;
#3427 = PRESENTATION_STYLE_ASSIGNMENT (( #1144 ) ) ;
#3428 = ORIENTED_EDGE ( 'NONE', *, *, #1758, .T. ) ;
#3429 = PLANE ( 'NONE',  #1626 ) ;
#3430 = EDGE_CURVE ( 'NONE', #416, #3008, #2236, .T. ) ;
#3431 = CARTESIAN_POINT ( 'NONE',  ( 60.00000000000000000, 88.00000000000000000, 74.99999999999998579 ) ) ;
#3432 = CARTESIAN_POINT ( 'NONE',  ( 47.00000000000000000, 83.99999999999998579, 51.00000000000000000 ) ) ;
#3433 = ORIENTED_EDGE ( 'NONE', *, *, #1499, .T. ) ;
#3434 = EDGE_CURVE ( 'NONE', #3002, #1056, #1515, .T. ) ;
#3435 = DIRECTION ( 'NONE',  ( -0.000000000000000000, -0.000000000000000000, -1.000000000000000000 ) ) ;
#3436 = EDGE_CURVE ( 'NONE', #1573, #3246, #1019, .T. ) ;
#3437 = COLOUR_RGB ( '',0.7529411764705882248, 0.7529411764705882248, 0.7529411764705882248 ) ;
#3438 = CARTESIAN_POINT ( 'NONE',  ( 29.10000000000000142, 28.00000000000001066, 24.74999999999999645 ) ) ;
#3439 = EDGE_CURVE ( 'NONE', #409, #1008, #3681, .T. ) ;
#3440 = DIRECTION ( 'NONE',  ( 0.000000000000000000, 0.000000000000000000, -1.000000000000000000 ) ) ;
#3441 = EDGE_LOOP ( 'NONE', ( #1606, #3038 ) ) ;
#3442 = ORIENTED_EDGE ( 'NONE', *, *, #1805, .F. ) ;
#3443 = EDGE_CURVE ( 'NONE', #467, #3300, #3423, .T. ) ;
#3444 = EDGE_LOOP ( 'NONE', ( #3352, #3368 ) ) ;
#3445 = CARTESIAN_POINT ( 'NONE',  ( 25.25158496680687392, 65.66022698237655675, 66.84099690487153111 ) ) ;
#3446 = VECTOR ( 'NONE', #510, 1000.000000000000114 ) ;
#3447 = DIRECTION ( 'NONE',  ( 0.000000000000000000, -1.000000000000000000, -3.469446951953620598E-16 ) ) ;
#3448 = PLANE ( 'NONE',  #2361 ) ;
#3449 = CARTESIAN_POINT ( 'NONE',  ( 29.10000000000000142, 28.00000000000001066, 22.00000000000000000 ) ) ;
#3450 = ORIENTED_EDGE ( 'NONE', *, *, #1477, .F. ) ;
#3451 = AXIS2_PLACEMENT_3D ( 'NONE', #756, #147, #1627 ) ;
#3452 = ORIENTED_EDGE ( 'NONE', *, *, #850, .T. ) ;
#3453 = AXIS2_PLACEMENT_3D ( 'NONE', #1690, #1400, #2552 ) ;
#3454 = CARTESIAN_POINT ( 'NONE',  ( 34.50000000000000000, -6.000000000000005329, 72.50000000000001421 ) ) ;
#3455 = PRESENTATION_LAYER_ASSIGNMENT (  '', '', ( #3636 ) ) ;
#3456 = FACE_BOUND ( 'NONE', #1376, .T. ) ;
#3457 = ORIENTED_EDGE ( 'NONE', *, *, #3196, .F. ) ;
#3458 = EDGE_CURVE ( 'NONE', #409, #1811, #3171, .T. ) ;
#3459 = CARTESIAN_POINT ( 'NONE',  ( 0.000000000000000000, 66.00000000000000000, 0.000000000000000000 ) ) ;
#3460 = MECHANICAL_DESIGN_GEOMETRIC_PRESENTATION_REPRESENTATION (  '', ( #2840 ), #100 ) ;
#3461 = VECTOR ( 'NONE', #923, 1000.000000000000000 ) ;
#3462 = FACE_OUTER_BOUND ( 'NONE', #1395, .T. ) ;
#3463 = DIRECTION ( 'NONE',  ( 0.000000000000000000, 0.000000000000000000, -1.000000000000000000 ) ) ;
#3464 = CARTESIAN_POINT ( 'NONE',  ( 34.50000000000000000, 76.00000000000001421, 9.500000000000010658 ) ) ;
#3465 = EDGE_CURVE ( 'NONE', #2696, #1811, #1639, .T. ) ;
#3466 = VECTOR ( 'NONE', #1256, 1000.000000000000000 ) ;
#3467 = EDGE_LOOP ( 'NONE', ( #2461, #2669, #2495, #189 ) ) ;
#3468 = AXIS2_PLACEMENT_3D ( 'NONE', #3653, #752, #1659 ) ;
#3469 = CARTESIAN_POINT ( 'NONE',  ( 34.50000000000000000, 60.00000000000001421, 17.00000000000000355 ) ) ;
#3470 = DIRECTION ( 'NONE',  ( -1.000000000000000000, 0.000000000000000000, 0.000000000000000000 ) ) ;
#3471 = CARTESIAN_POINT ( 'NONE',  ( 29.10000000000000142, 28.00000000000001066, 57.99999999999999289 ) ) ;
#3472 = DIRECTION ( 'NONE',  ( 1.000000000000000000, 0.000000000000000000, 0.000000000000000000 ) ) ;
#3473 = VECTOR ( 'NONE', #1780, 1000.000000000000114 ) ;
#3474 = COLOUR_RGB ( '',0.7529411764705882248, 0.7529411764705882248, 0.7529411764705882248 ) ;
#3475 =( LENGTH_UNIT ( ) NAMED_UNIT ( * ) SI_UNIT ( .MILLI., .METRE. ) );
#3476 = DIRECTION ( 'NONE',  ( 1.000000000000000000, -0.000000000000000000, -0.000000000000000000 ) ) ;
#3477 = ORIENTED_EDGE ( 'NONE', *, *, #342, .T. ) ;
#3478 = DIRECTION ( 'NONE',  ( 0.000000000000000000, 0.000000000000000000, -1.000000000000000000 ) ) ;
#3479 = DIRECTION ( 'NONE',  ( 1.000000000000000000, 0.000000000000000000, 0.000000000000000000 ) ) ;
#3480 = UNCERTAINTY_MEASURE_WITH_UNIT (LENGTH_MEASURE( 1.000000000000000082E-05 ), #247, 'distance_accuracy_value', 'NONE');
#3481 = DIRECTION ( 'NONE',  ( -1.000000000000000000, -0.000000000000000000, -0.000000000000000000 ) ) ;
#3482 = ADVANCED_FACE ( 'NONE', ( #3370 ), #847, .F. ) ;
#3483 = ORIENTED_EDGE ( 'NONE', *, *, #1479, .F. ) ;
#3484 = FACE_OUTER_BOUND ( 'NONE', #1444, .T. ) ;
#3485 = LINE ( 'NONE', #1428, #1079 ) ;
#3486 = CARTESIAN_POINT ( 'NONE',  ( 52.00000000000000000, 0.1195725651749763446, -11.05234317807463817 ) ) ;
#3487 = CYLINDRICAL_SURFACE ( 'NONE', #2569, 2.750000000000002665 ) ;
#3488 = FILL_AREA_STYLE ('',( #2055 ) ) ;
#3489 = ORIENTED_EDGE ( 'NONE', *, *, #1611, .F. ) ;
#3490 = FACE_OUTER_BOUND ( 'NONE', #1900, .T. ) ;
#3491 =( NAMED_UNIT ( * ) PLANE_ANGLE_UNIT ( ) SI_UNIT ( $, .RADIAN. ) );
#3492 = DIRECTION ( 'NONE',  ( -0.000000000000000000, 1.000000000000000000, 0.000000000000000000 ) ) ;
#3493 = EDGE_LOOP ( 'NONE', ( #3595, #894, #765, #2340 ) ) ;
#3494 = CARTESIAN_POINT ( 'NONE',  ( 41.49999999999999289, 44.00000000000000000, 0.000000000000000000 ) ) ;
#3495 = EDGE_CURVE ( 'NONE', #1657, #1798, #1331, .T. ) ;
#3496 = CARTESIAN_POINT ( 'NONE',  ( 25.49999999999999645, 23.99999999999999289, 66.49999999999992895 ) ) ;
#3497 = DIRECTION ( 'NONE',  ( -0.000000000000000000, -0.000000000000000000, -1.000000000000000000 ) ) ;
#3498 = ORIENTED_EDGE ( 'NONE', *, *, #1852, .F. ) ;
#3499 = EDGE_CURVE ( 'NONE', #1662, #332, #2306, .T. ) ;
#3500 = FACE_OUTER_BOUND ( 'NONE', #1040, .T. ) ;
#3501 = CARTESIAN_POINT ( 'NONE',  ( 51.71374722121268519, 6.327336115989623533E-16, -9.744651981552820530 ) ) ;
#3502 = LINE ( 'NONE', #1270, #436 ) ;
#3503 = VERTEX_POINT ( 'NONE', #3404 ) ;
#3504 = ORIENTED_EDGE ( 'NONE', *, *, #1989, .F. ) ;
#3505 = PRESENTATION_LAYER_ASSIGNMENT (  '', '', ( #888 ) ) ;
#3506 = DIRECTION ( 'NONE',  ( -0.000000000000000000, -1.000000000000000000, -0.000000000000000000 ) ) ;
#3507 = VECTOR ( 'NONE', #3684, 1000.000000000000114 ) ;
#3508 = CARTESIAN_POINT ( 'NONE',  ( 29.10000000000000142, 30.75000000000001066, 57.99999999999999289 ) ) ;
#3509 = VERTEX_POINT ( 'NONE', #1347 ) ;
#3510 =( LENGTH_UNIT ( ) NAMED_UNIT ( * ) SI_UNIT ( .MILLI., .METRE. ) );
#3511 = DIRECTION ( 'NONE',  ( 0.000000000000000000, 0.000000000000000000, -1.000000000000000000 ) ) ;
#3512 = VERTEX_POINT ( 'NONE', #3667 ) ;
#3513 = VECTOR ( 'NONE', #2987, 1000.000000000000000 ) ;
#3514 = LINE ( 'NONE', #2945, #1944 ) ;
#3515 = AXIS2_PLACEMENT_3D ( 'NONE', #982, #2408, #1293 ) ;
#3516 = DIRECTION ( 'NONE',  ( 0.000000000000000000, 0.000000000000000000, -1.000000000000000000 ) ) ;
#3517 = CARTESIAN_POINT ( 'NONE',  ( 25.49999999999999645, 24.00000000000000000, 13.49999999999993072 ) ) ;
#3518 = UNCERTAINTY_MEASURE_WITH_UNIT (LENGTH_MEASURE( 1.000000000000000082E-05 ), #1294, 'distance_accuracy_value', 'NONE');
#3519 = ORIENTED_EDGE ( 'NONE', *, *, #2470, .T. ) ;
#3520 = ORIENTED_EDGE ( 'NONE', *, *, #1159, .T. ) ;
#3521 = VECTOR ( 'NONE', #1676, 1000.000000000000000 ) ;
#3522 = DIRECTION ( 'NONE',  ( 0.000000000000000000, 0.000000000000000000, 1.000000000000000000 ) ) ;
#3523 = AXIS2_PLACEMENT_3D ( 'NONE', #861, #2024, #1942 ) ;
#3524 = AXIS2_PLACEMENT_3D ( 'NONE', #1064, #2228, #3397 ) ;
#3525 = LINE ( 'NONE', #1475, #2482 ) ;
#3526 =( GEOMETRIC_REPRESENTATION_CONTEXT ( 3 ) GLOBAL_UNCERTAINTY_ASSIGNED_CONTEXT ( ( #3518 ) ) GLOBAL_UNIT_ASSIGNED_CONTEXT ( ( #1294, #644, #1813 ) ) REPRESENTATION_CONTEXT ( 'NONE', 'WORKASPACE' ) );
#3527 = VECTOR ( 'NONE', #2836, 1000.000000000000000 ) ;
#3528 = ORIENTED_EDGE ( 'NONE', *, *, #2065, .T. ) ;
#3529 = ADVANCED_FACE ( 'NONE', ( #3726 ), #1720, .F. ) ;
#3530 = EDGE_CURVE ( 'NONE', #1729, #625, #1133, .T. ) ;
#3531 = PLANE ( 'NONE',  #42 ) ;
#3532 = ORIENTED_EDGE ( 'NONE', *, *, #1478, .T. ) ;
#3533 = LINE ( 'NONE', #2962, #292 ) ;
#3534 = DIRECTION ( 'NONE',  ( 1.000000000000000000, -0.000000000000000000, -0.000000000000000000 ) ) ;
#3535 = FACE_OUTER_BOUND ( 'NONE', #1958, .T. ) ;
#3536 = ORIENTED_EDGE ( 'NONE', *, *, #2586, .F. ) ;
#3537 = ORIENTED_EDGE ( 'NONE', *, *, #3307, .T. ) ;
#3538 = CIRCLE ( 'NONE', #935, 4.999999999999990230 ) ;
#3539 = LINE ( 'NONE', #3616, #1215 ) ;
#3540 = CARTESIAN_POINT ( 'NONE',  ( 25.50000000000000000, 65.00000000000000000, 80.00000000000000000 ) ) ;
#3541 = CARTESIAN_POINT ( 'NONE',  ( 25.46878594124325090, 22.74550046418796612, 11.87901429285133759 ) ) ;
#3542 = VERTEX_POINT ( 'NONE', #3204 ) ;
#3543 = ADVANCED_FACE ( 'NONE', ( #604 ), #2926, .F. ) ;
#3544 = EDGE_CURVE ( 'NONE', #158, #3509, #311, .T. ) ;
#3545 = ADVANCED_FACE ( 'NONE', ( #585 ), #1177, .F. ) ;
#3546 = AXIS2_PLACEMENT_3D ( 'NONE', #3244, #30, #1197 ) ;
#3547 = EDGE_CURVE ( 'NONE', #1014, #3359, #1467, .T. ) ;
#3548 = DIRECTION ( 'NONE',  ( 1.000000000000000000, -0.000000000000000000, -0.000000000000000000 ) ) ;
#3549 = ORIENTED_EDGE ( 'NONE', *, *, #3611, .T. ) ;
#3550 = FACE_OUTER_BOUND ( 'NONE', #2530, .T. ) ;
#3551 = EDGE_CURVE ( 'NONE', #1137, #515, #351, .T. ) ;
#3552 = CYLINDRICAL_SURFACE ( 'NONE', #3395, 5.000000000000000888 ) ;
#3553 = CARTESIAN_POINT ( 'NONE',  ( 60.00000000000000000, 77.00000000000001421, 62.50000000000001421 ) ) ;
#3554 = CARTESIAN_POINT ( 'NONE',  ( 60.00000000000000000, 74.00000000000001421, 9.500000000000007105 ) ) ;
#3555 = EDGE_LOOP ( 'NONE', ( #1781, #1291, #3255, #1488, #1243 ) ) ;
#3556 = ORIENTED_EDGE ( 'NONE', *, *, #1526, .F. ) ;
#3557 = ADVANCED_FACE ( 'NONE', ( #2600 ), #1786, .F. ) ;
#3558 = VERTEX_POINT ( 'NONE', #1193 ) ;
#3559 = CARTESIAN_POINT ( 'NONE',  ( 0.000000000000000000, 57.91200687200757358, -40.00000000000000000 ) ) ;
#3560 = DIRECTION ( 'NONE',  ( -0.000000000000000000, -0.000000000000000000, -1.000000000000000000 ) ) ;
#3561 = FACE_OUTER_BOUND ( 'NONE', #731, .T. ) ;
#3562 = CARTESIAN_POINT ( 'NONE',  ( 34.50000000000000000, 12.00000000000000888, 9.500000000000007105 ) ) ;
#3563 = COLOUR_RGB ( '',0.7529411764705882248, 0.7529411764705882248, 0.7529411764705882248 ) ;
#3564 = CLOSED_SHELL ( 'NONE', ( #441, #3543, #516, #3583, #2174, #3363, #3069, #258, #2465, #1793, #3529, #613, #3610, #148, #1138, #3639, #2886, #2887, #1438, #1308, #3346, #1651, #340, #2381, #233, #210, #2528, #268, #3630, #3258, #1799, #366, #2032, #2632, #2596, #917, #2356, #2649, #1620, #2419, #2082, #1840, #865, #2291, #1307, #3557, #1839, #2737, #734, #2080, #1355, #447, #2751, #2963, #655, #318, #2366, #3339, #3232, #1816, #1106, #2036, #1411, #119, #1570, #1419, #480, #854, #1249, #3482, #3231, #2166, #1512, #1063, #79, #2816, #2468, #3057, #3000, #2283, #1755, #1009, #2020, #3613, #2522, #637, #150, #512, #1412, #2906, #1912, #174, #37, #2144, #168, #2927, #2702, #3545, #2137, #1904, #1329, #1194, #1643, #1870 ) ) ;
#3565 = CIRCLE ( 'NONE', #3755, 2.750000000000002665 ) ;
#3566 = DIRECTION ( 'NONE',  ( 1.000000000000000000, -0.000000000000000000, -0.000000000000000000 ) ) ;
#3567 = EDGE_LOOP ( 'NONE', ( #2158, #2961, #281, #551, #3751, #3305, #2027, #3064, #3369, #3083, #789, #2577, #1431, #455, #1977, #1544, #2021, #1810, #1366, #2993, #1739, #1995 ) ) ;
#3568 = DIRECTION ( 'NONE',  ( -1.000000000000000000, 0.000000000000000000, 0.000000000000000000 ) ) ;
#3569 = LINE ( 'NONE', #3325, #2718 ) ;
#3570 = CARTESIAN_POINT ( 'NONE',  ( 60.00000000000000000, 82.99999999999997158, -50.00000000000000000 ) ) ;
#3571 = CARTESIAN_POINT ( 'NONE',  ( 34.50000000000000000, 23.99999999999999289, 68.59999999999992326 ) ) ;
#3572 = ORIENTED_EDGE ( 'NONE', *, *, #96, .T. ) ;
#3573 = VERTEX_POINT ( 'NONE', #1497 ) ;
#3574 = AXIS2_PLACEMENT_3D ( 'NONE', #1764, #11, #579 ) ;
#3575 = EDGE_LOOP ( 'NONE', ( #1471, #2111 ) ) ;
#3576 = DIRECTION ( 'NONE',  ( 1.000000000000000000, -0.000000000000000000, -0.000000000000000000 ) ) ;
#3577 = CIRCLE ( 'NONE', #2970, 5.000000000000004441 ) ;
#3578 = DIRECTION ( 'NONE',  ( 0.7071067811865475727, 0.000000000000000000, -0.7071067811865474617 ) ) ;
#3579 = DIRECTION ( 'NONE',  ( 0.000000000000000000, 1.000000000000000000, 0.000000000000000000 ) ) ;
#3580 = DIRECTION ( 'NONE',  ( -0.6246950475544241765, 0.000000000000000000, 0.7808688094430302762 ) ) ;
#3581 = CARTESIAN_POINT ( 'NONE',  ( 34.50000000000000000, 64.00000000000000000, 13.49999999999993605 ) ) ;
#3582 = VERTEX_POINT ( 'NONE', #3256 ) ;
#3583 = ADVANCED_FACE ( 'NONE', ( #3484 ), #297, .F. ) ;
#3584 = AXIS2_PLACEMENT_3D ( 'NONE', #654, #2138, #3309 ) ;
#3585 = SURFACE_STYLE_FILL_AREA ( #2414 ) ;
#3586 = DIRECTION ( 'NONE',  ( 0.000000000000000000, 0.000000000000000000, -1.000000000000000000 ) ) ;
#3587 = AXIS2_PLACEMENT_3D ( 'NONE', #319, #497, #3248 ) ;
#3588 = VECTOR ( 'NONE', #2929, 1000.000000000000000 ) ;
#3589 = ORIENTED_EDGE ( 'NONE', *, *, #328, .F. ) ;
#3590 = PRESENTATION_STYLE_ASSIGNMENT (( #2122 ) ) ;
#3591 = CARTESIAN_POINT ( 'NONE',  ( 60.00000000000000000, 5.510910596163095078E-15, 17.49999999999998224 ) ) ;
#3592 = EDGE_CURVE ( 'NONE', #1309, #2235, #3761, .T. ) ;
#3593 = DIRECTION ( 'NONE',  ( 1.000000000000000000, -0.000000000000000000, -0.000000000000000000 ) ) ;
#3594 = CARTESIAN_POINT ( 'NONE',  ( 42.55812545754028520, 0.000000000000000000, -3.000000000000000000 ) ) ;
#3595 = ORIENTED_EDGE ( 'NONE', *, *, #2991, .F. ) ;
#3596 = ORIENTED_EDGE ( 'NONE', *, *, #751, .T. ) ;
#3597 = VERTEX_POINT ( 'NONE', #726 ) ;
#3598 = CARTESIAN_POINT ( 'NONE',  ( 9.999999999999994671, 4.631245078068402243, -17.94715595877080005 ) ) ;
#3599 = PRESENTATION_STYLE_ASSIGNMENT (( #2432 ) ) ;
#3600 = LINE ( 'NONE', #695, #602 ) ;
#3601 = VERTEX_POINT ( 'NONE', #1826 ) ;
#3602 = DIRECTION ( 'NONE',  ( 0.000000000000000000, 0.000000000000000000, -1.000000000000000000 ) ) ;
#3603 = VERTEX_POINT ( 'NONE', #2438 ) ;
#3604 = EDGE_CURVE ( 'NONE', #1253, #94, #2968, .T. ) ;
#3605 = DIRECTION ( 'NONE',  ( 0.000000000000000000, 1.000000000000000000, 5.782411586589356653E-16 ) ) ;
#3606 = CARTESIAN_POINT ( 'NONE',  ( 57.99999999999999289, 88.00000000000000000, 28.99999999999999289 ) ) ;
#3607 = DIRECTION ( 'NONE',  ( -1.000000000000000000, 0.000000000000000000, 0.000000000000000000 ) ) ;
#3608 = VERTEX_POINT ( 'NONE', #422 ) ;
#3609 = EDGE_LOOP ( 'NONE', ( #2373, #2389 ) ) ;
#3610 = ADVANCED_FACE ( 'NONE', ( #1266 ), #2136, .F. ) ;
#3611 = EDGE_CURVE ( 'NONE', #1710, #2062, #1539, .T. ) ;
#3612 = EDGE_CURVE ( 'NONE', #2519, #341, #2599, .T. ) ;
#3613 = ADVANCED_FACE ( 'NONE', ( #3348 ), #2401, .F. ) ;
#3614 = EDGE_LOOP ( 'NONE', ( #1023, #502, #1176, #2638 ) ) ;
#3615 = LINE ( 'NONE', #3048, #1703 ) ;
#3616 = CARTESIAN_POINT ( 'NONE',  ( 0.000000000000000000, 5.000000000000004441, 80.00000000000000000 ) ) ;
#3617 = CARTESIAN_POINT ( 'NONE',  ( 0.000000000000000000, 82.99999999999997158, 80.00000000000000000 ) ) ;
#3618 = ORIENTED_EDGE ( 'NONE', *, *, #1533, .F. ) ;
#3619 = DIRECTION ( 'NONE',  ( 0.000000000000000000, 0.000000000000000000, -1.000000000000000000 ) ) ;
#3620 = PRESENTATION_LAYER_ASSIGNMENT (  '', '', ( #2899 ) ) ;
#3621 = VECTOR ( 'NONE', #2488, 1000.000000000000000 ) ;
#3622 = ORIENTED_EDGE ( 'NONE', *, *, #1535, .F. ) ;
#3623 = CARTESIAN_POINT ( 'NONE',  ( 40.00000000000000711, 23.99999999999998224, 80.00000000000000000 ) ) ;
#3624 = CARTESIAN_POINT ( 'NONE',  ( 60.00000000000000000, 12.00000000000000533, 16.49999999999997158 ) ) ;
#3625 = DIRECTION ( 'NONE',  ( -0.000000000000000000, -0.7071067811865474617, 0.7071067811865474617 ) ) ;
#3626 = DIRECTION ( 'NONE',  ( 0.000000000000000000, 1.000000000000000000, 0.000000000000000000 ) ) ;
#3627 = EDGE_LOOP ( 'NONE', ( #282, #3383, #1510, #2943 ) ) ;
#3628 = VERTEX_POINT ( 'NONE', #1285 ) ;
#3629 = ORIENTED_EDGE ( 'NONE', *, *, #3047, .T. ) ;
#3630 = ADVANCED_FACE ( 'NONE', ( #1575 ), #2724, .F. ) ;
#3631 = FACE_BOUND ( 'NONE', #2806, .T. ) ;
#3632 = CARTESIAN_POINT ( 'NONE',  ( 34.50000000000000000, 64.00000000000000000, 66.49999999999992895 ) ) ;
#3633 = LINE ( 'NONE', #753, #3696 ) ;
#3634 = CARTESIAN_POINT ( 'NONE',  ( 25.49999999999999645, 64.00000000000000000, 11.39999999999994529 ) ) ;
#3635 = ORIENTED_EDGE ( 'NONE', *, *, #56, .T. ) ;
#3636 = STYLED_ITEM ( 'NONE', ( #3218 ), #1138 ) ;
#3637 = DIRECTION ( 'NONE',  ( -0.000000000000000000, -0.000000000000000000, 1.000000000000000000 ) ) ;
#3638 = CARTESIAN_POINT ( 'NONE',  ( 60.00000000000000000, 5.000000000000004441, 80.00000000000000000 ) ) ;
#3639 = ADVANCED_FACE ( 'NONE', ( #3550 ), #134, .F. ) ;
#3640 = CIRCLE ( 'NONE', #1154, 2.099999999999987210 ) ;
#3641 = CIRCLE ( 'NONE', #664, 2.099999999999990763 ) ;
#3642 = CIRCLE ( 'NONE', #418, 2.499999999999988454 ) ;
#3643 = EDGE_CURVE ( 'NONE', #787, #20, #704, .T. ) ;
#3644 = AXIS2_PLACEMENT_3D ( 'NONE', #1742, #1370, #800 ) ;
#3645 = EDGE_CURVE ( 'NONE', #1591, #957, #1172, .T. ) ;
#3646 = DIRECTION ( 'NONE',  ( -0.000000000000000000, -1.000000000000000000, -0.000000000000000000 ) ) ;
#3647 = DIRECTION ( 'NONE',  ( 0.000000000000000000, 0.000000000000000000, -1.000000000000000000 ) ) ;
#3648 = CARTESIAN_POINT ( 'NONE',  ( 52.00000000000000000, 0.000000000000000000, -11.05234317807463817 ) ) ;
#3649 = ORIENTED_EDGE ( 'NONE', *, *, #3530, .T. ) ;
#3650 = VERTEX_POINT ( 'NONE', #3692 ) ;
#3651 = ORIENTED_EDGE ( 'NONE', *, *, #3495, .T. ) ;
#3652 = DIRECTION ( 'NONE',  ( 0.000000000000000000, 0.000000000000000000, -1.000000000000000000 ) ) ;
#3653 = CARTESIAN_POINT ( 'NONE',  ( 55.99999999999999289, 72.00000000000000000, -34.50000000000000000 ) ) ;
#3654 = DIRECTION ( 'NONE',  ( -1.000000000000000000, 0.000000000000000000, 0.000000000000000000 ) ) ;
#3655 = DIRECTION ( 'NONE',  ( -0.000000000000000000, -0.000000000000000000, 1.000000000000000000 ) ) ;
#3656 = ORIENTED_EDGE ( 'NONE', *, *, #1244, .T. ) ;
#3657 = DIRECTION ( 'NONE',  ( -0.000000000000000000, 1.000000000000000000, -0.000000000000000000 ) ) ;
#3658 =( LENGTH_UNIT ( ) NAMED_UNIT ( * ) SI_UNIT ( .MILLI., .METRE. ) );
#3659 = EDGE_CURVE ( 'NONE', #3059, #558, #3095, .T. ) ;
#3660 = FACE_OUTER_BOUND ( 'NONE', #2120, .T. ) ;
#3661 = SURFACE_STYLE_USAGE ( .BOTH. , #2844 ) ;
#3662 = DIRECTION ( 'NONE',  ( 0.000000000000000000, 0.000000000000000000, 1.000000000000000000 ) ) ;
#3663 = ORIENTED_EDGE ( 'NONE', *, *, #2190, .T. ) ;
#3664 = ORIENTED_EDGE ( 'NONE', *, *, #3182, .F. ) ;
#3665 = ORIENTED_EDGE ( 'NONE', *, *, #58, .T. ) ;
#3666 = EDGE_CURVE ( 'NONE', #1056, #3002, #3385, .T. ) ;
#3667 = CARTESIAN_POINT ( 'NONE',  ( 34.50000000000000000, 12.00000000000000533, 16.55835921350009698 ) ) ;
#3668 = LINE ( 'NONE', #2260, #3521 ) ;
#3669 = CARTESIAN_POINT ( 'NONE',  ( 29.10000000000000142, 28.00000000000001066, 63.00000000000000000 ) ) ;
#3670 = CYLINDRICAL_SURFACE ( 'NONE', #2285, 2.499999999999988454 ) ;
#3671 = ORIENTED_EDGE ( 'NONE', *, *, #632, .T. ) ;
#3672 = FACE_BOUND ( 'NONE', #2687, .T. ) ;
#3673 = CARTESIAN_POINT ( 'NONE',  ( 34.50000000000000000, 23.99999999999999289, 66.49999999999992895 ) ) ;
#3674 = ORIENTED_EDGE ( 'NONE', *, *, #1226, .T. ) ;
#3675 = AXIS2_PLACEMENT_3D ( 'NONE', #1623, #754, #1313 ) ;
#3676 = PLANE ( 'NONE',  #3524 ) ;
#3677 = CARTESIAN_POINT ( 'NONE',  ( 44.00000000000000000, 88.00000000000000000, 0.000000000000000000 ) ) ;
#3678 = ORIENTED_EDGE ( 'NONE', *, *, #3739, .T. ) ;
#3679 = ORIENTED_EDGE ( 'NONE', *, *, #2490, .T. ) ;
#3680 = ORIENTED_EDGE ( 'NONE', *, *, #164, .T. ) ;
#3681 = LINE ( 'NONE', #469, #3032 ) ;
#3682 = DIRECTION ( 'NONE',  ( -1.000000000000000000, 0.000000000000000000, 2.312964634635742957E-16 ) ) ;
#3683 = LINE ( 'NONE', #2581, #3034 ) ;
#3684 = DIRECTION ( 'NONE',  ( -0.7071067811865474617, 0.7071067811865474617, -0.000000000000000000 ) ) ;
#3685 = ORIENTED_EDGE ( 'NONE', *, *, #2563, .F. ) ;
#3686 = CARTESIAN_POINT ( 'NONE',  ( 0.000000000000000000, 0.000000000000000000, 80.00000000000000000 ) ) ;
#3687 = CYLINDRICAL_SURFACE ( 'NONE', #1496, 4.999999999999997335 ) ;
#3688 = CYLINDRICAL_SURFACE ( 'NONE', #552, 1.000000000000000888 ) ;
#3689 = EDGE_CURVE ( 'NONE', #3300, #2235, #595, .T. ) ;
#3690 = VECTOR ( 'NONE', #3463, 1000.000000000000000 ) ;
#3691 = VERTEX_POINT ( 'NONE', #3413 ) ;
#3692 = CARTESIAN_POINT ( 'NONE',  ( 51.57348912856514289, 0.000000000000000000, -9.510541081449719769 ) ) ;
#3693 = SURFACE_STYLE_USAGE ( .BOTH. , #1373 ) ;
#3694 = VECTOR ( 'NONE', #2146, 1000.000000000000000 ) ;
#3695 = CIRCLE ( 'NONE', #1763, 2.750000000000002665 ) ;
#3696 = VECTOR ( 'NONE', #3579, 1000.000000000000000 ) ;
#3697 = AXIS2_PLACEMENT_3D ( 'NONE', #2763, #2491, #1596 ) ;
#3698 = CARTESIAN_POINT ( 'NONE',  ( 52.00000000000000000, 0.000000000000000000, -50.00000000000000000 ) ) ;
#3699 = VECTOR ( 'NONE', #2162, 1000.000000000000000 ) ;
#3700 = DIRECTION ( 'NONE',  ( 0.000000000000000000, 0.000000000000000000, -1.000000000000000000 ) ) ;
#3701 = FACE_OUTER_BOUND ( 'NONE', #1545, .T. ) ;
#3702 = ORIENTED_EDGE ( 'NONE', *, *, #2592, .F. ) ;
#3703 = ORIENTED_EDGE ( 'NONE', *, *, #2251, .F. ) ;
#3704 = CIRCLE ( 'NONE', #420, 3.000000000000000000 ) ;
#3705 = ORIENTED_EDGE ( 'NONE', *, *, #3643, .T. ) ;
#3706 = CARTESIAN_POINT ( 'NONE',  ( 25.40738767173075274, 65.42981821868485781, 67.82968263679141785 ) ) ;
#3707 = DIRECTION ( 'NONE',  ( 0.000000000000000000, 0.000000000000000000, -1.000000000000000000 ) ) ;
#3708 = CARTESIAN_POINT ( 'NONE',  ( 25.49999999999999645, 64.00000000000000000, 13.49999999999993605 ) ) ;
#3709 = CARTESIAN_POINT ( 'NONE',  ( 25.31335974109317988, 65.58440452132946064, 14.34703695514643940 ) ) ;
#3710 = SURFACE_STYLE_FILL_AREA ( #3488 ) ;
#3711 = ORIENTED_EDGE ( 'NONE', *, *, #2313, .T. ) ;
#3712 = EDGE_CURVE ( 'NONE', #2789, #2127, #1744, .T. ) ;
#3713 = CARTESIAN_POINT ( 'NONE',  ( 25.46878594124324380, 22.74550046418796612, 64.87901429285135180 ) ) ;
#3714 = LINE ( 'NONE', #1911, #1002 ) ;
#3715 = CYLINDRICAL_SURFACE ( 'NONE', #2016, 2.000000000000001776 ) ;
#3716 = CARTESIAN_POINT ( 'NONE',  ( 25.49999999999999645, 22.92423996135532249, 68.30559217017963647 ) ) ;
#3717 = ORIENTED_EDGE ( 'NONE', *, *, #164, .F. ) ;
#3718 = EDGE_CURVE ( 'NONE', #593, #2460, #3186, .T. ) ;
#3719 = AXIS2_PLACEMENT_3D ( 'NONE', #2092, #2686, #3260 ) ;
#3720 = CARTESIAN_POINT ( 'NONE',  ( 34.50000000000000000, 60.00000000000001421, 58.00000000000000000 ) ) ;
#3721 = FILL_AREA_STYLE_COLOUR ( '', #2058 ) ;
#3722 = CARTESIAN_POINT ( 'NONE',  ( 25.50000000000000000, 60.00000000000001421, 22.00000000000000355 ) ) ;
#3723 = ORIENTED_EDGE ( 'NONE', *, *, #3415, .T. ) ;
#3724 = ORIENTED_EDGE ( 'NONE', *, *, #2992, .F. ) ;
#3725 = VERTEX_POINT ( 'NONE', #3135 ) ;
#3726 = FACE_OUTER_BOUND ( 'NONE', #531, .T. ) ;
#3727 = DIRECTION ( 'NONE',  ( -1.000000000000000000, 0.000000000000000000, 0.000000000000000000 ) ) ;
#3728 = DIRECTION ( 'NONE',  ( 0.000000000000000000, 0.000000000000000000, -1.000000000000000000 ) ) ;
#3729 = CARTESIAN_POINT ( 'NONE',  ( 60.00000000000000000, 88.00000000000000000, 80.00000000000000000 ) ) ;
#3730 = EDGE_LOOP ( 'NONE', ( #2281, #3374, #2989, #1671 ) ) ;
#3731 = EDGE_CURVE ( 'NONE', #267, #2035, #1062, .T. ) ;
#3732 = ORIENTED_EDGE ( 'NONE', *, *, #3392, .F. ) ;
#3733 = VECTOR ( 'NONE', #1143, 1000.000000000000000 ) ;
#3734 = EDGE_CURVE ( 'NONE', #625, #2170, #1075, .T. ) ;
#3735 = CARTESIAN_POINT ( 'NONE',  ( 55.99999999999999289, 72.00000000000000000, -34.50000000000000000 ) ) ;
#3736 = DIRECTION ( 'NONE',  ( 0.000000000000000000, 0.000000000000000000, -1.000000000000000000 ) ) ;
#3737 = EDGE_LOOP ( 'NONE', ( #2874, #2747 ) ) ;
#3738 = PRESENTATION_STYLE_ASSIGNMENT (( #2312 ) ) ;
#3739 = EDGE_CURVE ( 'NONE', #41, #2891, #1417, .T. ) ;
#3740 = AXIS2_PLACEMENT_3D ( 'NONE', #3183, #576, #1455 ) ;
#3741 = CARTESIAN_POINT ( 'NONE',  ( 34.50000000000000000, 12.00000000000000888, 9.500000000000007105 ) ) ;
#3742 = CARTESIAN_POINT ( 'NONE',  ( 34.89999999999999858, 5.510910596163095078E-15, 17.49999999999998224 ) ) ;
#3743 = LINE ( 'NONE', #1091, #1930 ) ;
#3744 = EDGE_LOOP ( 'NONE', ( #348, #1983, #2509, #3723 ) ) ;
#3745 = AXIS2_PLACEMENT_3D ( 'NONE', #489, #145, #1867 ) ;
#3746 = CARTESIAN_POINT ( 'NONE',  ( 34.50000000000000000, 28.00000000000001066, 57.99999999999999289 ) ) ;
#3747 = VECTOR ( 'NONE', #2798, 1000.000000000000000 ) ;
#3748 = CARTESIAN_POINT ( 'NONE',  ( 24.49999999999999645, 65.00000000000000000, 80.00000000000000000 ) ) ;
#3749 = CARTESIAN_POINT ( 'NONE',  ( 34.50000000000000000, 81.99999999999998579, 17.50000000000002842 ) ) ;
#3750 = CARTESIAN_POINT ( 'NONE',  ( 25.45372693924847596, 65.30398506482633536, 11.95127218279389858 ) ) ;
#3751 = ORIENTED_EDGE ( 'NONE', *, *, #2881, .T. ) ;
#3752 =( GEOMETRIC_REPRESENTATION_CONTEXT ( 3 ) GLOBAL_UNCERTAINTY_ASSIGNED_CONTEXT ( ( #2294 ) ) GLOBAL_UNIT_ASSIGNED_CONTEXT ( ( #3658, #438, #1338 ) ) REPRESENTATION_CONTEXT ( 'NONE', 'WORKASPACE' ) );
#3753 = ORIENTED_EDGE ( 'NONE', *, *, #3547, .F. ) ;
#3754 = EDGE_CURVE ( 'NONE', #2428, #3007, #3565, .T. ) ;
#3755 = AXIS2_PLACEMENT_3D ( 'NONE', #1372, #2838, #1459 ) ;
#3756 = CYLINDRICAL_SURFACE ( 'NONE', #3740, 2.099999999999988987 ) ;
#3757 = LINE ( 'NONE', #1148, #115 ) ;
#3758 = EDGE_LOOP ( 'NONE', ( #70, #3085, #316, #525 ) ) ;
#3759 = CARTESIAN_POINT ( 'NONE',  ( 25.50000000000000000, 0.000000000000000000, 80.00000000000000000 ) ) ;
#3760 = EDGE_CURVE ( 'NONE', #2322, #515, #2227, .T. ) ;
#3761 = CIRCLE ( 'NONE', #3029, 1.000000000000000888 ) ;
#3762 = AXIS2_PLACEMENT_3D ( 'NONE', #313, #1163, #1486 ) ;
#3763 = CIRCLE ( 'NONE', #3272, 2.000000000000001776 ) ;
#3764 = DIRECTION ( 'NONE',  ( 0.000000000000000000, 0.000000000000000000, 1.000000000000000000 ) ) ;
#3765 = DIRECTION ( 'NONE',  ( 0.7071067811865474617, 0.7071067811865474617, -0.000000000000000000 ) ) ;
#3766 = ORIENTED_EDGE ( 'NONE', *, *, #3689, .T. ) ;
#3767 = VECTOR ( 'NONE', #3682, 1000.000000000000000 ) ;
#3768 = DIRECTION ( 'NONE',  ( -1.000000000000000000, 0.000000000000000000, 0.000000000000000000 ) ) ;
ENDSEC;
END-ISO-10303-21;
