t,x_true,y_true,theta_true,x_odom,y_odom,theta_odom,x_ekf,y_ekf,theta_ekf,Pxx,Pxy,Pyy,Ptt,v_meas,w_meas,nis,nees
0.05,0.008664088663084152,0.15014519829677817,-0.0016250474586231936,0.08026626787426605,0.10001863197353138,0.06990817269859839,0.026242255609436015,0.15717123101400868,0.017038881741556544,0.00011864689590319774,0.00011919137664942196,0.00017359084028391262,0.0003606311410529325,0.005338379205617706,0.0019000523765039313,1.6613111708737347,8.792077436681632
0.1,0.01951843351301104,0.15019476772694168,-0.0034900879886467597,0.09156347537269599,0.10079587721830688,0.06747487110281458,0.026383578817770766,0.14368418124475577,-0.01232433291504309,3.481792974289252e-05,3.4549277084922366e-05,7.720082226394609e-05,0.0001874259633819704,0.2264783174645915,-0.04866603191568,2.8951457146658433,5.633445116860823
0.15000000000000002,0.03466771550854196,0.15022259374816335,-0.006206553698804385,0.10730939938764197,0.10183763393583581,0.06465338048102298,0.04121034164897561,0.14477742506921953,-0.018253524322744852,2.1067134029792632e-05,2.187401447980116e-05,5.8556267997080426e-05,0.0001321880260649332,0.3156070628757761,-0.05642981243582878,0.9747344027105398,6.210436359469953
0.2,0.05210881684329871,0.15008439707327276,-0.0065942234725776434,0.12480520379874609,0.10297724525706917,0.0654353763554476,0.054850635548567374,0.14540203525765308,-0.011131141344622897,1.673021317281964e-05,1.7625045973358365e-05,4.846736583976904e-05,0.00010619860187873292,0.35065761170705123,0.015639917488493582,1.7083385295709668,2.3986070844067835
0.25,0.06963593456775183,0.14993567197340257,-0.00574403523442711,0.14245092426275785,0.10413019143915386,0.06505628390282059,0.07024722692278815,0.1465867477463248,-0.0020778767206750537,1.4657601202421772e-05,1.5132674338321827e-05,4.082775722881021e-05,9.194253596140329e-05,0.35366692768067526,-0.007581849052536534,1.9377267410470373,1.1701001169778253
0.3,0.08713539024955201,0.14978787474066496,-0.004797447364107082,0.1599915937286226,0.10529067214351744,0.06707002643081417,0.08926068877111566,0.14740360251836912,0.0014086608475345486,1.3542163239207896e-05,1.3331186347323335e-05,3.468547625172471e-05,8.342087161070823e-05,0.3515803778390664,0.040274850559875966,1.4132872937735965,2.703033500512309
0.35,0.10464305677709,0.14965179526576572,-0.0036765826149472917,0.17761622132204719,0.10648778218484317,0.06856678836995833,0.108580779928172,0.14867422928753718,0.0013099847878801363,1.2931859155114223e-05,1.186615880003767e-05,2.9606559378130483e-05,7.803856488041714e-05,0.35330475712447523,0.029935238782886835,1.5218747819073488,3.7781736291822936
0.39999999999999997,0.12216079168247315,0.14953081461890766,-0.0024187606772380055,0.19505100981130705,0.10769828905802245,0.07007181424052122,0.12784135928393267,0.1533124302067212,0.0009283567915998603,1.2584622164936434e-05,1.0630883291432951e-05,2.55464066882863e-05,7.451483265563712e-05,0.3495352538495267,0.03010051741125363,3.126921182407123,3.2892869682044097
0.44999999999999996,0.13968928700555733,0.14942820065960655,-0.000986107964505123,0.21240222616295795,0.10892218618808067,0.07076826768391475,0.14656215036201173,0.1541488269009366,0.00022639176542060824,1.2389602403494181e-05,9.592343619498761e-06,2.243739001961593e-05,7.21143138581664e-05,0.3478865592669758,0.013929068867872057,1.9914527696518645,4.119333589814391
0.49999999999999994,0.15721262059923394,0.14934741264669332,0.0006636400895347125,0.22986381459198665,0.11017409741178968,0.07237710509939355,0.1636128647202336,0.15309536058208653,0.00887917688019968,1.2300405264558581e-05,8.705303224580867e-06,1.9960918611247804e-05,7.046647517224412e-05,0.35012821553384715,0.0321767483095776,1.7929399492157512,5.25122121535088
0.5499999999999999,0.17476365474889097,0.14928776309889324,0.002472050306240799,0.24756880384913535,0.1114679995815135,0.07352594922436184,0.1821514177031124,0.15382014626163795,0.00802465049066825,1.2284774158943553e-05,7.948525724311307e-06,1.7965594342701863e-05,6.932635263253647e-05,0.3550441449070372,0.02297688249936175,0.9358145838565974,5.415286874546554
0.6,0.1923093003273787,0.1492561101817885,0.004487543793099641,0.2648679185368714,0.11276045761968428,0.07562171248289218,0.19821154033805957,0.15323603490524063,0.012415668131658286,1.2319658197590491e-05,7.294872759559874e-06,1.6359567298940402e-05,6.849625124193564e-05,0.34694663964697764,0.04191526517060871,2.339517264737176,4.141936868784543
0.65,0.20983253172690533,0.14925006974743085,0.006634952389984909,0.28249527333993874,0.11412579830247456,0.07898118472833815,0.2148823122288556,0.15203651024164713,0.013872024448887021,1.239008654829009e-05,6.727054099627534e-06,1.5051891328001448e-05,6.788764275249295e-05,0.353603216344924,0.06718944490892112,0.9207771113037058,3.1573863512863065
0.7000000000000001,0.22738126767714348,0.14927835933418318,0.008988206453428519,0.29994812232548795,0.11553056708257531,0.08165126019596247,0.23229192237494037,0.1528470692643011,0.012694870002510239,1.2486155695628303e-05,6.22638286870719e-06,1.3966996223812926e-05,6.742587590813702e-05,0.350185947848866,0.05340150935248629,1.2893698897685537,2.2583335524235597
0.7500000000000001,0.24491003872415384,0.1493405902371559,0.011485638544625712,0.31749673013417573,0.11698462240573848,0.08368850245977999,0.24928369061589792,0.1531911736475041,0.013815152183079604,1.2599474496276186e-05,5.779917783875418e-06,1.3073467761707475e-05,6.704703095443195e-05,0.3521749679616638,0.040744845276349674,2.289236117750504,1.875801725410595
0.8000000000000002,0.2624548156774865,0.14943648546280905,0.014089619205142371,0.3349534623907185,0.11847180905374767,0.08628653199597736,0.26630147800779214,0.15299350372964066,0.008992331070130088,1.2724584869753567e-05,5.38073423360946e-06,1.232552424361913e-05,6.672881931920881e-05,0.3503994279992072,0.05196059072394703,3.402530886968,2.204718616818514
0.8500000000000002,0.28002364260813933,0.14958125972182545,0.016936132107507818,0.3523089513865781,0.11999033921482814,0.0882603023534747,0.2838471639520196,0.1532552029489571,0.005918896423578346,1.2857597284671657e-05,5.016550376178979e-06,1.1691195096566432e-05,6.64547688672504e-05,0.34843595145862,0.03947540714994653,1.1091152161720381,4.284573527724368
0.9000000000000002,0.2975722847860856,0.14976145957522408,0.019926085598603097,0.3698934072900971,0.1215606590709743,0.08987036145221561,0.3008358020204171,0.1533544951955179,0.0050738040419120445,1.2995531324142756e-05,4.682498256266699e-06,1.1155766979946638e-05,6.6208763773451e-05,0.3530886920894633,0.032201181974815966,2.1885775274426433,6.165383132842677
0.9500000000000003,0.3151181057801917,0.1499918813320011,0.023093497138667044,0.3873204781497541,0.12315711465437972,0.09283528497318727,0.318682243604002,0.1530669024194123,0.020373005071455008,1.3135666184717285e-05,4.3772704923826765e-06,1.069480084862295e-05,6.598651784542724e-05,0.3500009677279653,0.059298470419437324,4.834465153495574,1.6466011952826947
1.0000000000000002,0.3326855792664033,0.15027368861657614,0.026448083135583524,0.4047385570475427,0.1248150990513111,0.09696796147505182,0.3365445079329071,0.15322591327821625,0.01846656662545687,1.327626899523348e-05,4.1060589688430635e-06,1.0298033542684266e-05,6.578055035868427e-05,0.34993646306852205,0.08265353003728763,1.2056189570135352,2.949818534739478
1.0500000000000003,0.350248893164731,0.15060793480573112,0.029953998576132172,0.4222365249001267,0.1265625581911853,0.10210479496068192,0.35390494537745837,0.15264474699169636,0.02225159992229031,1.3415793421970691e-05,3.8545873829093395e-06,9.95580897341452e-06,6.558792892187995e-05,0.3517005387510656,0.10273666971259836,1.0893061758640998,2.3196146020780604
1.1000000000000003,0.3678173442317618,0.15099723444574048,0.033616510791027135,0.43939269086693405,0.12834823589329084,0.10531578663932839,0.37115938436280915,0.15370011693705735,0.02691373769060501,1.3552950634316407e-05,3.6238080491803628e-06,9.652177798808645e-06,6.540932337162825e-05,0.3449770607850462,0.06421983357292531,3.488517026962597,2.349705062186244
1.1500000000000004,0.3853896687610562,0.15144642089707613,0.03746525078106295,0.4568724468952324,0.13022898892527404,0.10905165159065522,0.3889453816124605,0.15452845673513327,0.03543401804307056,1.3686398543912837e-05,3.4128736351200908e-06,9.391954757962147e-06,6.523970140589008e-05,0.3516131182155108,0.07471729902654099,1.095250316632706,1.7476973254097392
1.2000000000000004,0.40295368699905304,0.15195667092664905,0.041468706946530855,0.474256024981911,0.13215772931513556,0.11194817490474263,0.406166252588871,0.15412551862700274,0.035893994462540046,1.3815442475074119e-05,3.2219701328267295e-06,9.162747730836293e-06,6.507858577801254e-05,0.34980511172056317,0.05793046628174663,2.546648244519636,1.7730015317936567
1.2500000000000004,0.4205349515547378,0.15253000978660253,0.04561163228566522,0.49150944589071244,0.13412229823288405,0.11480615201721234,0.4225098014014406,0.15513467953452054,0.04024977276664865,1.3940147637155202e-05,3.0444152007482114e-06,8.95813771695054e-06,6.492946138651134e-05,0.34729829791580386,0.0571595422493916,1.0256459572839112,1.750711155765237
1.3000000000000005,0.43809810105058056,0.15317276571096033,0.04993852333876168,0.5089075390528635,0.1361575476669787,0.11809765531435579,0.4405244201201101,0.1555546664499565,0.043396985356175755,1.405961486636555e-05,2.8820107654225514e-06,8.77891821920168e-06,6.479018238652089e-05,0.35033479014196145,0.06583006594287165,1.1092114364781809,2.000206326589996
1.3500000000000005,0.4556694573771424,0.15388594936305572,0.05441362408030293,0.5265643653341565,0.1382920893996223,0.12251563691112688,0.45811447584931425,0.15587201083471322,0.045228039866325176,1.4174071928411193e-05,2.7325179675747493e-06,8.623766889291462e-06,6.465837270531286e-05,0.3557079123357168,0.0883596319354229,1.0156383413225702,2.599439186513568
1.4000000000000006,0.47324325839072134,0.15467249906185762,0.05906753672447983,0.5442253588779903,0.14050651154920005,0.12695229994304302,0.4740661251428455,0.15624520241156606,0.04581493899578781,1.4283437434118998e-05,2.5939778822767414e-06,8.485875305978832e-06,6.453527727853622e-05,0.3559858862893207,0.0887332606383249,2.411961137876929,3.904091510893037
1.4500000000000006,0.490823199624739,0.15553557080546257,0.06390942780634903,0.5615953738203239,0.14276592481624764,0.1317461845960115,0.49139910083477994,0.15732309410206777,0.056413325353332766,1.4387582493320352e-05,2.465402269241833e-06,8.358406729612958e-06,6.442207684199762e-05,0.35032724987229963,0.09587769305937262,2.6372253185958,1.762186165780874
1.5000000000000007,0.5083978388282567,0.15647834837541297,0.06893490469748088,0.5789747065237194,0.14511036643594577,0.13643141687729976,0.5081185832209434,0.1587465881209622,0.06135113725866237,1.4485564531750009e-05,2.3518422817312737e-06,8.244986824500793e-06,6.431320649476808e-05,0.35073532716142,0.09370464562576843,1.6617661324055937,2.2613257045209556
1.5500000000000007,0.5259717494881901,0.15750410470461848,0.07409430923304251,0.5963467458681998,0.1475462278923772,0.14218681231479025,0.5247673400276236,0.16029149716387925,0.07113968527043024,1.4577820984246938e-05,2.2491735663864143e-06,8.143295394163474e-06,6.421016834082248e-05,0.3508401467621989,0.11510790874980573,1.275224435624264,1.7527857144044077
1.6000000000000008,0.5435394457958067,0.1586149164632445,0.07941895253848168,0.6137121811878391,0.15008553216210765,0.1482100660108232,0.542010189127047,0.16227235048904717,0.07555419957533571,1.4663856501650708e-05,2.159427263118126e-06,8.052369416355282e-06,6.411278655599488e-05,0.35100275851447776,0.12046507392065613,1.6556207289193208,2.991123136872863
1.6500000000000008,0.5610993397934807,0.15981358493511552,0.08488851675579323,0.6310321210069066,0.15272133022522472,0.15383811848614082,0.5601266319475633,0.16304009461611377,0.07711301948796256,1.4744575405488756e-05,2.0781710418414113e-06,7.970131345727839e-06,6.40196804295907e-05,0.35038753227113995,0.11256104950634856,1.2607741008612197,3.4742477918628416
1.7000000000000008,0.5786834270412604,0.16110583202067028,0.09052418760611429,0.6481316706995616,0.15543327063814186,0.16073620633166685,0.577208171806915,0.16520160587057958,0.09021514876868686,1.4820640935971762e-05,2.00359163581099e-06,7.89314412954578e-06,6.393066416845272e-05,0.34626603015230756,0.1379617569105214,2.629686406661969,2.831029452957303
1.7500000000000009,0.5962355963635503,0.1624879946930258,0.09633840806140974,0.665358624236492,0.15827189002745146,0.16588438098433267,0.5945557693970172,0.1669695801109478,0.0961086663611499,1.4890414269815797e-05,1.9415708568272635e-06,7.826143655716967e-06,6.384605262507641e-05,0.3491855446335586,0.1029634930533195,0.579109899388517,3.4035047420083795
1.800000000000001,0.6137954376380909,0.16396887545602717,0.10226890969099317,0.6827125411094531,0.16124588004068427,0.173563884500179,0.6124451112761035,0.16896771356326895,0.11023038793224549,1.4954885612453055e-05,1.8880524459069639e-06,7.767734336777886e-06,6.376639738983476e-05,0.3521389333583715,0.15359007031692298,1.9612570119678345,3.8989186751253913
1.850000000000001,0.6313365011334268,0.16554553966864075,0.10839738213735896,0.699769960333756,0.1642849163808493,0.17906617570443428,0.6283530225759638,0.17115413958827067,0.11705648283501979,1.5013149079202684e-05,1.8463297215015768e-06,7.712734317368728e-06,6.368994497220935e-05,0.34652102379765537,0.11004582408510331,1.21104652300446,5.602660465667292
1.900000000000001,0.6488911655840076,0.16722693724700624,0.11470644773171823,0.7169620392818996,0.1674596328287404,0.1861428738446005,0.646277229529523,0.17335376013954235,0.12314159145399728,1.5066230591401533e-05,1.8121659871025354e-06,7.665147815943344e-06,6.361925254490047e-05,0.34965564696854295,0.14153396280331926,0.36920453883292065,6.194970908964062
1.950000000000001,0.6664361180773783,0.16901458876101472,0.12116117370835752,0.7342530992506306,0.1707740490492315,0.19263029403178367,0.6651673556594067,0.175388591090166,0.12828469941883291,1.5114892015589404e-05,1.7839083463287773e-06,7.623910368728303e-06,6.355162883823005e-05,0.352117705800793,0.12974840374366392,1.2693812503991502,5.901215706499176
2.000000000000001,0.6839732584371304,0.17090854610005726,0.12780221210528442,0.7512739532509237,0.174151538071303,0.199145316249707,0.6825899810517029,0.17712131129133354,0.13251698490139985,1.5159463962279976e-05,1.7609395234940344e-06,7.5839708924213815e-06,6.348601934482451e-05,0.3470550204703907,0.13030044435846475,1.7460504701248576,5.634571320333976
2.0500000000000007,0.70150914021753,0.17291341584995196,0.13462446523451685,0.7684788207920833,0.17766848546886418,0.20413054135127817,0.6991205873734846,0.17935855492850605,0.13240874819046367,1.5200364122087271e-05,1.7417766850590444e-06,7.550123024441843e-06,6.34247045688551e-05,0.35121333959085915,0.09970450203142053,2.030643260956187,7.510024609547624
2.1000000000000005,0.7190304077640708,0.1750347083379672,0.14157231746335155,0.7856095485740392,0.1812706569172529,0.21038144429149153,0.7159532740869956,0.18137541218693093,0.14541576164089998,1.5238494434018949e-05,1.7244631537598987e-06,7.518272497296389e-06,6.336796058214596e-05,0.3501076813159503,0.1250180588042672,3.4679973125342585,6.769018027253831
2.1500000000000004,0.736503406507081,0.17726449596191063,0.14871769058231266,0.8028006348799887,0.1849974004612098,0.21657898887120197,0.7334827006989961,0.18404452903443713,0.15100321556927865,1.5271135313043163e-05,1.7166470389472962e-06,7.492104752522311e-06,6.331445574888505e-05,0.35180850258060337,0.12395089159421348,1.1510849232277138,7.735601920394834
2.2,0.7540082939700755,0.1796230906392729,0.15598150371826586,0.8199026181382176,0.1888346351879275,0.22485743383359047,0.7499008807847971,0.18615948571220606,0.15342473338079365,1.5299907638643162e-05,1.7137473854372063e-06,7.468445008042205e-06,6.326289991220246e-05,0.35054469396476534,0.1655688992477688,4.198972943913885,8.93585573350317
2.25,0.7714752415891849,0.18210002977454848,0.1633987033870883,0.836984425255255,0.19280515474833493,0.23191438379275864,0.767670764083728,0.1892815645404486,0.16587573997387928,1.532622673830571e-05,1.712560836914462e-06,7.446928811420319e-06,6.321487678955988e-05,0.3507446001442916,0.14113899918336015,3.1491713416120164,9.125156745724183
2.3,0.7889495369700431,0.18470363209317434,0.17097451291380777,0.853938718010621,0.1968701619032106,0.23872681802565188,0.7846332648960148,0.1919231435788726,0.16965115012119103,1.5347598140452147e-05,1.7194404276714653e-06,7.428326732658051e-06,6.316777368501712e-05,0.34869671727781315,0.13624868465786708,1.6421521492261208,10.322832812745961
2.3499999999999996,0.8063935557628481,0.18743105881307182,0.17874397307010317,0.8710374174028075,0.20110157511200077,0.24646511491626155,0.8019750254251735,0.19538729431244586,0.17684625747101412,1.5366227268088072e-05,1.7287670271136843e-06,7.41386183975738e-06,6.312311863519224e-05,0.35229074749912764,0.1547659378121961,0.9122949052227441,12.380055233095367
2.3999999999999995,0.8238238489773091,0.19029024530925093,0.18665355689647686,0.8879695406274377,0.20542782768060555,0.2538422228083901,0.8190487901093718,0.1982145897071019,0.18078001996136495,1.538160186512015e-05,1.7422605565047098e-06,7.400433713884265e-06,6.308001965214998e-05,0.3495223273429691,0.14754215784256897,2.02654794132211,14.035805342312297
2.4499999999999993,0.8412395107906494,0.1932844908002637,0.19470600402572374,0.9049891997185782,0.20990913493212598,0.26107440902495416,0.8350271599336574,0.2010530546128173,0.18838993858042752,1.5394626011912517e-05,1.7575473212400433e-06,7.390068979994697e-06,6.303900014296232e-05,0.3519956024606133,0.14464372433128303,2.239044417838528,15.273631063157737
2.499999999999999,0.8586189595947925,0.19640963707488623,0.2029484195528268,0.922097127259979,0.21455495579877978,0.2692552589190682,0.8519810021156469,0.2047606076779793,0.2030866321949687,1.540425797698516e-05,1.77708189627716e-06,7.383650717423497e-06,6.300057919267795e-05,0.35455131589550537,0.16361699788228537,4.11142172198329,15.216114338614021
2.549999999999999,0.8760012910924038,0.1996738084503428,0.21139740888770622,0.9388549542305644,0.21926010622391054,0.2781960258961904,0.8696284870073471,0.20832657434346447,0.21222857418109164,1.5408567778744707e-05,1.805163526482038e-06,7.378050147545839e-06,6.29628833773065e-05,0.3481179245481801,0.1788153395424434,1.2509025298956606,15.626087056467433
2.5999999999999988,0.8933441861695876,0.20308161832444607,0.21994353548938475,0.9555298909427183,0.2241077916799975,0.2876410859568801,0.8854309580144791,0.2123904640004346,0.22474961772387658,1.5409348455381422e-05,1.8374939184846497e-06,7.374763502324494e-06,6.292554385430869e-05,0.3473072475050666,0.18890120121379186,1.1120795223490918,18.88980790469387
2.6499999999999986,0.9106541003181329,0.20663012379097861,0.22864380863474681,0.9723851216872054,0.22916778351092126,0.29564506763293386,0.9037831156922896,0.21731078880566604,0.2396137017465212,1.5405896489350504e-05,1.8749694616800738e-06,7.377287372663105e-06,6.288993534966422e-05,0.35196816570509065,0.1600796335210727,2.5322668126576255,21.71434063320508
2.6999999999999984,0.9279481972055642,0.21032099825134803,0.2374849233385479,0.9891033318179862,0.2343414043876819,0.3045812001896726,0.9204433465453825,0.22118219082352578,0.24636426190356797,1.5397198034012662e-05,1.9194781503162674e-06,7.3831953868663325e-06,6.285406383581018e-05,0.35000968044509856,0.17872265113477595,2.618060566357424,23.138416487510636
2.7499999999999982,0.9452208070572627,0.21416144849528962,0.24648346875885987,1.0056242751643103,0.23962625285406766,0.3146211533386536,0.9365653850603045,0.2253066129554901,0.2605320060634293,1.538627264592138e-05,1.9659313714392836e-06,7.389274182763334e-06,6.281964525085781e-05,0.34691423707446767,0.2007990629796184,1.6482226300926786,26.32791856217815
2.799999999999998,0.9624684464568898,0.2181521261265425,0.255643709062379,1.0222034344164943,0.2450929906327001,0.32239692557011423,0.95414789713252,0.22984530378682042,0.27050351576630893,1.537105907650838e-05,2.017182828642283e-06,7.400135785405242e-06,6.278653373500517e-05,0.3491448289590334,0.15551544462921732,1.6985533966600541,27.92585335695905
2.849999999999998,0.9796505555195658,0.22228994320559786,0.2649613682623543,1.0387385034933285,0.2506938956266011,0.33080034899807575,0.9719917792867135,0.23444978108623463,0.2757499560742689,1.5352781459444766e-05,2.071425153038389e-06,7.413692053133761e-06,6.275399150376527e-05,0.34915924143129623,0.16806846855923266,1.2342463044110379,28.241660993337522
2.8999999999999977,0.9968344507133322,0.22658736308758737,0.27441849375669486,1.055025910468216,0.25638619336116975,0.34164175836089106,0.9889522730144282,0.2390074714068739,0.2876379991097462,1.533309637787878e-05,2.1265457345657295e-06,7.426454626954969e-06,6.272211460659383e-05,0.34507088847389245,0.2168281872563102,1.074487895223217,29.858079711951536
2.9499999999999975,1.0138056861216331,0.23099945405548147,0.2836749013083802,1.071719200362377,0.2624082378759701,0.3507906478947569,1.0069271624152991,0.24388206762419767,0.29541216312405627,1.5310178579391137e-05,2.18408085394882e-06,7.4470117071940496e-06,6.269122894313562e-05,0.3549271160892026,0.1829777906773177,2.6151450940105505,30.076827905306335
2.9999999999999973,1.0307440887725037,0.23557933089521188,0.2928038155112157,1.088229147129401,0.2685498705062566,0.3614780474657717,1.0235907892045895,0.24771986110874272,0.2947246879680083,1.528521060938097e-05,2.2432020686775584e-06,7.468120469371625e-06,6.266083994845016e-05,0.3523072222734848,0.2137479914202998,3.842942886960652,28.694239767444113
3.049999999999997,1.0476167603196516,0.24032090346885795,0.30191574450036146,1.1043528878674775,0.274730561471202,0.3706267305156823,1.0415472431029693,0.25340195595468384,0.30406817638703876,1.5262515670493066e-05,2.2988419349883187e-06,7.483848910272698e-06,6.263240198754552e-05,0.34535664808377275,0.18297366099821633,1.984251530387956,30.902670078756284
3.099999999999997,1.0644163793811852,0.24521129009366285,0.3113332190464985,1.1205545520016902,0.28112049414073653,0.3807118546722923,1.0582968460549382,0.2590571649513203,0.3166531720292922,1.5237090108084953e-05,2.3564990890161705e-06,7.503439148502849e-06,6.260428545195423e-05,0.3483261294699288,0.20170248313220274,0.8412666226757097,33.567114618584405
3.149999999999997,1.0811531665919507,0.25022997329560237,0.3209289922708487,1.1369689184138028,0.2877888945349166,0.3910601815987471,1.0741474538959856,0.263629611591342,0.32084491378858093,1.5207815167043633e-05,2.4172006681574124e-06,7.5294460043294525e-06,6.257698882166611e-05,0.35434547536232325,0.20696653852909638,1.942444667048036,34.53525818210956
3.1999999999999966,1.0979179342185137,0.2554475018069336,0.33053192903026674,1.1530717536195405,0.29452875885480856,0.4017317711978001,1.091976971893033,0.2698341759962601,0.33573362676709184,1.5178562382949703e-05,2.4772508279742535e-06,7.5530282114026755e-06,6.25513481039401e-05,0.3491303279073939,0.2134317919810627,1.9435163326615612,35.851191595445975
3.2499999999999964,1.114570853920739,0.26078565763631484,0.3400693307778148,1.1692374813246174,0.3014880022431986,0.4112974585442335,1.108161445353555,0.27501382816830483,0.33849279841706537,1.5144800208817702e-05,2.541068315084199e-06,7.582138715291365e-06,6.252542606962923e-05,0.35200237657124933,0.19131374692866732,1.9227642193524637,38.021497376135116
3.2999999999999963,1.1311775147799483,0.26629624677682157,0.3497642850359304,1.1853270106789082,0.30861001292696477,0.42215027319798093,1.1258985752400172,0.28166155246465036,0.35566074329498765,1.5111776023309163e-05,2.6030833070307374e-06,7.6106535480350226e-06,6.250060990689701e-05,0.35190852778376114,0.21705629307494997,1.7512187529098635,39.33547384858865
3.349999999999996,1.147765197718267,0.2719833980087754,0.359701443457301,1.2012777233618213,0.31587664242907443,0.43279846847267134,1.1432212887666344,0.28800189187899533,0.36658471324240605,1.5072893684500991e-05,2.6702780375968176e-06,7.643987533767779e-06,6.247567722297511e-05,0.3505607179006616,0.21296390549380692,3.5099323174088153,41.23148037970125
3.399999999999996,1.1643207458507947,0.277815614916161,0.36954541129280477,1.21707623433234,0.32327786490473026,0.44342524507745606,1.1591497458551319,0.2931168741747442,0.3712643499837034,1.5031483471936289e-05,2.73915661121899e-06,7.679151442834458e-06,6.245114980115835e-05,0.3489263001724116,0.21253553209569603,1.8916791724451358,40.060270294013826
3.4499999999999957,1.180789071078658,0.28381906898079523,0.3797129740801134,1.23278855773658,0.3308311089767095,0.4527863782766053,1.1756176979223116,0.29928132310902716,0.3795726927524088,1.4990990449973878e-05,2.806152353817372e-06,7.713597420721311e-06,6.242787645133465e-05,0.3486722370589908,0.18722266398298334,0.2526441013719266,41.552747477741974
3.4999999999999956,1.1971970191922774,0.2899868523376432,0.39001570226906485,1.2482776342808055,0.33847374324281904,0.46395462091751405,1.1912120665288817,0.3062867645896103,0.39980714855549104,1.4948625697110372e-05,2.874077082425386e-06,7.748464344352775e-06,6.240548786077953e-05,0.3454414286276112,0.22336485281817595,2.57543302239857,44.79217135855909
3.5499999999999954,1.2135551748217952,0.29630129357249235,0.4004592905094627,1.2641489857803736,0.34652146282495033,0.47460387508648605,1.2081715708225165,0.3131247199439543,0.4092441844516821,1.4899113509442059e-05,2.9462787145467027e-06,7.794962724129688e-06,6.238304521852896e-05,0.3559036844860056,0.2129850833794396,1.10513223666023,46.506977626718964
3.599999999999995,1.2298298265087677,0.30279092163075433,0.41084283345807127,1.2798889333799677,0.35473134870662937,0.4869448799149767,1.2241829832480995,0.31983067454096736,0.41902693561121795,1.4847757715695023e-05,3.018967572532355e-06,7.843158759091777e-06,6.236052181760377e-05,0.35505051833492013,0.2468200965698182,3.9185077168444185,48.20092832098888
3.649999999999995,1.2460190340772603,0.30943749096228046,0.4213970689810318,1.2955731118585567,0.3631566958459148,0.498961712106365,1.2418573543181746,0.327052112722311,0.42947930093413555,1.4795150635331465e-05,3.0915711141307533e-06,7.893448341882961e-06,6.233834205523383e-05,0.3560807455793183,0.24033664382776546,3.8777278539245064,48.64060285232901
3.699999999999995,1.262145862431084,0.3162560916797232,0.43197354500525154,1.3110189238028596,0.3716878455331325,0.5102953899703033,1.2583582889390683,0.3339034946234141,0.4371297826548437,1.4740918408391054e-05,3.1647237557270484e-06,7.944289489834918e-06,6.231645609877541e-05,0.3529061940320298,0.22667355727877325,1.2865578901763008,48.7657798473927
3.7499999999999947,1.278228800254441,0.32322385885660004,0.4428581283314819,1.3262156570120236,0.3803111371497962,0.521978675093814,1.2747468634154515,0.3412379528132659,0.4495430834870935,1.468632291015646e-05,3.2374398839302815e-06,7.99434059616316e-06,6.229549366331453e-05,0.34945977241867304,0.23366570247021148,2.4612527567856697,49.84567828335725
3.7999999999999945,1.2941943961352975,0.33035310574608945,0.45362989204490217,1.3413821044570036,0.3891657583458895,0.5349106294860797,1.2904999671001156,0.34855852287806344,0.4615944167050934,1.462846278755624e-05,3.311099742553528e-06,8.048594612484548e-06,6.227507657090699e-05,0.35124335892319203,0.2586390878453125,2.4758887900560755,50.97006606998576
3.8499999999999943,1.3101058231601583,0.337664128125097,0.46451741235824295,1.3562556585951953,0.3981011130831043,0.5470375761336461,1.305957885468875,0.35692908933392853,0.4768464015712697,1.4568072545700492e-05,3.3857126073341267e-06,8.103770065722116e-06,6.22556205361325e-05,0.3470255705904582,0.2425389329513267,1.5596524457218361,57.123022407970375
3.899999999999994,1.3259265018603674,0.3451399634169863,0.4755242457276027,1.371254253652785,0.4073656893315605,0.5596223191987191,1.3221676431039142,0.36418349936786876,0.4846761132604924,1.4503482027900777e-05,3.4612142251643424e-06,8.165918478515843e-06,6.223654716181447e-05,0.35258719693184526,0.2516948613014597,2.632850844825587,55.398619042752316
3.949999999999994,1.3416836872946047,0.35279685134891453,0.48664904589743485,1.38607256700292,0.41678553156694964,0.5728757883497293,1.3387010892168731,0.3716242472025513,0.48815502180073533,1.4438924414629977e-05,3.5356162501265712e-06,8.228003027215353e-06,6.221784612484748e-05,0.3511810652124208,0.26506938302020716,3.2730254578715736,54.66776941029819
3.999999999999994,1.357450982701726,0.3606623174201258,0.4986149682201138,1.4010206384545287,0.4265537656322315,0.5847567004896184,1.351404145650868,0.37910948480210227,0.5063006528136049,1.4377781969037877e-05,3.6059016286774977e-06,8.289818521006824e-06,6.219906464266393e-05,0.357136941630636,0.23761824279778257,5.1228516328980005,56.99515059139927
4.049999999999994,1.3732040030318888,0.36873187763412074,0.5109737147504341,1.4156902026753897,0.43640168233171417,0.5976725698761154,1.3647939391553905,0.38693436249190705,0.524994981207791,1.43098076763559e-05,3.67909581889101e-06,8.356878900150966e-06,6.218192920249134e-05,0.35337341018615054,0.25831738772994406,3.5358739247900903,60.90966960343914
4.099999999999993,1.3888830849059792,0.37699761064318815,0.5233085619935103,1.4300682001864338,0.44633630260245555,0.6115934441447513,1.3800611517063128,0.39542698258593967,0.5375786295760419,1.4235074529836938e-05,3.7549499770961626e-06,8.42932265878049e-06,6.216573528785591e-05,0.34953021314498195,0.278417485372721,1.1809040465146838,63.39109258060263
4.149999999999993,1.404403961953559,0.38542997429904063,0.5355753150189833,1.4442797032787267,0.456456313986751,0.6260079427857073,1.3962768253711735,0.4044403068280529,0.5492385495580905,1.4158034015805752e-05,3.830577469391069e-06,8.504448140540808e-06,6.214990587935625e-05,0.3489336446509888,0.2882899728191214,1.1889985284047542,64.89926527837613
4.199999999999993,1.4196607830830674,0.3939830574101191,0.547492011426989,1.4584340447970776,0.46683270013403266,0.639171371345796,1.4109483569669061,0.41256177413336254,0.5597266081923058,1.4080161512844696e-05,3.904875492293285e-06,8.58200604311951e-06,6.213395702894399e-05,0.35100952748379616,0.263268571201782,3.3518138363686094,64.2014892829979
4.249999999999993,1.434860552157864,0.40276139003636596,0.5594542957232032,1.4725264746865114,0.4774705024144012,0.6540363032821053,1.4240117001421464,0.4210414387525731,0.5774303974843953,1.4001033061817038e-05,3.977751196331692e-06,8.662236916386961e-06,6.211841766220566e-05,0.35313745669324975,0.2972986387261873,1.9806802917879118,69.26491418744897
4.299999999999993,1.4499117579868126,0.4116835006678682,0.5714451217692879,1.4861860449208837,0.48807936636353616,0.6666583777983055,1.4390941805905233,0.430079277311888,0.585050701180025,1.3916884877448047e-05,4.052036593757723e-06,8.745024871548712e-06,6.210440673397368e-05,0.34591086985170777,0.2524414903240083,2.170725862446759,69.7711012698502
4.3499999999999925,1.4648569129842492,0.4207708805821472,0.5835719061859704,1.4998817442098156,0.498991208212076,0.6788353524617072,1.4539237973824717,0.4395321024191161,0.5947743943868948,1.383465571881004e-05,4.123334884713035e-06,8.828496274991827e-06,6.209058107584907e-05,0.35022521930305084,0.2435394932680405,0.6872507907427106,72.59675471566747
4.399999999999992,1.479701506385194,0.43004540029173927,0.5958094383724356,1.513516060326271,0.5101463883808353,0.6926087860881385,1.469082879008729,0.44995476517499056,0.6095217080145043,1.3752078078427622e-05,4.192784693876335e-06,8.913854676439323e-06,6.207696916750399e-05,0.35232798733126114,0.2754686725286215,1.2850157818305445,78.3890249012303
4.449999999999992,1.4944230040501731,0.4394798445331138,0.6082028838374508,1.5268251250740257,0.5213247730385342,0.7046025118498216,1.4838186920294885,0.4602374952651456,0.6176520634689195,1.3666401052802883e-05,4.262214237228583e-06,9.000954300565479e-06,6.20642807635642e-05,0.34761536749779215,0.2398745152336616,2.4582514479589275,84.29333263159086
4.499999999999992,1.5090515966438196,0.44910365500467675,0.6207175877378713,1.5402199754883577,0.5328793897424889,0.7189435825397594,1.4990383279496786,0.4706717102904616,0.6294442903632844,1.3581766138223884e-05,4.3287125736214295e-06,9.090321449598486e-06,6.205171569348774e-05,0.3538002533273605,0.2868214137987578,2.888227408879695,87.68795185618181
4.549999999999992,1.5235706657556407,0.458907001191903,0.633341419981716,1.5533520876019768,0.5445162116516636,0.7312599368872017,1.514698645844196,0.48116712411009127,0.6380509108585013,1.3496331938258165e-05,4.3941095573845485e-06,9.179956602648356e-06,6.203982788115196e-05,0.35092556732978225,0.24632708694884564,2.478370609342138,89.4679636609908
4.599999999999992,1.53794338086004,0.4688765853951665,0.6460670148780436,1.5662664970155562,0.5562751627417436,0.7459443745780665,1.5289353337796459,0.491332239829001,0.6469069773070157,1.3410830665281062e-05,4.457958658175196e-06,9.26956189311204e-06,6.202862400360037e-05,0.34931955739741033,0.29368875381730025,1.339453589417061,92.98166874052478
4.6499999999999915,1.5522028355407986,0.47903278900601104,0.6589076578351944,1.5790896284649871,0.5682917508732322,0.7599349510644382,1.5422557009978173,0.5017506982706585,0.6662024941402027,1.3326359654581132e-05,4.519344394056779e-06,9.359539788395402e-06,6.201816485456648e-05,0.3514746807343669,0.2798115297274319,1.6214677074874813,95.74026633427259
4.699999999999991,1.5663328479832963,0.48936974419503054,0.6718522470695513,1.5917827957548394,0.5805184623641577,0.7734293049866969,1.5573773597952265,0.5130776011705156,0.6767922479752801,1.3235701594691819e-05,4.580063346553736e-06,9.456512852631941e-06,6.200843812634839e-05,0.35248471354207506,0.2698870784451745,1.8709104739704077,99.57660301651727
4.749999999999991,1.5803434667692922,0.49989396156644206,0.6849053740564872,1.6041818906431142,0.5928198906019444,0.7894589996979615,1.5728848605186727,0.5248097833930883,0.6923776663063714,1.3143649736092512e-05,4.639652920758017e-06,9.55420425383996e-06,6.199951849364106e-05,0.349324618660026,0.3205938942252897,4.786313735347294,101.48771702565435
4.799999999999991,1.5941977256571476,0.5105852672496269,0.6980624617348677,1.6164401618247373,0.6053588295315808,0.8039734028754446,1.5869348481571726,0.5360217928373274,0.7043439023451636,1.3048852606286255e-05,4.6974674608815915e-06,9.655802106760103e-06,6.199106506744148e-05,0.350711049208967,0.29028806354966336,1.3265660205596097,104.66717133159217
4.849999999999991,1.6079159377076127,0.5214632872270168,0.7113199671035787,1.6284786723489193,0.6180231769580569,0.8174812776216234,1.600416597280421,0.5464860507719131,0.7133944227011364,1.29534574033576e-05,4.753548610137331e-06,9.758180352902526e-06,6.19835767732761e-05,0.34946592037003327,0.27015749492357544,2.0123708685616113,104.10762036406713
4.899999999999991,1.6214933431864373,0.5325201997564659,0.7246828617291755,1.6403491709106395,0.6308687834703381,0.8321788107166666,1.6123285854224632,0.5567386543743632,0.7209338382039432,1.2858749837471848e-05,4.807327904874758e-06,9.860523453234104e-06,6.19767957118172e-05,0.34981357881444014,0.2939506619008658,2.4196092291593834,108.28982492707782
4.94999999999999,1.6349141006294752,0.5437431531667352,0.7381497302155591,1.6518920932055845,0.6437578275148359,0.8486997000369954,1.6245221570655357,0.5674398649474444,0.7392482575125614,1.2764871432205401e-05,4.859567366439526e-06,9.961004374786457e-06,6.197145979429767e-05,0.3460481588836937,0.33041778640657954,1.3956809896602231,106.8374386363847
4.99999999999999,1.6481975692002773,0.5551483473588483,0.7517322319607964,1.6634458756876656,0.6570520355643072,0.8619540315372767,1.6383369076025072,0.5786232877658781,0.7466612682755036,1.266753528385503e-05,4.908767978031617e-06,1.006791973033435e-05,6.196643885951331e-05,0.3522671707568582,0.2650866300056264,2.8408490627310936,106.676230371149
5.04999999999999,1.6613311070626673,0.5667350692218172,0.7654225635760403,1.6747205820841031,0.6704134606331529,0.8778420232574549,1.6519331849298382,0.5907246664280873,0.7621689318312601,1.2571238901475116e-05,4.95620592533115e-06,1.0173248486238822e-05,6.196196946473864e-05,0.3496587557984622,0.31775983440357136,3.0107402130914775,106.8823827897621
5.09999999999999,1.6742939370348455,0.5784884943634011,0.7792207162918522,1.6858626200988909,0.6840620257263014,0.8944853288949872,1.664927914265863,0.6018684357825062,0.770249736719081,1.247184824541085e-05,5.000952336401723e-06,1.0283249802482442e-05,6.195792360016966e-05,0.35238360122753853,0.33286611275064343,2.40292313725075,106.58018958152262
5.14999999999999,1.687100905724569,0.5904215635477913,0.7931289313755354,1.6966153698047464,0.6976713401362805,0.9097543000580641,1.6780882699926483,0.6142490935688276,0.7898235321273264,1.2374003091566947e-05,5.0444943952348e-06,1.038994064962438e-05,6.195504300471792e-05,0.3468953212573566,0.30537942326153766,3.0517590890833923,103.68477609632502
5.1999999999999895,1.6997486005338172,0.6025259572245873,0.8071661086590126,1.7072585212345088,0.7115871593152377,0.9259961302584294,1.689940255885241,0.6264913375441182,0.8071855392223819,1.2270322452261508e-05,5.084844541914376e-06,1.050425707916079e-05,6.195274942655707e-05,0.3503903212496898,0.32483660400730213,0.9156310702637157,105.9725246366468
5.249999999999989,1.7122236231664736,0.6148122372634133,0.821312943965049,1.7177557198521511,0.7257869573497892,0.942425644498674,1.702433419534759,0.6388814407306167,0.8209286280148267,1.2162993052165869e-05,5.121921076774142e-06,1.0623925338238415e-05,6.195087475901518e-05,0.3531755695745922,0.32859028480489205,1.3608776455882734,106.55912605926738
5.299999999999989,1.7245122533423853,0.6272692900463326,0.8355664876232384,1.7277156650232581,0.7397160364351509,0.9576603098714154,1.7143056497475848,0.6507325115408339,0.8297241687307015,1.2052748027332881e-05,5.15852163530568e-06,1.0742742164552413e-05,6.195057996908998e-05,0.3424765237389411,0.3046933074548291,1.4968261692271572,107.63193943016236
5.349999999999989,1.7366293297087754,0.6398984594454536,0.8499476657501916,1.7376484180867289,0.7540773691268752,0.9737572360057509,1.726366872407817,0.663371148115223,0.8432106590363913,1.1945666171558873e-05,5.191353164153283e-06,1.0861693879429717e-05,6.195076358510781e-05,0.34923576215966246,0.32193852268671314,1.0787919490881297,108.39303328193947
5.399999999999989,1.7485623422513559,0.652688588134885,0.8644499879623306,1.7473268066888623,0.768597197773174,0.9919729871245542,1.7373361771366393,0.675952168001135,0.8646158151762995,1.1836518431923406e-05,5.221307571873545e-06,1.0983050832644593e-05,6.19513042984637e-05,0.3490014611247998,0.36431502237606733,1.0639052847607195,106.8882020281572
5.449999999999989,1.7603170423685826,0.665651820305745,0.8790661019220637,1.7567404112098015,0.7832464969825391,1.0073120447611945,1.7488865791613557,0.6898447955661982,0.8853925247243781,1.1721739538495106e-05,5.24772636519575e-06,1.1110247433067242e-05,6.195265208493564e-05,0.3482664857454705,0.30678115273281614,1.2916432998239575,111.13884116072462
5.4999999999999885,1.771890965339154,0.6787910459771771,0.893754530965091,1.765899708576987,0.7980194691652346,1.024283813390845,1.7604897360141611,0.7030414292288658,0.8998799666138355,1.1600823632553064e-05,5.270065290374888e-06,1.124401150373809e-05,6.195484689444818e-05,0.347643891192502,0.33943537259300555,1.6984821374823613,111.05630406169983
5.549999999999988,1.7832756253618456,0.6920994760728909,0.9084949916998537,1.7748200298236567,0.8129671507799133,1.0412272711767692,1.771998971392863,0.7164371778758353,0.912874068831484,1.1479279344387882e-05,5.289012649048834e-06,1.1379320427762165e-05,6.195742221341442e-05,0.3481451225096081,0.33886915571848514,1.9794220495333694,111.25501960921429
5.599999999999988,1.7944565338572083,0.705564812117139,0.9233460117853627,1.7834113950704256,0.8279443426734305,1.0587573591064032,1.7817952086932456,0.729304336622172,0.9323821733409989,1.1357136081973264e-05,5.305341351547088e-06,1.1514690026278031e-05,6.19607339482387e-05,0.3453319959643655,0.35060175859267406,1.1819866470100924,112.54883726872218
5.649999999999988,1.8054052326833343,0.7191481998753433,0.9385568329152576,1.791865187458392,0.8432758915504825,1.0750027985742037,1.793606294010645,0.7426675241793261,0.9410756138663148,1.1232663097698971e-05,5.3163326621344634e-06,1.165503680852178e-05,6.196425507283544e-05,0.35015981386456274,0.32490878935599926,5.356906544234523,108.43712772461338
5.699999999999988,1.8161288525877146,0.7328370012740676,0.9541446385011128,1.800153012738675,0.8589129913510765,1.0918564814442124,1.8040209089583894,0.7561990321235844,0.9572234720343502,1.1112313994499543e-05,5.324228761604574e-06,1.1793282521357072e-05,6.196747866171995e-05,0.35395725840089665,0.3370736574001704,4.0594176263130235,108.35310263928186
5.749999999999988,1.8267955243127632,0.7468434962061546,0.9702100302719703,1.8080625763181972,0.8744863102005005,1.1098537052000754,1.8149976203892721,0.7715125956410267,0.9743567312589683,1.0988749016852782e-05,5.328857865549449e-06,1.1933286663693977e-05,6.197136988878485e-05,0.34934091716384874,0.35994447511725225,1.8928221914194197,114.27694312997772
5.799999999999987,1.8372681167734057,0.7611046862731202,0.9861180720104646,1.8157724208578685,0.8903426191192174,1.1265936399449883,1.825992280024869,0.7865097656715493,0.9883266433866815,1.0864536913107329e-05,5.328607037019859e-06,1.2075772292397499e-05,6.197588291448117e-05,0.3526309656236564,0.33479869489825864,1.2390881937782339,116.57922318823172
5.849999999999987,1.8474926526003892,0.7755240539062318,1.0019919377435624,1.823238018866173,0.906423966966802,1.1457345074380205,1.83685000200396,0.8017306683278564,1.0047603363797561,1.0740286018488515e-05,5.3240136121155175e-06,1.221949016522508e-05,6.198044510877087e-05,0.3546009022424026,0.38281734986064986,2.979513873339145,117.44757421026885
5.899999999999987,1.8574547605463638,0.7900499618203519,1.0178925299512613,1.8303120628416192,0.9224305593196911,1.1635865871653497,1.8455996156520769,0.8146711484156808,1.019514499119282,1.0614004596091969e-05,5.316127861474354e-06,1.236372631559343e-05,6.198572483441735e-05,0.35000641739066785,0.3570415945465933,5.144781528609252,113.44948928656655
5.949999999999987,1.8671842370286265,0.8047258702942701,1.0338839867680492,1.837151579866906,0.9386672270958288,1.1806446594452336,1.854429367159903,0.8295027068974712,1.0389515228697288,1.0488410400974435e-05,5.303957069776715e-06,1.2508476732987962e-05,6.199092675843124e-05,0.3523724736984715,0.3411614455976758,0.7750881900677683,117.30909584343715
5.999999999999987,1.8766728861693465,0.8195370408693178,1.0498686061661846,1.8435609816347653,0.954638304934459,1.1976724067791817,1.8624182928134374,0.8428961776282748,1.0560454902000194,1.035762252567095e-05,5.287739153733001e-06,1.2655335477720876e-05,6.199736696354649e-05,0.3441876895956732,0.3405549466789738,4.6620507558660504,116.04001816614391
6.0499999999999865,1.8859161898928538,0.8344929044897613,1.065963753947668,1.849773136740783,0.9709680832806945,1.216894371512721,1.8712771841572498,0.8576253399348241,1.0718650679190134,1.0226711646331916e-05,5.265289311921005e-06,1.280479996832457e-05,6.200360036627847e-05,0.34943493294026917,0.3844392946707954,2.3091300804803656,116.40890915594461
6.099999999999986,1.8948955174267215,0.8495397752323676,1.0820430671481618,1.8556531128023261,0.9873509446814224,1.2355173233217815,1.8785177012087864,0.8715686648859303,1.0916561082236678,1.0095544778795431e-05,5.238762714394622e-06,1.2954271228149844e-05,6.200988171550991e-05,0.34812700129235336,0.3724590361812071,2.441919755335391,118.7848992010854
6.149999999999986,1.903642768062122,0.8647783890277964,1.09812533723217,1.861302567107299,1.0040478084437972,1.2535502803133358,1.8863160069897391,0.886603237530662,1.1102429993551928,9.963848116385948e-06,5.205478627111052e-06,1.3106416561625605e-05,6.201581355982565e-05,0.3525393670333577,0.3606591398310922,0.9319425037464378,122.57463042741178
6.199999999999986,1.912139616822916,0.8801237438106029,1.114190025372215,1.8667175566365755,1.0210685291679362,1.2720108988993335,1.8936650577980427,0.902071910026842,1.1323690543802023,9.832600145109656e-06,5.16563651333494e-06,1.3260396581106518e-05,6.202125431779792e-05,0.3572316368665811,0.3692123717199574,2.2645517255927503,129.729332379455
6.249999999999986,1.9203706477880857,0.895556755153365,1.130265653887354,1.8717155679355888,1.0378371060754712,1.2902330632475358,1.9009819557204377,0.9181727276480375,1.1553336079285392,9.69648048711057e-06,5.11981691827216e-06,1.341651221416428e-05,6.202701077404044e-05,0.3499564317847276,0.3644432869640541,2.75992093032179,139.99967866033649
6.299999999999986,1.9283633113863385,0.9111540020459724,1.1464456556164198,1.8764230267064743,1.054736694782432,1.3080237612116399,1.9082079053012624,0.9327837545046953,1.1703501708815622,9.55850171949053e-06,5.066183966398206e-06,1.3575248887975397e-05,6.203300058829843e-05,0.3508642951188646,0.3558139592820862,4.034871833374358,138.67313355925273
6.349999999999985,1.9360939421631713,0.9268466086779753,1.1627363173838583,1.8807727416886373,1.0715125512871386,1.3261739103781789,1.915591151744689,0.9489057181557132,1.1784396631872696,9.42095480590491e-06,5.009197926552666e-06,1.3731980606266409e-05,6.203931274464697e-05,0.3466165762438884,0.36300298333078934,2.166244755278458,143.07463545957253
6.399999999999985,1.9435814680120376,0.9426761315511907,1.1791052505850028,1.8848727149889324,1.0885877407967994,1.344115281750728,1.9230576409584348,0.9647629405455462,1.1897153983756477,9.290420189391659e-06,4.951020580518933e-06,1.3883645333015645e-05,6.2045459476086e-05,0.3512151191949842,0.3588274274509825,3.9242018204409943,143.78001756256052
6.449999999999985,1.9508105163024407,0.9586141000572687,1.1955421814087923,1.8886518581521579,1.1057343343365744,1.3636099822443573,1.9298004057371758,0.9797395352936121,1.2006214887795776,9.162955653391731e-06,4.890254588824206e-06,1.4032065654725225e-05,6.205094011476005e-05,0.3511679693855967,0.38989400987258666,2.7172981136847834,143.39517555046146
6.499999999999985,1.957782387543747,0.9746771824620749,1.2120729421697816,1.8920892171727404,1.1228995915553064,1.382708983770807,1.9355511338788447,0.9950310149819876,1.2221996618842743,9.038635885927681e-06,4.8277223502349326e-06,1.4176611745498646e-05,6.205608337043232e-05,0.35012615343742826,0.3819800305289979,2.0104608205226833,145.95756716840958
6.549999999999985,1.9644932848002399,0.9908549071267284,1.2286979742761253,1.8951975609979288,1.140138200435791,1.4020916361519244,1.9422799556199204,1.0112552817194969,1.234585283436588,8.91306688878754e-06,4.75735820902355e-06,1.4322215662549763e-05,6.206103822038049e-05,0.3503375764626657,0.3876530476223417,1.9658914545399753,147.10817348784738
6.5999999999999845,1.9709292863450956,1.007116196721352,1.245406067707252,1.8979448091449957,1.157325217015153,1.4224939559233523,1.9477466713586131,1.0265768855217967,1.2540998132320818,8.789491208202353e-06,4.684402409182761e-06,1.4464552069035915e-05,6.206599813121955e-05,0.34810999404202014,0.40804639542855764,1.1365636665045213,148.03044926746045
6.649999999999984,1.9770861186701996,1.02349050988865,1.2622366025417853,1.9003580589148914,1.1745579843054308,1.4408314218964442,1.9535358735136679,1.0424881941222621,1.2688793517615675,8.666437844670083e-06,4.605444725096292e-06,1.46060362151075e-05,6.207070290324188e-05,0.3480232911057572,0.3667493194618367,2.024200181734872,148.85387606698015
6.699999999999984,1.9829865654678502,1.0399909998758472,1.2791197676530834,1.902418336820541,1.1915375281566494,1.4592641593261044,1.9585144536640002,1.0571312718063854,1.2765698662777005,8.543369667943377e-06,4.523391736895129e-06,1.4744640025825667e-05,6.207561569715941e-05,0.3420865023833521,0.3686547485932089,2.802336214670757,152.2442339866492
6.749999999999984,1.9886051138903855,1.0565142889990833,1.2963382462430688,1.9042109256779278,1.2090880557131027,1.4787569537723755,1.963570764848589,1.0726481483560453,1.294047138133629,8.429177501432447e-06,4.440067320161303e-06,1.487850342851623e-05,6.207955690623967e-05,0.35284231461736104,0.38985588892541806,3.3174871825136774,151.5796561257872
6.799999999999984,1.9939103503845985,1.0728856863514613,1.3150192377326986,1.905648587705014,1.2266300325585142,1.4992901469130056,1.9687764502971807,1.089578772189016,1.311860860782181,8.315706752840875e-06,4.351054322764886e-06,1.5010847307417675e-05,6.208293589982498e-05,0.3520219925900776,0.41066386281260725,2.128920456400519,155.41983499244355
6.849999999999984,1.9989255006297246,1.0892371218835957,1.334307534694741,1.9067495625975286,1.2443949889388557,1.5185117636841348,1.9737020598522208,1.105212251988702,1.3291989266930235,8.205496657809995e-06,4.256458594238294e-06,1.5141148225671777e-05,6.208549040078067e-05,0.35598627798911686,0.3844323354225859,4.861665127653009,153.87046241581896
6.8999999999999835,2.003634359774987,1.10564918483866,1.3537833695914077,1.9074990520959432,1.2619706325728517,1.5378452423919517,1.978341802138122,1.1225490180421855,1.3515060953567284,8.09538368111945e-06,4.157145572531898e-06,1.5269138520600317e-05,6.208794593294797e-05,0.35183781675296993,0.3866695741563386,3.530674664703853,155.931406781338
6.949999999999983,2.0080219651952005,1.1221612661226215,1.37333355773663,1.90789122376555,1.2792701383241827,1.5584161149227622,1.9832531043575328,1.1387408836792934,1.3677561556730673,7.983407148596679e-06,4.049813749583601e-06,1.539608090289541e-05,6.209081931399973e-05,0.3460851091194332,0.41141745061621593,4.517599833236566,151.64494242975883
6.999999999999983,2.0120774423243617,1.138754324920232,1.3929265254777332,1.907935102017083,1.296749108286593,1.5781558584488593,1.9874626090410377,1.1553944532353488,1.386538889792229,7.875783785225456e-06,3.938366706851913e-06,1.5519840932780426e-05,6.209348022466876e-05,0.3495861765005998,0.394794870521943,3.8498095795011906,150.45289955185703
7.049999999999983,2.015805069737812,1.1554307424862027,1.4125705760319989,1.9076280876531517,1.3142012479542386,1.5986167449890178,1.9916144766381745,1.173044158813198,1.4035946645202566,7.770215979078125e-06,3.821138827868351e-06,1.5641085469222918e-05,6.209586704339705e-05,0.34910288809578494,0.4092177308031773,2.55269695285632,152.49270139847735
7.099999999999983,2.0192060406443573,1.1722124075503768,1.4322857928724804,1.9069735911443426,1.3318363119379282,1.6171685802009392,1.9953093942071902,1.1899647093116308,1.4209793483353916,7.669499547651941e-06,3.699917944819683e-06,1.5758714510143418e-05,6.209770933083003e-05,0.35294916316849273,0.37103670423843066,3.952729414927866,151.79955544517534
7.149999999999983,2.0222660903840928,1.1890204941555766,1.4520358313091979,1.9059860362682182,1.3494489260206326,1.6364485440589451,1.9983365081903106,1.2063975044725999,1.4433268328750017,7.571820537323497e-06,3.574102707334136e-06,1.5872992746953372e-05,6.209927248328552e-05,0.35281104226649795,0.38559927716012043,6.965369890543093,146.82006757001227
7.199999999999982,2.024999090933956,1.2059006434567807,1.471852611885707,1.9046706459566791,1.3669280467462661,1.6553708380690741,2.000967028539321,1.2245973099583827,1.46384357099085,7.4756962222429014e-06,3.441101339972276e-06,1.5984721652011713e-05,6.210053428275427e-05,0.3505761434145665,0.37844588020258213,1.3547671030004702,151.47813263249708
7.249999999999982,2.02740796017035,1.2228313292958088,1.4918409990090347,1.9030404986420681,1.3840872320689694,1.6756561617062706,2.00262879121891,1.242887551824646,1.4842767715378464,7.380290038196584e-06,3.3019870901464243e-06,1.6093137472398028e-05,6.21021200630659e-05,0.34473480193302647,0.4057064727439321,3.6042403975021604,162.30450135010153
7.299999999999982,2.029478472183718,1.239803538689364,1.511875881145352,1.901015076271133,1.4016494180435133,1.6955791487489957,2.0046990926336257,1.2611699572077006,1.5052668252180261,7.292416986049118e-06,3.1568605298404317e-06,1.6197765295079e-05,6.210328434718017e-05,0.3535777424395515,0.39845974085449737,2.647131888449959,165.56894649276467
7.349999999999982,2.03120996334858,1.2567956736068875,1.5319831562190516,1.8986996713514002,1.418725095890437,1.71556283311131,2.00621297431242,1.276900707893706,1.5205847108159247,7.204755852100772e-06,3.0063636633671605e-06,1.6298434950513095e-05,6.210465851953605e-05,0.34464460298965227,0.3996736872462866,2.641404678534749,164.94229101880543
7.399999999999982,2.032604585534308,1.2738423410070412,1.5521435015776233,1.895990345313787,1.4360788993917155,1.735775147425482,2.006909735444616,1.294491967302274,1.5478600654049801,7.124549692057432e-06,2.8540241073531378e-06,1.6394694530290304e-05,6.210574911846419e-05,0.35128646225185284,0.4042462862834426,4.335354563132053,165.36096029527332
7.4499999999999815,2.033659505279894,1.2909272496476072,1.5724373401266813,1.892987018297118,1.4530587963766488,1.7559471295482991,2.0078369034380557,1.3101278640183776,1.561354003275424,7.046096560655252e-06,2.6921690773950737e-06,1.6486554436951287e-05,6.210714065532562e-05,0.3448750251384429,0.40343964245634617,4.5280866702011515,165.1218485797823
7.499999999999981,2.03437045831423,1.308298210692582,1.5929230125362497,1.8895818667700934,1.470259689770891,1.7765190443136243,2.0082245867644266,1.327455734569682,1.5793942505505063,6.975152704827384e-06,2.530515457553117e-06,1.657364245891564e-05,6.210815213666398e-05,0.3507002333043429,0.41143829530651016,0.9148515548203371,168.87456150245453
7.549999999999981,2.034731031504384,1.3256862323435707,1.6134434876683654,1.8858531635965743,1.4873531251854335,1.7946180030356853,2.0084348832371357,1.3438076660884584,1.597255412303153,6.908909084445018e-06,2.366980774310251e-06,1.665582857323772e-05,6.210914427792737e-05,0.3499126275406568,0.3619791744412191,2.8985107391931035,167.82424231964998
7.599999999999981,2.034738325701901,1.3430684475026937,1.6340144415865274,1.8818016978361192,1.5043518994565244,1.814921788193062,2.0073423143803844,1.3607318169749651,1.6212773255797934,6.847646659391174e-06,2.2002658124611e-06,1.6733133985818426e-05,6.211024296002084e-05,0.349504330392651,0.4060757031475349,1.0236880310281886,171.1702772459199
7.649999999999981,2.0343908673486117,1.3604437805776235,1.6546545989770665,1.877388707853818,1.5213396615142418,1.8349848018347874,2.006522841517326,1.3766434248210444,1.6408465830566659,6.7928366047511325e-06,2.027263063605064e-06,1.6804892088592267e-05,6.211128169990992e-05,0.35103781787593086,0.40126027283451554,2.747437275494164,170.46432329395216
7.699999999999981,2.0336878767492608,1.377813948303746,1.6753760883327455,1.8726040906965502,1.5382637431713897,1.8576487755908149,2.005608401122249,1.3932966999104621,1.6645344946620444,6.7442161051486035e-06,1.8505659411042097e-06,1.6871177851247155e-05,6.211248076323625e-05,0.3517557913253647,0.4532794751205535,1.8725567355179011,165.46424754570276
7.7499999999999805,2.0326319895942504,1.3951572896819915,1.6961851542828859,1.8674367175038598,1.5551654050494155,1.8773576188722583,2.0048327340103027,1.4121267832124902,1.6823750152701384,6.70260512212691e-06,1.66964287877822e-06,1.6931528396330103e-05,6.211374494157717e-05,0.3534843880335534,0.3941768656288674,1.9438176029019667,168.42055657358486
7.79999999999998,2.031219886732511,1.4124775210644738,1.7170903692372628,1.861980032360708,1.571769083273991,1.8992819715487563,2.0032634207165536,1.428847985171697,1.7072878209957363,6.6653173004948265e-06,1.4868533751878824e-06,1.6986091529633658e-05,6.211551522018482e-05,0.34955387520184344,0.4384870535299737,2.2677422434712375,162.09265542334006
7.84999999999998,2.0294150835196065,1.4298848790029062,1.7376085018700254,1.8561478213216291,1.5883218489494653,1.9198275698421883,2.000384067479273,1.444958837087281,1.7328700136361244,6.635810015621867e-06,1.2992436047467984e-06,1.7034092830535996e-05,6.211776929723872e-05,0.35100972755875803,0.41091196586863793,1.6527834442878113,162.6553219766812
7.89999999999998,2.02718105978115,1.4474110892166914,1.7570428651836645,1.8500756998392294,1.604497655357016,1.939977765428626,1.9979703229836756,1.46234800944995,1.757205170405574,6.61179854356876e-06,1.1062178496948124e-06,1.7074726241317053e-05,6.212076241053848e-05,0.34556473973400487,0.4030039117287595,3.136877926678342,158.53368083350094
7.94999999999998,2.0246006157702987,1.4648962345428647,1.7764319682621097,1.8436045232937166,1.6207379111084836,1.9599800134359207,1.9943974268892204,1.4788716671317175,1.7803904236771402,6.597405767244995e-06,9.096928328133215e-07,1.7108256691406533e-05,6.212422696988518e-05,0.34964680616386445,0.40004496014589014,1.8428491634456332,161.84017729833937
7.99999999999998,2.021686902729272,1.4823187620165883,1.795865136629634,1.8367581174143903,1.6369226390880105,1.9819913369061233,1.990822347198463,1.4963375135782995,1.801409248518131,6.591882032518646e-06,7.101942715584197e-07,1.7134409283966834e-05,6.212799261508938e-05,0.35147185494737443,0.4402264694040543,1.181013772713767,165.6206349570705
8.04999999999998,2.0184430593212515,1.499687418452662,1.8153629909033269,1.82965099824215,1.652764726051474,2.0030171921898283,1.9874988963958176,1.511474718280722,1.818556478175676,6.591828238892549e-06,5.099246790734061e-07,1.7153738273742728e-05,6.213220275845348e-05,0.34727163392715876,0.42051710567410117,3.5774581894575084,161.60494922328309
8.09999999999998,2.0148656648192054,1.516994565146003,1.8349189145846194,1.8221161914346256,1.6686653529271414,2.0236249815477283,1.983134324733112,1.5270434582300751,1.840455124251914,6.599624891859893e-06,3.122028604695453e-07,1.7167925387658862e-05,6.21367727309094e-05,0.3519171526270786,0.4121557871579984,1.6265067289125483,163.9041591020169
8.14999999999998,2.010954053208788,1.5342216139026703,1.8545276838713398,1.8141995791894847,1.68450772556614,2.044800878177103,1.9788320255127356,1.5440708577231923,1.8591142647860428,6.616182980488485e-06,1.1384216087239178e-07,1.7174807842808282e-05,6.21415797867358e-05,0.3542119372399781,0.42351793258748516,2.8671079555269583,166.33850571895204
8.199999999999982,2.006707144362745,1.551372404516215,1.874221081173537,1.8061037657682208,1.6998802920476879,2.0662558415871466,1.9749751290964936,1.5589760136544266,1.8739152559148504,6.636579382709882e-06,-8.38190429586494e-08,1.7175232956723262e-05,6.214712190948336e-05,0.3474878844543456,0.4290992682008653,3.740305101096541,161.55374328934738
8.249999999999982,2.0021227886110338,1.5684328860983703,1.8939518857983082,1.7977121007526033,1.7150190214783847,2.0876409426543807,1.9705634607590496,1.5752223062605528,1.8939525797605263,6.661298800639257e-06,-2.7775281127431293e-07,1.7170807006697575e-05,6.215304474147779e-05,0.3461864172006051,0.4277020213446743,4.913338160927915,157.68913302305214
8.299999999999983,1.9972056562670164,1.58539605517282,1.9137228427328188,1.7888331117994083,1.7302761472265626,2.108045361320455,1.9650977667258567,1.5919923150839503,1.912407993863976,6.695544711458419e-06,-4.695791661687779e-07,1.7160168132006678e-05,6.21594931677605e-05,0.35305928266406233,0.4080883733214893,0.7600535289718422,162.5566476163441
8.349999999999984,1.9919536627725296,1.6022806297023444,1.9335354325114447,1.779674986253818,1.745265045589137,2.1304754154308325,1.95983934474491,1.6067993541145222,1.9342383494302222,6.7358592535173614e-06,-6.601000432257073e-07,1.7142748123729117e-05,6.216625158196045e-05,0.3513125523609859,0.4486010822075394,2.052834224837178,159.38381650943217
8.399999999999984,1.9863691013215452,1.6190465184636278,1.953408172119576,1.7703246699107904,1.7598213881978007,2.1530791736873436,1.9539753700972398,1.6225068828321034,1.9567417165245153,6.781954063636819e-06,-8.50777328035638e-07,1.711743705149788e-05,6.217388788075723e-05,0.34602212084492207,0.4520751651302091,1.6694452433043323,159.38496448029767
8.449999999999985,1.9804530152165536,1.6356758743260513,1.973193066311337,1.7605735938629135,1.7742857101238492,2.1748400416907305,1.9485904252575112,1.6387900806173552,1.9782232722024915,6.8370930023324045e-06,-1.0401373832787422e-06,1.708425872028947e-05,6.218182745759213e-05,0.3488908718941995,0.43521736006773415,5.095535804276537,152.17884396082596
8.499999999999986,1.9742285010442093,1.6520695998243604,1.992328054774241,1.7504113134255141,1.78868845789327,2.195673897452993,1.9423207586800644,1.6554965838158424,1.99583645429718,6.90094898420013e-06,-1.2270417789373504e-06,1.7044099117512922e-05,6.219024632113521e-05,0.35254635207813256,0.41667711524523426,1.4189647478790959,152.04800155990503
8.549999999999986,1.9677157031655248,1.6682922604203447,2.011432864095021,1.7399757704226397,1.8028267620055878,2.2176073301584456,1.9358027317713418,1.6709608347920835,2.0159157728313257,6.970172181741447e-06,-1.4106367897887639e-06,1.6997966539497916e-05,6.219905006386383e-05,0.35145672882888884,0.43866865410905137,1.8655133750848731,150.67664516678695
8.599999999999987,1.9608711757191695,1.6844271380028304,2.030578238832569,1.7294228596301107,1.8164929317912357,2.239092407076715,1.9289995511211675,1.685274635546228,2.0360211147038125,7.043788256805758e-06,-1.5924657059051263e-06,1.6944702425208316e-05,6.220847180286061e-05,0.3453343836208459,0.42970153836539143,2.8026384948821126,149.92659066679178
8.649999999999988,1.953727764742729,1.7004147633645061,2.0498001503121666,1.7184059486267533,1.8301403409835793,2.260795922149623,1.9218507114703858,1.6996909683684236,2.057024461106593,7.1260877909326386e-06,-1.7703294161998538e-06,1.6884930172661856e-05,6.221785782954736e-05,0.35079120932025526,0.43407030145816416,2.0589873374269114,149.70289953805536
8.699999999999989,1.9462822659383399,1.7162673867116756,2.069091073989485,1.7071554525634118,1.8434781131257252,2.2822209105250435,1.9147561209460353,1.7156871962363986,2.0731631084896858,7.214683424188785e-06,-1.945390096692004e-06,1.681783082364036e-05,6.222773812602078e-05,0.3489879507316327,0.42849976750839774,2.961076002675496,146.67233916012623
8.74999999999999,1.9385221509154842,1.7319992176943877,2.088906702070606,1.6955423092755975,1.8566524741108605,2.304366122716768,1.9063671716355177,1.7315243757533154,2.0952446869940626,7.308351768945702e-06,-2.1151502810230758e-06,1.6746546170277453e-05,6.223807247326554e-05,0.35125004736076093,0.44290424383449595,2.043822306807282,150.29915419041
8.79999999999999,1.9304331879637417,1.7477035088344948,2.1098041643354963,1.683549754295195,1.8696552872416525,2.3272312033639455,1.898532856659992,1.7463537279063854,2.1191335511676463,7.4106163278783565e-06,-2.2813734162999107e-06,1.6667160715242267e-05,6.224820106965163e-05,0.3537842035539127,0.4573016129435379,4.3478501036105515,146.84336411497085
8.84999999999999,1.9220957042996076,1.7631478095580628,2.1308569022144193,1.6713513130966076,1.8823253675633151,2.3472317114877264,1.8899750501806054,1.7608173211805467,2.1372454977613726,7.51979252986509e-06,-2.4445530008974154e-06,1.6579659424289596e-05,6.225864650561548e-05,0.3517631105501042,0.40001016247560733,1.364002811620782,150.48981318896733
8.899999999999991,1.9135149148782797,1.7783024063061244,2.152493127999888,1.6588221601528135,1.8948023703153671,2.3693282511759852,1.880956684593076,1.7755143438648366,2.157757535418966,7.63489786707941e-06,-2.6026156128883903e-06,1.648669349348009e-05,6.226925860072992e-05,0.35364840891467814,0.44193079376516764,1.8783235574657704,154.8098654388921
8.949999999999992,1.9047905048399225,1.7930023358024765,2.174967164065187,1.64603893701604,1.9069746947463582,2.392009903498834,1.8709832219285352,1.790738978513713,2.17750853836736,7.756027464490724e-06,-2.756262257288805e-06,1.6386911514750932e-05,6.227999550913593e-05,0.35303803414755086,0.4536330464569612,2.2255939908217006,165.94937003434217
8.999999999999993,1.895785136686134,1.8074783718110214,2.1975904064724605,1.6331372662794876,1.9187234975462388,2.4138481520263007,1.8613371712751126,1.8060185471202261,2.19593378429684,7.880958574545206e-06,-2.9056000769610855e-06,1.6280844271160273e-05,6.229093261304198e-05,0.34899832457136654,0.4367649705493372,1.7954355088109542,171.91703132017955
9.049999999999994,1.886409917075748,1.821872281022302,2.2199772026418203,1.6199599568941987,1.930224418397687,2.4341921362676064,1.8524018939806128,1.8191678958279256,2.217181037868878,8.00999345337418e-06,-3.049078738427041e-06,1.6170068142939475e-05,6.23013652833894e-05,0.3498132153902836,0.4068796848261123,4.605765801880083,169.66692918162528
9.099999999999994,1.8767232428298921,1.835972834884768,2.2424750987833653,1.6068079407599412,1.9412195552636444,2.456368603835932,1.8421874970977041,1.8328056081296866,2.237840629238958,8.143648984723298e-06,-3.189123052908015e-06,1.6050804652671984e-05,6.231195567716203e-05,0.34285892550806546,0.44352935136650007,1.433708951486155,175.88359840967578
9.149999999999995,1.8667501460825975,1.849800074970751,2.2645704277027505,1.5931493871328954,1.9521346386788014,2.4783852127855655,1.8330194197522063,1.8454994174185593,2.254282621720016,8.284679240952738e-06,-3.3220748902567426e-06,1.5926270764147787e-05,6.232175652045514e-05,0.3496898521658287,0.44033217899266475,3.1663961269915237,174.74150920943387
9.199999999999996,1.856473115029105,1.8634060696380907,2.286682153780684,1.57922500851241,1.9627788587726607,2.4994543786057335,1.8229056557769567,1.8582072445179718,2.2782809558547052,8.427941501102728e-06,-3.448451417463434e-06,1.5798924953666756e-05,6.233105941329695e-05,0.35054192631492637,0.4213833164033483,3.7537399999742185,172.4248800521328
9.249999999999996,1.8458865431054527,1.8767964760998066,2.3088476764399277,1.5651106648409199,1.973089811268977,2.5218839952042664,1.8122244162628387,1.8718043276063534,2.296453946207807,8.57869373313622e-06,-3.5694368065242854e-06,1.5662607169482196e-05,6.234022364252665e-05,0.3495959084605658,0.4485923319706538,1.5304278005704424,175.29728596272918
9.299999999999997,1.8350124547328517,1.889943663975814,2.331042777989834,1.5509229258488337,1.9829757533686156,2.5441582085919414,1.8008197658574638,1.8848619408741074,2.322932237157853,8.731385416688473e-06,-3.6847742085466567e-06,1.552149947695951e-05,6.234898222492068e-05,0.34585323613620833,0.44548426775348404,1.8515455290931682,174.65166852870925
9.349999999999998,1.823882244507463,1.9028130274502597,2.353219151113939,1.5363338033597016,1.9926682029316412,2.566217222674859,1.7891956393431119,1.89795337864173,2.342481809975543,8.89364124516237e-06,-3.792777100109032e-06,1.537180106535078e-05,6.235732565557781e-05,0.3503132963592745,0.44118028165834133,0.6473926262699162,179.4994313803321
9.399999999999999,1.8124571646001375,1.9154571986379587,2.3754702712018183,1.5214756211679215,2.00205878696251,2.5897132191192815,1.7774130633185303,1.9081675046703646,2.3736742609689063,9.05994310031386e-06,-3.893639035648989e-06,1.5217385933305894e-05,6.23644551494002e-05,0.3515467878433011,0.4699199288884434,4.526508150524392,181.2436678241099
9.45,1.800732611137128,1.9278707614591473,2.3977662361178753,1.506315445854131,2.0111667286427934,2.611485303280756,1.765505646417321,1.9208746092097473,2.3900057925808262,9.236917984787575e-06,-3.986465026197527e-06,1.5052008411261778e-05,6.2371191521759e-05,0.3537218529486059,0.43544168322948473,1.8507938531339874,185.13908408722943
9.5,1.7887519085738472,1.9400021881486935,2.4200908610709497,1.4913050529834908,2.019725248832547,2.635301869385785,1.7539591006955306,1.932561919142849,2.4104815628014116,9.412775890082364e-06,-4.073922252195662e-06,1.4882679031835825e-05,6.23772531350089e-05,0.34558603850871067,0.4763313221005797,2.4996299450740667,182.51849712028823
9.55,1.7765061023464348,1.9518475006057856,2.4423063297887597,1.4760543852909143,2.027956985792447,2.6579848667674755,1.74173975474068,1.9438259886721925,2.4353274476947346,9.591161943625809e-06,-4.153518438241446e-06,1.4709793336474397e-05,6.238256691073092e-05,0.3466163507405967,0.45365994763380524,3.343430219028697,180.00834549718576
9.600000000000001,1.7639892342969443,1.9634238858765207,2.46462056108986,1.4604865707078099,2.035904162249074,2.681195535013158,1.7293241634781797,1.9550489508327313,2.4574942338727306,9.77565723522192e-06,-4.224012886727329e-06,1.4530561145724362e-05,6.238722980465878e-05,0.34958728858114824,0.46421336491364307,4.526119795067187,178.60101677938155
9.650000000000002,1.7511027948953561,1.9747973795585074,2.4864896934218317,1.4449039203371796,2.043412472511529,2.7039646129426806,1.7178787530035438,1.9651641737186103,2.4842920528138315,9.962283182845273e-06,-4.287140178068733e-06,1.4345935867624703e-05,6.23908193828394e-05,0.34595181273976766,0.4553815585904597,5.957213474403901,164.84226957531615
9.700000000000003,1.7379304007324585,1.9858927362127148,2.5078929678051605,1.4288092812522877,2.050722129218805,2.7265928146594387,1.7045105886459022,1.9760548975993297,2.5094680022564937,1.0155925329464584e-05,-4.339184115542013e-06,1.4156286068352312e-05,6.239374343494959e-05,0.35354310724779076,0.45256403433514336,2.88276880706872,162.91209366917968
9.750000000000004,1.724514804948375,1.9967103387019343,2.529310579173166,1.412799570947954,2.057568563768319,2.7483788043234325,1.6900656998908214,1.9870544339022087,2.533294679482073,1.035211332930158e-05,-4.383059680518764e-06,1.3960016746520193e-05,6.239587627402487e-05,0.3482507614016395,0.4357197932798694,3.5836329749722613,167.54300489391798
9.800000000000004,1.7108717561112097,2.007243369460862,2.550750423981593,1.3964938631749744,2.0641233662195595,2.77035757493264,1.6779740270287486,1.995428908323434,2.5559080380282726,1.0551347084149796e-05,-4.416790188169029e-06,1.3760239426045335e-05,6.239652994718277e-05,0.35148483553788856,0.4395754121841414,5.625655658350031,161.2259940699553
9.850000000000005,1.6970130893701565,2.017472928778631,2.572160292686558,1.3800415122696068,2.0703219334337097,2.792204335044646,1.6644694141825276,2.00549254755771,2.5739508109420317,1.0751599715749077e-05,-4.441293129945559e-06,1.3557884653888865e-05,6.23965999421801e-05,0.35163297920373726,0.4369352022401058,3.7536456868243393,159.01168335982092
9.900000000000006,1.6829394500277104,2.0274173974510243,2.593633582745008,1.3633597229443948,2.076185754939238,2.814941565462214,1.650399718250951,2.015086391830834,2.5979433410621677,1.0950323167467862e-05,-4.457312035275441e-06,1.3356162765753274e-05,6.2395827692184e-05,0.3536551813981468,0.45474460835134795,2.1259445720806984,157.3048962133942
9.950000000000006,1.6686571326419273,2.037066204361482,2.615135993563948,1.3467267123862363,2.081602448621304,2.838587643277809,1.6359587279871974,2.0234719760134707,2.6198553888761715,1.1149877577554128e-05,-4.464132602800102e-06,1.3149925889921327e-05,6.239411432563265e-05,0.34986389865421946,0.47292155631189825,2.360826007255291,162.46390892531926
10.000000000000007,1.6541825865855422,2.0464015081703835,2.636675568005402,1.3298388284622376,2.086676131800409,2.8608890715846993,1.6220358805760968,2.031152320443698,2.6399423638568793,1.1348880152804428e-05,-4.461443836303925e-06,1.2943584779990217e-05,6.23911438914153e-05,0.3526787615583469,0.4460285661377876,1.8725574815496495,165.36974315399667
10.050000000000008,1.6395066668901965,2.055419695366991,2.658225929442924,1.312994196090998,2.091311914713278,2.8851764944832112,1.6077264240181586,2.0387264446428888,2.667758295167462,1.1545994476494726e-05,-4.450624165788375e-06,1.2735769167398796e-05,6.238729746281905e-05,0.349426460100556,0.48574845797024035,1.3246652343008556,165.47976693191518
10.100000000000009,1.624641425701779,2.064109421100459,2.67979463891679,1.2959882033159353,2.0955722534666137,2.9070730656614456,1.5930918355593842,2.0467396382476255,2.689874609736167,1.1744371569113492e-05,-4.428337483709437e-06,1.2525148063716882e-05,6.238263493371841e-05,0.3506374521860408,0.4379314235646791,2.2366997525747996,165.42655314895487
10.15000000000001,1.6095907974088064,2.072474011168869,2.7013235871210983,1.2789825720335095,2.099430704421588,2.929882117834577,1.5775119659223196,2.0544325025229435,2.7092782998701637,1.1940866578333042e-05,-4.396966500906707e-06,1.2313673509084579e-05,6.237711163210871e-05,0.34876486210561575,0.4561810434626223,2.1869507529630656,172.19148245553114
10.20000000000001,1.5944287887658866,2.080497079432698,2.723126619391488,1.2619305221066424,2.1028951970448033,2.9524165354109817,1.5634642184391139,2.0608533447016026,2.729520452491121,1.2133637088525952e-05,-4.357891877897943e-06,1.2103770621703827e-05,6.237082127982938e-05,0.3480160505511294,0.45068835152808934,2.3882219500166215,172.21171564140266
10.25000000000001,1.5791991169776045,2.0881489567232157,2.7455376864928356,1.2447066795606088,2.1059861008315477,2.975638886567168,1.5488245528429447,2.067294824257354,2.753177019484241,1.2323351785050228e-05,-4.31010122240941e-06,1.1896036785400002e-05,6.236371955140549e-05,0.34998754255314074,0.464447023123734,1.7944290554387639,173.09499788929878
10.300000000000011,1.5637791904638505,2.0954958728047144,2.768045717573022,1.2274754304242732,2.1086766509691586,2.997760570632728,1.5326146824100713,2.073745106356996,2.7777633377407422,1.2510487505897102e-05,-4.25298750003393e-06,1.1688512365679247e-05,6.235588416545832e-05,0.3488079189536102,0.44243368131120486,1.6560501210910725,181.95175038226813
10.350000000000012,1.5482544064023598,2.1024749225525676,2.7905315900029897,1.210307298853805,2.110962133879818,3.020733888172746,1.5175658912437258,2.079663626205416,2.8014521445815017,1.269530847525261e-05,-4.185819793193412e-06,1.1480336520406486e-05,6.234713495303807e-05,0.34639940360063354,0.45946635080035986,1.8874518757888805,183.28979183537072
10.400000000000013,1.532415299718105,2.1091389512276306,2.812355215835096,1.1928444824450064,2.112880640694824,3.04360429145736,1.5013943488038697,2.0852683920779977,2.8287673597847363,1.2877345134270102e-05,-4.108241147498512e-06,1.1275423979740996e-05,6.233734042999573e-05,0.3513653814782188,0.45740806569226866,1.549492185884412,189.58354345974905
10.450000000000014,1.5163961009835292,2.1154586895212963,2.834011077149887,1.1753948868702924,2.114388181445279,3.0672209484291653,1.4862526557102835,2.090759588714553,2.850567205192373,1.3057006815625994e-05,-4.0190917550723485e-06,1.1070613651889337e-05,6.232662646332631e-05,0.35030005603301123,0.47233313943611477,3.818243014010675,187.36678196306426
10.500000000000014,1.5002500775369145,2.1214119854567053,2.855605108724568,1.1580131763028996,2.11548806537754,3.089576404352119,1.4698372663289039,2.0958121838878276,2.8705577403640543,1.3231450955058806e-05,-3.9227318995820255e-06,1.0868858697370711e-05,6.231519019394856e-05,0.34833675673082143,0.4471091184590759,2.183122095395981,194.07995893619147
10.550000000000015,1.4839733633247265,2.127008721899874,2.877178475349789,1.140664252791959,2.116195106545044,3.112145621908839,1.4550883273117912,2.099914053460922,2.8874111707038352,1.3400127101015982e-05,-3.8197253714249436e-06,1.0671101896740264e-05,6.230349724182468e-05,0.3472738699086046,0.45138435113439174,2.6424526655626845,194.60753883347553
10.600000000000016,1.4675527450433097,2.1322622534630677,2.8988001785617286,1.1234856662106265,2.1165210092771045,3.133101332222095,1.4382631163856476,2.1040316908714254,2.909788169953181,1.3561617102798535e-05,-3.7132778777818146e-06,1.047797374191736e-05,6.229157769464449e-05,0.34363984228620986,0.4191142062651279,1.1832987812379663,204.0900179742672
10.650000000000016,1.4510607599447014,2.137152915033064,2.9204297569029674,1.1059169668296458,2.1164704517467774,-3.127345938533269,1.4217007227277216,2.108643701577561,2.9296923134157318,1.3718400370670871e-05,-3.5971094465335965e-06,1.0291247072136247e-05,6.227832055933387e-05,0.351383012107798,0.4547607284844433,1.3890388456095597,205.65912185854899
10.700000000000017,1.4344496239055742,2.141701462079943,2.9420290293605,1.0885282963616743,2.1160369605554257,-3.1059906555485077,1.4068320720329754,2.1127859720642084,2.944809744971102,1.3868692060354744e-05,-3.475858846846003e-06,1.0108396441954697e-05,6.226469357107099e-05,0.3478880703762941,0.4271056596952195,4.504107722042953,199.66000302440543
10.750000000000018,1.4177531364081932,2.1458679547875934,2.9636145124269677,1.0708827835129193,2.115211791153246,-3.08373534649586,1.3904173203341774,2.1159351620325073,2.966413864235811,1.4012099385326719e-05,-3.3510067782860693e-06,9.933864956493399e-06,6.225061086544499e-05,0.35330321718528257,0.44510618105295285,0.6763519173155443,204.72974243600115
10.800000000000018,1.4009595787980547,2.1496877325858184,2.985213806915665,1.0536629870231207,2.114011572229747,-3.0602751472924314,1.3740579781196274,2.1190722112662397,2.9916736197830085,1.4149397662672429e-05,-3.220022671517374e-06,9.760949685620811e-06,6.223631199605402e-05,0.3452393853761763,0.4692039840685639,1.030322941225746,204.3134991611648
10.85000000000002,1.3840820827890752,2.15314309823144,3.0067666261854686,1.0363556851428959,2.1124169699828617,-3.039159622997853,1.3580470464576366,2.1210291751346366,3.0179273529675825,1.4281090622524961e-05,-3.0806559563173285e-06,9.593622496263518e-06,6.222125194913481e-05,0.34761857204089736,0.42231048589156384,3.321213880734633,208.6895096939597
10.90000000000002,1.3671633742713873,2.156225972496428,3.0282943617472786,1.0190430167559652,2.1104417570714236,-3.0168268543995365,1.3411873356870871,2.1239566401889123,3.036006824637745,1.4406893779454584e-05,-2.93150919515264e-06,9.431451855010177e-06,6.220554067035565e-05,0.34850685658710073,0.44665537196632615,1.984991349778936,209.5633093972693
10.95000000000002,1.3501636666422439,2.1589402295593234,3.049790112397586,1.0016845359472601,2.1080655940581723,-2.994274047451531,1.3259511156077453,2.1254431634405058,3.0589684560877783,1.452576371699909e-05,-2.779032763797681e-06,9.276522571863922e-06,6.218921298918668e-05,0.3504146217511182,0.45105613896009894,2.937714941116082,209.0627474283938
11.000000000000021,1.3331203635936082,2.161301296518284,3.071359986062673,0.984488110605259,2.1053041841812057,-2.9704688973714592,1.3100184061611448,2.126443299042116,3.0831219713723854,1.4637911023874214e-05,-2.620189733597871e-06,9.126931966765846e-06,6.217246321864863e-05,0.3483427934830021,0.4761030016014261,2.3545814461153824,213.64941524643294
11.050000000000022,1.316020509435135,2.1632913590700538,3.092906937605082,0.9673801982639021,2.1021399515557677,-2.946935525335555,1.2939750723869747,2.1278870278014397,3.0983510919151698,1.4743066512403835e-05,-2.4548028874535774e-06,8.983694578412434e-06,6.215548920181768e-05,0.34796954059349655,0.47066744071808325,2.8552130974881065,215.2022555693689
11.100000000000023,1.2988812428328445,2.1649001254475553,3.1143988198314463,0.9501942116566666,2.0985536918833696,-2.9248070483817115,1.2776077835992066,2.128483720044307,3.1209570046559865,1.4841133786701622e-05,-2.289703816835397e-06,8.848736652513212e-06,6.21376870498185e-05,0.3511307286729873,0.4425695390768616,2.929744532467713,219.68862714342967
11.150000000000023,1.2816944489192217,2.1661443011055845,3.1358495011423444,0.9332080607286288,2.094612253508908,-2.9023713398910203,1.2591432496690163,2.1294377761871224,-3.138386629147824,1.4931932497985667e-05,-2.119550321122849e-06,8.719654852233655e-06,6.211962706789966e-05,0.3487560836106801,0.44871416981381906,1.4639328779258776,225.876987613195
11.200000000000024,1.2645833974587244,2.1670336078385333,-3.1254359604938884,0.9163877340681089,2.0903003715043336,-2.878922648551321,1.2424427122232704,2.1295033439343887,-3.1184589723306426,1.5015367244977556e-05,-1.9435643130470323e-06,8.597058601333366e-06,6.21013441263152e-05,0.34729211407467203,0.46897382679397837,2.089447006264033,231.74550880166672
11.250000000000025,1.2475617625824038,2.1675735276269963,-3.1030852180212,0.8993477264587317,2.085514795399974,-2.856681161583191,1.2258923020747776,2.1305616909168505,-3.1001735290601538,1.509151581488527e-05,-1.7652402885525675e-06,8.484130549773602e-06,6.208188213090382e-05,0.3539923796722658,0.4448297393625963,4.877848044588796,225.55042268828336
11.300000000000026,1.2305086771698843,2.167723196987711,-3.080694494107012,0.8826148994934043,2.080408411730488,-2.8341149306407143,1.2104654219504565,2.130803596351548,-3.0867868521742685,1.5160645333753151e-05,-1.5860826229801637e-06,8.376782239606978e-06,6.206287682248206e-05,0.34990035204776654,0.451324618849526,6.880582478131236,223.7524718124602
11.350000000000026,1.213454789342186,2.1674939439983687,-3.058356111424137,0.8660963882093182,2.07495190081891,-2.810985470171726,1.1943761894137828,2.1301792039125007,-3.0616036417843326,1.522346251388906e-05,-1.4094878577500266e-06,8.275301356765215e-06,6.20443648636095e-05,0.34793575182139563,0.4625892093797586,2.7484862334221454,220.76921235666677
11.400000000000027,1.1963945241463505,2.166888692418734,-3.0360407442233472,0.8497342242792595,2.0691403075831607,-2.7896270804813312,1.1772438698050798,2.128703089112401,-3.0391255291225927,1.5278441645516557e-05,-1.228061448850858e-06,8.18129307820849e-06,6.202606728567862e-05,0.34727884244627294,0.42716779380789416,0.6109602116797295,228.59751043430387
11.450000000000028,1.1793747543784028,2.1659045642107975,-3.0137834189537562,0.8332148922290886,2.062877545465496,-2.7688075602454023,1.1588351784219912,2.1273891062098094,-3.01742816307095,1.5325726373383378e-05,-1.0435654231642855e-06,8.097170311265471e-06,6.20066900997336e-05,0.3533393806105961,0.41639040471857086,4.177992775601095,235.89990436084324
11.500000000000028,1.1623883326480586,2.164534450211456,-2.991610713016738,0.816811054349566,2.056262372616441,-2.7477337258009826,1.1434174870171876,2.125992214318556,-2.9986445052907063,1.5365372137834758e-05,-8.569218295113249e-07,8.020739010940368e-06,6.198635839755482e-05,0.35375584085706424,0.42147668888838485,6.164210363197693,232.62435247916537
11.55000000000003,1.1454184681875113,2.162786815618396,-2.9694133492519286,0.8007742143521615,2.0493880605799144,-2.725522551191017,1.1259065728254936,2.12368390790352,-2.9794782447631825,1.539816335306561e-05,-6.7020317259425e-07,7.9498941179302e-06,6.196726750024038e-05,0.3489692933082186,0.4442234921993036,1.4371360079418716,241.715798578632
11.60000000000003,1.1284853497770444,2.160658224221595,-2.9472173223449993,0.7850256888093573,2.04221814504092,-2.7031982693679395,1.1096635769290606,2.1206108098094263,-2.9511222663327716,1.542410654707123e-05,-4.836216729807383e-07,7.885204846125907e-06,6.194918029840914e-05,0.3460844875604947,0.4464856364615468,2.7208812911087104,242.74509266709615
11.65000000000003,1.1116070121715163,2.158152328621517,-2.925046295351439,0.7692082250056794,2.0345894948269443,-2.681223370230951,1.0935970699363429,2.1182356775666142,-2.932925849932899,1.544043247510395e-05,-2.9180415328543415e-07,7.832053030624287e-06,6.193073690150843e-05,0.35122692125487526,0.4394979827397643,3.025989813600948,241.18085924339908
11.700000000000031,1.094804472936475,2.15528106829767,-2.9029110206611324,0.7535972642587216,2.0266191421426476,-2.6578400943982783,1.0772943139865252,2.115692391816857,-2.917757045276465,1.5450112539658615e-05,-1.013429199526751e-07,7.785801630220467e-06,6.191245008320187e-05,0.3505667505899903,0.4676655166534467,3.4964805279664084,242.25144110833637
11.750000000000032,1.0780683832302107,2.152035964461883,-2.880852320853415,0.7380614579189754,2.0182435050216165,-2.6364445105674448,1.0610929922303618,2.1123328007953455,-2.9003840599629083,1.5454916118978016e-05,8.464329009880445e-08,7.74603149592702e-06,6.189460091466537e-05,0.35300111021549413,0.42791167661666724,2.3212204341418694,246.692870466554
11.800000000000033,1.0613844679592381,2.1484226894758374,-2.8588464437057617,0.7228790641135769,2.0096359732142095,-2.615226498680452,1.0463156809732679,2.1081753465182786,-2.881221382541349,1.545380253486178e-05,2.682846309871101e-07,7.7112511681875e-06,6.187792240863796e-05,0.3490593721500641,0.42436023773985293,2.9965108251798203,251.5051857931767
11.850000000000033,1.0447932087489902,2.144444408389416,-2.836866833826675,0.7078398992377998,2.000657541512788,-2.5915324836580433,1.0298584250160243,2.1038739102112567,-2.8591822718212585,1.544551620965042e-05,4.5112743698524507e-07,7.684395180599346e-06,6.186200369106405e-05,0.35031589695121756,0.473880300448163,0.937231704413058,253.59992447946058
11.900000000000034,1.0283108871970532,2.140106995923971,-2.814908108744672,0.6929871722288513,1.991338704191841,-2.570983389163517,1.01488211174063,2.0992980829099235,-2.829409918147593,1.5430231991571166e-05,6.329615509455668e-07,7.665110775501782e-06,6.18469423932526e-05,0.3506879224783283,0.41098188989051687,5.915858033340072,243.0857628725208
11.950000000000035,1.0119068419278252,2.135392523280368,-2.7929833044911554,0.6783676063294306,1.9817249707494218,-2.5488120346374163,0.9987609781684531,2.0938308944963016,-2.798728092557455,1.5403628299074536e-05,8.190780677134273e-07,7.657299601412875e-06,6.183302399208272e-05,0.3499532080031606,0.4434270905220086,2.6840263508228377,241.23919408173538
12.000000000000036,0.9956213320237512,2.1303136546222783,-2.7710716267525264,0.6640182307251774,1.9718192701135857,-2.5259700613852707,0.9840317861036916,2.0892636537987874,-2.7762737943630067,1.536541329449218e-05,1.0086687936414942e-06,7.661261237257205e-06,6.182030370331365e-05,0.34873526043162484,0.45683946504291084,5.001885534320696,232.34975662174995
12.050000000000036,0.9794399761425024,2.124871342065612,-2.749180155438144,0.6498990419577877,1.9615883572735966,-2.5031095283027494,0.969130250301133,2.0832284100269125,-2.754691002993952,1.5319936884271725e-05,1.1962564229107283e-06,7.673569738070557e-06,6.180914775305445e-05,0.3487327398681769,0.4572106616504211,2.4603048613196896,237.18157588903358
12.100000000000037,0.9634079484148268,2.1190871115304106,-2.7273160756248394,0.6360354138643871,1.9510628171477626,-2.4813244245047534,0.9535378760776215,2.077667805477052,-2.7426068373472883,1.5267819863027225e-05,1.3808021710818606e-06,7.693145962468289e-06,6.179920534265352e-05,0.348137422318439,0.4357020759599109,2.5049417236298006,242.92324874024325
12.150000000000038,0.9474809670065897,2.112948004809056,-2.705489979878225,0.6224656740904297,1.940304824057745,-2.4611991193584357,0.9388371930946213,2.0709118127227937,-2.7130492932755925,1.5214386491275077e-05,1.5577503063349455e-06,7.714572237976889e-06,6.179124855631826e-05,0.34634224371201555,0.4025061029263528,3.162856380865939,240.92743775651292
12.200000000000038,0.9316848625421494,2.1064650358580037,-2.683713015857454,0.6090267993309763,1.929193215870453,-2.440215298235892,0.9244298884593891,2.0636750590197317,-2.6861684630183666,1.514944476755407e-05,1.7352541027601543e-06,7.748978040065207e-06,6.178461555155747e-05,0.3487591426519815,0.4196764224508732,3.0959973568194132,244.6463466940279
12.250000000000039,0.9160565692825434,2.0996372302747455,-2.661957475457233,0.5957631940775692,1.9177397879687959,-2.418384710831199,0.9095001025370592,2.0568988282486513,-2.663252369340497,1.5074731520890605e-05,1.911284711300622e-06,7.794692342603004e-06,6.177947895555487e-05,0.35049475420463333,0.4366117480938501,3.0815938370005655,242.4741081082094
12.30000000000004,0.9005644907969241,2.0924581156205226,-2.6403339326265605,0.5827350952333158,1.9059875484232414,-2.3968869406794235,0.893570184658607,2.049439152424736,-2.641977802782527,1.4993128520629977e-05,2.083542656682103e-06,7.84855972486792e-06,6.177579236545729e-05,0.350917853720512,0.4299554030355032,2.6152062357200605,244.39565787204228
12.35000000000004,0.8852399338509389,2.084956075229895,-2.6187267247875483,0.5702025360645239,1.8941828893357744,-2.3753020664699176,0.8771351786392694,2.0418383201122956,-2.622074759353226,1.4905004634130098e-05,2.2519326993107786e-06,7.907335463246493e-06,6.177481480597823e-05,0.34434083361662665,0.431697484190109,3.0751733506588037,244.5039724171342
12.400000000000041,0.8700865777538839,2.077122276268035,-2.5971473105935754,0.5577038447168886,1.8818823560987326,-2.3530675662729448,0.8628183465227115,2.034524207380779,-2.600776837493754,1.4812066021261881e-05,2.414199602886889e-06,7.974067010656927e-06,6.177538328086298e-05,0.35073241810864575,0.44469000393944647,4.190486978869625,237.9706203236538
12.450000000000042,0.8551056968111451,2.068967851032403,-2.5755923007545687,0.5454539594206924,1.869284511067726,-2.3313158789926,0.8480274214175446,2.0264366645054803,-2.5804273382915097,1.4713587988751494e-05,2.5712287972278927e-06,8.047616978049963e-06,6.17780019328179e-05,0.3514413541303297,0.43503374560689173,4.517979154721656,236.759677574163
12.500000000000043,0.8402802142337722,2.0604720654372466,-2.5540907092158,0.5333942637327493,1.8563234161089377,-2.309052227266226,0.833025169221905,2.0178575929806444,-2.5597065551151688,1.4610148101742325e-05,2.7223915423806253e-06,8.127984957851591e-06,6.178192800897606e-05,0.3540842776935626,0.44527303452746936,2.7990583725369733,236.44272615928185
12.550000000000043,0.8256392572241422,2.0516752173618977,-2.532638260982703,0.521692686649134,1.843185806937107,-2.2878389778683528,0.8193619465897914,2.0084574260636963,-2.536859934327773,1.4501700103025588e-05,2.8681426451829084e-06,8.213487382947392e-06,6.178861947412006e-05,0.3518722998163101,0.42426498795745765,0.9439540395919699,241.73152090680694
12.600000000000044,0.8112001763986042,2.0425686395310714,-2.5112765305325557,0.5102914682469012,1.8298179345454786,-2.2660834050694056,0.804487663999466,1.9985303275831414,-2.5153140421945874,1.4386730194105173e-05,3.008988386875717e-06,8.30663325488051e-06,6.179807708745836e-05,0.3513971934496503,0.43511145597893625,1.670790135553978,248.37359254757266
12.650000000000045,0.7969694839856867,2.0331500277336585,-2.4899670673157552,0.499208574871482,1.8162445122637554,-2.2449689156758903,0.7906711765615037,1.9891616050113006,-2.499444342809459,1.4266519215324203e-05,3.144205500710804e-06,8.405673954306434e-06,6.180982441275785e-05,0.35047380866793243,0.4222897878702994,2.1512457337150668,251.0074929189031
12.700000000000045,0.782942902280256,2.0234156861507264,-2.4687158884638407,0.48856016998007973,1.8026239563647681,-2.2236993424262015,0.7774151454071292,1.9798465628590323,-2.4755664679929654,1.4144263489809219e-05,3.2734749379311256e-06,8.506159626549381e-06,6.182456697041376e-05,0.3457856785275664,0.4253914649937669,4.215019190377513,243.36304126272762
12.750000000000046,0.7691255259217256,2.0133850492403296,-2.447526780952577,0.47804202887566905,1.7885691658979677,-2.2028036249253367,0.7637988473972478,1.9699645872025164,-2.454140269506057,1.4016199430928476e-05,3.3963773421000972e-06,8.615707227248174e-06,6.184073188841789e-05,0.35110092030281825,0.4179143500172876,2.2325339182407413,239.82445094178033
12.800000000000047,0.7555129406941676,2.003055437684666,-2.4263384593553834,0.46779278966159393,1.7742444088567004,-2.180883693200915,0.7527554408588742,1.9604718706167403,-2.4342716007179934,1.388342614207218e-05,3.513206996719542e-06,8.732018772977529e-06,6.185865175839159e-05,0.3522828360154651,0.4383986344884226,3.9047718334358237,235.58259783248408
12.850000000000048,0.7421308687917751,1.9924500179194087,-2.4051542703381212,0.45790409022997497,1.7597745316142845,-2.159703436426424,0.7409041418050764,1.9500800126790032,-2.4109321297856083,1.3747287123933914e-05,3.624122386065188e-06,8.852589604425712e-06,6.18778045269878e-05,0.3505282910150369,0.4236051354898184,3.3421251079017784,233.6998541411431
12.900000000000048,0.7289880027114303,1.9815617163469703,-2.3840557333627115,0.448334910578398,1.7451224595797177,-2.1389835327743194,0.7283367975523891,1.9391014128216402,-2.393163723739143,1.3605889447083667e-05,3.7293427061491194e-06,8.980399383722664e-06,6.189893169409841e-05,0.350007640427055,0.41439807304208487,1.0825990130928247,237.33163694523395
12.950000000000049,0.7160707735112452,1.9703941341871611,-2.363073415102115,0.4389828227286697,1.730155792004431,-2.1196079232739846,0.7152965614675938,1.9282346542946156,-2.3761869063529706,1.346405159211019e-05,3.8274060532452175e-06,9.111321125442692e-06,6.192108089203379e-05,0.3529716303624233,0.3875121900066874,2.9643979864111687,235.58636545063823
13.00000000000005,0.7033998971340907,1.9589609188786217,-2.3421962002748526,0.42988347616045186,1.7149313462662088,-2.0994084583063195,0.7041554474376567,1.9170491530538023,-2.3514815916580627,1.332154583253187e-05,3.918728292343039e-06,9.2454009740209e-06,6.194452949257977e-05,0.3547351420357916,0.4039892993532936,3.304424081961553,232.3059469381282
13.05000000000005,0.690962837702199,1.947245158255689,-2.3214093532016786,0.42123898287687184,1.6997877524259684,-2.0795812612958793,0.6931099778832769,1.9058325028868757,-2.3275648040751955,1.3172019519330144e-05,4.005185528931321e-06,9.38645544857678e-06,6.196899651199041e-05,0.3487495717739418,0.3965439402088026,4.361780098562569,227.23350272183288
13.100000000000051,0.6787720983075118,1.935276349730818,-2.3006348667476306,0.41292608752986937,1.6845035365729608,-2.058287939825097,0.681684898204599,1.8937990839804988,-2.3017845356080717,1.3016944794303704e-05,4.085383841445325e-06,9.535218785308385e-06,6.199463354901906e-05,0.34797868965754003,0.42586642941564273,2.5860656030765,225.02116820226618
13.150000000000052,0.6668187761194806,1.9230474802845179,-2.2799410518223224,0.40490015715631805,1.6689567227774513,-2.0364191853967046,0.6716114708848334,1.882273123556378,-2.280975095189825,1.2856557146796413e-05,4.158376328818546e-06,9.6928197971877e-06,6.202110710789784e-05,0.34993209499470335,0.43737508856783897,3.033712968341365,223.13481082598383
13.200000000000053,0.655139309327181,1.9105800780717843,-2.259281183399076,0.3972792235587006,1.6534182381832414,-2.0171390911041516,0.660275793463677,1.8700201415528688,-2.258109426623336,1.2694307251804302e-05,4.225705012817794e-06,9.853418022595421e-06,6.20482237610035e-05,0.34614009350855385,0.38560188585105376,4.402901227240531,218.88868313423703
13.250000000000053,0.6437249296561379,1.8978866129111691,-2.2386660082133654,0.38998775091012977,1.6377638730943278,-1.9962493434515778,0.6493332124933258,1.8574274646157023,-2.2374089500174135,1.2528198199185438e-05,4.286014473164011e-06,1.002001509979604e-05,6.207563387579057e-05,0.34538996218136114,0.4177949530514719,2.6560748271506025,217.68042110768081
13.300000000000054,0.632572476981779,1.8849528669555808,-2.2181134399549287,0.38290301831358636,1.6217043821456048,-1.9762923768955258,0.6381870237286479,1.8445656462717488,-2.218247317520325,1.2362836059325969e-05,4.3385182743454896e-06,1.0190979047828016e-05,6.210278847287238e-05,0.3510617675425401,0.3991393311210348,2.5252106698584935,215.5187708566493
13.350000000000055,0.6216851884555904,1.8717783729686552,-2.197640504615179,0.376173006402649,1.6055475417590748,-1.9546710382703196,0.6284429469255413,1.8315429771257996,-2.1901850937086143,1.2196754577866086e-05,4.384717901063715e-06,1.0365152480580305e-05,6.212905689755495e-05,0.350056273067826,0.4324267725041194,3.3330394108354375,213.13311137829126
13.400000000000055,0.611087000439325,1.858395464906905,-2.1772393111769444,0.3697786179193062,1.5892451195611943,-1.9345115377954725,0.6171273166808744,1.817664342876671,-2.1733347528073326,1.2025760086556992e-05,4.4226497012637605e-06,1.0547347886849267e-05,6.215471234113478e-05,0.3502385240950413,0.40319000949693823,3.1295483459103415,213.5740732919075
13.450000000000056,0.6007490645106197,1.8447760464265657,-2.156973034912019,0.36363649060560876,1.5725670028242384,-1.9128040370909531,0.6062705881674194,1.8037425120626138,-2.156054123087228,1.1858116318825168e-05,4.453304377750592e-06,1.0731086284711117e-05,6.21801895589273e-05,0.355470229580345,0.4341500140903808,2.648975004949286,212.94647846749817
13.500000000000057,0.5906851339351812,1.830960583618183,-2.1367541601424915,0.35794231653178094,1.556031524339629,-1.8920734455399844,0.5969060934231135,1.7901188900799023,-2.133694395586064,1.1690696687153644e-05,4.479233229719313e-06,1.0914501359436766e-05,6.220386391477088e-05,0.34977513955146616,0.4146118310193717,2.5313240416654548,210.53755588655764
13.550000000000058,0.5809021054117786,1.816937221088935,-2.116626760950107,0.35255203760848275,1.5392947957757155,-1.8726653698381635,0.5887614344098425,1.776960978832818,-2.114755122787898,1.1523068778747528e-05,4.497680040468105e-06,1.1101661269969942e-05,6.222592204311197e-05,0.3516719464798356,0.3881615140364129,3.758322729333107,208.54917580187382
13.600000000000058,0.5714121531247615,1.802741644904066,-2.096560195388089,0.3474417830159593,1.522298011573591,-1.85305181873329,0.580342401280823,1.762982558606919,-2.0960863343768312,1.1357555027081081e-05,4.509090649760945e-06,1.1290558917518945e-05,6.224609181706518e-05,0.35497350533776845,0.3922710220974641,2.2890846063533075,210.4327182268711
13.650000000000059,0.5622131366406419,1.7883475190234726,-2.076502820989645,0.3426865276494451,1.5052996984022542,-1.834092079374598,0.5720813507538538,1.7490098547093076,-2.076938400179787,1.1192652932610276e-05,4.514598492297064e-06,1.1479954329110868e-05,6.226450960411327e-05,0.3530237597537491,0.3791947871738331,3.195393724829302,209.72454456289486
13.70000000000006,0.5533004914809624,1.7737579982768132,-2.056560272890765,0.3382858300389797,1.4883473943988776,-1.8154739542562401,0.563295153908823,1.7340409460558126,-2.0570061255064953,1.1027731896979628e-05,4.514089233172425e-06,1.1669918245714813e-05,6.228133028653298e-05,0.350288801641091,0.37236250236715285,1.7398643325367336,211.23332247076348
13.75000000000006,0.5446666611149649,1.7589729899845814,-2.036700823819376,0.3342122986653865,1.471311431848793,-1.795532191169947,0.5559634435024355,1.720195395857604,-2.037908138598085,1.0863002252874056e-05,4.506366415956788e-06,1.1861404249269518e-05,6.2296947699676e-05,0.35033004201407597,0.3988352617258578,2.3799742437771636,208.25914719225582
13.800000000000061,0.5363580399147525,1.7440591637853184,-2.016944749917123,0.33048470029761084,1.4542401161868654,-1.7760208961196478,0.5481083920011562,1.705798309701304,-2.0156594226306326,1.0699218017265891e-05,4.49230546105591e-06,1.2052924193382946e-05,6.231025945238235e-05,0.34947646238121693,0.39022590100597565,3.870798088275154,202.13926639794528
13.850000000000062,0.528337918481667,1.7289529797616843,-1.9972831508665043,0.32707072210978705,1.4370248911945633,-1.7571148325191959,0.5412521566738872,1.692347010527768,-1.9989315597267543,1.0535840755825748e-05,4.470088947774464e-06,1.2246020212074184e-05,6.2322077879392e-05,0.35101475388524,0.37812127200903095,4.850127835222702,194.59182433457826
13.900000000000063,0.5206093512994893,1.7136685431337955,-1.9776960561986598,0.32399218430615184,1.4197481157843252,-1.7371549888659226,0.5350745662872286,1.6793193618568085,-1.975876035982571,1.037483905686573e-05,4.4419834771208395e-06,1.2437403845132324e-05,6.233201645402092e-05,0.3509840954149565,0.39919687306545965,9.248671552814036,181.50845588640897
13.950000000000063,0.5131929138955686,1.6982655457402314,-1.958186306364917,0.32123042373461025,1.402247686934912,-1.7174780605568547,0.5275864284705087,1.664108751550332,-1.9614552870880846,1.0214998698832525e-05,4.4048230003915394e-06,1.2630057465482367e-05,6.23405726736241e-05,0.3543458532786633,0.3935385661813521,4.051491963922858,180.74829913957151
14.000000000000064,0.5060706679371928,1.6827041829653901,-1.9387038671904995,0.31884565796682673,1.3849818322303113,-1.6986184797619117,0.5208997360638634,1.6485386373079143,-1.942788477901778,1.0057059458630779e-05,4.3644101728625795e-06,1.2818607528202008e-05,6.23474057601702e-05,0.34860054574950383,0.377191615898856,1.1227707248869256,182.08451495847987
14.050000000000065,0.4992545579977488,1.667022218916987,-1.9193168972262462,0.31675100490226155,1.367309730501438,-1.6789308980104218,0.5137121754374862,1.630781881181805,-1.9242222477109245,9.903922485627408e-06,4.316098640089997e-06,1.300613271292756e-05,6.23527040996749e-05,0.3559218904811203,0.39375163502979127,1.09414258419421,194.02334461734318
14.100000000000065,0.49269289560221735,1.6510336470792866,-1.9009264194850417,0.3150344391242822,1.350074125375214,-1.66119540351494,0.5079722205101451,1.6149646100707065,-1.9034114216560991,9.749281032282706e-06,4.263211227998196e-06,1.3190813147597607e-05,6.235625993723145e-05,0.34642202371527825,0.3547098899096305,1.0014545854372974,193.77525942206188
14.150000000000066,0.4864565850743318,1.6348912700653901,-1.8826917249875437,0.31363229553827116,1.332726740897341,-1.6417013440161845,0.5026990936886582,1.600273544963507,-1.8887108169291906,9.59614758157973e-06,4.201923923813649e-06,1.337444478268738e-05,6.23578343430621e-05,0.3480846720364232,0.3898811899751058,3.3714674604350865,189.744263062724
14.200000000000067,0.48053949194715617,1.618643771116321,-1.8646457140639126,0.31256448031705797,1.3151805038296183,-1.62145582335419,0.49723304056834294,1.5842940307832027,-1.8623991264618565,9.448285510761627e-06,4.135691055739117e-06,1.3553906196458539e-05,6.235797766865209e-05,0.35157998782777833,0.40491041323988414,4.044829449390322,182.48934939049593
14.250000000000068,0.47492302093920447,1.6022968786332548,-1.8466829877403121,0.31185610566456207,1.2977679305226604,-1.6014555691754224,0.491554344700304,1.5680778157321456,-1.8385014300751874,9.298782122816678e-06,4.059039327452339e-06,1.3733120682279239e-05,6.235689769746728e-05,0.3485453356997111,0.40000508357534703,4.306417864505153,175.75590354272364
14.300000000000068,0.469592354707317,1.5858266922631077,-1.8287685846696615,0.3114968158053346,1.2803640697847107,-1.581419744199159,0.48703196753403727,1.5517944800764487,-1.814158261164145,9.150300937697314e-06,3.9730712249202335e-06,1.3910543408852234e-05,6.235450363580964e-05,0.3481572029946864,0.4007164995252589,2.2626788738882726,175.72348129686333
14.350000000000069,0.46455739804706103,1.5692926371672904,-1.810891696421629,0.3114779358466575,1.2630950691763603,-1.5623594807601164,0.48228296324207376,1.5361664786281413,-1.7971080298365938,9.002324269700172e-06,3.878067253786677e-06,1.408522806999381e-05,6.235126640640064e-05,0.3453854467358758,0.3812052687808492,4.761643869783122,169.25565748225125
14.40000000000007,0.4598049124814022,1.5526485735238897,-1.793131116220822,0.31179476407081913,1.2454255915518002,-1.5433753752755262,0.4784880377796433,1.520214179771679,-1.7785947447435448,8.862054873962144e-06,3.777467403550464e-06,1.4255061064995425e-05,6.234620265670823e-05,0.35345166541133083,0.37968210969180105,3.6568764372413884,168.87064508788927
14.45000000000007,0.455328858708306,1.5358118717906264,-1.7748310648311028,0.3124406307989812,1.227956672071439,-1.5243062753934113,0.47451726019896306,1.5045153957473592,-1.7625554903112992,8.7238477406174e-06,3.671507177377728e-06,1.4419743554982575e-05,6.234029442560724e-05,0.34962239726399413,0.3813819976422895,4.419585919961347,163.44095292686976
14.500000000000071,0.4511293312917455,1.5188382501810285,-1.7562086703151474,0.31339891212518256,1.210824843289478,-1.5055313770187422,0.47128704960757245,1.4885582582015735,-1.7422230759188204,8.587376289247905e-06,3.5623469982698666e-06,1.4578534620726937e-05,6.233336819219514e-05,0.343177219006947,0.37549796749337616,1.9051789591696393,161.78135629778325
14.550000000000072,0.4472320520379037,1.501797379478913,-1.7375865424022443,0.31471013523460895,1.193312144340015,-1.4865947532148864,0.46922859621466173,1.472671569682079,-1.7261896304536521,8.457955324810984e-06,3.4457131557582515e-06,1.4732513089717815e-05,6.232508306903665e-05,0.35123960313653196,0.3787324760771089,2.4348397306108467,167.29165564744002
14.600000000000072,0.44365258232997834,1.4846849053363047,-1.7190348800865787,0.31634458199885007,1.1758407087729013,-1.4684415450559172,0.46607143027412856,1.4561895342667448,-1.7100285583745631,8.333094912688446e-06,3.3256937685517636e-06,1.4880263291791142e-05,6.231592186018446e-05,0.35095921881505,0.3630641631793819,2.12047136488497,165.7657430474754
14.650000000000073,0.44039900964298784,1.4675121136327545,-1.7005966514603696,0.3182687985750244,1.158509256798615,-1.452007687918759,0.46358724000748464,1.4410934932153543,-1.6916279643528618,8.211931808808463e-06,3.202823133835245e-06,1.5021722078587265e-05,6.230588865698584e-05,0.3487627736548935,0.3286771427431627,4.289480566602274,158.74749295639498
14.700000000000074,0.4374736669593804,1.4502759521070625,-1.6822992929410687,0.32048793802004144,1.141191705060348,-1.4346862324204732,0.46099242692059894,1.4226788348891004,-1.6706307340002151,8.095141845623181e-06,3.0744324465735903e-06,1.5157221370182555e-05,6.229554100380664e-05,0.34918751385836566,0.3464291099657078,1.6242302575500016,164.8696398266357
14.750000000000075,0.4348711911959401,1.432988612778839,-1.6641203846170687,0.3230326268010347,1.1237378823459305,-1.4173555192446756,0.45845238532283017,1.4060567270884758,-1.655646098450887,7.983865123639901e-06,2.939188981247116e-06,1.5287058969242803e-05,6.228369679145135e-05,0.35277140213315616,0.3466142635159458,3.5878110751160834,161.03920053403397
14.800000000000075,0.4325883563058682,1.4156506472829395,-1.6460499423204533,0.3258420828051399,1.1065490159871554,-1.4002097611150461,0.4558516549630663,1.389881549924849,-1.641393103811898,7.875545955520931e-06,2.8020274290723297e-06,1.5410112817476952e-05,6.22717662356111e-05,0.3483432797378757,0.342915162592583,6.680683586913268,152.5978920017598
14.850000000000076,0.4306231642993234,1.398289496368859,-1.6280725053148013,0.3289797324272733,1.089321058140817,-1.3810810486184955,0.4541945471803965,1.3742143066641488,-1.62938142272965,7.772883312227766e-06,2.6624605934395635e-06,1.5526668842076647e-05,6.225922299529283e-05,0.3502323384625783,0.3825742499310072,3.8082771282399017,148.93151676957092
14.900000000000077,0.42897353605655475,1.380905314997346,-1.6101792675298998,0.33245150928932743,1.072070564978247,-1.3633043914324263,0.4534054850090121,1.3573949088933202,-1.6118411055580224,7.676021080929715e-06,2.5232198469766587e-06,1.5636357004230883e-05,6.224638764096346e-05,0.3519323247268845,0.35553314372137984,1.1669206508508227,152.10650976889787
14.950000000000077,0.42763719503405523,1.3634722225445906,-1.5923884841066622,0.336216611045303,1.0549349935830967,-1.3457135906132145,0.45204639827248116,1.3403851479424056,-1.599032889470739,7.583246990106874e-06,2.380273039563338e-06,1.573964904073188e-05,6.223304087681478e-05,0.3508912854616367,0.35181601638423354,2.069411884929434,152.41790429828916
15.000000000000078,0.4266163223263457,1.3460232519096635,-1.5747043221375343,0.3403008408162138,1.0377492050572021,-1.329232501374557,0.4509104388765295,1.3246617807322623,-1.5870325116321204,7.496216067914836e-06,2.237293822693251e-06,1.5836466148260033e-05,6.221912038423841e-05,0.3532926963232482,0.32962178477314785,3.3511285410728107,148.3784582094882
15.050000000000079,0.4259096830425061,1.3285478760406138,-1.5571315485469963,0.34456991459900344,1.021034526461263,-1.3122348331427938,0.45075004815563907,1.3073348051622726,-1.5623688249222472,7.4102328088554095e-06,2.0946824292845634e-06,1.5926872360328224e-05,6.220548551144647e-05,0.3450290637019869,0.33995336463525727,2.41628821986618,144.54673476822745
15.10000000000008,0.4255143683609159,1.3110695434377564,-1.539665594213356,0.34921657956156965,1.0040637044866527,-1.294851433621691,0.4513966216286235,1.2903800222936892,-1.5396644902270376,7.331958574081433e-06,1.943376290003426e-06,1.601073689404159e-05,6.219096375023013e-05,0.35191367703116194,0.3476679904220515,3.1726535466991694,146.1984075073923
15.15000000000008,0.42542889010280743,1.2935990655909606,-1.5223134101299922,0.35419652222395337,0.9870797155367432,-1.2763022174600158,0.4513724662387762,1.2734893232565054,-1.5194207717135528,7.259801088489654e-06,1.7852405784167172e-06,1.6087913697471446e-05,6.21757709870176e-05,0.35398570120241063,0.3709843232334969,3.967888176834867,141.60679458899128
15.200000000000081,0.425652850940081,1.2761147535194264,-1.5050809153227127,0.359432822732734,0.9703535346344094,-1.2585002540887325,0.45253139275078896,1.2557136023622157,-1.4997914569435358,7.191516108101134e-06,1.6231890191041131e-06,1.6158304402049093e-05,6.216036794572294e-05,0.3505379198857105,0.3560392674256609,0.6923393431571211,147.8791258140879
15.250000000000082,0.4262119379552768,1.258529064525674,-1.488446762004435,0.3650211804020455,0.9535209071330215,-1.2420002402317885,0.4543530096785719,1.2395649820311898,-1.4813725639436592,7.130407224899853e-06,1.4581441505299666e-06,1.622208188506018e-05,6.214423204308718e-05,0.35472480989669447,0.33000027713887503,1.5307464259045864,151.91486606472301
15.300000000000082,0.4270969950612401,1.2408902306557381,-1.472493744396413,0.37088762505795286,0.9367996982576615,-1.224749091830438,0.45550297283128666,1.2225798506231238,-1.463937391072075,7.074716335164707e-06,1.2906806465089915e-06,1.6279267366255954e-05,6.212833771010269e-05,0.354413197763738,0.3450229680270029,2.045421786336544,150.3256555910409
15.350000000000083,0.4282726479184502,1.2232531684510264,-1.4568224723635594,0.3769419446713513,0.9204153019111722,-1.2089328240648285,0.4574261907288873,1.2050677531679546,-1.4478233716474915,7.022173896306004e-06,1.1223495400274337e-06,1.6329991094737572e-05,6.211288820956986e-05,0.3493477293131537,0.3163253553121844,1.59256230602057,155.12675045233314
15.400000000000084,0.42972425701409006,1.205660240639989,-1.4413193569992013,0.38330647210196034,0.9040383487413901,-1.1913321299147606,0.45890684828362976,1.1888390559547566,-1.431949501086035,6.975793250199226e-06,9.532370061447317e-07,1.6374505057428567e-05,6.209736229075896e-05,0.3514084655627772,0.3520138830013552,2.2781927123818138,150.28995272969095
15.450000000000085,0.43145435764736834,1.1880948455059677,-1.425915175376047,0.3899415258010765,0.8878063320559462,-1.174184331163688,0.4604428920395368,1.172007997428865,-1.420187435843608,6.934243542323279e-06,7.843124445054388e-07,1.6412954229650992e-05,6.208229510349295e-05,0.3507191687879775,0.34295597502144765,3.199199841724008,146.93720624341037
15.500000000000085,0.4334580369635493,1.1705269174398334,-1.4105552496981841,0.3968877029708513,0.8715977513351822,-1.1576620097221233,0.4628231974767236,1.1539587110722611,-1.403581997421116,6.8975985217037885e-06,6.185834807202786e-07,1.644635763721937e-05,6.20671072548048e-05,0.3526894047332226,0.3304464288312874,2.983880275324121,149.79135079150066
15.550000000000086,0.4357198954128201,1.1530199759174387,-1.3952666134082852,0.40406688500116716,0.8555636430583482,-1.1419774907477587,0.46507631890777595,1.1371700489174956,-1.3884629572134,6.865413038508928e-06,4.528053931100478e-07,1.647378401409534e-05,6.205198711686238e-05,0.35136283811702407,0.3136903794872883,2.013079451272922,147.014844106006
15.600000000000087,0.43824937000536773,1.135558425366154,-1.3800823784079943,0.4115161534200328,0.8396231688870045,-1.1252916174359915,0.46719293468332673,1.1188137401896312,-1.3781267611921961,6.838368550175995e-06,2.875595852354595e-07,1.6495340887338706e-05,6.203739092810662e-05,0.3519076582587011,0.33371746623534115,2.338529858553427,146.35082617155857
15.650000000000087,0.4410546013518501,1.1181291808917082,-1.3650342901115926,0.41909612509042876,0.8240512893726033,-1.1102806606606594,0.470431721845086,1.1026134720127996,-1.3646403276543058,6.812133180898253e-06,1.2662747578067105e-07,1.6512910966120125e-05,6.202336820371098e-05,0.34637842558750426,0.30021913550663853,1.6689580327250153,147.4654792496632
15.700000000000088,0.4441175499064583,1.1007569618037305,-1.3500978496315605,0.4269088890616656,0.8086042041104622,-1.0947966484293756,0.4729498740446959,1.0877022547347934,-1.3500180682822835,6.790096424992041e-06,-3.260105564934329e-08,1.6525510996565332e-05,6.201068753091104e-05,0.34621248443425434,0.309680244625677,6.762032738732272,137.54551262357168
15.750000000000089,0.44745269355196876,1.0834123718126474,-1.3352828277712636,0.435031119632853,0.7931548792399775,-1.0787520271073543,0.47680586882434284,1.0710745679382656,-1.3342520784796812,6.773846273956826e-06,-1.905576801961505e-07,1.653265712212345e-05,6.199855195809446e-05,0.3490895610235259,0.32089242644041727,2.4024311344272373,139.78390694969957
15.80000000000009,0.4510473063058952,1.066132620721293,-1.3205851368028287,0.44350529237977954,0.7776317568168263,-1.0634507400809325,0.48099821757547584,1.0549236054284394,-1.3157567215293893,6.764086749773875e-06,-3.4730791092887046e-07,1.6534494104770348e-05,6.198637200602456e-05,0.35371459463354216,0.3060257405284301,1.1581095099960188,141.10869153534878
15.85000000000009,0.4548927229667362,1.048913128358358,-1.3059981744472766,0.4520713903834748,0.762495012121188,-1.0481834845820375,0.48455960729663067,1.0385761433896221,-1.3046294495776671,6.757770058417498e-06,-5.052230277290041e-07,1.65299352783944e-05,6.197549368571804e-05,0.34785338913274133,0.30534510997789177,1.1977761113977585,138.58913694456467
15.900000000000091,0.4589979491919641,1.0317589280069064,-1.2915269444056698,0.4609194658261717,0.7474061096393163,-1.0326958333651053,0.4885113602301518,1.0216415176780889,-1.292137858686613,6.755290993049447e-06,-6.592142871614627e-07,1.6521691262098008e-05,6.196514141469996e-05,0.3498396964933251,0.30975302433864227,2.506615577412198,137.4723073857115
15.950000000000092,0.4633548546104257,1.0146514811501621,-1.277170478934154,0.4699132747143222,0.7326087405075188,-1.016629858143658,0.4920505509326345,1.0060579546661363,-1.279461874714941,6.754945976574576e-06,-8.106262444544234e-07,1.6509344443597018e-05,6.195576658051762e-05,0.34632769528339297,0.321319504428943,3.6329446118647857,129.55138355973398
16.000000000000092,0.4679627244561025,0.9976158394796506,-1.2629340328512022,0.47937645986652744,0.7175602670207853,-1.0022411790520187,0.496155329569882,0.9898516661097454,-1.265815402316882,6.761206024882696e-06,-9.578794605087716e-07,1.6493437599213223e-05,6.194628199957447e-05,0.35553558449486805,0.2877735818327806,3.010758114190061,124.64634990720602
16.050000000000093,0.47280521351201577,0.9806623674569537,-1.248810305514964,0.4890049061257202,0.7027454876032403,-0.9867111598083658,0.5013811394141228,0.9732611337318658,-1.249093911326773,6.770614339829844e-06,-1.1032690589486488e-06,1.6472803886236777e-05,6.19376221539371e-05,0.35337851720939933,0.3106003848730555,0.5986966744119362,125.81944735461474
16.100000000000094,0.4778935611388963,0.9637842936613502,-1.2348072625913298,0.4986859538005786,0.6883262442137377,-0.9723398418714901,0.5059022415960073,0.957683051647461,-1.2407207604027133,6.7824980589884775e-06,-1.2482105833229577e-06,1.6446832682709688e-05,6.193099421548103e-05,0.3473571393312701,0.28742635873750977,1.9532532154997537,123.90857637406442
16.150000000000095,0.4832273424338335,0.94696686341581,-1.220923857750441,0.5085436881407012,0.6740948949696339,-0.9576636932130809,0.5114074447901816,0.9418511589350343,-1.2176631678436138,6.795360996130085e-06,-1.38801643724886e-06,1.641888541100255e-05,6.19258292031017e-05,0.34624361778756013,0.29352297316818654,3.837223315410937,119.71699905466653
16.200000000000095,0.488773338960735,0.9303295859999595,-1.2074979772733272,0.5187983590380219,0.6597673873991076,-0.9415145393942739,0.5167327956638946,0.9255185772108729,-1.2078292983182268,6.8187112877706e-06,-1.5300038246270012e-06,1.6382556470261672e-05,6.192162471811382e-05,0.3523875679773259,0.322983076376131,2.728667986631846,119.2960830899282
16.250000000000096,0.4945541572084379,0.9138028715742283,-1.1945287970162486,0.5291577852360763,0.6457552323660138,-0.926820237104395,0.5224409954816437,0.9100171455891658,-1.1930689674258705,6.8419137976851536e-06,-1.667132632208467e-06,1.634436105430448e-05,6.191890672806633e-05,0.3485189600411105,0.29388604579757444,0.8904820876681397,117.81046048013181
16.300000000000097,0.5005483114922675,0.8973723697080203,-1.1816853763745208,0.5396548510611758,0.631974867137489,-0.9128265270757092,0.5286777143824642,0.8949649432017278,-1.1776912096978696,6.86824759726523e-06,-1.8021768759498657e-06,1.630190218678202e-05,6.191794701682642e-05,0.3464631315631412,0.27987420057371365,1.6237901961156216,119.30783781118298
16.350000000000097,0.5067682159724034,0.8809904749069059,-1.1689503386512996,0.5504298262708969,0.6182483446813091,-0.897742333971979,0.535300037138332,0.8789556451159031,-1.1592001997397203,6.90009387220164e-06,-1.935157422096916e-06,1.6254747795613908e-05,6.191866906912181e-05,0.3490119101432907,0.30168386207460113,1.1000379695083993,121.0128717029401
16.400000000000098,0.5131761013837064,0.8647282405573031,-1.1562928182825265,0.5614328252402055,0.6046420926059519,-0.8838371258897362,0.5412712085822307,0.8631587546328824,-1.1529453121195614,6.9378075612115224e-06,-2.067001605598581e-06,1.6202010286377993e-05,6.192074848357817e-05,0.34997200780154175,0.27810416164485247,2.3176652921481637,119.54708370485098
16.4500000000001,0.5198020585248522,0.8483832025551236,-1.1431443455995904,0.5726503737865674,0.5911736654968444,-0.8688172473674198,0.5488082008604613,0.8471282749978793,-1.1382671268187137,6.975283576347226e-06,-2.1923703645437046e-06,1.6149277175176034e-05,6.192389876252336e-05,0.35056394573626787,0.30039757044632037,1.7464586528003232,127.01564600128366
16.5000000000001,0.5266932203216979,0.8321514552765101,-1.1301358363583882,0.5840112487409336,0.5779233011691249,-0.8552253347317968,0.5554927934314856,0.8319450849648853,-1.1279444144838422,7.015741070930763e-06,-2.315130259228143e-06,1.6092891880971387e-05,6.192936736751427e-05,0.34908241121522227,0.27183825271245615,1.570122674896975,127.47395200476387
16.5500000000001,0.5338674623921894,0.8159463205259796,-1.1168281659427997,0.5957272946493377,0.5646314750482813,-0.8414273348308492,0.5627733295272824,0.8157815218999748,-1.115971189272972,7.0594525007760024e-06,-2.4327088194774347e-06,1.603516215003648e-05,6.19357383665525e-05,0.3543689343945813,0.2759599980189483,1.1501945681783958,129.02352725061854
16.6000000000001,0.541245838422771,0.7998330021734934,-1.1035525006700997,0.6074679417754506,0.5516954747135964,-0.8261746508333783,0.5697797937839482,0.8001013066023281,-1.1036617697008024,7.104266252140455e-06,-2.5477440126011225e-06,1.5974050358235038e-05,6.194417626429366e-05,0.3493930830786164,0.30505367994941235,1.485814394078862,126.7200173156553
16.6500000000001,0.5488017154134561,0.7837386002089638,-1.0899778502931543,0.6194680412281153,0.5388381005095435,-0.8135695607021085,0.5777513218031792,0.786184861770061,-1.0877834355607812,7.151508315131587e-06,-2.6582884869883167e-06,1.5911120129903218e-05,6.195424258724758e-05,0.35174908890668816,0.2521018026253883,2.1121815252545466,132.82415603892306
16.700000000000102,0.5565829304743882,0.7677501874708994,-1.0765422884868547,0.6314800409118618,0.5263025405313353,-0.799877109669838,0.5857195528818835,0.7702151309435413,-1.0708125501990633,7.202509512917851e-06,-2.7682083811275147e-06,1.584301014793868e-05,6.196657603648255e-05,0.34723658206523184,0.2738490206454046,2.946438408159605,132.8608641172319
16.750000000000103,0.5645693272181278,0.7518835370315679,-1.0632455691619487,0.6437665054164903,0.5138326662049693,-0.7857361468393584,0.5943410180529385,0.7532558466314299,-1.053727138749844,7.259723644466492e-06,-2.875910940247267e-06,1.5769925742352273e-05,6.198109608709243e-05,0.35012002657702174,0.28281925660958857,5.683002448171754,135.05320999896588
16.800000000000104,0.5727942686941118,0.7361044514260098,-1.0502537136021153,0.6561471032662876,0.50161773985844,-0.7715887047046972,0.6016991737532119,0.738062465792357,-1.0465403690497914,7.3214284034514395e-06,-2.982082165898185e-06,1.569166873814479e-05,6.199800454590448e-05,0.3478440305642051,0.28294884269321907,2.6527801478707214,130.22440172321592
16.850000000000104,0.581214485791226,0.7204752781764682,-1.0373391490721198,0.6688804231399331,0.4894070850932522,-0.7573066304618488,0.6099838001335387,0.7225912722989644,-1.0339364082437772,7.383674659252876e-06,-3.0817916473718646e-06,1.5614826660245333e-05,6.201584011630525e-05,0.3528415028373128,0.2856414848569655,1.4237614765804978,129.2398431202498
16.900000000000105,0.5898547314680144,0.7049349581381514,-1.0245003698425057,0.6815940741144868,0.477538059853837,-0.7447995667894398,0.6173588011720935,0.708127711570733,-1.0268349005361674,7.446510653225434e-06,-3.178898254920097e-06,1.5535627901620156e-05,6.203553363059147e-05,0.3478589511061322,0.2501412734481809,3.199019015770657,123.47838339774493
16.950000000000106,0.5986921281804064,0.6895142172477755,-1.011774421624769,0.6943404659968692,0.4659200662650294,-0.7334360383990983,0.6258113914474093,0.6936664660172376,-1.0136266406130727,7.50732413695845e-06,-3.271429383192794e-06,1.5457167988834992e-05,6.205630622085499e-05,0.3449356356512653,0.22727056780683036,1.8165453338403164,122.01725747775505
17.000000000000107,0.6077174038367112,0.6742248142599256,-0.9991760939487819,0.7073259256993967,0.4543883863822854,-0.7189060506347253,0.6350412853652089,0.6792633123906816,-0.9947993534356958,7.573094648212812e-06,-3.361249840241192e-06,1.537538107827403e-05,6.207864414877785e-05,0.3473367880630057,0.29059975528745674,1.7043566523899492,122.59113828297137
17.050000000000107,0.6169550051719251,0.6590277151175961,-0.9867098317576157,0.7205534506891988,0.44295154252216073,-0.7069407093036442,0.6437760793841301,0.665456642298567,-0.9840568862413539,7.645612383317577e-06,-3.449152124511727e-06,1.5289005872139294e-05,6.210244434428918e-05,0.34972701521279353,0.2393068266216199,1.3961819136739404,122.76724876452428
17.100000000000108,0.6262501423734463,0.644155642712098,-0.9751066732327162,0.7340084900558677,0.43158344410919897,-0.6961052896430551,0.6533394319054647,0.6488925596307419,-0.9813810777112328,7.720019913473259e-06,-3.5328601499834966e-06,1.5202689501492496e-05,6.212697389105751e-05,0.3522923681026893,0.2167083932117781,3.6609524394600053,125.87217100222888
17.15000000000011,0.6356981074030121,0.6294875594605951,-0.9641160395612552,0.7475483940404735,0.42042174164359725,-0.6827282970080124,0.6630176307464002,0.6349760113612793,-0.9619244051501958,7.791060644145188e-06,-3.6114204905499872e-06,1.5119459785274624e-05,6.21533003079628e-05,0.3509513889273046,0.2675398527008517,1.8682203014134762,124.27522488614262
17.20000000000011,0.6453821906136403,0.6148053363795343,-0.9528885227656164,0.7613750817273919,0.40931484461139905,-0.6707643667517544,0.6729082040417197,0.6215276469588875,-0.9492130047150726,7.870338989790536e-06,-3.688242531926457e-06,1.5031274406367094e-05,6.218030991401192e-05,0.35470788315516333,0.23927860512515392,0.5151443212775777,128.76363852909037
17.25000000000011,0.6551906007381325,0.6003100871596867,-0.9421061696113034,0.7752830309013674,0.3984135491934913,-0.6588265242996512,0.6827079736169626,0.606180925187752,-0.9387067705165393,7.952452248073412e-06,-3.762916029770559e-06,1.4941319685443864e-05,6.220779509353354e-05,0.3534249569869416,0.23875684904205702,3.550395862817207,125.89815686085328
17.30000000000011,0.6652744900493816,0.5857669584181957,-0.9304075817422931,0.7891574277215806,0.3878181173667524,-0.6455561701232626,0.6919366566421321,0.5933291437676775,-0.9296665540315279,8.035349967818529e-06,-3.835494338721055e-06,1.4849817220213008e-05,6.223668930544358e-05,0.34915127678464286,0.26540708352776937,1.6779956647908036,125.17152956702778
17.35000000000011,0.6755032598559058,0.5713304320003428,-0.9187570388393395,0.8031009458561473,0.3774278877327898,-0.6352436035444757,0.7019909051177697,0.5797322394977126,-0.9217490482734787,8.117546969857333e-06,-3.904963834475221e-06,1.4759698486642178e-05,6.22653283496837e-05,0.34778225925732714,0.2062513315757377,3.011001720746957,128.82805048879837
17.400000000000112,0.6858811228264605,0.5570139706393574,-0.9071837173907016,0.8172644812790738,0.36711022155438805,-0.6239101371156335,0.7115948523210583,0.5662070216968557,-0.9071177959954966,8.200843269027951e-06,-3.970774456420178e-06,1.4671197666443278e-05,6.229407577061143e-05,0.3504644106454625,0.2266693285768447,4.209764221056877,122.98318706059305
17.450000000000113,0.6964283722355702,0.5428258208206599,-0.8958070485095108,0.8314513969867579,0.35701513418034797,-0.6129974378236156,0.7216489840957631,0.5529057097823733,-0.899591017807428,8.28817526489759e-06,-4.035275647737938e-06,1.4579311933213967e-05,6.232277430033186e-05,0.348242659725231,0.21825398584035666,1.6113285495494936,124.71114667088995
17.500000000000114,0.7071637148941805,0.5287571369243806,-0.8847213509322799,0.8458740480262682,0.3469981175478962,-0.6010982653253016,0.7320282758334735,0.5393025418280366,-0.8873462517945452,8.376364268905932e-06,-4.096173132518141e-06,1.4489550617186643e-05,6.235134956235951e-05,0.3512020065831555,0.23798344996627838,1.8867919384684044,122.6432912427053
17.550000000000114,0.7180794828251933,0.5147834327525261,-0.873744253796693,0.860377369571694,0.33716417065697335,-0.5905829223618815,0.7442781060832242,0.5244012470716982,-0.8763671515781173,8.467123057502668e-06,-4.155040779940949e-06,1.4398628765807092e-05,6.23797787156968e-05,0.35046008424219954,0.21030685926839768,3.162514008836655,129.79697217014717
17.600000000000115,0.7291627307045404,0.5009330021556176,-0.862920463738371,0.8750258659953147,0.32745911311379966,-0.5796826277474869,0.7548825238985499,0.5108491030144026,-0.8690789646121018,8.560726806187803e-06,-4.2116186404722364e-06,1.4307772627292213e-05,6.240907361675216e-05,0.3514368487333702,0.21800589228788475,2.1272252078152003,129.5164812538826
17.650000000000116,0.7403824081895611,0.4872195112011298,-0.8522395881478421,0.8897940701643472,0.3178984852914983,-0.5693785832091214,0.7656059673881371,0.4972611601849179,-0.8587011006697995,8.654023862776229e-06,-4.265480988561727e-06,1.421917150936372e-05,6.243741424140137e-05,0.3518569011316109,0.20608089076731126,2.8767017070840017,125.96050815221558
17.700000000000117,0.7517515297203887,0.47363585573452677,-0.8416578337103523,0.9046087921592177,0.30852944194233883,-0.5584479217478027,0.7758675005360403,0.48491433548903895,-0.8486637358919373,8.74924552737061e-06,-4.317584541034684e-06,1.412994982500806e-05,6.246494275583443e-05,0.3505755383941319,0.21861322922636733,3.1703398899554696,122.4783081223445
17.750000000000117,0.7632677216013037,0.4601695628676121,-0.8312028477059779,0.9194705280768058,0.2993408609306649,-0.5490438322028424,0.7872768469485389,0.47219838197962144,-0.8325390912513084,8.845469289628471e-06,-4.367820906578239e-06,1.4040896856059434e-05,6.249107077756004e-05,0.34945870456651057,0.1880817908992007,1.7525604078533847,120.2360000795244
17.800000000000118,0.7749203395355673,0.4468399128415837,-0.8209415914401432,0.9342114380027995,0.2904124568670069,-0.5401400603855029,0.7979783532422547,0.45992822875796274,-0.8255466423905333,8.946598077036465e-06,-4.417808356234451e-06,1.3946999070532257e-05,6.251629564492505e-05,0.3446811783425425,0.17807543634678888,1.72618693428414,119.82293590129002
17.85000000000012,0.7867189570826719,0.43362670694078265,-0.8108183118813673,0.9492769219600179,0.2814859672778009,-0.5296517287943074,0.8093396581498281,0.4474407948218435,-0.8125330093111796,9.048977724493055e-06,-4.4642856912338426e-06,1.3856344798131184e-05,6.254021799740774e-05,0.3502306864710089,0.20976663182390518,2.897795647375335,117.50579844574968
17.90000000000012,0.7986633921078927,0.42052949627819897,-0.8008382646699708,0.9644593387586943,0.27271596261190284,-0.5179836657322134,0.8208439106137505,0.43453295198579284,-0.7986263758975984,9.155654696177149e-06,-4.5088730419503575e-06,1.3763729762305171e-05,6.256341453842568e-05,0.350669217053828,0.2333612612418714,2.6423110842345885,112.43213619316194
17.95000000000012,0.8107030334508176,0.4075878453865446,-0.7909862810069919,0.9798676486816646,0.2640296439353129,-0.5086819204750341,0.832047556401315,0.4217249956061954,-0.7941033843806187,9.266404780027087e-06,-4.550778412454979e-06,1.3670605274516966e-05,6.258585340479771e-05,0.35376285994261136,0.18603490514358859,3.066049562455671,110.36259612422866
18.00000000000012,0.8228118663570003,0.39484184636711606,-0.7813155131126797,0.9952314216956618,0.25557235969031805,-0.49772485974881375,0.8437961131106831,0.40921758412034354,-0.7858859809966527,9.374631493222277e-06,-4.591247051190388e-06,1.357990451227153e-05,6.260721681878278e-05,0.3507559010035787,0.21914121452440147,0.9759397167855173,109.9098490382863
18.05000000000012,0.8349483964780535,0.3823294467162693,-0.7718446976844402,1.0104973800493375,0.24736540658941444,-0.48881896418322945,0.854827732714462,0.3971528460601896,-0.7801845091943749,9.481573257730129e-06,-4.630770416914097e-06,1.3489940139874539e-05,6.262710591127597e-05,0.34664422637986486,0.17811791131168198,2.8376557465288137,107.48725922995054
18.100000000000122,0.8472327047875872,0.3698953932436915,-0.7624718199918287,1.0258422853809865,0.23929961243981457,-0.47906779932451204,0.866445744035612,0.3853480371739235,-0.767217604261754,9.587365395684579e-06,-4.668284877963464e-06,1.3402297676854496e-05,6.264555484189452e-05,0.34671344720853325,0.19502329717434636,3.1775020237615816,102.94608791555763
18.150000000000123,0.8596498628594171,0.3575673368876294,-0.7532472160282621,1.0413487198804718,0.23133665056717087,-0.46975219646653255,0.8791297093897541,0.3734936322119327,-0.7530840561033965,9.697103431484181e-06,-4.7033661548731304e-06,1.3313091485776172e-05,6.266253416946352e-05,0.34863188040960086,0.1863120571595878,1.4210477545078448,103.46209821380475
18.200000000000124,0.8722746059048827,0.3452690078511541,-0.7444503598131746,1.0569169701307588,0.2235187039245494,-0.46101594809051427,0.8915913013530133,0.36136540933069655,-0.7455893744598758,9.8110430924256e-06,-4.736526636458028e-06,1.322126749424632e-05,6.267824612575057e-05,0.34842080065470254,0.17472496752036365,1.0090960882324782,103.98976939013885
18.250000000000124,0.8850261356055764,0.3330922385723633,-0.7356014859163991,1.0723894671483147,0.21593199534313184,-0.4507557488428344,0.9040628678267506,0.3491350133663158,-0.7347702407938272,9.924334274601531e-06,-4.768720425623404e-06,1.3129349736405383e-05,6.269259242769149e-05,0.34464991870729733,0.2052039849535917,2.5516841107411277,100.53256280282372
18.300000000000125,0.8978984667491581,0.32101862862863034,-0.7268669344363762,1.0884230930587955,0.20825444330214138,-0.4423988593044905,0.916308268498433,0.3376114182821373,-0.7261523533683389,1.0040994181713215e-05,-4.796157952341944e-06,1.3040737577564972e-05,6.270657550262428e-05,0.35554116744505165,0.1671377907668791,1.4032885045096506,99.2837372817171
18.350000000000126,0.9108720218535298,0.30906146825401976,-0.7182768585114468,1.1044176448349705,0.20077906826427047,-0.4320103994678721,0.9303658052659404,0.32462605449416015,-0.7164912091551634,1.0158062385976171e-05,-4.8220410022588855e-06,1.295113777553444e-05,6.271926409835524e-05,0.3531060587299232,0.2077691967323655,2.3747274322226604,100.18582194655406
18.400000000000126,0.9239428226538141,0.2972253716164353,-0.7098432808467333,1.12031585548486,0.1935349136954421,-0.4230886980835491,0.9428130031752661,0.3129880812706501,-0.707947425702244,1.027488539498e-05,-4.846919555302682e-06,1.2860888764942156e-05,6.273090568294207e-05,0.3494183177276256,0.1784340276864553,3.687551770651657,97.00107561646007
18.450000000000127,0.9371119827671899,0.2855086826852741,-0.7015734517383521,1.136218353453763,0.18646135497172922,-0.41396709714930857,0.9567490560035797,0.30030427589740466,-0.6967694896707584,1.0391519785565488e-05,-4.869986305654281e-06,1.277041993103419e-05,6.274122376699196e-05,0.3480958345319418,0.1824320186848076,2.930824672532398,95.27020438231061
18.500000000000128,0.9504009461399591,0.273905101135531,-0.693452136588743,1.1523616750351557,0.17944943971966387,-0.4055664266934098,0.9712686037565417,0.28924818822376636,-0.6833830711914164,1.0510452181711455e-05,-4.889737222211648e-06,1.2680118731185095e-05,6.275061461549621e-05,0.3520088686095706,0.16801340911797272,3.16115455020789,103.29504299498048
18.55000000000013,0.9637837469826817,0.2623981357428071,-0.685515585268077,1.168474443452895,0.1726051349317378,-0.3977940600578771,0.9840381261996226,0.27802214471311565,-0.6798134621113707,1.0632007838233732e-05,-4.907420085856511e-06,1.258680721959538e-05,6.275832914414309e-05,0.35012418191851263,0.1554473327106496,1.9247321914895483,102.21559115360002
18.60000000000013,0.9772674683737053,0.2510045396810966,-0.6777441868051286,1.1845164294567727,0.16593432968176294,-0.3903689947801907,0.995686674437744,0.26848205387544266,-0.6700466473783551,1.0749070287532693e-05,-4.924299140867408e-06,1.249638291216778e-05,6.276497550317578e-05,0.3474745138289493,0.14850130555372307,4.555457121245639,99.49619990154547
18.65000000000013,0.9908448930740319,0.23971925691755,-0.6701402428158124,1.2008665012944453,0.15927561218726072,-0.38312824158326464,1.0090489431568828,0.2567929737891257,-0.6663284022900715,1.0867515563761887e-05,-4.937304346611744e-06,1.2406881507234057e-05,6.277053081957484e-05,0.35308057405788973,0.14481506393852225,2.1647382449418338,97.69147460755804
18.70000000000013,1.004529446324002,0.22853596575957189,-0.6626571078137309,1.2173220875249977,0.15271501180219899,-0.3756167668609973,1.0221739070226803,0.24578958690242492,-0.6604305530060919,1.0982748943827255e-05,-4.948542896616959e-06,1.2320831093818542e-05,6.277589210581341e-05,0.35430454198633426,0.1502294944453474,1.7575172649335942,96.07616981343166
18.75000000000013,1.0182376251004666,0.21750159039180947,-0.6553379590128953,1.2334895221195215,0.14642141919945373,-0.36683805852990314,1.0368609766924588,0.23405839228522615,-0.6454200471652554,1.1095022721594323e-05,-4.959654859473385e-06,1.2233193609953703e-05,6.278000988774251e-05,0.34698540733558364,0.17557416662187983,2.9080165493484427,94.49933516116431
18.800000000000132,1.0320368408908558,0.20656409246932256,-0.6481711910339566,1.249589077377861,0.14029539181279582,-0.36034554618035575,1.0495588629131627,0.22321042179782669,-0.6404062776558614,1.121020442490117e-05,-4.968234214665122e-06,1.2141042312413362e-05,6.278311413138162e-05,0.3445141119724674,0.12985024699094658,3.588315770367621,89.30232125229476
18.850000000000133,1.0459141721678953,0.19572586367913608,-0.6411550653038235,1.2659415332584765,0.13419105617535504,-0.35420942791569976,1.063823012791679,0.2119149526464871,-0.6403812047106188,1.1323312243215524e-05,-4.9740480977630755e-06,1.2052394646043205e-05,6.278586080599399e-05,0.3490940749092974,0.12272236529311985,1.2270632915824857,92.27094089740719
18.900000000000134,1.0598669613927474,0.18499924847435897,-0.6343128095036769,1.282522726698315,0.1281291251921004,-0.3467826879774507,1.0768690551393971,0.20152853392770728,-0.6372227138289497,1.1431819845219793e-05,-4.978236715475115e-06,1.1969696232731583e-05,6.278837428829815e-05,0.35309172505172903,0.14853479876497835,2.1256208967154575,91.28468098428364
18.950000000000134,1.0738948852999521,0.17437161235082216,-0.6276328256594474,1.2988079257781961,0.12230214765787482,-0.34044507412163494,1.0915689289383967,0.1909687282060002,-0.6299584216695253,1.1534962085236248e-05,-4.983004718520428e-06,1.1887470241598925e-05,6.279019177376337e-05,0.3459262219517362,0.1267522771163116,0.8868872670214633,94.79125630128131
19.000000000000135,1.0879987330399468,0.1638511994216745,-0.6211274681296722,1.3153911786272348,0.116482912025844,-0.3345261697497284,1.1052372340693826,0.1800686815496222,-0.6208269374062758,1.163837691158976e-05,-4.984472715332032e-06,1.1806964747199681e-05,6.279142995048574e-05,0.3514932034179903,0.11837808743813259,4.226573164387322,88.50387470515633
19.050000000000136,1.1021601821799611,0.153432625396911,-0.6147816396404322,1.3319976477870306,0.1107831658289859,-0.32672580371125015,1.1185826751571377,0.1700506517724039,-0.6155224278692657,1.1742759137622417e-05,-4.9833462645440166e-06,1.1724187053940833e-05,6.279236903918344e-05,0.3511486794525881,0.1560073207695597,1.4131017617819814,86.77105035759686
19.100000000000136,1.1164111196483322,0.14309010635346261,-0.6085941506851075,1.3486017606846608,0.10521211437710697,-0.32071299531108144,1.1333205606363035,0.15966560667617857,-0.6059525236370549,1.1844261577992e-05,-4.981039438598516e-06,1.1642618849521056e-05,6.279298233996524e-05,0.3502765213547068,0.12025616800336941,2.2887534271117103,86.97200572097213
19.150000000000137,1.1307067848502264,0.1328605961173797,-0.6025736658599419,1.3652202810012295,0.09975082590574713,-0.3143041344614752,1.1476326566302069,0.1489640731073894,-0.6016957598017152,1.1946469042907672e-05,-4.976203454044851e-06,1.1558919909966962e-05,6.279286176872854e-05,0.34985822080322193,0.1281772169921217,1.5783353695745452,85.37815750531787
19.200000000000138,1.1450844315993987,0.12271204786111807,-0.5967178698110263,1.3818048975792374,0.09441525029202331,-0.3082176833898105,1.162486398022434,0.13836330791102466,-0.5986986820553031,1.2045598464180777e-05,-4.970519819481834e-06,1.1476369756673815e-05,6.279242706223785e-05,0.3484358254560689,0.12172902143329771,1.4431067305983667,87.08439097523296
19.25000000000014,1.1595309790629797,0.1126430625031353,-0.5910507453278314,1.3987399992456575,0.08906924972871391,-0.3033331919547968,1.1767927203627604,0.1289586780623892,-0.5937779615023784,1.2142217216155202e-05,-4.96242773932876e-06,1.1398613217797121e-05,6.279212941898617e-05,0.3551777118599554,0.09768982870027511,2.186524187974094,90.20528016647744
19.30000000000014,1.1740253633136701,0.10267782890204442,-0.5855563486897772,1.4155101039784672,0.08388168792670563,-0.29666250850587916,1.1914847554596744,0.11842704455118673,-0.5880565013062364,1.2236573525568863e-05,-4.953737824418873e-06,1.13196915568232e-05,6.279121260654584e-05,0.3510830972082066,0.13341366897834891,1.648460623684654,87.85417996496929
19.35000000000014,1.1885868113243896,0.09279258389004562,-0.580228678089709,1.4322115192528087,0.07882568435222256,-0.2912547423032419,1.2056329786636792,0.10866445391348263,-0.5792849458584035,1.2328680548294989e-05,-4.9441782348855675e-06,1.124072485697032e-05,6.279019020391685e-05,0.34899924720733155,0.10815532405274314,2.31497705652734,84.02516955286154
19.40000000000014,1.2032153096857634,0.082981838543498,-0.5750655668324269,1.448751082097262,0.07390929018854504,-0.2866101757715125,1.2203246757062203,0.09869503114458916,-0.5747059642095311,1.242018532685389e-05,-4.933244679181521e-06,1.1158926532764607e-05,6.278857995001945e-05,0.3450962798261465,0.09289133063458868,0.6983288947903086,83.65910777171575
19.45000000000014,1.2178786801160515,0.07326256501276045,-0.5700372380329178,1.4658356964945312,0.06892178959405985,-0.2814622099393911,1.2345999502479161,0.09000128267787033,-0.5646912890704963,1.2511694334011601e-05,-4.918379757208285e-06,1.1081423263404209e-05,6.278722230931177e-05,0.3559550032434901,0.10295931664242892,1.567809093507346,84.45395709167427
19.500000000000142,1.2325903075972255,0.06362363624025938,-0.5651645447062659,1.482697139119417,0.06409390212507224,-0.2762699980848713,1.248702138924276,0.0802823424798537,-0.5583944015961047,1.2603294438107818e-05,-4.9020270887974636e-06,1.0999764353161872e-05,6.278523731719971e-05,0.35078052163410295,0.10384423709039553,2.030855379394914,80.37531633116315
19.550000000000143,1.2473579444207608,0.05405869262357673,-0.5604565088288237,1.49934503876299,0.059415674641458124,-0.27162019599936915,1.2621171454856412,0.07156050007858064,-0.554550103031243,1.2692592599872234e-05,-4.885407466453792e-06,1.0916686102368446e-05,6.278300296611009e-05,0.3458548329663215,0.09299604171004425,2.385867987569493,78.83984814306591
19.600000000000144,1.26217197520984,0.044567722077954945,-0.5559175760608356,1.5161235216644375,0.05477403879682945,-0.2681643585131761,1.276377513691849,0.0624740883663044,-0.5490279440494166,1.2779284455934018e-05,-4.867596273207895e-06,1.083615432308284e-05,6.278081987693557e-05,0.34817384933764167,0.06911674972385672,0.7192505112015034,78.1291579240951
19.650000000000144,1.277016851077533,0.03515902215951386,-0.5515351903978674,1.5330608208567469,0.0501584676820476,-0.2639339052401697,1.2896190033234598,0.05369468717220394,-0.546665098393901,1.2865309250727575e-05,-4.847675634918072e-06,1.0756603210741058e-05,6.277847752186396e-05,0.35109888080552965,0.08460906546012657,5.404501138561734,75.45583162713943
19.700000000000145,1.291923859253326,0.025809031141840532,-0.5473113925483838,1.5498527894609824,0.04563956777565669,-0.2618318074335684,1.3041600830000035,0.04386460367309913,-0.5477094427937099,1.294678258855514e-05,-4.828626316273948e-06,1.0678880003840409e-05,6.277660177985733e-05,0.3477877383234395,0.0420419561320233,2.3895762615323823,73.90832295559015
19.750000000000146,1.3068584779053793,0.01653688894195997,-0.5432718777734812,1.5669899089157824,0.04108578303625423,-0.2576168459292574,1.3189040427289,0.0338635572728052,-0.5478795783772861,1.3025383300039425e-05,-4.808428644826753e-06,1.0606622842901059e-05,6.277522457199103e-05,0.35463687577818237,0.08429923008621938,3.335637419735141,71.87703589862912
19.800000000000146,1.3218472983338494,0.0073169327023329496,-0.5393885948101123,1.5838383494434551,0.036671911053883996,-0.2548175730095621,1.3341690553870604,0.02369550167374353,-0.5457466644050522,1.3098342050215131e-05,-4.790553098674652e-06,1.0536001411107141e-05,6.277413000201366e-05,0.3483403003837161,0.05598545839390803,3.809820699753206,69.24165731336502
19.850000000000147,1.3368486944736806,-0.0018257566795300145,-0.5356628143835153,1.6008434888776926,0.032276287182177,-0.2510849137614053,1.3472264044065503,0.015264441085382876,-0.5450821451766998,1.3169647939111538e-05,-4.771587761790874e-06,1.0467599878843192e-05,6.277309840967783e-05,0.3512814453300675,0.07465318496313421,3.470296118203793,67.87441024827993
19.900000000000148,1.351891341055207,-0.010909912379286742,-0.5320965167163826,1.617704116049327,0.027982471908877548,-0.24764431176740143,1.3631928997858245,0.004987950612918607,-0.5415514872405391,1.3237022924692628e-05,-4.753711014152884e-06,1.0400590181460635e-05,6.277249060487416e-05,0.3479758019441287,0.06881203988007858,2.327197480907226,65.2247384597562
19.95000000000015,1.3669596838512743,-0.019926401493985915,-0.5287183471968989,1.6345705789188865,0.02374759073154824,-0.24435098011834544,1.3778426065058635,-0.004316172900884272,-0.5406524708805289,1.3303051381217043e-05,-4.735186860192661e-06,1.0333944696129238e-05,6.277158361011347e-05,0.3477999779454594,0.06586663298111994,2.9911010449325923,64.32934428286941
20.00000000000015,1.3820587702444784,-0.02888517262009178,-0.525503722886809,1.6517980758419768,0.019464535939436832,-0.2430028828116817,1.3925418383063985,-0.01309418372097029,-0.5342656622921584,1.3367227889998368e-05,-4.715381050789516e-06,1.0272070111592858e-05,6.277125771581008e-05,0.3550387338379,0.026961946133270867,1.3340069353124306,61.187265254327215
20.05000000000015,1.3972042921472139,-0.037798687046848155,-0.5224657229976202,1.6687983132244313,0.015276492197869657,-0.2400818877083153,1.4076240842558736,-0.02273898830892599,-0.531310754840705,1.343141648922235e-05,-4.6947944343313104e-06,1.020673067973278e-05,6.277071459719293e-05,0.35017024396830854,0.05841990206732988,1.7943064401541502,57.46535767505396
20.10000000000015,1.4123671425836801,-0.04665313346846134,-0.5195903123583039,1.6856978831497484,0.011155784104655935,-0.23825416849981185,1.4224377713059406,-0.03091837463279445,-0.5224033375117818,1.3493425950305437e-05,-4.674519281568181e-06,1.0141664252057743e-05,6.277012346271914e-05,0.3478941120979997,0.036554384170072354,3.2724636891420364,55.549554640640466
20.15000000000015,1.4275478161335997,-0.055452149857001844,-0.5168849422807013,1.7027449914382682,0.0070389302776785335,-0.23566890673373164,1.4378819921376564,-0.03982982659651377,-0.5178412929637259,1.355799790559641e-05,-4.650780505860279e-06,1.0074326257331144e-05,6.276912889741341e-05,0.35074352893767885,0.0517052353216031,2.528415229007976,54.91398169640583
20.200000000000152,1.442748811864576,-0.06420230795260565,-0.5143435386885373,1.719768878762698,0.002978573558898915,-0.23260121956426216,1.4528532024862246,-0.048298165297261296,-0.5067321886335256,1.3621909224091916e-05,-4.626202735875027e-06,1.0006411533852042e-05,6.27677654347833e-05,0.35002827115897506,0.06135374338938851,2.668396059241412,52.478773441060284
20.250000000000153,1.4579938956271998,-0.07291840304291967,-0.5119846172814326,1.7368793876141477,-0.0010399632974793021,-0.22875322000200216,1.4683920850969303,-0.05829558802244251,-0.5092960433040838,1.3689187609452866e-05,-4.597703684893634e-06,9.934716921323881e-06,6.276596439061854e-05,0.3515215685011268,0.07695999124519662,4.617314016160792,48.902556288259824
20.300000000000153,1.4732268620427165,-0.08157402993003066,-0.5097871827574675,1.7537995289645985,-0.004961662117143463,-0.2267575945580429,1.4848853179024069,-0.06670426560960975,-0.4977686334155491,1.3750648083385606e-05,-4.572528444294603e-06,9.866541299183684e-06,6.276480159474545e-05,0.34737357704290484,0.03991250887918466,3.186383301035986,52.05593203908927
20.350000000000154,1.4884997133981182,-0.09019821802999946,-0.5077693705752054,1.7708577546209936,-0.008886369149852413,-0.22552562521938624,1.499800929546286,-0.07462857789399868,-0.4921485489319366,1.381547352938813e-05,-4.543201577329573e-06,9.795157206193315e-06,6.276300282093673e-05,0.35007794937045617,0.024639386773135298,3.805506919533318,54.088253048322045
20.400000000000155,1.5037829143144308,-0.09877796512019182,-0.5059314530438106,1.7878700448530578,-0.01277263402346698,-0.22364436134299792,1.5133501266270177,-0.08298743536244207,-0.49569458014242773,1.3879996244613462e-05,-4.512915698734356e-06,9.72291316803699e-06,6.27611154609668e-05,0.3490106952058216,0.03762527752776473,5.307877339176384,50.04184673921584
20.450000000000156,1.5191010011498647,-0.1073374190922128,-0.5042488825597217,1.8047250377145894,-0.01658528552457823,-0.22127417301216257,1.528457996093036,-0.09111885587086356,-0.49430636805141637,1.3939094798169367e-05,-4.4859626910314175e-06,9.654425057937611e-06,6.276023546458852e-05,0.3456166868849522,0.047403766616710225,1.8702378691013417,51.53670652420262
20.500000000000156,1.534414478314059,-0.11585452001811844,-0.5027268005478344,1.821781881381951,-0.020416264049748858,-0.22059447166757584,1.5433329478779858,-0.09944871925608038,-0.4939234824082943,1.39965029714885e-05,-4.45879265227988e-06,9.589266990133414e-06,6.275969097098887e-05,0.3496354239026962,0.013594026891734461,1.14572720195179,51.39287864050057
20.550000000000157,1.5497468596699422,-0.12434448541856435,-0.5013791387417895,1.8387267354111705,-0.024190772932987843,-0.21775398574765825,1.5592015526123262,-0.10857125219147679,-0.49365951363043736,1.405165451496112e-05,-4.4325679028235985e-06,9.524849358867922e-06,6.27596392993464e-05,0.34720322464791475,0.056809718398348585,0.8828413037246157,50.17494868268028
20.600000000000158,1.5650921245174576,-0.13280269105880999,-0.5002153471412386,1.8557864500450374,-0.027949620464289903,-0.2159851236571071,1.574093532242277,-0.11768782569561649,-0.4967694179191553,1.4104847757074522e-05,-4.4068477025455505e-06,9.463352838280978e-06,6.276009897875593e-05,0.34937823499498605,0.03537724181102372,2.588056709495296,46.94059007607253
20.65000000000016,1.5804500457526705,-0.14124274690066843,-0.4992051672419825,1.8729129758105596,-0.03169471219448548,-0.21458140707310713,1.589032665259578,-0.1265059984370211,-0.4940526446389848,1.415451544810908e-05,-4.383002985257869e-06,9.406174432059249e-06,6.276176552729313e-05,0.35062438439504573,0.028074331680001115,3.0519998047267407,43.660472420495495
20.70000000000016,1.595808857116858,-0.14965903046172438,-0.4983475633193338,1.8899669522274813,-0.035409757723754834,-0.2143975935647906,1.604503775536332,-0.1357372032745113,-0.49776675040898866,1.4203084729856765e-05,-4.359404728933339e-06,9.34907778399188e-06,6.276397381023846e-05,0.3490786019057623,0.0036762701663266245,2.317006616243082,41.84716788116501
20.75000000000016,1.6111692601033762,-0.15804911115555145,-0.4976722609979427,1.90708733029375,-0.03913313656181058,-0.21389750875006985,1.6194127860565286,-0.143979891321601,-0.49372879419667726,1.4248418044004329e-05,-4.337632058637363e-06,9.296049597188287e-06,6.276694137589099e-05,0.3504117015746244,0.010001696294418298,0.9266925877326814,40.26713048641106
20.80000000000016,1.6265477951268434,-0.16643108753500666,-0.4971585596618305,1.9239529239334947,-0.04278278319457042,-0.21232264462781814,1.6333369579772121,-0.1518533557581968,-0.4911641251404615,1.4293451877763183e-05,-4.316031935025298e-06,9.240386077675119e-06,6.277008373839863e-05,0.3451192436875466,0.031497282445036884,1.907730481019913,38.54241967562287
20.85000000000016,1.6419113330753141,-0.17478847115365945,-0.49680666103927984,1.941090631662373,-0.04647679384510506,-0.21227847419887746,1.6475358303969838,-0.15914584276163254,-0.49016909695321464,1.4338838150356047e-05,-4.292953993760159e-06,9.186761498088434e-06,6.277350346376477e-05,0.3506261490172863,0.0008834085788113297,3.2712040975052696,40.584482064231324
20.900000000000162,1.6573003584010781,-0.18314309333095752,-0.496636966135904,1.9581449218712481,-0.050154729003953534,-0.21253613031756524,1.6625062787663734,-0.1671701606586275,-0.48484883913495036,1.4382622836627122e-05,-4.270623876190469e-06,9.13374228154308e-06,6.277703687707518e-05,0.3489275129565541,-0.005153122373757944,1.8636884358921102,40.90549073720263
20.950000000000163,1.6726893404532526,-0.1914847438867858,-0.49664955993079657,1.9752554311048252,-0.05384085679046974,-0.21183932438021502,1.6777218865541064,-0.1764479446068846,-0.49195549054788135,1.442803568245372e-05,-4.24619617158874e-06,9.079116965636187e-06,6.278052753036815e-05,0.35006118133064973,0.013936118747005899,2.6881792278806254,37.230651825155796
21.000000000000163,1.6880580484916863,-0.1998079676517664,-0.4968303616405263,1.9921561113449864,-0.05747815123755153,-0.21212562446625016,1.6926505306860775,-0.1848223888872358,-0.49266610748300055,1.4467430418942799e-05,-4.226763658599598e-06,9.029207391856963e-06,6.278530300272379e-05,0.3457530364386482,-0.005726001720703992,1.0732386738968582,36.34437042413324
21.050000000000164,1.7034413029688356,-0.20813511676528088,-0.4971886431239823,2.009110923427045,-0.06113403635429889,-0.21262173767786718,1.7084856862177444,-0.1940180390166455,-0.4922361682975325,1.4505666080809567e-05,-4.207788480621771e-06,8.981019708484e-06,6.27907522030913e-05,0.346889697105584,-0.009922264232337346,2.965758200690391,33.50673497111027
21.100000000000165,1.718808117725611,-0.21645985631687914,-0.497685836344216,2.0261779466802685,-0.06481591623646209,-0.2123270928994785,1.7233963841499496,-0.2022042801918972,-0.49277266934091557,1.4543950809208776e-05,-4.18827306533042e-06,8.933965513904392e-06,6.279704614335724e-05,0.34919308377924646,0.005892895567773109,1.2291610476444705,33.301370766654756
21.150000000000166,1.7341767438064533,-0.2247865673253202,-0.4983599917605972,2.043372638550032,-0.06853168608237274,-0.21332720845165554,1.7389406890854704,-0.21165594194176324,-0.5005027835435767,1.4581307804028739e-05,-4.168895833469002e-06,8.889226962608762e-06,6.280389152041205e-05,0.3518320052744136,-0.020002311043538796,2.308093582843412,31.16781800689802
21.200000000000166,1.7495472867439594,-0.23311579333523036,-0.4992272751590196,2.060357740275051,-0.07221382285451401,-0.2136385423675975,1.7553383396040056,-0.22093243166731405,-0.5033861030282765,1.4613509349130777e-05,-4.153888770249232e-06,8.848375107722467e-06,6.281233464361084e-05,0.3475927584157802,-0.006226678318841856,1.410012927294181,30.404236861909453
21.250000000000167,1.7649215690796443,-0.2414618823929496,-0.5002451709866338,2.0774335656571514,-0.07592609476237291,-0.21449802986421895,1.7710868360004943,-0.2292128416443803,-0.505260886778137,1.4644242610705564e-05,-4.1396797799304004e-06,8.81021341228663e-06,6.28218678940904e-05,0.34949380194568014,-0.017189749932426647,0.8200970339838027,31.903129584157455
21.300000000000168,1.7802533353352548,-0.24979858563417304,-0.5014259915821712,2.0945526676014983,-0.07968010573924114,-0.21724382169972278,1.7870566738825155,-0.23908784137353362,-0.5130442110626672,1.4673525332192975e-05,-4.1262441469424235e-06,8.774183769439495e-06,6.283218282709404e-05,0.3505175845950691,-0.054915836710076674,2.4268897719705222,31.415360298955793
21.35000000000017,1.7956031819856744,-0.2581526530485149,-0.502812468381072,2.111708629232296,-0.08347491865040622,-0.21813587758561326,1.8020825641690381,-0.2478529277440473,-0.5123361595588327,1.4699747920419509e-05,-4.115150329096476e-06,8.742503244881062e-06,6.284433314729917e-05,0.35141294511216103,-0.017841117717813826,0.8639499889901541,27.885729402123737
21.40000000000017,1.810903838448224,-0.2665040117070344,-0.5043512198672689,2.128741880582535,-0.08725845725683565,-0.21901981019565175,1.8180232321650927,-0.2564156523742887,-0.5100024615848335,1.472604382472682e-05,-4.104114833389481e-06,8.709545314501314e-06,6.285749090518275e-05,0.34896809926967787,-0.017678652200765987,1.6782437865121684,26.34325978288316
21.45000000000017,1.826234995836416,-0.2748935172840121,-0.5060748722520694,2.1458731438513134,-0.09108267030274272,-0.22023850451712956,1.8328754659314472,-0.265040029749104,-0.5082948014055608,1.4754055495920923e-05,-4.091367121456006e-06,8.675662930660363e-06,6.28707854741065e-05,0.3510582998524335,-0.024373886429554854,3.5826972277753897,23.12788852259699
21.50000000000017,1.8415316847003314,-0.2832900963449946,-0.5079636602485984,2.162867789024346,-0.09489749132294707,-0.22138504179558538,1.8492639237669584,-0.2741453532012143,-0.5100073291001075,1.4782448835713742e-05,-4.078355774147645e-06,8.639970846210183e-06,6.288487080114861e-05,0.34835089045755396,-0.022930745569113294,1.8215432564998415,22.95503888194175
21.55000000000017,1.856819676456824,-0.29172000901842443,-0.5099969385522363,2.180019475744279,-0.0987605975009741,-0.22168518258349001,1.8642316826924554,-0.28211921018020325,-0.5077631340683011,1.4811081953859205e-05,-4.0646846294399306e-06,8.605798649070342e-06,6.289960279938199e-05,0.3516270461735913,-0.006002815758091617,0.9432515993142012,22.533306689853475
21.600000000000172,1.8720750510307407,-0.30015776538841316,-0.5122262539494293,2.1970702891015055,-0.10262705383423211,-0.22429437358883364,1.8789084116671944,-0.2908863629735324,-0.5132462234146873,1.4839727883347869e-05,-4.050879448924553e-06,8.57059654635254e-06,6.291455698633493e-05,0.34967407346796514,-0.05218382010687245,2.5390996338111167,21.276151036087395
21.650000000000173,1.8873297642896154,-0.30863771163639336,-0.5146040422465685,2.214052549749132,-0.10652580850280621,-0.227040870956702,1.8951905487353629,-0.30002422916457305,-0.5174199995813415,1.486547870349164e-05,-4.039240002050687e-06,8.53836302575003e-06,6.293123819004994e-05,0.3484810786899631,-0.05492994735737092,2.4149260570551387,21.88327449595351
21.700000000000173,1.9025898653084592,-0.31714947558216616,-0.5171596912351578,2.2309590962985055,-0.11045519888227245,-0.22968702216538306,1.9084957856471747,-0.30731502056813764,-0.519115732272148,1.4889240499021418e-05,-4.029214258258491e-06,8.508076952254692e-06,6.294924942886485e-05,0.3471435442437105,-0.052923024173624385,1.9726315122706137,21.741942987613534
21.750000000000174,1.917784598371263,-0.32568527694025484,-0.5198636475054192,2.247809854818654,-0.11441910159488962,-0.23238391232852296,1.922368776702163,-0.3155117456852007,-0.5202795690786761,1.491213031140647e-05,-4.019679384992588e-06,8.478459941148963e-06,6.296794824342377e-05,0.3462142510320464,-0.05393780326279615,0.8024830444626654,20.16145462376699
21.800000000000175,1.932960605714762,-0.3342541386556277,-0.5227317644830788,2.2647868172490533,-0.11846643434893138,-0.23568201063960847,1.936926362652892,-0.324414104749733,-0.5253940840853817,1.4935509243462413e-05,-4.009296868730667e-06,8.44999951009779e-06,6.298785688563821e-05,0.3490549709656623,-0.065961966221706,1.0602542557558228,18.87452801625355
21.850000000000176,1.9481174298697828,-0.3428622649468304,-0.5257680783498567,2.281754046185437,-0.12255342629628768,-0.23706350135434917,1.9515733791421874,-0.3336779167770325,-0.5321636031179118,1.4957490363785841e-05,-3.999884214026529e-06,8.423667687601108e-06,6.300935465613334e-05,0.3490503742444007,-0.027629814294813662,1.4480118769758972,17.614600173114535
21.900000000000176,1.9632535694000197,-0.35151309265164093,-0.5289685265470254,2.2989299758453896,-0.12673161006943373,-0.2401831706534443,1.9668759232481512,-0.3436860742075311,-0.5363561657963962,1.497769852106735e-05,-3.991248993232484e-06,8.402413526810998e-06,6.303318151740106e-05,0.3535364381489947,-0.06239338598190149,2.280660123691968,14.490667768894989
21.950000000000177,1.9783477688923583,-0.36019484767548543,-0.5323425448266073,2.3156894305164415,-0.13085150714582408,-0.2419081098891427,1.9818080811962533,-0.35236392166671915,-0.5378791106847078,1.4995092554479275e-05,-3.98537656307019e-06,8.380561385631139e-06,6.305928614391822e-05,0.34516833379908474,-0.03449878471397047,1.2433245821530223,13.51430307072138
22.000000000000178,1.9934273655517962,-0.3689272647729262,-0.5358909965571197,2.332352469159277,-0.13499366449420788,-0.24538207572081783,1.9970686128698336,-0.36168496192423755,-0.5340241329281401,1.5011816063287445e-05,-3.979848821648815e-06,8.358826613349256e-06,6.308669514887499e-05,0.34340333184596616,-0.06947931663350553,2.8944201642816325,10.363517902321876
22.05000000000018,2.008458304594008,-0.3776979937534418,-0.5396007703973036,2.3494818229055014,-0.13931694084064997,-0.2490714012610895,2.012854799736178,-0.3710050056079536,-0.532293766298511,1.5034338719091087e-05,-3.9688769773889356e-06,8.33594042856577e-06,6.311489686040108e-05,0.3533303452238817,-0.07378651080542896,4.840896786475508,9.783683181546223
22.10000000000018,2.023471250617106,-0.3865212798189252,-0.54348634304447,2.366553512079325,-0.14369595953861386,-0.2531167193628958,2.0273164523197247,-0.3799321884133452,-0.537820824486805,1.5058398719201758e-05,-3.956474372035604e-06,8.31106571747057e-06,6.314420463023232e-05,0.35248761657710365,-0.08090636203612495,1.013363993187524,8.924139279501974
22.15000000000018,2.038441660728027,-0.3953930816117349,-0.5475315988153852,2.3835188586087135,-0.1481157740939906,-0.25659369544542043,2.042330020986664,-0.3895709613490115,-0.545792955642912,1.5080186087158813e-05,-3.9455796661253445e-06,8.288400812182353e-06,6.317515254171745e-05,0.35063260157204285,-0.06953952165049365,0.9157340152234928,7.648341894392652
22.20000000000018,2.0533765933276062,-0.4043221459502398,-0.5517356022745462,2.400211731215055,-0.15253348858212804,-0.2608375667778122,2.0584339323990566,-0.3991711154798763,-0.5443529692841338,1.5097319977367923e-05,-3.9380671660138026e-06,8.268896494384671e-06,6.320919848159093e-05,0.34535120944478276,-0.08487742664783175,3.3458992965276866,7.541656590155829
22.25000000000018,2.068285156248236,-0.41331431962825976,-0.5561032302876725,2.4171024292750305,-0.15708264178122427,-0.2653348968100917,2.0732484337241988,-0.40856974400249835,-0.5477771668109135,1.5117707912512248e-05,-3.927503613683605e-06,8.248543454682546e-06,6.324425503147626e-05,0.3498519638527118,-0.08994660064558521,1.213552422828751,6.837915527662288
22.300000000000182,2.083159314103473,-0.42236512214817934,-0.5606430553802525,2.4339313506603655,-0.16170270209501283,-0.2705253358552544,2.0885139508872337,-0.41816957028132806,-0.550205159336516,1.513714277597629e-05,-3.9172329743835695e-06,8.229439073359294e-06,6.32814112367268e-05,0.3490319389661244,-0.10380878090325268,2.548196382110911,6.699867371245594
22.350000000000183,2.0979733917769012,-0.4314625329701959,-0.5653540277480005,2.4509612657674236,-0.16647876854546728,-0.27632945590629854,2.1049082249060618,-0.4277230159232285,-0.5523072941281923,1.5157822930520647e-05,-3.905066089360161e-06,8.212040790016393e-06,6.332049463536728e-05,0.35373984649967594,-0.1160824010208787,3.472215063466893,8.330198638920319
22.400000000000183,2.112746910240068,-0.4406280885713915,-0.5702192063460807,2.4678373868326817,-0.1713119837076989,-0.2815259567539794,2.1180169131959588,-0.43677694135535716,-0.5623739948862898,1.5178104985002055e-05,-3.892944913827509e-06,8.194169717732386e-06,6.336144330798967e-05,0.35109208163973565,-0.10393001695361956,3.659549793065436,5.740428232178499
22.450000000000184,2.127473492469192,-0.44985570643224015,-0.5752469479853427,2.4846499665953687,-0.17622380481144512,-0.28695586746822066,2.133074227781978,-0.44659049168659265,-0.5713240248421156,1.5194119538518206e-05,-3.88337309996537e-06,8.181918813067041e-06,6.340439529119858e-05,0.350308194943469,-0.10859821428481913,0.5015952681485051,5.144747017455002
22.500000000000185,2.142174906590854,-0.4591628560961517,-0.5804455640728425,2.5013551179139895,-0.18119274194113277,-0.29127443061635283,2.14703738393464,-0.4563640887668447,-0.5746211900498244,1.5206840239606143e-05,-3.875669340757968e-06,8.173530921013345e-06,6.345008008450237e-05,0.34857015871058383,-0.08637126296264433,2.7660094204875265,3.8726030697377403
22.550000000000185,2.156814362416161,-0.46853375309290807,-0.5858039038276496,2.5179996322242455,-0.18622476361608098,-0.2958990532466119,2.1618916158610255,-0.4659824539064814,-0.5779116176095833,1.5219313117311296e-05,-3.867657725724921e-06,8.165814247590828e-06,6.349823512030237e-05,0.347770980760895,-0.09249245260517769,0.6887090963365537,3.988516044916503
22.600000000000186,2.1714283468274527,-0.4779907078843377,-0.5913307225441414,2.5347280895730484,-0.19137015912806155,-0.3008997963791695,2.176079926477114,-0.47525199137540447,-0.5794387256794882,1.5232461796541532e-05,-3.858436312489998e-06,8.15947138781104e-06,6.354762545594109e-05,0.35003829424510496,-0.10001486265115007,1.5000903855975003,4.609425446778189
22.650000000000187,2.185939004230916,-0.48748670597533444,-0.5970170976313987,2.5513050591431368,-0.1965590015045164,-0.30580841257896907,2.1902249017098536,-0.4843426650128443,-0.5863848698912868,1.5245549765280147e-05,-3.848826182838822e-06,8.152254285216533e-06,6.359806427627138e-05,0.3474021365233264,-0.09817232399598981,1.351409187688776,4.428649348739116
22.700000000000188,2.200431094716685,-0.49708148503683447,-0.6028648407006221,2.5677143397489868,-0.20179150307770433,-0.31155494831136954,2.20395993706911,-0.4941742024777887,-0.5952550987547434,1.5255287982422184e-05,-3.840903450841722e-06,8.148101449333132e-06,6.36496096044653e-05,0.34446734477831975,-0.1149307146480053,0.7395578870546241,3.108459469579498
22.75000000000019,2.2148610061104317,-0.5067465589065072,-0.6088839135682791,2.5844323697973537,-0.20722660504933535,-0.3170973550084044,2.2190430130487173,-0.5043449683764578,-0.6013382041981954,1.5264909792934567e-05,-3.831502716337853e-06,8.149559782152207e-06,6.370440185932813e-05,0.3515870607522143,-0.11084813394069748,0.8293453923189082,3.0640511548854863
22.80000000000019,2.229235018286121,-0.5164918924961317,-0.6150644948273982,2.6010906838583367,-0.2127491274255637,-0.32313344757750384,2.232760687702539,-0.5135208977462797,-0.6059388203762142,1.527310383586815e-05,-3.822318031066763e-06,8.153533766660338e-06,6.376143376029683e-05,0.3509977868277154,-0.12072185138198727,3.800117304112698,3.400599567662815
22.85000000000019,2.243548605052375,-0.5263189600033434,-0.6214085360713046,2.6176633936831633,-0.21835370615831506,-0.32908107587933877,2.2468389982490433,-0.5235615847279074,-0.6133065455648397,1.5280406284483063e-05,-3.8129996617017622e-06,8.158761909047005e-06,6.38189439212439e-05,0.34989536490208073,-0.118952566036695,0.9524955437143312,2.8705102843485863
22.90000000000019,2.257796275120603,-0.536228497207461,-0.6279149448201283,2.6342441107438797,-0.2240808199380071,-0.33607529756074683,2.260803881039811,-0.5339662577294262,-0.6203172946537396,1.5286086184356393e-05,-3.8038441684614043e-06,8.167898086162205e-06,6.387794272569251e-05,0.3508397155088916,-0.1398844336281573,1.9352293403282212,2.217288351638992
22.95000000000019,2.271987279518359,-0.5462292466771564,-0.6345785146726547,2.650757958131057,-0.2299092311019433,-0.3425093324598327,2.275952046066221,-0.5443516769068945,-0.6246248439675663,1.5290377431626996e-05,-3.794694886837355e-06,8.179653735925981e-06,6.393966952969944e-05,0.35024482304862276,-0.12868069798171758,1.5864726135367038,2.9128665172066337
23.000000000000192,2.286110342486654,-0.5563183126066621,-0.6414002750295362,2.6673340173516324,-0.23588378067712978,-0.34936738590227545,2.2894323076842635,-0.5549030469259236,-0.635646101775456,1.5295585510476263e-05,-3.783977223148097e-06,8.192927056254986e-06,6.400324640589199e-05,0.3523987506995512,-0.13716106884885354,0.7311925630387164,1.5702341143032923
23.050000000000193,2.300157928399272,-0.566488021707701,-0.64839020878647,2.683746787784925,-0.2419205719565542,-0.3555382210964053,2.3030547743532503,-0.565241338939555,-0.6431269087714697,1.5296537408503112e-05,-3.7752781984297887e-06,8.211461871949681e-06,6.406739504590859e-05,0.34975583066116733,-0.12341670388259442,1.406592554762076,1.219694434962888
23.100000000000193,2.3141317277085713,-0.5767481274611541,-0.6555448116077256,2.7000692976931515,-0.24805165837366808,-0.3630927319218542,2.3167659679674064,-0.5756397509621201,-0.6520891926392558,1.529533744709344e-05,-3.767103831016848e-06,8.233480982409616e-06,6.413219685846471e-05,0.3487210898245019,-0.151090216508978,2.137630697171015,0.9052719651688523
23.150000000000194,2.3280437425325458,-0.5871169021193472,-0.6628532734879565,2.716431871363517,-0.2543427807542103,-0.37102331420172385,2.3315890461652224,-0.5866032688144406,-0.6602533274176201,1.529278623618395e-05,-3.758165208604159e-06,8.259807510680056e-06,6.420028618584348e-05,0.3506072723759308,-0.15861164559739416,1.1934840428603848,1.0839963252592097
23.200000000000195,2.3418695084042613,-0.5975642046965361,-0.6703263484551579,2.7327640441957395,-0.2607684056079214,-0.378642415382501,2.3444980384915284,-0.596962329895167,-0.6619068413961751,1.528914289191759e-05,-3.7489511614617564e-06,8.289526033303752e-06,6.426922084194409e-05,0.35101567730946537,-0.1523820236155408,2.595025706552553,1.384056242707374
23.250000000000195,2.355631753332129,-0.6081181976643958,-0.6779620639760365,2.748814490073291,-0.26723175994524445,-0.38700399425281784,2.3589606771005003,-0.6079360224644198,-0.6705711197445545,1.5285130884286052e-05,-3.7399717017767406e-06,8.31761626348384e-06,6.433628123435556e-05,0.34605982518653533,-0.16723157740633476,1.0303989343396995,1.3302689416733178
23.300000000000196,2.3692962711772063,-0.6187540011883395,-0.6857558799933814,2.765060872117168,-0.27392524853406797,-0.3946102362754078,2.3698744480743414,-0.6182134583823808,-0.6876625900420339,1.5282194539883382e-05,-3.729308139260804e-06,8.3503537428232e-06,6.440297794981061e-05,0.3514252168279494,-0.15212484045179572,4.087102687927586,0.1942430201864415
23.350000000000197,2.3828950571956122,-0.6295080216565907,-0.6936961218332488,2.781088560452948,-0.2806788836456031,-0.4029788415124065,2.384632528496966,-0.6299862426504156,-0.6956940002283165,1.5271088733563327e-05,-3.721780125778732e-06,8.39269523292001e-06,6.446907903660977e-05,0.3478506265824714,-0.16737210473996605,3.3417240589889268,0.33465883303796923
23.400000000000198,2.3963888310375068,-0.6403451998560139,-0.701789933117572,2.797184861041837,-0.2876211151133656,-0.41139972931075697,2.396173533312384,-0.64062222701478,-0.7095585668925315,1.5260652114567132e-05,-3.713002202609563e-06,8.438509786533402e-06,6.453590942902149e-05,0.3505922339367832,-0.16841775596701003,3.5224978526603694,0.9733366108731656
23.4500000000002,2.40981811323934,-0.6513024349478728,-0.710039411164645,2.8132457420597223,-0.29472107429008093,-0.42107211030158354,2.408797849459902,-0.6518183178312046,-0.7192686709012812,1.5246299164855882e-05,-3.7048478761461366e-06,8.492009954290997e-06,6.460245855158329e-05,0.35120576501742523,-0.1934476198165297,0.6392331260682261,1.3251499669380327
23.5000000000002,2.423140541635057,-0.6623535579809698,-0.7184385552210538,2.8290931869768485,-0.30191091679625737,-0.43076606700331066,2.4213039898454913,-0.6625522337736709,-0.7281662242781954,1.5228972161468672e-05,-3.6974655795676103e-06,8.54883835196693e-06,6.46685538657726e-05,0.34804466219138763,-0.19387913403454038,2.7075526747678893,1.494743062327784
23.5500000000002,2.436385192052012,-0.6735256576026314,-0.7269923898700377,2.845119839546505,-0.3093655288338405,-0.4399769078429081,2.4343303795517968,-0.6733891500047195,-0.7325292059317361,1.5213694627683862e-05,-3.6876660359200353e-06,8.609408429024784e-06,6.473333101229477e-05,0.3535121169417473,-0.1842168167919438,1.9282235942339971,0.607732435558426
23.6000000000002,2.449518825255267,-0.6847905365071025,-0.7356959062058687,2.8610609406022434,-0.31695951951552387,-0.4491672986374704,2.448251476991866,-0.6857800088908836,-0.7393755674349105,1.5199707497112683e-05,-3.6764444691513143e-06,8.66951516276078e-06,6.479778124080708e-05,0.35315129443395454,-0.18380781589124426,2.1077345072983307,0.4171570344989916
23.6500000000002,2.462566796355701,-0.6961717484832814,-0.7445475650861824,2.8765622273111577,-0.3245218787213335,-0.45859948748202584,2.4603002141605366,-0.6973790018414202,-0.7463097418849047,1.5181789154829416e-05,-3.6675580963019036e-06,8.730353376267294e-06,6.485850362419822e-05,0.34495296599104364,-0.18864377689111048,2.5382194621522713,0.7325176487221112
23.700000000000202,2.475531282230349,-0.7076802902908774,-0.7535650632742061,2.892130781567545,-0.33229097317911893,-0.46713477970288686,2.47331574902639,-0.7098780216236252,-0.7595128000419518,1.5165990677316184e-05,-3.6566325805328336e-06,8.793035248936806e-06,6.491758863842511e-05,0.34798882064894987,-0.17070584441721892,2.658854884453879,1.4669282343704497
23.750000000000203,2.4883721165290025,-0.719280841093522,-0.7627479820416454,2.907699153102949,-0.34022994390616934,-0.4760047268525054,2.484753100730566,-0.7216751100631829,-0.7697723077257974,1.5147945206054033e-05,-3.645440518679316e-06,8.86245608468132e-06,6.497316703252594e-05,0.3495159228361095,-0.17739894299236822,1.7206317649494927,2.4067858294878
23.800000000000203,2.501084049992977,-0.7309631868642683,-0.7720743758290344,2.9231623353250127,-0.34829156870548894,-0.4851472935220045,2.4987652651670964,-0.73382985064521,-0.7727733782900446,1.5128018900157032e-05,-3.633760922722398e-06,8.935667380907565e-06,6.50280873688072e-05,0.34877036403172285,-0.1828513333899806,3.0187524762496545,1.892832783346385
23.850000000000204,2.513716750688112,-0.7427921371141831,-0.7815848679212277,2.9386286983444876,-0.35653882172040813,-0.49461896368022895,2.5110104549566015,-0.7457378792494322,-0.7802920628014762,1.5111754665406031e-05,-3.620073919061459e-06,9.007624493608076e-06,6.508087000119063e-05,0.3505583341953923,-0.18943340316449142,1.9538412150312467,2.4169270252072166
23.900000000000205,2.526249794373938,-0.7547458996641628,-0.7912418436621949,2.9541104393120388,-0.3649606039874536,-0.5018026784134944,2.5231570565623382,-0.7582513272597449,-0.7893334066057438,1.5097377311324899e-05,-3.6048071051456173e-06,9.080901660161153e-06,6.513085930180748e-05,0.3524837901058356,-0.14367429466530482,1.9956190284529565,3.3679232962888253
23.950000000000205,2.5386420904865563,-0.7667816820759376,-0.8010535964488711,2.9694055566139235,-0.37345708820811824,-0.5123140751856718,2.53711428842886,-0.7714275363774523,-0.8011485152051305,1.5079787758122181e-05,-3.5897467928326715e-06,9.157945856452732e-06,6.517784478482413e-05,0.3499335228823462,-0.21022793544355173,2.79214752798537,3.344969801898755
24.000000000000206,2.5509254228656064,-0.7789452139551278,-0.8110515009831523,2.9845966323481035,-0.3821105942076948,-0.5232855852658407,2.548272112799585,-0.7830912281151738,-0.8106030621146463,1.5059841993557167e-05,-3.574120874350058e-06,9.23984046350355e-06,6.522256037059645e-05,0.3496598427679288,-0.21943020160337182,0.6982629251321513,3.4840234299904114
24.050000000000207,2.5630963758137435,-0.791232654920376,-0.8211611513960955,2.999692593251288,-0.39092121897109405,-0.5333226599229266,2.5593053601094446,-0.7957287895536185,-0.8221240827443577,1.503925053684692e-05,-3.557674672243705e-06,9.324079080177998e-06,6.5263463240031e-05,0.34958129766763607,-0.20074149314171838,1.849294670869373,4.616788711105476
24.100000000000207,2.5751399816312466,-0.8036249440645526,-0.8314012550070013,3.014651317549055,-0.3998633171411261,-0.5442555251628334,2.572323029883359,-0.8096040311557109,-0.8331370789657409,1.5016043917600564e-05,-3.540553711512621e-06,9.412535362320848e-06,6.530191220197366e-05,0.3485556355043471,-0.21865730479813142,2.393644564251719,5.821023405769982
24.150000000000208,2.587070219274746,-0.8161477211822227,-0.8417850793003795,3.029600367808634,-0.4090085528360966,-0.5537883641685188,2.584128805863768,-0.8228033653553638,-0.8403247260481517,1.4993258616257678e-05,-3.5217572445701788e-06,9.504222320844057e-06,6.533730638045341e-05,0.35049209138309456,-0.19065678011370366,0.501258147524645,7.520983254307035
24.20000000000021,2.598861749298955,-0.8287770283119873,-0.8523283608137912,3.044313439874138,-0.4182091100638432,-0.5638879175304652,2.5951825186467823,-0.83469305822102,-0.8547503302618713,1.4968995781115203e-05,-3.502989676140708e-06,9.59616647761943e-06,6.536890081785603e-05,0.34706039964458507,-0.20199106723892638,3.460903877425216,6.268080483687526
24.25000000000021,2.610529082719828,-0.8415302081846019,-0.8630293921337788,3.05915903511509,-0.4277168351722679,-0.575363785777482,2.606125809247427,-0.8479281803942607,-0.8705250553916204,1.494430962215877e-05,-3.4808537110212155e-06,9.694750002375684e-06,6.539868984334114e-05,0.35258584521048303,-0.22951736494033423,1.4142144922509523,7.544883583278352
24.30000000000021,2.622061142740887,-0.8544016134691953,-0.8739019625651718,3.073747700948997,-0.4372971740792412,-0.5867742353340577,2.6184148965394525,-0.8616580002647724,-0.8813245002056656,1.4913544655443126e-05,-3.4582618166733827e-06,9.798833419175244e-06,6.542534112207924e-05,0.34906467561563487,-0.22820899113151194,1.7577678549591833,8.236484257626277
24.35000000000021,2.6334579240702,-0.8673887480300808,-0.8849192088597515,3.0883244105994163,-0.4471072524993839,-0.5979701335298868,2.629043926222958,-0.8761850199348736,-0.8940385544166416,1.4883677111941018e-05,-3.433315177628745e-06,9.905211044255548e-06,6.544930333479172e-05,0.3514093496946708,-0.22391796391658275,2.990164108096243,11.962680197453482
24.40000000000021,2.6446990388251743,-0.8804785247900172,-0.8960844458029195,3.1026209263212197,-0.45695364873882854,-0.6082699673588525,2.640026282895886,-0.8893842988364588,-0.9006345975878451,1.4849682198285195e-05,-3.4080451091938785e-06,1.0013961497136624e-05,6.546909456116203e-05,0.34718556694045927,-0.20599667657931034,1.2148836321402845,12.363743043663971
24.450000000000212,2.655804609534821,-0.8936962475744272,-0.9073968124804725,3.1169894485784724,-0.46707628728167516,-0.6192108281892463,2.6523811891135827,-0.9040458777278075,-0.9107500249057039,1.4819950994981104e-05,-3.379576165246611e-06,1.0122110452264213e-05,6.548701160749406e-05,0.3515254326541952,-0.21881721660787445,2.4654468267392007,14.24180233391254
24.500000000000213,2.666760459533103,-0.907033609607306,-0.9188568798686066,3.1313277717198926,-0.477403139230497,-0.6291346566920257,2.6621380153568808,-0.9170453212656986,-0.9249299445403998,1.4791454305498399e-05,-3.348778462100575e-06,1.023127355265411e-05,6.550214790563828e-05,0.3534028546199805,-0.19847657005559025,1.93953576625941,14.384988751176195
24.550000000000214,2.6775665633640093,-0.920487193439615,-0.9304651802723974,3.1455280369881846,-0.4878572119008207,-0.6400713893596524,2.6709891985871983,-0.9298217689695224,-0.9333816594961184,1.4759401277659927e-05,-3.315884215848417e-06,1.0344357797106462e-05,6.551482436463936e-05,0.3526688352582658,-0.21873465335252928,2.352707771295282,15.62921840122589
24.600000000000215,2.6882222817304027,-0.9340729761856357,-0.9422156894505577,3.1594937035490362,-0.49837330791069256,-0.6507606491854339,2.681602549738755,-0.9434306032299177,-0.9389837543732207,1.4725823490924533e-05,-3.2823163617189034e-06,1.0456372721295318e-05,6.552359755687895e-05,0.3496461227529498,-0.21378519651562458,1.912595257230022,17.35668326187282
24.650000000000215,2.6987002760505394,-0.9477677204487085,-0.9540886733288819,3.173506359576552,-0.5091762761082924,-0.6627810677954433,2.6922981017101066,-0.9572932789443659,-0.9476353134143904,1.4696827905458199e-05,-3.2456570417821397e-06,1.0566784744603457e-05,6.55310426788356e-05,0.3538714005681586,-0.24040837220018815,2.1953745989914424,18.645433064306285
24.700000000000216,2.7090278004753134,-0.9615937455379167,-0.9661182861903427,3.1872885591982514,-0.5200639635564076,-0.6744237075417132,2.7020616029932154,-0.9710408175000749,-0.9585320420898698,1.4666364656730062e-05,-3.2079815454664584e-06,1.0676321682846446e-05,6.553579069401597e-05,0.35128008716199455,-0.23285279492539832,1.0391024112910832,19.836209488726354
24.750000000000217,2.719186901693522,-0.9755259438140195,-0.9783020164741875,3.2008749653033486,-0.5310517583968045,-0.6856646695086157,2.7113739438794098,-0.9853432686738706,-0.9761239359644494,1.4633774480601286e-05,-3.1687999429373564e-06,1.078645570725213e-05,6.553693522878271e-05,0.3494711898564699,-0.22481923933804815,1.9961223879596286,19.514270096581406
24.800000000000217,2.7291870964165925,-0.9895863612101129,-0.9906228703163954,3.21421080465702,-0.5421031884782244,-0.6983323329193398,2.7200420821408717,-0.9985731982529793,-0.9904825532092008,1.459417882799096e-05,-3.127060350903994e-06,1.0901760515104178e-05,6.553456424350371e-05,0.3464001903010125,-0.25335326821447396,1.6417410819328115,19.10913395679479
24.850000000000218,2.7390055003271225,-1.0037452598797727,-1.003065062921024,3.22769503866796,-0.5535748788749656,-0.7115244344809653,2.7298950625107596,-1.0127031354248486,-1.0014269260334032,1.4557596760083159e-05,-3.0795723169179475e-06,1.1020567973887619e-05,6.553297035413708e-05,0.35407840540506175,-0.26384203123250666,1.2784567356192005,19.305265501579505
24.90000000000022,2.7486536790587297,-1.018024326981065,-1.0156940192219275,3.240844673855575,-0.5650299211817814,-0.7217434838158194,2.737797164395447,-1.0265069671499492,-1.0176109998568812,1.451763961584216e-05,-3.0319355214098455e-06,1.1137780072335662e-05,6.552841765429154e-05,0.3487885012469028,-0.20438098669707896,1.6481938270739394,20.40299268167618
24.95000000000022,2.758123704281881,-1.0324168525143027,-1.0284443900269322,3.2536377076272096,-0.5764369983428135,-0.7346364827117968,2.7481170501221666,-1.0410044240901886,-1.0251903830694236,1.4469517998226645e-05,-2.982062552989811e-06,1.1258202000272095e-05,6.552023361411294e-05,0.34280442942894473,-0.2578599779195467,3.6850214223271034,20.55079459967287
25.00000000000022,2.7674197690856026,-1.0469373900354824,-1.041311163994208,3.266502793343937,-0.5882270744280151,-0.7490114265435674,2.7577406170030137,-1.0573105532642508,-1.0396381764247873,1.442730370274908e-05,-2.928298889922069e-06,1.1377123305687758e-05,6.551168401130664e-05,0.34901092727520344,-0.2874988766354116,2.367905020724793,23.06445534529887
25.05000000000022,2.776533131936343,-1.0615733033716397,-1.05430028206865,3.279169861188204,-0.6001658783715241,-0.7626078576606936,2.766511702486268,-1.071883291663636,-1.0546853111298624,1.4383061074789653e-05,-2.871285260111636e-06,1.1497255627515739e-05,6.550159616342818e-05,0.3481346377743408,-0.2719286223425159,1.3404553412719373,22.582707438617806
25.10000000000022,2.785443171731746,-1.0763011646914094,-1.067443603648752,3.291568902178347,-0.6121562638915461,-0.7746807330025818,2.774834695660964,-1.0868466610362975,-1.0742556518978548,1.4334927796558636e-05,-2.8117928730351555e-06,1.1618208433123886e-05,6.54893871411335e-05,0.34496908613983235,-0.24145750683776201,2.1302943944017776,22.53350100700934
25.150000000000222,2.794156073564632,-1.0911434492860905,-1.080729683991559,3.3040275243401136,-0.6245082798893948,-0.7875220616816407,2.7829291436235732,-1.1021541335587985,-1.0860493827005682,1.4287319263897543e-05,-2.745314268052529e-06,1.1743898013605362e-05,6.547757450620069e-05,0.3508810595914915,-0.2568265735811742,1.1734218078899978,24.89697009587672
25.200000000000223,2.802692223159903,-1.106114463303991,-1.0941115141681028,3.316406681251594,-0.6371142922234034,-0.8014329725193594,2.7903781219787116,-1.1178373736055625,-1.1055412180250004,1.4241862781373704e-05,-2.6752579458787986e-06,1.186908288928872e-05,6.546626817363311e-05,0.3533610655989684,-0.27821821675436775,1.1358319725981265,27.990674715111812
25.250000000000224,2.811018358283511,-1.1211739456860048,-1.10762894541784,3.3286352537159853,-0.6499081304506039,-0.8145364307421281,2.7981480816566493,-1.1334609107958415,-1.1166349613801794,1.4194115347011295e-05,-2.599923939920811e-06,1.1997070733894088e-05,6.545461279839132e-05,0.3539631409146538,-0.2620691644553708,0.755581012151006,30.51552736919181
25.300000000000225,2.819151579542262,-1.1363584490575909,-1.1212959288706539,3.3405389692714738,-0.6627041776410112,-0.8284827536612651,2.8045203110658976,-1.1483593816312927,-1.1377286275305707,1.4144041295713402e-05,-2.5234534090954457e-06,1.212291497021469e-05,6.544072858578453e-05,0.3495381057340286,-0.27892645838273256,3.704897409922814,33.55564887986353
25.350000000000225,2.8270771307593905,-1.1516324444639183,-1.1350941501759773,3.3522490713332997,-0.6756433645891494,-0.8419568346290096,2.8124315949457115,-1.1637663969881813,-1.1443079112449264,1.409045154943039e-05,-2.4411674511514514e-06,1.225168442988631e-05,6.5425349400962e-05,0.34902931499469575,-0.26948161935488385,1.9594510907573093,33.742608545643776
25.400000000000226,2.834795969199682,-1.1670171642735805,-1.1490222996866826,3.363893660837464,-0.6888615300492242,-0.8552518635797237,2.8202902674132813,-1.1811691287875077,-1.1598569781056727,1.404312980165975e-05,-2.357487958310762e-06,1.2375972908851278e-05,6.540980908048887e-05,0.3523185682269895,-0.2659005790142777,2.2304876234572406,38.1185914705662
25.450000000000227,2.842298082017342,-1.1825012214166413,-1.1630600680311114,3.375187775602992,-0.7020233729365836,-0.8679907179384712,2.8272996463114533,-1.1965549237101194,-1.1699948501558457,1.3991361220168501e-05,-2.2712847183387827e-06,1.2499508764284923e-05,6.53914362479456e-05,0.3468689690476258,-0.25477708717494285,1.3816878914103596,39.36987855197063
25.500000000000227,2.849578030631736,-1.19807600820269,-1.1772322563470325,3.386378309087259,-0.715414819831522,-0.8813966308696761,2.833964863596762,-1.2125320003697193,-1.1845777291185535,1.39432618952165e-05,-2.182592824652113e-06,1.262051999675065e-05,6.53725780281815e-05,0.3490349271247088,-0.26811825862409827,1.4524791059643003,41.617750980370495
25.550000000000228,2.8566564529785845,-1.2137839207166077,-1.191561236734677,3.3973725797427834,-0.7289572745052751,-0.8963614577366719,2.8399793514973557,-1.2275451607990389,-1.1976034473258563,1.3895044529478476e-05,-2.090086062917525e-06,1.274106206691834e-05,6.535318727197176e-05,0.34887117638363857,-0.29929653733991074,2.7008700666416168,42.643756925726116
25.60000000000023,2.8634999413043127,-1.2295379063212144,-1.2060486599200813,3.408135580802623,-0.7426050961508259,-0.909699548338188,2.8467236412284507,-1.2448942983840552,-1.2124720069977184,1.384727402476554e-05,-1.995442989866544e-06,1.2859433124254925e-05,6.53331943796031e-05,0.3476260671181251,-0.26676181203031407,1.3959105715435935,46.77309022567466
25.65000000000023,2.870127634488715,-1.2454025887415079,-1.2206845759532023,3.4186869567437226,-0.7563822691426878,-0.9247450410580997,2.852733766950308,-1.2620659999617208,-1.2291042720875915,1.379941121924606e-05,-1.8969871026678298e-06,1.2977092666002938e-05,6.531189876102952e-05,0.34707216003408775,-0.3009098543982288,1.553059371344478,51.41006528127342
25.70000000000023,2.876522009855225,-1.2613503302154232,-1.2354670236629288,3.429054822356493,-0.7703322144034204,-0.938553248412676,2.8581054485212567,-1.2783448931160875,-1.239515139130862,1.3752511293359371e-05,-1.7943304480291492e-06,1.3094017173350893e-05,6.5290164203941e-05,0.3476195679863456,-0.2761641470915172,2.326424258198303,56.51402727548198
25.75000000000023,2.8826880751075095,-1.2774138473384737,-1.2503573571096709,3.4392560224155124,-0.7844603714407903,-0.9522990370136544,2.863620933145063,-1.2944966621154066,-1.2519305000259608,1.3709053621954654e-05,-1.690225979982606e-06,1.3207826730929337e-05,6.52687983917003e-05,0.348524940516304,-0.2749157720195635,0.6325915177051918,59.44692819479585
25.80000000000023,2.8886026789338506,-1.2935410538581942,-1.2653618054813274,3.4493687143872416,-0.7988776221281723,-0.9659235304940363,2.86931890417492,-1.311120993000035,-1.2673749693388079,1.3670519702954402e-05,-1.5829791921501671e-06,1.3319516795418631e-05,6.524890546315935e-05,0.35220928642772675,-0.2724898696076398,1.113090584646461,60.79476135801015
25.850000000000232,2.8942836789971507,-1.3097700998887103,-1.2804610948672055,3.459188035387525,-0.8132989770529474,-0.9801024833103114,2.87498398329762,-1.32789728610619,-1.2874137730516109,1.3630251907448084e-05,-1.472654325120996e-06,1.342982169740733e-05,6.522862295594675e-05,0.3489410509045903,-0.28357905632549835,2.8741771611042224,59.74888217063559
25.900000000000233,2.8997184210338536,-1.3260662529789555,-1.2956547688479283,3.468781113855687,-0.8278520403511889,-0.9958879050226246,2.880620681096248,-1.3448824380952211,-1.2966465229684647,1.3589284185515875e-05,-1.3559138014018138e-06,1.354048135295938e-05,6.520792219637725e-05,0.3486115974682192,-0.3157084342462632,1.6905115557921617,63.00124814469493
25.950000000000234,2.904907969742813,-1.3424386870684084,-1.310997560852799,3.4781005557349043,-0.8424752407591111,-1.0109065203051077,2.8851762926020266,-1.3607017432035406,-1.3164369641314697,1.3550585907379623e-05,-1.2398462527355728e-06,1.364711206510471e-05,6.518637835612197e-05,0.34681155638969846,-0.3003723056496536,4.135463682330979,60.64128523913879
26.000000000000234,2.9098501322574517,-1.3588856335475374,-1.3264842543647515,3.4871649482385454,-0.8571895958379091,-1.0264492456018632,2.889621154598795,-1.3764976703538916,-1.3248235092721752,1.3511232351837265e-05,-1.1181497308659499e-06,1.3753393721641067e-05,6.516463858704287e-05,0.34564806937723247,-0.31085450593510444,2.9402657920220703,63.20761057706364
26.050000000000235,2.914545899454001,-1.3754267303914407,-1.3420963732452835,3.496016966898989,-0.8720987777725719,-1.0435514911766957,2.8932471750412168,-1.3938990891496315,-1.3517666447823171,1.3476555475512666e-05,-9.965459048551947e-07,1.3855922289201505e-05,6.514308425586167e-05,0.3467848141136253,-0.3420449114966447,2.5238200681788223,63.82704862498244
26.100000000000236,2.9189878049105924,-1.3920136217397803,-1.3578255522799365,3.5046759782145402,-0.8872630951855283,-1.0603767002840305,2.897563229846902,-1.4113092396115965,-1.3655408772547326,1.3443217637389933e-05,-8.648619477516938e-07,1.395943045975602e-05,6.512202510122397e-05,0.34925188232957516,-0.3365041821466925,1.152694728311468,66.47961398246677
26.150000000000237,2.923188477616853,-1.408685944193818,-1.3737117024841514,3.513079941335906,-0.9025363373559678,-1.0751596043780767,2.9011921583195512,-1.4281790586371785,-1.381446901331641,1.3412767384993804e-05,-7.321818926386222e-07,1.4059785299911916e-05,6.510115952473004e-05,0.3486568840311064,-0.2956580818809205,1.124911655844547,68.27260085618678
26.200000000000237,2.927117112869021,-1.4254001770641795,-1.3897272778801943,3.521244919012914,-0.9178978124764278,-1.0893393393161617,2.9041541993721602,-1.445551516851392,-1.3994743726814962,1.3384474621400754e-05,-5.968095456860568e-07,1.415759918263149e-05,6.508031428520961e-05,0.34793496477340063,-0.28359469876169974,2.0589471674427293,72.32281815108637
26.250000000000238,2.9307769178974197,-1.4421569056360248,-1.4058769847053263,3.529227824526437,-0.9334745916099296,-1.1050779618335267,2.9072999141574964,-1.462562852311709,-1.416315024832802,1.336029787931084e-05,-4.5653224969376083e-07,1.4253423650257245e-05,6.505998357664717e-05,0.3500680806001314,-0.3147724503472968,1.0174045531797908,73.89593506205682
26.30000000000024,2.934168071639456,-1.4589828896030852,-1.4221457750876738,3.537004167781462,-0.9492642739110433,-1.121263110588517,2.910174309633425,-1.4790144584693377,-1.4327870700725238,1.3340707357189335e-05,-3.1260573548858065e-07,1.4346711999118546e-05,6.504064645408021e-05,0.35201837694819993,-0.32370297509980006,1.4345832521685282,73.7445305325009
26.35000000000024,2.9372882474543838,-1.4758785077374434,-1.438504936156611,3.544391824257694,-0.9648920869210323,-1.137148683069027,2.912536306124745,-1.4962687176095697,-1.4486137470135483,1.3319147333181881e-05,-1.6707291156864244e-07,1.4436990870644726e-05,6.502016727980672e-05,0.3457237576110726,-0.317711449610202,0.8627225194152919,76.9287372868914
26.40000000000024,2.940131389454852,-1.4928102452373435,-1.4549464716136684,3.5515634825037785,-0.9807074038919146,-1.1529842184003545,2.9153712917591643,-1.511668628465456,-1.4572456723679785,1.3302448181263771e-05,-1.8916852676439392e-08,1.4524248708728115e-05,6.49993554733991e-05,0.34731152276124433,-0.31671070662654405,3.7517247828958964,74.95842736414735
26.45000000000024,2.9427013300487044,-1.5097661136327596,-1.4715102683768229,3.5585083898231757,-0.9967031207050792,-1.1693794748276016,2.9170454728433657,-1.5285342187686386,-1.4780567588600757,1.3291275294039694e-05,1.272219796647353e-07,1.4607751389625173e-05,6.497984751998533e-05,0.34877012828911375,-0.3279051285449387,3.018733562741404,75.4718681829768
26.50000000000024,2.944992622169399,-1.5267831492493635,-1.4881960882694851,3.565111863363443,-1.0126295097628237,-1.1861133413878195,2.918764517027833,-1.545256337352538,-1.4967261281204167,1.3279858888122417e-05,2.782370304744062e-07,1.468843874759551e-05,6.495939785665397e-05,0.3448261404429643,-0.3346773312043522,2.1239446366642305,75.43716630843247
26.550000000000242,2.947007520123859,-1.5438314288394088,-1.5049988446224565,3.5715969713828,-1.0290433551664742,-1.2029293245394181,2.920301408564267,-1.5626256194165784,-1.5055652821344034,1.3278887931855611e-05,4.340419701143395e-07,1.476603156382789e-05,6.494092807212403e-05,0.3529749491416907,-0.3363196630319682,1.5991772924606436,81.1422263873183
26.600000000000243,2.9487408954585876,-1.5608900634894955,-1.52190862868947,3.5777341755060696,-1.0453758304253262,-1.2197775698641904,2.921559490633541,-1.5792280866916433,-1.5190411215351163,1.3279027131559023e-05,5.867280479444753e-07,1.48398489894519e-05,6.492239274758809e-05,0.3489539933325045,-0.33696490649544236,1.0603204285609598,83.48287282037903
26.650000000000244,2.9501892706625075,-1.5779795761211821,-1.5389179238664255,3.5835708479409174,-1.0617459535037086,-1.2368292758884056,2.92280524948767,-1.59634240118159,-1.5365115221709102,1.3282003410312866e-05,7.396851958098672e-07,1.4910154608555176e-05,6.490378134504133e-05,0.3475945876746173,-0.34103412048430043,1.3087976321725903,83.16500137004621
26.700000000000244,2.9513515208557495,-1.5950853998468257,-1.5560545742240937,3.589087664349221,-1.0780705229909346,-1.2529717103409599,2.9236623997099898,-1.6126398000235984,-1.554740540767941,1.3286444034180647e-05,8.949249947204773e-07,1.4976928924341121e-05,6.488417666954681e-05,0.3446350417653862,-0.32284868905107916,2.723241197188112,81.02048688604484
26.750000000000245,2.9522299747906393,-1.6122047918848998,-1.5733410320632673,3.5944177453811355,-1.0947451165690854,-1.2698449609938944,2.9240614831853766,-1.629891926548671,-1.574809844518394,1.3299523978352151e-05,1.0539524074702187e-06,1.5040029457386112e-05,6.486592851329029e-05,0.3501194685502586,-0.3374650130586872,1.9671743632055159,80.77155232684623
26.800000000000246,2.952809953680825,-1.6293498818413188,-1.590697846011062,3.5994869200918873,-1.111541881929046,-1.2855427105679273,2.924292712264381,-1.6480143590539515,-1.5925900067164112,1.331770928425536e-05,1.21661912458808e-06,1.5099129016551735e-05,6.484821710387923e-05,0.3509040781249304,-0.3139549914806557,1.625918274252223,83.2290019968203
26.850000000000247,2.9530969588968667,-1.646479022284812,-1.6080963737498126,3.6043150280702703,-1.1285019422001403,-1.3013725425442615,2.923886459367843,-1.6639255543446776,-1.6053722451325154,1.3342004142148633e-05,1.3815872252994015e-06,1.5154183870691726e-05,6.483119857485212e-05,0.3526815926399601,-0.31659663952667916,1.534716339145321,85.91444431856698
26.900000000000247,2.9530941181758448,-1.6636146589453578,-1.6256170365895413,3.6087941542104245,-1.1453242954682297,-1.319774034532748,2.923672880862214,-1.6822580050528548,-1.624516007890175,1.3366969606733811e-05,1.5458682918832364e-06,1.520562408601267e-05,6.481380846888486e-05,0.348173917549684,-0.36802983976972686,4.221858316618977,87.16781440923195
26.950000000000248,2.9528015172477966,-1.680763231093057,-1.6432437148181143,3.6129545971187675,-1.1621836111936972,-1.3379381194329316,2.9237819347915504,-1.6983508316827085,-1.6356599588180238,1.3396214182180072e-05,1.7129944921585301e-06,1.5252692782638743e-05,6.479525082915095e-05,0.34730626421771843,-0.3632816980036673,3.554914989129051,87.30728286301593
27.00000000000025,2.952206176427115,-1.6978953248844004,-1.6609734568320174,3.6168755447526304,-1.1793671224424669,-1.3549746952112325,2.923092112843374,-1.7161449981483292,-1.657229992855221,1.3433903210434204e-05,1.8777450976385487e-06,1.5296606296394485e-05,6.477846275288081e-05,0.3525078171803269,-0.34073151556601083,2.5686806979479595,84.89803530305242
27.05000000000025,2.9513123944751807,-1.7150014866791916,-1.6788152647113,3.620546526991466,-1.1968521655482205,-1.372729627761356,2.9212946197900194,-1.733741869701702,-1.6814907230760283,1.3481081815970076e-05,2.0468616809143074e-06,1.5335172078013583e-05,6.476321763386734e-05,0.3573296676939694,-0.3550986510024653,2.0013626327065626,84.74140429668941
27.10000000000025,2.9501151266269408,-1.732109881632449,-1.696779604888721,3.623806126137853,-1.2139266242068798,-1.3915925308729575,2.919553760833932,-1.7525109594640766,-1.696775898053017,1.352653113126405e-05,2.2210698241218275e-06,1.5367912343101715e-05,6.474578357085981e-05,0.34766137811224906,-0.37725806223202185,2.455885187168204,91.0139680904187
27.15000000000025,2.94861347366333,-1.7491650713732756,-1.714804451026143,3.6267906657373277,-1.2312160700607286,-1.4081252227129035,2.917058717741072,-1.7685505010778935,-1.713091851329146,1.3579507707824399e-05,2.3938849334676773e-06,1.5396791430748902e-05,6.472804318661106e-05,0.3509070682104127,-0.3306538367989165,2.9940125803584925,93.6965543359876
27.20000000000025,2.94680296508418,-1.7662106119994292,-1.7329377520779392,3.6294770471498192,-1.2484863966901278,-1.4248427509865043,2.9146074496787375,-1.786433972857335,-1.7319002384517703,1.363651649008689e-05,2.5665968831565134e-06,1.542142248916829e-05,6.471039129901859e-05,0.34956426683471903,-0.3343505654720117,1.500127919523824,96.70104641186653
27.250000000000252,2.944686881175111,-1.7832166474023055,-1.7511839095804291,3.631844743506054,-1.265660082950003,-1.4427418898676985,2.9117757760146734,-1.8026052770326668,-1.7601543290139774,1.3697064124027949e-05,2.740743918319353e-06,1.544086553759102e-05,6.469177683115028e-05,0.3467272760268692,-0.3579827776238803,4.590546272565321,92.11314292461054
27.300000000000253,2.9422764797965684,-1.800147903999822,-1.769552971307056,3.633925123230156,-1.2830333787939041,-1.4604940513046158,2.908966778938001,-1.8198506649212554,-1.7807548369666013,1.3768455055487548e-05,2.9210618432610196e-06,1.5452206130119044e-05,6.467328171587591e-05,0.3499528131843724,-0.3550432287383403,1.9686433890710477,92.63918910040803
27.350000000000254,2.939549992982745,-1.8170734375516642,-1.7880359152647713,3.635699751609021,-1.3005909929028832,-1.479633653774011,2.9051994941189103,-1.835537113310518,-1.802453814302824,1.3849132733153798e-05,3.1029012547480623e-06,1.5457630700378416e-05,6.465550016960926e-05,0.3529468095667631,-0.3827920493878961,2.0588357017988965,93.65841076064208
27.400000000000254,2.9365244263297567,-1.833918421551364,-1.806573027600326,3.6371153417950217,-1.31793705064038,-1.4991023898865843,2.901179485104479,-1.8521070330865954,-1.8261302736537401,1.3932971598907398e-05,3.2862352297807977e-06,1.545705296788132e-05,6.463716574979811e-05,0.3480799803792309,-0.38937472225146197,1.3316119793255676,96.29925559933974
27.450000000000255,2.933198883500793,-1.8506979061736502,-1.825230133650916,3.638215612610662,-1.3353793441009032,-1.5164959492559298,2.897945051826703,-1.8679087528238627,-1.8376722876601763,1.4025643844957331e-05,3.4710550427284846e-06,1.544985657356949e-05,6.461862247808681e-05,0.3495436440848844,-0.34787118738690603,2.8731210436280774,94.65134413370242
27.500000000000256,2.9295516365741316,-1.8674327251696823,-1.84398002816345,3.639001863205938,-1.3530208585363124,-1.5360192461931423,2.8938636893364618,-1.884905170786206,-1.8524022341936672,1.412551429171901e-05,3.6516519285036947e-06,1.544013576359604e-05,6.460159034933296e-05,0.3531861417756796,-0.3904659387442453,1.7923651831493663,97.34937686517264
27.550000000000257,2.9255914100940332,-1.8840844529857914,-1.8628246987901185,3.6394523504661818,-1.3704882578111384,-1.554004491496992,2.8890274245861556,-1.9010044889987234,-1.8717623588614178,1.4227129412251046e-05,3.829254827065545e-06,1.5427324169181444e-05,6.458464352667923e-05,0.3494688577097706,-0.359704906076987,1.5146040516157924,99.88167107274124
27.600000000000257,2.921327454953647,-1.9006588702371332,-1.8817531283469235,3.6395866481281556,-1.3879858922680903,-1.5722380843088983,2.8849291322385224,-1.917546682553516,-1.893801291269026,1.4335794844422423e-05,4.006408156820407e-06,1.5408731615251822e-05,6.456797649591959e-05,0.34996784455380947,-0.3646718562381247,5.969473808937321,96.81880038914807
27.650000000000258,2.9167637691145227,-1.9171371975354865,-1.9007443308226009,3.6393959703163485,-1.4054501094023637,-1.5911901012337135,2.8802787959104004,-1.9322949858795,-1.9076045923890403,1.4451708299655015e-05,4.184102677847477e-06,1.5382933448974203e-05,6.455127991918501e-05,0.34931038833174505,-0.37904033849629754,3.3544971884330237,96.8010253917538
27.70000000000026,2.9118761222399403,-1.9335495607604751,-1.9198108586139047,3.6388724255832603,-1.4227992619477732,-1.6107381677874233,2.8755590683251104,-1.9481841045859423,-1.9251652555520284,1.4570434329062163e-05,4.358545333527977e-06,1.5354306147340916e-05,6.453465057475316e-05,0.3471465320810521,-0.3909613310741884,2.289800699224666,95.34407940773369
27.75000000000026,2.9066936283877673,-1.949859996317679,-1.9389921690710978,3.6379878910489594,-1.4403857027479259,-1.6313625758040975,2.8700762571879226,-1.9639251036653675,-1.9502606176722987,1.4699187705685421e-05,4.530690609029764e-06,1.5320259043999287e-05,6.451910178879203e-05,0.3521796658156941,-0.41248816033347746,2.4394034916847005,93.20488996608314
27.80000000000026,2.901195707029866,-1.9660767638323313,-1.9582936799106847,3.6367569770732238,-1.4579719964575513,-1.6499877554936668,2.8634946881723105,-1.9796442694940128,-1.9668211800766844,1.483691232313817e-05,4.703082433949359e-06,1.5277687964288283e-05,6.450394869630885e-05,0.3525914691238549,-0.3725035937913801,1.5491870631969846,98.62150954593184
27.85000000000026,2.89539590723076,-1.9821473892094812,-1.9777335445657975,3.6352161670249084,-1.475291351015453,-1.6690669644984901,2.8569877699186255,-1.9964684348569763,-1.9847897956175091,1.4976456418878285e-05,4.8730887173690205e-06,1.5230972481244683e-05,6.448806362811246e-05,0.34776044012219615,-0.38158418009645834,2.2603459306841502,102.09301603505487
27.90000000000026,2.8892835606542926,-1.9981264587314889,-1.997252156593682,3.6333368939050845,-1.4925933594369152,-1.6889092165669641,2.8512512504329384,-2.012630950872929,-1.9980033496158658,1.5122466856351197e-05,5.040541116875003e-06,1.5178898643265036e-05,6.447182976719216e-05,0.34808108296940393,-0.3968450413694738,2.419407742354835,102.59785363586508
27.950000000000262,2.8828662904232623,-2.0139764203956916,-2.0168420298032643,3.6310678198536834,-1.5102024596545682,-1.708987144989432,2.843996818328967,-2.027942089313728,-2.019917588997903,1.5277435377239712e-05,5.202515086425146e-06,1.5124253185155961e-05,6.445727346968183e-05,0.355099815499998,-0.4015585684493526,1.004819563923966,104.42752784424884
28.000000000000263,2.87613451548838,-2.029706503884051,-2.036474889092264,3.628497168081377,-1.527543827564131,-1.7269382956753703,2.8362389994339634,-2.0446329480853174,-2.0407877225774413,1.5436301269721382e-05,5.363169022450295e-06,1.5062761913606275e-05,6.44426463659623e-05,0.35062204414979814,-0.35902301371875806,1.6111173639948206,108.12013016072726
28.050000000000264,2.8691052258744585,-2.045298313967515,-2.056161121338876,3.6256098303919395,-1.544717908942179,-1.747782677981558,2.828603723776777,-2.05907300107517,-2.058761151566049,1.5601444456599256e-05,5.522227416935844e-06,1.4993408761822024e-05,6.442718260720606e-05,0.3483083527725585,-0.41688764612374934,1.6756122053207743,111.34422015517208
28.100000000000264,2.861771748816605,-2.0607451909374292,-2.075914867515315,3.6223713732844107,-1.5618147952329944,-1.7682102035308653,2.8205031315575515,-2.0719703011907367,-2.0929354736451544,1.5771908743165467e-05,5.677784453855355e-06,1.4919407348471525e-05,6.441171088092462e-05,0.34802393863104736,-0.4085505109861424,5.46903441827398,109.51251456849772
28.150000000000265,2.854132644853469,-2.0760634578204127,-2.0957704164242807,3.618808536483294,-1.578738797376525,-1.7883623400556274,2.812374545975836,-2.0873481369746014,-2.1116174428513474,1.595509568349903e-05,5.83427331786215e-06,1.483021977885176e-05,6.439499237463491e-05,0.3459050607423776,-0.4030427304952372,1.3642002527490742,111.29984749834806
28.200000000000266,2.8462164097444083,-2.091196294667058,-2.1157243652965017,3.614848272147438,-1.5958478468363209,-1.8081621027432941,2.8035352060233656,-2.1011036067831417,-2.133870070949004,1.6147776475018973e-05,5.98542475087368e-06,1.4736439551911646e-05,6.43784817168158e-05,0.3512340202874968,-0.3959952537533302,1.2840300553693718,116.04000523170224
28.250000000000266,2.837996993697321,-2.1061777542755733,-2.135750884533938,3.6105208939464553,-1.612998519907579,-1.827743816439408,2.794293054149018,-2.1168776918708687,-2.1579469517726144,1.634991946694716e-05,6.13237620702152e-06,1.4635735035274745e-05,6.436246391854188e-05,0.35376929571193205,-0.3916342739222701,3.453465580433975,119.47743333749858
28.300000000000267,2.8294629817913246,-2.1210151313661987,-2.155833540782442,3.605899691535956,-1.6298851329682262,-1.8480901407379395,2.785149534423861,-2.1317075912434724,-2.1759810377504203,1.6558447560518807e-05,6.2763079362017585e-06,1.4526706315360408e-05,6.434575488505766e-05,0.3501564145416354,-0.4069264859706274,1.1035026120375748,121.86522025043622
28.350000000000268,2.8206598218199734,-2.13565540983902,-2.1759874413954257,3.600905625103789,-1.6467858991470687,-1.8681370601256018,2.775430711626792,-2.146055779634087,-2.1920127076322804,1.677350479112785e-05,6.414546071100039e-06,1.441411552934489e-05,6.432932841945611e-05,0.35246957222067066,-0.4009383877532402,0.8718244206272658,127.02502960235373
28.40000000000027,2.8115560450862827,-2.1501370286021957,-2.196183222405168,3.5956485155368885,-1.6633611753167912,-1.8877152607874805,2.765515816177201,-2.1602124276903236,-2.2168912935143,1.6989036582058454e-05,6.548344053076566e-06,1.4299562113097396e-05,6.431296630201185e-05,0.3477853590135789,-0.39156401323756934,2.0324212434984057,129.99773448221742
28.45000000000027,2.802171014091364,-2.164421452101319,-2.216471765605012,3.5900301527585086,-1.6799493807108756,-1.9070161512956052,2.754996295059239,-2.173873716010621,-2.2343324167697247,1.7214902764015498e-05,6.676717584053495e-06,1.417625671869093e-05,6.429670431269512e-05,0.3502822181373926,-0.3860178101624867,1.0554281250871258,136.89462885014822
28.50000000000027,2.792507173785079,-2.1784993452290187,-2.236830683053381,3.5840776279175364,-1.6964443938841018,-1.9272243257211306,2.745291275658542,-2.1870666012177677,-2.250098062891414,1.744555201378064e-05,6.7993231392863e-06,1.4049663118521001e-05,6.428090157004845e-05,0.3507297973558641,-0.4041634885105032,3.2115266918861622,138.63758935763553
28.55000000000027,2.7825558987137513,-2.1924001579967394,-2.2572559064671323,3.577829219670887,-1.712694062660708,-1.94855898404616,2.7351319499920654,-2.1989648107151685,-2.2719375933854207,1.767798421689779e-05,6.91679364768869e-06,1.3920996442101766e-05,6.426543866339369e-05,0.34819870062325503,-0.426693166500581,1.6086108281888356,142.05575727565974
28.60000000000027,2.7723345242186186,-2.206075457411672,-2.2777596663857764,3.571323433998612,-1.72861727502005,-1.96878265892093,2.724644035502911,-2.212068538575834,-2.2912316939163597,1.791401472723374e-05,7.029607505767071e-06,1.3786499445286804e-05,6.424976169036824e-05,0.3440255941393018,-0.40447349749539574,1.9168076038920763,144.16356570866935
28.650000000000272,2.761804867443541,-2.219550655939369,-2.2983242400335975,3.5643461690882665,-1.7447261915698487,-1.990284284537976,2.713795027089782,-2.2240388524583117,-2.3128140091767873,1.8159582021939175e-05,7.134346132976787e-06,1.3647315401755082e-05,6.42347622675146e-05,0.35110755698801116,-0.43003251234091155,2.6514058658131043,148.2982403325431
28.700000000000273,2.7510234427202556,-2.2327955342700303,-2.3190160301229708,3.5571724554127875,-1.7603801167843354,-2.010727124867774,2.7035072956086146,-2.2367333535958602,-2.330962213313667,1.840696561674562e-05,7.234847810491557e-06,1.35029162777399e-05,6.421945923120714e-05,0.3443938842950737,-0.4088568065959544,3.591348846238444,146.32766279877814
28.750000000000274,2.739978833057731,-2.2458214682046895,-2.3397895474394987,3.5495977451562757,-1.7760325515356705,-2.0322866926053464,2.692005711203333,-2.2491830150990397,-2.3516388827532224,1.8660374008526065e-05,7.327831927123334e-06,1.3355101157181874e-05,6.420441825459339e-05,0.34778537160368966,-0.43119135475143966,1.1589269995152918,149.67177920838367
28.800000000000274,2.7286615027920873,-2.258623184076001,-2.360596460545314,3.541654548528409,-1.7916007210879412,-2.0528867701109625,2.680479570348206,-2.260641550196917,-2.3778769730368845,1.8919684248247424e-05,7.413605139386249e-06,1.3202955288293297e-05,6.418971195207887e-05,0.34955576284877116,-0.4120015501123139,3.6922024985959667,151.79198013029256
28.850000000000275,2.7170777913358934,-2.2711921699026254,-2.3814602014663704,3.5334121971274035,-1.8069561278473838,-2.0739671136787994,2.6693134649919688,-2.2724712645572738,-2.3913755690975833,1.9186655122816065e-05,7.491940890915106e-06,1.3042013537611199e-05,6.417462539258873e-05,0.34856053768386586,-0.4216068713567318,2.866182919832198,153.38196419529405
28.900000000000276,2.7052419180649654,-2.283505761499634,-2.4023756358326844,3.5248630155840197,-1.8221365903286082,-2.0934221407499676,2.6577199974954224,-2.2828700174480905,-2.4131659436232478,1.9453350125028076e-05,7.564212594458241e-06,1.288300272573487e-05,6.416002597934798e-05,0.34845058205505314,-0.38910054142335715,2.183719191500054,157.2353166045582
28.950000000000276,2.693144351026425,-2.2955715331395328,-2.4233583050774103,3.5159982846140885,-1.8371520555669676,-2.114792578327261,2.644774703846477,-2.2951638574056896,-2.428361981050653,1.9725594667381667e-05,7.62847999847942e-06,1.271821351807788e-05,6.414556712969316e-05,0.3487458806600029,-0.42740875154586244,1.0919459448871167,164.31233995697832
29.000000000000277,2.6808099802239096,-2.307373811066219,-2.444353469940619,3.506734000898072,-1.8521193967938183,-2.135297860437412,2.631399358399172,-2.3069832410489317,-2.4526735765097585,2.0000188442620877e-05,7.684995059614875e-06,1.2553824208742299e-05,6.413170635524387e-05,0.35205630977832325,-0.4101056422030076,2.6106593465549475,167.4871668044231
29.050000000000278,2.668235044501636,-2.3189191361964303,-2.4654608869672154,3.4971700025247765,-1.8668679122173595,-2.1568953158623656,2.6191198278871757,-2.3174866441102813,-2.4760918874593165,2.0280712133355807e-05,7.7328244618104e-06,1.2382422559131612e-05,6.411767207970837e-05,0.35156836206694964,-0.4319491084990673,2.9361179654498413,166.98855879970176
29.10000000000028,2.65541844082598,-2.3302017331290465,-2.486649721902305,3.487373912735344,-1.8812924961691884,-2.1778529548508083,2.606076571782437,-2.328134268679565,-2.4938157920153428,2.056447080705401e-05,7.772911456563674e-06,1.2205800959425765e-05,6.410308767292708e-05,0.34873664891138884,-0.4191527797688445,2.1135610132567537,172.02493612613384
29.15000000000028,2.6423731905359493,-2.34120280497123,-2.50786074972241,3.4770630214506455,-1.8958197548227702,-2.1982345323457233,2.5936867463335136,-2.3378349910725347,-2.510355537518402,2.0853201460073485e-05,7.803040646507732e-06,1.2028918147345081e-05,6.408884147111267e-05,0.35629578124278244,-0.40763154989829514,2.641436589694299,175.8843385091091
29.20000000000028,2.6290839058323594,-2.351934249918086,-2.529097003581336,3.46663381646316,-1.9098733811453703,-2.2202107514940357,2.579673211380677,-2.348467145230117,-2.5341064866062646,2.113977733614271e-05,7.827917151259312e-06,1.1851064190119073e-05,6.407474134451256e-05,0.35002003147965627,-0.4395243829662414,1.7590394952322352,177.6191367736479
29.25000000000028,2.6155760673757964,-2.362382968353114,-2.5504033286926466,3.4559083940417206,-1.92369601925855,-2.241165623588577,2.565647011099541,-2.35900925904433,-2.5561674173812956,2.1430033680101717e-05,7.843204192919754e-06,1.166846976131183e-05,6.40603227169006e-05,0.34992068338508636,-0.4190974418908215,3.740553727387797,178.28085354292534
29.30000000000028,2.6018638686406623,-2.3725294652101874,-2.5717415209120094,3.4448844651778017,-1.9373167727634462,-2.2612569786471592,2.551548295916873,-2.3685582156691467,-2.5705064536468547,2.172304788524269e-05,7.849102920711417e-06,1.1482843529508177e-05,6.404549061098233e-05,0.35046384271524406,-0.40182710117164017,1.3456315891169028,188.4732390341224
29.350000000000282,2.5879412592548046,-2.3823728569540967,-2.593144645573015,3.4337661878409538,-1.950498583849184,-2.281700937888924,2.5371891784358183,-2.3781445807726964,-2.588243635527492,2.2012307617525117e-05,7.85046935917162e-06,1.1298741855131642e-05,6.40309098975498e-05,0.3448980093636733,-0.4088791848352888,1.8506630533970432,194.94366989513102
29.400000000000283,2.5737809134638296,-2.3919345628676063,-2.614649202522053,3.422120737431206,-1.9637122819714703,-2.304684350298757,2.522988075413503,-2.386732432960531,-2.615580892209877,2.230524290697568e-05,7.84060443287216e-06,1.1114191853128279e-05,6.401665939012871e-05,0.3522680737241539,-0.4596682481966511,2.072051462225134,192.78434921471793
29.450000000000284,2.559445185626933,-2.401188123018104,-2.6361696978122637,3.410205664389308,-1.9766420163908087,-2.326070041151149,2.5091337949298365,-2.3946791578610354,-2.6372399056368065,2.2601495477422447e-05,7.819184699911118e-06,1.0924104802388873e-05,6.400204489370246e-05,0.3516582319954391,-0.4277138170478263,3.001033436639509,195.1676901802929
29.500000000000284,2.5449134659793655,-2.410128483491183,-2.657703650847951,3.3981768971557704,-1.989141115541243,-2.347972816843518,2.494143583362427,-2.4027289112810637,-2.665870075362431,2.2896782381258218e-05,7.789633240293558e-06,1.0731637931921609e-05,6.398692461914439e-05,0.3469471147235127,-0.43805551384737673,3.137565408338635,195.86552777182214
29.550000000000285,2.530202061456298,-2.418746013416784,-2.6792862633862113,3.385743357983226,-2.001498234163362,-2.3705814140960046,2.478428509374604,-2.410829625179959,-2.68891428187024,2.3196558278182638e-05,7.745020026751605e-06,1.0533881343478957e-05,6.397088797833297e-05,0.3506019775328117,-0.45217194504972785,0.4593491641888786,202.80561296374765
29.600000000000286,2.5152895493462593,-2.427061810096541,-2.700963723558791,3.3729152144353995,-2.013688857268194,-2.392759919088098,2.4628694192883387,-2.4183445503362937,-2.715226390728658,2.3497460328836866e-05,7.688403962881163e-06,1.0335390030077242e-05,6.395419863659719e-05,0.35394089675275653,-0.44357009984186063,2.1993611779544464,207.26558705005885
29.650000000000286,2.5002206651194414,-2.4350530977393454,-2.722704975220093,3.359941241573577,-2.0254892192538345,-2.4143023721565195,2.447458210235767,-2.4257320440524834,-2.7365637553704856,2.3797962806568487e-05,7.620664453561076e-06,1.0134221623574698e-05,6.393673697067786e-05,0.3507616911079325,-0.43084906136842904,1.7499028423701661,211.4251578752235
29.700000000000287,2.484968273516246,-2.442724476718643,-2.744503940117818,3.3465875292906384,-2.0371119471942647,-2.4364746971758056,2.4307310678951763,-2.4332968027532713,-2.7573331427666563,2.4097730864109094e-05,7.541358392567288e-06,9.934101960258377e-06,6.391891222658868e-05,0.3540747245888086,-0.44344650038571115,1.785277385483344,220.1891764939047
29.750000000000288,2.469559735843972,-2.4500492671080876,-2.766354740809349,3.333093364667042,-2.0483571859162515,-2.457225176369846,2.4147315562972005,-2.4400438784327756,-2.7817897851408127,2.4394328308568442e-05,7.453914802986514e-06,9.735356893979623e-06,6.390114298555269e-05,0.3513169192138833,-0.41500958388080345,4.017624196841663,223.95614613964548
29.80000000000029,2.4539773223828036,-2.457035188556063,-2.788279465335836,3.3194631765989877,-2.0592361946835354,-2.478729733558994,2.400621801000849,-2.44512270847749,-2.803654499419809,2.4688661271876156e-05,7.355455773911818e-06,9.536076052152148e-06,6.388314901342225e-05,0.34879597434340454,-0.4300911437829555,4.226293324585335,225.36602363834456
29.85000000000029,2.438272914716229,-2.4636673625569134,-2.8102202541511314,3.305526014812861,-2.0698700681277766,-2.5009333390727644,2.384848014109169,-2.4510435554586203,-2.8207334644582844,2.498021033944614e-05,7.2458322812441495e-06,9.338793198584305e-06,6.386498471369184e-05,0.3506202328892711,-0.4440721102754042,1.8511304944537446,231.55993338900245
29.90000000000029,2.4224174919074635,-2.469970928187164,-2.8321444835520793,3.291099530949611,-2.0803926701320496,-2.5218863235910502,2.3685521549908195,-2.4568951501104617,-2.8434611524265194,2.5268553356572755e-05,7.1269415419310545e-06,9.147201709587292e-06,6.38469486782312e-05,0.35713317131263655,-0.41905969036571367,4.302210596902239,234.43357725070513
29.95000000000029,2.4064487508693317,-2.475919054056595,-2.854095436477268,3.2767232683456617,-2.090432075402736,-2.5420876373407673,2.3526902055359087,-2.4618127809105594,-2.868019132301488,2.5551509043422523e-05,6.9999799929028975e-06,8.956564547306856e-06,6.382928646665376e-05,0.350700465416783,-0.4040262749943375,3.476102354093541,237.254175775477
30.00000000000029,2.3903154199267953,-2.481534660090537,-2.8761286673082975,3.262216073754056,-2.1001164956474394,-2.5638562953492396,2.3357724459706786,-2.4663858111192636,-2.8914342403962667,2.5829425587416707e-05,6.860924298988073e-06,8.766952018705482e-06,6.381148485011515e-05,0.3488602615610098,-0.4353731601694441,2.2878671680244587,247.2131748809437
30.050000000000292,2.3740871125442444,-2.4867894709184535,-2.898255275723036,3.247307576793783,-2.1096066309216663,-2.5855927477643217,2.3187863713356442,-2.4716594024964587,-2.904470689068347,2.6102803985789346e-05,6.708850623278467e-06,8.581090148450792e-06,6.37932896341156e-05,0.3534618771913397,-0.43472904830163206,2.461958705421239,255.26576644049916
30.100000000000293,2.3577367147832318,-2.4916865996397153,-2.920402586558103,3.232168482099148,-2.1187915926330922,-2.606922689663626,2.3024084371146976,-2.4756064684536185,-2.9273723893703574,2.6369569071884587e-05,6.552862004956101e-06,8.402050433075647e-06,6.377550113682825e-05,0.35415680041126246,-0.4265988379860826,1.0558524997051109,259.5651319988006
30.150000000000293,2.341310438907156,-2.4962203990465364,-2.942597350189384,3.2170062530964705,-2.127538840828664,-2.6297249367173525,2.287338918728427,-2.4789522768280774,-2.9541586130437514,2.662953151494364e-05,6.387360925085158e-06,8.225481376754349e-06,6.375793866957182e-05,0.35009759545634694,-0.4560449410745203,4.3947460121343225,253.92500596185397
30.200000000000294,2.3247523769654017,-2.5003950581165455,-2.964806397426,3.2015157605199356,-2.1360279279791694,-2.6508180476505916,2.270959349260307,-2.483194108479392,-2.969009576059817,2.6882866001669604e-05,6.20800516862675e-06,8.052963064062709e-06,6.373976879043235e-05,0.35328828444347876,-0.42186221866477186,4.448089341638257,254.2861309210219
30.250000000000295,2.3081435664766867,-2.504182738641413,-2.98693618395437,3.185858778854589,-2.144180314786793,-2.6722474310582602,2.255178412422166,-2.486321288074834,-2.9880284960732912,2.712849984982769e-05,6.024217978164825e-06,7.88686470940711e-06,6.372172147063226e-05,0.35305206996818383,-0.4285876681533691,2.3324868059512953,254.38606868811374
30.300000000000296,2.2914320314305754,-2.5075982698508206,-3.0090955267683026,3.170221079635824,-2.151886176028837,-2.6952366499609637,2.2393803749745067,-2.4894219175393726,-3.0058770553827765,2.7365452758205513e-05,5.834107952189735e-06,7.725088167635927e-06,6.370409639515676e-05,0.34867252249081593,-0.45978437805406136,4.32391287108888,252.4556961244228
30.350000000000296,2.2746367113956714,-2.5106531575484317,-3.031294779953315,3.154254345920487,-2.1593022810231353,-2.718301309053028,2.2224619336237526,-2.4916753496640496,-3.035244347427234,2.759414777917367e-05,5.636341264518392e-06,7.57016737186514e-06,6.368668178585157e-05,0.3521073353928078,-0.46129318184127605,2.177012898163302,249.19382606285893
30.400000000000297,2.257792125168647,-2.5133406721030456,-3.0535412562604116,3.13807119294231,-2.166377186485625,-2.740605064346605,2.204445231074632,-2.494303803587318,-3.059655194904371,2.7812803868927215e-05,5.42367060748954e-06,7.420066378817414e-06,6.366856090296809e-05,0.35324872807097674,-0.4460751058715349,5.6931206766998415,250.34980112590637
30.450000000000298,2.2408892120510937,-2.515654864688598,-3.0758289759235677,3.1220312947683566,-2.1729776492359023,-2.7618140990149374,2.1895545531618708,-2.4947865173707156,-3.0846473395219505,2.8021017233049238e-05,5.203280433946369e-06,7.274317478745396e-06,6.365023197987092e-05,0.3469038595548642,-0.42418069336664027,2.9367734103563614,250.02136502028895
30.5000000000003,2.223964336641868,-2.5175916855455798,-3.098150706432189,3.1055594704058453,-2.179338084676225,-2.784368062187417,2.173272547346386,-2.4954832727169687,-3.1140552488287527,2.82177997405423e-05,4.9696592891001854e-06,7.1367827179777165e-06,6.36307371515118e-05,0.3531511593519717,-0.451079263449588,4.584097095470197,249.63790422791126
30.5500000000003,2.206989092041274,-2.5191501034587174,-3.120498579811923,3.088948250750656,-2.185315104509226,-2.808027914175997,2.1566162949709935,-2.4966346653046254,-3.1323324000001493,2.8401458320385266e-05,4.722511685059187e-06,7.006329617447869e-06,6.360985631757736e-05,0.35308464902612974,-0.4731970397715936,1.9749897720401082,249.83467244563934
30.6000000000003,2.189955364045751,-2.520346167024557,3.1403451164993945,3.0722763909972697,-2.1908898427011794,-2.82977268975015,2.1387579644938954,-2.4972828673032175,3.1296303320098193,2.8574013667018927e-05,4.472089132317226e-06,6.8832827624117315e-06,6.358879387804959e-05,0.35159112074613746,-0.43489551148305294,2.590179456957436,255.93086640415106
30.6500000000003,2.1729447963554236,-2.5211587995596583,3.118001543799124,3.0555937073277217,-2.196055093441851,-2.8528992895467287,2.121117187787968,-2.497964675881694,3.105278333421394,2.8733804429884803e-05,4.215339368823175e-06,6.767513591018768e-06,6.356797655974336e-05,0.3492880435791048,-0.4625319959315636,4.993202792518108,254.1838320095159
30.7000000000003,2.1558786400465064,-2.521580375892231,3.0956620662116,3.038776473837275,-2.20084072040607,-2.875809037226371,2.1058597330177946,-2.4968085259020474,3.0799587392012615,2.8879979328743713e-05,3.950305879227997e-06,6.660338741898595e-06,6.354691885099197e-05,0.34970555599099035,-0.4581949535928408,3.190002323458782,254.53166119872378
30.750000000000302,2.138807490748567,-2.5216208208213327,3.0732133028206854,3.0221003056016893,-2.205183014050252,-2.897911161815798,2.090802304348053,-2.496326449561353,3.061559606295681,2.901187171324683e-05,3.679051189882052e-06,6.560633532224755e-06,6.352596017162545e-05,0.3446518184194635,-0.4420424917885313,3.728603409466565,247.56642518652916
30.800000000000303,2.1217877025033927,-2.5212869336253254,3.0507949590445245,3.0050271666723716,-2.209232264343762,-2.919537804748552,2.0748162123519447,-2.495047919435979,3.035330482200676,2.9130435922842102e-05,3.4031889552330032e-06,6.471438244638061e-06,6.350444670890554e-05,0.35094187631231744,-0.43253285865506746,3.3093462863889256,245.62227034674387
30.850000000000303,2.1047344220160333,-2.520560604442609,3.028369991506708,2.9878719096961834,-2.2128973824509686,-2.942688037095506,2.0576772176301095,-2.493816793878667,3.0136740212665423,2.9232078814597732e-05,3.118822392934669e-06,6.392259671919807e-06,6.348222308285351e-05,0.3508559116525522,-0.46300464693908283,2.4544251632192844,246.75473987177682
30.900000000000304,2.087727494332249,-2.519451249734167,3.005957700433574,2.9710011712681177,-2.216111618667229,-2.963967062643363,2.0418079883102864,-2.4918415783005803,2.994092803815361,2.9319723836284522e-05,2.833134180524942e-06,6.31996493136382e-06,6.346074518816482e-05,0.3434904710779338,-0.4255805109571339,1.1517884978675106,247.72972653669711
30.950000000000305,2.07074860036736,-2.517966550738426,2.983528805815436,2.9536501222519,-2.2190294584066175,-2.986005859160868,2.024737810008424,-2.489021465077035,2.9736488575764337,2.9391606865931162e-05,2.5425055210948836e-06,6.259671861011526e-06,6.343851692658733e-05,0.3519006798444819,-0.44077593035008494,2.484386934865838,259.0888079384127
31.000000000000306,2.0537953756032823,-2.516089523704704,2.9610408787907136,2.9363528059188435,-2.2215462544068245,-3.0082031364298967,2.007636086972928,-2.4866507469341146,2.951304614150847,2.9448563843734255e-05,2.2501660840850026e-06,6.208099436703092e-06,6.341628358026373e-05,0.34959631567792687,-0.4439455453805715,1.674843085017164,259.94835272513177
31.050000000000306,2.036882683807203,-2.513844264374782,2.9385034945279926,2.9189681360630573,-2.223698723585453,-3.028607613966856,1.992309627060901,-2.4842067103812058,2.933746379378478,2.9489675718699424e-05,1.9552420441447134e-06,6.166599021163482e-06,6.33938554552902e-05,0.35035440134445156,-0.40808955073918457,4.952783892520865,254.17118413337045
31.100000000000307,2.020021894222864,-2.511218245935863,2.916001595677006,2.9015531690770597,-2.225479247292303,-3.0508037485107344,1.977364357861709,-2.481243760326482,2.909702535075122,2.9516306969820067e-05,1.6604918123483181e-06,6.134022758603602e-06,6.337135349985782e-05,0.35012221961934575,-0.44392269087755715,4.3165990126313405,244.12869066660224
31.150000000000308,2.0032525392347837,-2.5082154536167796,2.8934430474662673,2.8844849596855613,-2.2268436151826383,-3.0728483658713586,1.9608199417847763,-2.47737022673199,2.8891520275190476,2.9525729334832107e-05,1.3645553896276443e-06,6.10957320986282e-06,6.334977331113967e-05,0.34246000935167237,-0.4408923472124801,2.0919907862516336,249.4796740857099
31.20000000000031,1.9865442920873035,-2.504833718749941,2.8708826486950016,2.8668134133064123,-2.22786301470637,-3.095092806612375,1.943588726374246,-2.4742204754371007,2.867521020392724,2.9517483522922285e-05,1.06567005505289e-06,6.098870633793139e-06,6.332678336227809e-05,0.3540257882555356,-0.44488881482032094,4.604932299453229,244.07965809293032
31.25000000000031,1.9699119002089873,-2.501081452847097,2.8483662308184647,2.8493893467324596,-2.2284712379197695,-3.1183066844399074,1.92713625506893,-2.4701303089202593,2.8426139759157616,2.949295766163164e-05,7.673790375209438e-07,6.096627326332637e-06,6.330380970077184e-05,0.34870140929693844,-0.46427755655064534,2.986729452720532,239.85708241205927
31.30000000000031,1.9533700706945827,-2.496956563650998,2.8258893768873814,2.8319755620002947,-2.2286822695050224,-3.140642506514625,1.911235551153537,-2.466109688687349,2.8267453800491715,2.944972418280908e-05,4.680571066279557e-07,6.105532183799811e-06,6.328057232196745e-05,0.34830850814393877,-0.4467164414943456,2.663742457505281,236.78870543286465
31.35000000000031,1.9369318219163874,-2.4924587493411012,2.8034004880961336,2.8143778338778085,-2.2285012743369603,3.120072943777294,1.8958367897254038,-2.460980974484165,2.800385059681428,2.9392642646923025e-05,1.7225745935733882e-07,6.123392376032749e-06,6.325677236783113e-05,0.35198058223476836,-0.44939713775333395,3.332333690343635,231.70547711315524
31.40000000000031,1.9206079615585179,-2.4875820077898374,2.7809055469850086,2.797137923697524,-2.227940717325374,3.0981051116243155,1.8815438772140556,-2.4555127940504495,2.7806735175979904,2.931686871838858e-05,-1.2278810401901934e-07,6.150816925576075e-06,6.323348554352895e-05,0.344987357875074,-0.439356643059559,5.826723801662123,229.3302056338885
31.450000000000312,1.9043812657677641,-2.4823314942252663,2.7583577074991945,2.7799314240902446,-2.227004870616882,3.076408988310929,1.8653290013292403,-2.449771878978508,2.7607654023340356,2.922503393612439e-05,-4.144727113942836e-07,6.1871130189575335e-06,6.321055806101977e-05,0.34464537487645075,-0.43392246626772774,0.850369638563505,231.83347426876628
31.500000000000313,1.8882816922282655,-2.476715148348073,2.7358271161941006,2.762526011589638,-2.225682680596878,3.0551389447105475,1.8512333328043045,-2.444063750487316,2.7397128644964344,2.9117003881062636e-05,-7.030103082547117e-07,6.2338811915508465e-06,6.318691609892914e-05,0.3491177786710301,-0.4254008720076273,3.6725985114130255,223.95122974198372
31.550000000000313,1.872294033895658,-2.4707410646484655,2.7133196059905584,2.745044935820248,-2.2239654788497774,3.0322105762670057,1.8373969999976725,-2.438831572427388,2.7244641138768326,2.8991573245782017e-05,-9.882628962638783e-07,6.291271613989068e-06,6.31620934439658e-05,0.3513120032065375,-0.4585673688708281,6.0691420879616,213.90197646150907
31.600000000000314,1.856452206616521,-2.464420518070433,2.6908357966469785,2.727664383302949,-2.221846435929163,3.008331578516029,1.823866387146724,-2.4316392063020142,2.691685875746291,2.8853891115780243e-05,-1.2667090192655657e-06,6.3546900944101725e-06,6.313726100085336e-05,0.35019338466645483,-0.4775799550195257,4.925917777808613,203.24790562165794
31.650000000000315,1.8407737595420042,-2.457743687529153,2.66835278169534,2.710461438236744,-2.2193384278301136,2.9853146489884264,1.8086725406061217,-2.4255506036277694,2.6786243709719226,2.8691613069773553e-05,-1.544220224334542e-06,6.432518902183412e-06,6.311204122990431e-05,0.3477037629470137,-0.4603385905520489,4.322417301943124,200.72121321021518
31.700000000000315,1.8252377057554185,-2.4507037952569606,2.645876455070694,2.693155342479406,-2.2164130126856705,2.9629575281674354,1.7936534492290774,-2.4181448272632324,2.651298342481745,2.8519629846331377e-05,-1.8135233311551888e-06,6.515553598275551e-06,6.308654647643734e-05,0.3510395055582274,-0.4471424164198139,3.419217800418531,194.12111125700446
31.750000000000316,1.8098636926231044,-2.4433150853530083,2.6233891306726855,2.6758824553387766,-2.213099556259282,2.9411727662037013,1.7810478271910632,-2.410509020785091,2.6270535585672175,2.832753259075526e-05,-2.078632255895306e-06,6.610861304409594e-06,6.306020112582605e-05,0.35176347587324197,-0.4356952392746825,4.268327593282985,186.29118319078555
31.800000000000317,1.7946697509712126,-2.4355964861164976,2.600873504131048,2.6588064640814077,-2.2094347186338466,2.919187999663416,1.7679705128973606,-2.4027215737343126,2.6061661366412876,2.8117827535913474e-05,-2.337439480275081e-06,6.715471953561207e-06,6.303372948245601e-05,0.34930376350798004,-0.4396953308056916,2.684546738707671,181.38648960332404
31.850000000000318,1.7796449004485975,-2.427542089065232,2.578390836412214,2.64170347347238,-2.205360507072261,2.8962817712435758,1.7532159202349153,-2.394339839244984,2.581177323807605,2.789261141404297e-05,-2.588936836024215e-06,6.828909363953982e-06,6.300666817700977e-05,0.35163902158570176,-0.45812456839678983,2.173811676277101,178.08588908024993
31.90000000000032,1.7648121241774113,-2.419154955888824,2.5559265907717115,2.6249659685375555,-2.2009636163019355,2.873118466593036,1.740677616473557,-2.385779745325071,2.556112604406498,2.765130089238358e-05,-2.8329656610673074e-06,6.950488933183937e-06,6.298034764715107e-05,0.3461156513762737,-0.46326609301079263,3.970749035312747,171.56405913327114
31.95000000000032,1.7501677983548358,-2.4104271503090695,2.533511313721305,2.6081742942000408,-2.196138643241561,2.8504569070498373,1.7271697274420046,-2.377052857882137,2.5308994345714755,2.7392324937120486e-05,-3.0691745622440124e-06,7.082656413048136e-06,6.295334164829527e-05,0.34943025361928387,-0.45323119086397223,3.2482049774154462,165.03077117207
32.00000000000032,1.7357142128438139,-2.401370650944102,2.5111132637263704,2.591301817807337,-2.190878470644671,2.8283062638395062,1.7131489020407102,-2.3668244737733306,2.5070652578087405,2.7116117022998455e-05,-3.296907959125738e-06,7.225333943989739e-06,6.292493629307214e-05,0.353475683416075,-0.44301286420662633,2.6214430147121712,171.2248162668184
32.05000000000032,1.7214785223028344,-2.3919968749191587,2.4887394486140395,2.574841484560437,-2.1853401882341257,2.8057510009455875,1.7002006879518676,-2.357157004078749,2.4851000312282743,2.6826236593803682e-05,-3.5149723490747072e-06,7.37410452294892e-06,6.289720735198838e-05,0.34734877570207523,-0.45110525787838907,1.2969364239250731,169.67707580023418
32.100000000000314,1.7074468648216172,-2.38229861605089,2.4663482182220013,2.55839164462587,-2.1793873422365744,2.7829989028421824,1.6872917461070776,-2.3473441735227016,2.4620033302683364,2.652326212472536e-05,-3.7228464304050853e-06,7.5299980053593946e-06,6.286915528581297e-05,0.34988387297114104,-0.4550419620681294,3.599260178200903,166.17848271036945
32.15000000000031,1.6936499699767829,-2.3722967995978417,2.4439420098018907,2.5420079655531973,-2.1730351255163907,2.7604420189629497,1.6732607494678629,-2.336406054395199,2.439349467178628,2.6207446145076142e-05,-3.920304449821757e-06,7.692939527583194e-06,6.284058765649992e-05,0.3514476859902394,-0.4511376775846712,1.2775289056617833,171.088719250907
32.20000000000031,1.6800632741465331,-2.361967026269723,2.4215670804055485,2.5259147353739357,-2.1663773130534953,2.738217412247792,1.659832267276898,-2.3254021959491755,2.410346713587744,2.588087138331266e-05,-4.106906843683604e-06,7.86066179673896e-06,6.281262366267267e-05,0.34832801186516893,-0.4444921343031913,3.4732898666258176,171.1063434758948
32.250000000000306,1.6667247987273974,-2.3513530584518683,2.3991931011482266,2.509992916164999,-2.1593683251298845,2.715597678126467,1.6477592019755518,-2.315239563204032,2.3931667760563595,2.5538299763444127e-05,-4.282094068506913e-06,8.037963268402486e-06,6.278458827361023e-05,0.34793283399078356,-0.4523946824265316,2.1986858907935827,164.64062865160963
32.3000000000003,1.6536233237492177,-2.3404324881239336,2.3768317344366543,2.4941786443894762,-2.151977540880584,2.69321296655135,1.6362978938413912,-2.3039720605517524,2.3700756729275962,2.5190533829649763e-05,-4.445675619226971e-06,8.21645746874603e-06,6.275644330291752e-05,0.3491289777073313,-0.4476942315023522,1.7998568495648362,164.0072936580445
32.3500000000003,1.6407702261920747,-2.3292307039934697,2.354476250502474,2.4783223689392933,-2.144115474658515,2.6693552675865835,1.6253518456734377,-2.2929592003254133,2.3485572339794665,2.4831658959824044e-05,-4.596845521373958e-06,8.401326412874556e-06,6.272687066046169e-05,0.35397650447486145,-0.47715397929534975,2.1931257556729777,159.52583450934904
32.4000000000003,1.62816859422315,-2.3177286296738058,2.3321530537712998,2.463179269665169,-2.136166425318699,2.6470476288752502,1.6140281639667533,-2.281078713530614,2.323887890412811,2.4468242831046128e-05,-4.7365641067924685e-06,8.585443786113789e-06,6.269982853774143e-05,0.3420602117282473,-0.44615277422669125,0.867111928866765,159.3104954377592
32.450000000000294,1.6158301550643794,-2.305955411455023,2.3098761349950494,2.447978304332838,-2.1277646602073754,2.6262908032249754,1.6047470145215832,-2.2704516544062048,2.3027395452530834,2.409515355330251e-05,-4.863410193531237e-06,8.775133712623435e-06,6.26724781445603e-05,0.34737290335534504,-0.4151365130055213,6.080205017876191,148.29292557215135
32.50000000000029,1.6037574447337488,-2.293927885188297,2.287623883900714,2.4328930888196396,-2.119014147326503,2.605618994675261,1.5944811396028968,-2.2590747736795165,2.28220097141212,2.3716431356627935e-05,-4.977774067073433e-06,8.966902783890484e-06,6.264450703633332e-05,0.3487956612900761,-0.41343617099430374,4.451555103566642,141.79877487359647
32.55000000000029,1.5919527419152133,-2.2816315959991487,2.265377464493525,2.4179748486857253,-2.109935287329872,2.584165491076746,1.585979362907508,-2.247793332789255,2.2630171846618428,2.3333158180008956e-05,-5.079697631824605e-06,9.159938757108937e-06,6.261610851481768e-05,0.349279993764482,-0.4290700719703347,4.637504739447799,135.2434828454964
32.600000000000286,1.5804212224537735,-2.26906299166211,2.2432436673642284,2.403243824146562,-2.10052686350932,2.5622661680482395,1.5747838461414587,-2.2354651936210446,2.245689956450984,2.294705274669025e-05,-5.169762044013684e-06,9.352991237466983e-06,6.258769792551297e-05,0.3495904651044892,-0.4379864605701616,2.820562587080638,133.26250826884944
32.65000000000028,1.5691817010350395,-2.256246241948937,2.2211360117161085,2.3887156429377594,-2.0907924984986446,2.540259697892429,1.563321070191996,-2.2214895929494745,2.223696087456948,2.2560659687109722e-05,-5.248820821203702e-06,9.54448935132773e-06,6.25595604742067e-05,0.34976463739528457,-0.44012940311623217,1.4137023332373906,139.86197049243518
32.70000000000028,1.5582118213411236,-2.243159329544651,2.1990063939917333,2.374303826149608,-2.0806571661023456,2.517097286279961,1.553846381775972,-2.2083302276135086,2.2016658925402703,2.2169894856729048e-05,-5.315242563192306e-06,9.737975278836974e-06,6.253089745030901e-05,0.35238575727455884,-0.4632482322493876,2.4896186014648998,139.96178938858282
32.75000000000028,1.547545487896881,-2.229852722852002,2.176947652247658,2.3601296546770376,-2.070204155063664,2.495222287224676,1.5446986813269592,-2.1956360852852836,2.1807165580793333,2.1776983102293908e-05,-5.369547396813809e-06,9.931512933953189e-06,6.250210642625314e-05,0.3522413635783831,-0.4374999811057214,2.718188606626377,135.42504516802595
32.800000000000274,1.53717661600392,-2.2163080786466995,2.154854289428432,2.3461331094475697,-2.0594012611339423,2.4733152544917534,1.5361625675948278,-2.1833832098622414,2.1558306537391694,2.1382794849406674e-05,-5.411845586691672e-06,1.012476717495177e-05,6.247307237449692e-05,0.35362030372434966,-0.43814065465846785,6.637099254290721,124.76807586590694
32.85000000000027,1.527109376846827,-2.2025483236451153,2.1328105648407405,2.332645402418569,-2.0485157129107177,2.45179370192292,1.5266926690423468,-2.169126827615836,2.1377492085156273,2.0986466873958664e-05,-5.441883554279542e-06,1.0317964730600108e-05,6.244591862768616e-05,0.3466554466186808,-0.4304310513766818,1.1306058083909476,129.2884695081957
32.90000000000027,1.5173494798766303,-2.1885637948046406,2.1107836944448737,2.3193825304864326,-2.0373169677778113,2.4289609677855095,1.5188059474827362,-2.1547522173950444,2.1062835654063736,2.0591863047656466e-05,-5.461214941863274e-06,1.0508601710514047e-05,6.241975364031315e-05,0.3471764711401738,-0.4566546827482348,2.132118645281454,130.06025201808524
32.950000000000266,1.507900090827085,-2.1743534144813923,2.0888258202044745,2.3062307006672444,-2.0256979217931126,2.4070273567529377,1.509990290591897,-2.1409639579765556,2.0916495370407002,2.0190754022954146e-05,-5.464419309933658e-06,1.0703901506197459e-05,6.239271291987246e-05,0.3509901447054108,-0.4386722206514501,5.6112393438707855,128.48174749695715
33.00000000000026,1.4987714472736413,-2.1599423513432323,2.0669664742961324,2.2933924168312325,-2.0138243184842293,2.3833962103806634,1.503395305631745,-2.1274044236334233,2.0681303610036164,1.9795719653637473e-05,-5.459074910916679e-06,1.089347082479264e-05,6.23658816811879e-05,0.3497531807769562,-0.4726229274455202,2.4583881903614464,125.22178403003863
33.05000000000026,1.4899535063862601,-2.1453202690097726,2.045132706667639,2.2807720999370873,-2.001610041161252,2.361689370023047,1.4956343125473683,-2.113668290803532,2.0508978516176573,1.94018616329035e-05,-5.441845426305701e-06,1.108166844289274e-05,6.233883994873078e-05,0.3512680351039109,-0.434136807152341,2.8459823459394293,121.55103626441297
33.10000000000026,1.4814539864130853,-2.130505515985788,2.023363038609416,2.268436589811961,-1.9891354002232349,2.339484091832972,1.4871901358101183,-2.0988131832683226,2.0327074657776167,1.901347191905515e-05,-5.415842423150234e-06,1.1265235617409848e-05,6.231208869181695e-05,0.35088124685602123,-0.4441055638015325,1.9642432745854106,122.1006051743154
33.150000000000254,1.4732977679345343,-2.115541424537171,2.0016128078205955,2.2563397873343423,-1.9763508753502872,2.3176387581239783,1.4811576427872963,-2.085342010240797,2.004120474969408,1.8630217969383685e-05,-5.3808290701219465e-06,1.1444597283039926e-05,6.22854277168397e-05,0.352016491642555,-0.4369066741798856,7.576185102090272,112.2440123933406
33.20000000000025,1.4654611905950974,-2.100396638331597,1.9798772076268643,2.2447431908187867,-1.9635480845566944,2.2959597804973324,1.4741184238584886,-2.07193860400505,1.986792766885963,1.8246904742117546e-05,-5.332422976400602e-06,1.1623601235684655e-05,6.226063688134672e-05,0.3454875914519417,-0.43357955253294334,4.014494698645678,103.4760596513503
33.25000000000025,1.457948113515854,-2.085071358105799,1.9581836481126005,2.233130132024548,-1.950161126308045,2.2747547866939044,1.467463381307622,-2.05701886024392,1.96736688481122,1.7870196900206907e-05,-5.275336791820141e-06,1.1798332396901214e-05,6.223441442312219e-05,0.3544491809141398,-0.42409987606857347,1.6543152047025766,103.11171601691966
33.300000000000246,1.4507654518776847,-2.0695758426446274,1.9365158812590513,2.221870409804946,-1.936614300181491,2.253758847670328,1.460042579780078,-2.0414320641513988,1.9481904840362017,1.7499451188272737e-05,-5.210046196334229e-06,1.1968552425586617e-05,6.220840766363e-05,0.3523119310229029,-0.4199187804715413,3.9815983473650203,103.04430457718534
33.35000000000024,1.4439314959898257,-2.0539434891560218,1.914892514985733,2.211038712809576,-1.9230064303789414,2.232413056695096,1.454282474027175,-2.0264329773318264,1.9260969745543584,1.7135092510940773e-05,-5.137083050742046e-06,1.2133824474476643e-05,6.218402415832606e-05,0.3478570204043164,-0.42691581950467156,1.3053438227672407,100.6391657436861
33.40000000000024,1.4374449875977504,-2.0381691519652634,1.8933549323213603,2.200581633636124,-1.9092623551740608,2.209988383183128,1.4479805869306681,-2.0104861378738694,1.8983286252868208,1.677543171238689e-05,-5.054501174514221e-06,1.22957891822329e-05,6.216139402427735e-05,0.3454056205165173,-0.44849347023938296,2.550419397775679,97.60423411082968
33.45000000000024,1.4312954960336477,-2.0222500653560407,1.8718370002792835,2.1902517456710884,-1.8950408482582881,2.1879981626042184,1.4436754348728909,-1.9953870792965942,1.8784783506316458,1.6418912146017187e-05,-4.958246056894326e-06,1.2456380652326809e-05,6.213759925680792e-05,0.3515510175495062,-0.43980441157822053,3.2123310005358205,97.97967153560195
33.500000000000234,1.4254880837953865,-2.006180215692755,1.8503847430600353,2.180267894039765,-1.8806486431789913,2.166563018682341,1.438712216989782,-1.9806165681861878,1.857895099847405,1.606998840625415e-05,-4.8548760216386536e-06,1.2611736010458646e-05,6.211388460006124e-05,0.3503281936708748,-0.4287028784375841,3.261663208195076,92.66311929054814
33.55000000000023,1.4200354022087298,-1.9900117500668142,1.8290197974902467,2.170483382205416,-1.8658892259958133,2.1458569078331244,1.4343653601615487,-1.9651196584127921,1.8357770948573382,1.572879659170415e-05,-4.743637549018799e-06,1.2762269978066664e-05,6.20892482371744e-05,0.35416847478503566,-0.4141222169843482,2.538170451304552,91.3067361889487
33.60000000000023,1.4149184544502678,-1.9737034633817747,1.8077170295869016,2.161209445859398,-1.851250077542892,2.125115911967388,1.4306712252202198,-1.9510190026026824,1.816599761335226,1.539472057027714e-05,-4.624934166002649e-06,1.2907688421440707e-05,6.206670727441979e-05,0.3465956311694653,-0.4148199173147538,3.255365371814343,85.03119144765337
33.650000000000226,1.4101602326298814,-1.9573229268768713,1.7864761527171111,2.1521801481564156,-1.8363433554857835,2.1057060892520374,1.42661075662899,-1.9362949337737787,1.7996904434770862,1.5069495745255498e-05,-4.500492651106332e-06,1.3047522480534881e-05,6.20448900456289e-05,0.3485674199234135,-0.3881964543070358,3.2252795947424113,81.2439456729124
33.70000000000022,1.4057587142019643,-1.940829064516239,1.76529914713773,2.1434069292716678,-1.821171751158174,2.0844567656659105,1.4228840377395378,-1.9200571256048728,1.7791465813983347,1.475345262400153e-05,-4.371082162710628e-06,1.3181610232592107e-05,6.20230241734613e-05,0.3505187612679399,-0.42498647172256954,0.5449084851146019,82.17989309214572
33.75000000000022,1.4017039180520454,-1.92424735437486,1.7441229987929827,2.134967335733933,-1.8058361884467096,2.063326285437542,1.4197504293395042,-1.9042342076885586,1.7566704408496676,1.4445608317067588e-05,-4.2353355863155715e-06,1.331059190506663e-05,6.200148207916426e-05,0.3500957719294742,-0.42260960456739266,1.6492356704644895,80.80016425530597
33.80000000000022,1.3980003547008004,-1.907561566526931,1.7230208644553218,2.1268467512040794,-1.790311286087298,2.042129355643164,1.4155646192531737,-1.8857861734824883,1.7288226800569948,1.4145662778628716e-05,-4.09217437584797e-06,1.3435003261579257e-05,6.198030834513446e-05,0.3504157417824716,-0.42393859588758565,4.97249758615873,82.75106145543067
33.850000000000215,1.394644448568522,-1.89082525984117,1.7019428274467723,2.1190879295142047,-1.774708134385446,2.0223695560958124,1.412382240334032,-1.8700812364163648,1.709697040947722,1.3852846826959764e-05,-3.938771803008592e-06,1.3555167864771328e-05,6.196002631328965e-05,0.3485211829958554,-0.3951959909470429,3.9726424652554577,78.89553414775796
33.90000000000021,1.3916395572606985,-1.8740153608312133,1.6809102013882815,2.111620260383053,-1.7589314835465868,2.0034039473829397,1.4097589264322334,-1.8532859879675108,1.6870670350606538,1.3569754713835447e-05,-3.7815756957962245e-06,1.3669524027121594e-05,6.194036389148604e-05,0.3491005164193532,-0.3793121742574795,1.8964418723733514,78.90775517588246
33.95000000000021,1.3889956482699954,-1.8571474657290872,1.659952755260224,2.1044089053757387,-1.7428310635329942,1.980398699823926,1.4084538475780157,-1.836962388929031,1.6638630096428226,1.3295707933941612e-05,-3.6161250025970624e-06,1.3778749409556185e-05,6.192002471483218e-05,0.3528404127709978,-0.460104951180305,2.235415670404918,80.48635605165036
34.000000000000206,1.3867046765846551,-1.840215649771163,1.6390483844337005,2.0975624214010637,-1.7266055047139304,1.9597742763718244,1.4072478639195105,-1.8210327598944287,1.6386201673790026,1.3031206103518466e-05,-3.4452105502360164e-06,1.3882246653209947e-05,6.18999154171719e-05,0.35222384686800595,-0.4124884690420604,3.4906123995693905,79.40529915625488
34.0500000000002,1.384773444086988,-1.8232661428798225,1.618220095772455,2.0910166952553544,-1.7101691733843212,1.9398075747949317,1.4060218188136304,-1.8031324448735564,1.6157573893767117,1.2776417519787401e-05,-3.2669316214267588e-06,1.3980173729992228e-05,6.187985996645527e-05,0.35384172572693257,-0.39933403153787367,0.6082070233782437,85.16221810586063
34.1000000000002,1.3832040631661902,-1.8062416015467906,1.597457307069624,2.084910093826295,-1.6938820576829519,1.9192115510889405,1.4049591741954073,-1.7869030402379726,1.5923953049661588,1.2530971721967945e-05,-3.083626858773183e-06,1.4072292681465513e-05,6.186212021979976e-05,0.3478916006663445,-0.4119204741198409,2.7557099269660457,83.56702005418845
34.1500000000002,1.3819947118818583,-1.7892031969451179,1.5767466914278143,2.079108110860037,-1.6773854112868674,1.898770217560891,1.4042076102946721,-1.7701817985508121,1.5788320179873887,1.2296054416321311e-05,-2.8950506080675174e-06,1.4158350018521007e-05,6.184530288828089e-05,0.34975019492507436,-0.40882667056101996,1.461507395487174,84.4858356219832
34.200000000000195,1.3811493940133936,-1.772119395879963,1.5561546531481019,2.073661103975484,-1.6607925060790885,1.8772016068528732,1.4036264623297583,-1.7534184927829835,1.5571662585431767,1.2071346156368342e-05,-2.7085392704969618e-06,1.4238729615500768e-05,6.182938332960742e-05,0.3492885404657748,-0.4313722141603793,2.6664204202359136,83.69580468493425
34.25000000000019,1.3806380811550953,-1.7550661740647988,1.5356389313490528,2.0685502335380326,-1.6440775225294257,1.8578672380906083,1.403284705803724,-1.7368592462749533,1.5394527095403845,1.1856847013317728e-05,-2.519243325183877e-06,1.4313298077776722e-05,6.181409863264418e-05,0.3495832885101749,-0.38668737524531666,3.5095875891816855,82.78021102923663
34.30000000000019,1.380492456031007,-1.7379830061193076,1.5151716670375497,2.063708466441989,-1.6270621478479979,1.8381758338401344,1.4035531684829032,-1.717864597660552,1.519579930951144,1.1652918731633586e-05,-2.329210898719955e-06,1.4382222673744209e-05,6.179807002573546e-05,0.35382243970557786,-0.3938280850094907,1.5180419468981055,90.8366994013143
34.350000000000186,1.3806807544264807,-1.720891787010013,1.4947751923038288,2.059218564263858,-1.6099698591068357,1.817181179483983,1.404892233167259,-1.7020183130227156,1.4916720255058742,1.1458978979662469e-05,-2.1368052375619097e-06,1.4445471673232718e-05,6.17821810578794e-05,0.35344987062952776,-0.4198930871230538,2.9337427097498048,90.12345415531402
34.40000000000018,1.381220481780903,-1.7038119238951588,1.4744153267331495,2.0550793376846217,-1.5927992542738048,1.7975143615329685,1.4063392407133843,-1.6853755521317144,1.4729814404397406,1.127618521448332e-05,-1.9374584564051055e-06,1.4501967787475153e-05,6.176706967482393e-05,0.3532551046373831,-0.39333635902030245,1.5187773181745556,92.62714732102654
34.45000000000018,1.3821164216999482,-1.6867541842626046,1.454126158036538,2.051368559276658,-1.57595348599125,1.7777121766648225,1.407089893049922,-1.668003228716351,1.4621177605452687,1.1102334052810019e-05,-1.738089841986205e-06,1.4553043768179888e-05,6.175540170546229e-05,0.34499826591458255,-0.3960436973629439,2.3907065152451463,94.54182403851884
34.50000000000018,1.3833657020489043,-1.6697083575149976,1.433928999477854,2.0479465070333838,-1.5588428721860665,1.7586636710651167,1.4089360551546934,-1.651096094924798,1.4431814367042533,1.093733630349191e-05,-1.5444189356970812e-06,1.4600232999338447e-05,6.17442515987442e-05,0.3489944144089547,-0.38097011199413133,2.3135193462910184,97.04185691447346
34.550000000000175,1.3849625609503602,-1.652685861064573,1.4138192038880115,2.0448659526460666,-1.5416435112891311,1.7373878464131431,1.4107900664833424,-1.634905120642768,1.4241775247962245,1.0782319758981274e-05,-1.3494181112417725e-06,1.4641815271779844e-05,6.173352449297935e-05,0.3494677939927234,-0.4255164930394957,4.747877656751204,95.75964408835976
34.60000000000017,1.3869047451174121,-1.6357153599809862,1.3937745917990112,2.042161531174174,-1.52451508793186,1.717400993499636,1.4137208673770145,-1.6172926198223885,1.4028241491687892,1.0636380985573448e-05,-1.1544485961391156e-06,1.4678256448740165e-05,6.172412527064972e-05,0.3468179882626044,-0.3997370582701665,0.9589966569310592,101.69910717025094
34.65000000000017,1.3892024265826408,-1.6187512850949848,1.3738586655945761,2.0397905278249233,-1.5071828446345288,1.6960984488347037,1.4164359415687686,-1.6017950003234038,1.383940177683309,1.0501174158529962e-05,-9.571988159393023e-07,1.4708778139629972e-05,6.171472579386682e-05,0.3498799152811527,-0.42605089329867385,1.8403650845194162,99.728706730156
34.700000000000166,1.391832225008493,-1.6018569362920385,1.354021964160115,2.0377509490999732,-1.4895275861082373,1.6755194591320217,1.4201392394730996,-1.585202450743287,1.3600839438614756,1.0376262067538493e-05,-7.605005989160366e-07,1.473426539767727e-05,6.170386992971609e-05,0.35545980510573316,-0.41157979405366707,1.3555857144054129,102.83282535504591
34.75000000000016,1.3947896526179029,-1.5850254028582265,1.3341981356218038,2.036097904152783,-1.4722684760739344,1.657046874783596,1.4232406249798881,-1.5701380539260683,1.3353793696716219,1.0260734916921346e-05,-5.613437207778487e-07,1.4753458203761089e-05,6.169562759412729e-05,0.3467667718562272,-0.36945168696852476,8.148066201005369,97.71475780243391
34.80000000000016,1.3980846713349728,-1.5682352055490338,1.314418178876625,2.0347725150172744,-1.4549150926732148,1.6370026146902177,1.4265801174039772,-1.5536384117906217,1.3226207946361805,1.0157199366471414e-05,-3.5865497367388553e-07,1.4765368003442916e-05,6.168882350035604e-05,0.3480843077795545,-0.40088520186758303,2.528574157263754,98.89240862220115
34.85000000000016,1.4017141968440718,-1.5515161265990276,1.294728163856758,2.0337625281303353,-1.436973665412987,1.6170584646380881,1.4311661658398496,-1.5361435426393446,1.297580084086512,1.0062375332069015e-05,-1.6158024996022397e-07,1.4774872747293647e-05,6.167927196937847e-05,0.35940260970464843,-0.3988830010426038,1.2667460131182664,104.00958442811434
34.900000000000155,1.4056754798127575,-1.5348845128679676,1.2751562093323228,2.0331305622739895,-1.419701425126131,1.5976786176563627,1.4353586709615236,-1.5199700299637502,1.2831633113318057,9.976910530595946e-06,3.877033226403769e-08,1.4777274167361644e-05,6.167350117746612e-05,0.3456813649872513,-0.38759693963453173,0.8349991814311527,105.53643551257626
34.95000000000015,1.409976771073846,-1.5183394305177729,1.255733549648168,2.0328349888381316,-1.4019992842806173,1.5773050223980851,1.4395321917189492,-1.5030491551438891,1.2701175575908668,9.900115230280225e-06,2.3483075894488224e-07,1.4776715400234807e-05,6.166718743259992e-05,0.3540982896476338,-0.4074719051655697,6.092874133244137,108.18620756599928
35.00000000000015,1.4150570418734245,-1.5021294074526996,1.2411328403564734,2.032806402713195,-1.3847364465367642,1.5675994967414777,1.4437436722772286,-1.4860907705241635,1.2583265396938668,9.82595901596064e-06,4.234071951824643e-07,1.4775860701615597e-05,6.166353136345222e-05,0.3452585833426721,-0.19411051313216862,4.779065350899737,105.76786314217964
35.050000000000146,1.420593670837681,-1.4860625315825746,1.2349498736538402,2.032890071605256,-1.3673884955331044,1.5643472634161153,1.4491199993764008,-1.4698797034745597,1.2457450347100343,9.756240391958573e-06,6.049655557002095e-07,1.4774297288610856e-05,6.166061417039431e-05,0.34696320829699395,-0.06504466650725271,2.6527375192481215,100.92417061383104
35.10000000000014,1.4263076598444135,-1.4695726137962222,1.2332651859898573,2.0330128484162717,-1.3497726008933868,1.5633062941950344,1.4536908107941224,-1.4547917201232712,1.2507937191159026,9.692687479889673e-06,7.813077970733501e-07,1.4770935867164966e-05,6.165648214341096e-05,0.35232646572558884,-0.02081938442161591,4.274373449242101,95.38209196515304
35.15000000000014,1.4320115536167,-1.453043563541366,1.2326541087625853,2.033159385098846,-1.3324759676571054,1.5613428103395677,1.458109115307461,-1.4397699229318741,1.2512821066340738,9.626094560644031e-06,9.442418082034081e-07,1.4771831215461637e-05,6.165335767927142e-05,0.34594513462854276,-0.03926967710934011,2.964578089869212,86.54508044823487
35.20000000000014,1.4377182707015481,-1.4365201278682813,1.2322039574431702,2.033337374313785,-1.3148854345403014,1.5600136014317298,1.4642307406790636,-1.4243307021017544,1.2413024816519194,9.560095549050515e-06,1.0959977874570415e-06,1.4775347315236692e-05,6.164858145684753e-05,0.3518286975541437,-0.026584178156755702,2.8898929896731724,81.91662281045213
35.250000000000135,1.4434453438723727,-1.4200127080394376,1.2314613109399368,2.0335409872043573,-1.2974680945050705,1.5581996365229678,1.4686989211896946,-1.407802209735465,1.2425625061874452,9.498155303355087e-06,1.2444529150391326e-06,1.4776474387774016e-05,6.164425954057555e-05,0.3483706504902974,-0.03627929817524975,3.1322467630102846,76.04664519188701
35.30000000000013,1.449208016404119,-1.403517329387332,1.2303592994599553,2.0337536877687508,-1.2801886249291092,1.5587753838139422,1.4743428560949527,-1.3918519201694586,1.240040581457083,9.434338223347117e-06,1.3824686391431165e-06,1.478064148148912e-05,6.164078346370369e-05,0.34561557754583533,0.011514945819484885,0.9673005794678756,74.19980314794921
35.35000000000013,1.4550057993230012,-1.3870327909785525,1.2290728529067714,2.033988985558181,-1.2626987803707164,1.5559121026808507,1.479690608195837,-1.3760968696044116,1.2387121226457705,9.372885148210776e-06,1.5140189159499304e-06,1.4785070518862664e-05,6.163632226268133e-05,0.3498286647781045,-0.057265622661827546,0.9238952874413202,71.20647127696186
35.40000000000013,1.460831994169946,-1.370572271799574,1.2277413143314182,2.034255802618813,-1.245192281087013,1.5552008530966797,1.4855474447968673,-1.3602854595434768,1.2319598449498699,9.31136836239539e-06,1.6375298231634975e-06,1.4791085169279814e-05,6.163110860385843e-05,0.35017065635893035,-0.014224991683420049,1.7154002852401264,69.08338457959326
35.450000000000124,1.4666901139745152,-1.3541048116305912,1.2265148338584848,2.0345493558085974,-1.2278250280649579,1.5525896513468904,1.4907367665924542,-1.3444864207225717,1.2291341602542634,9.252691364960743e-06,1.7581596039223444e-06,1.4795432452842953e-05,6.162656349529015e-05,0.3473947739601387,-0.05222403499577711,3.3108319555266856,64.92925647084209
35.50000000000012,1.4725574007988427,-1.3376704299934261,1.2254868320977474,2.034873085151385,-1.2104230620487,1.5518012279612075,1.496404307622947,-1.3280609521537494,1.2283708939297133,9.194634772137279e-06,1.8724080116175162e-06,1.4800652016764089e-05,6.162205376913136e-05,0.34809954760709305,-0.0157684677136608,1.1433615999492153,64.15106329280839
35.55000000000012,1.4784556070080366,-1.3212023060395635,1.2246430569323747,2.03522573323779,-1.1930433373305718,1.5492154433072622,1.5013551324336778,-1.3127624867821674,1.2223663711029626,9.136847000759311e-06,1.9806573240530566e-06,1.4806840107932067e-05,6.161764217380894e-05,0.34766613888736975,-0.05171569307890683,4.33693040916196,58.27332836285041
35.600000000000115,1.4843632391221324,-1.304753170082377,1.2239458478231635,2.0356110580763405,-1.175532737033866,1.5483738460610361,1.507184665983715,-1.2948257672252899,1.223688518252497,9.081542537813676e-06,2.0849917609146204e-06,1.4812534311385245e-05,6.161243801796095e-05,0.35029679763819765,-0.01683194492452325,1.8913601942534215,59.077102178679596
35.65000000000011,1.4902864187588476,-1.2883080446878346,1.223344337342741,2.036009340205413,-1.1581180862954485,1.5474857388697831,1.5119812011286344,-1.2791935597746567,1.228325579177568,9.02476800180501e-06,2.182438809718119e-06,1.4820420710201408e-05,6.160741040126441e-05,0.3483841035060061,-0.017762143825062148,3.0270388708480045,54.42000990341732
35.70000000000011,1.4962305170299686,-1.271851524066919,1.2228262591736996,2.036411229825624,-1.1406516832297768,1.5480964433716808,1.5175622678380711,-1.262915610630643,1.2295400410059534,8.965348020583202e-06,2.2708174812475074e-06,1.4831926384282818e-05,6.16019390737438e-05,0.3494205264756003,0.012214090037956461,2.6253206292429443,53.40434266394594
35.75000000000011,1.5021830505440028,-1.2554106021004166,1.2223873994222283,2.0368105760254114,-1.123105273586845,1.547985216608513,1.52315329679588,-1.2469033184205978,1.2287370397985935,8.905690204272522e-06,2.353273985445183e-06,1.4844928867026646e-05,6.159559203167224e-05,0.35101907017313927,-0.0022245352633576947,0.8044517404750329,51.67676297872286
35.800000000000104,1.5081392349529636,-1.2389929787498253,1.2220408934002147,2.037203625336031,-1.1057720656099634,1.5482630364951673,1.5282088513212206,-1.2310016476632886,1.229354321205931,8.8455876388083e-06,2.4316284683116337e-06,1.485829716000489e-05,6.159025795953504e-05,0.34675327739694933,0.005556397733088443,1.3809963861501502,47.960395007981596
35.8500000000001,1.5141174447953107,-1.222547233059209,1.221790872929228,2.0375978933948007,-1.0882869032179765,1.5482398147641838,1.5336785588240194,-1.2146614242870906,1.227083749514918,8.785830713263623e-06,2.504734919582735e-06,1.487280594052095e-05,6.158439551122814e-05,0.3497921389569745,-0.0004644346196648763,2.2435881179047676,45.25357916061708
35.9000000000001,1.5200983471352008,-1.2061166716876115,1.221650492609771,2.037996900252406,-1.0708761217403089,1.547526403360413,1.5387291924417108,-1.1997045894491287,1.2249746111359627,8.727120843755483e-06,2.5752120088372733e-06,1.4886980599373168e-05,6.157882370375691e-05,0.34830706625000474,-0.014268228075413237,2.9803854980064974,40.6624079177454
35.950000000000095,1.526090040490874,-1.1896770764264537,1.2216072703473784,2.0384101620731627,-1.0532186111975392,1.5472661774537197,1.544441406972472,-1.1832570697531926,1.2267350675965494,8.67032561636619e-06,2.642040741435124e-06,1.4901317987402763e-05,6.15718355541761e-05,0.3532469196814383,-0.005204518133862172,0.6354410932879702,40.206587569961584
36.00000000000009,1.5320812183741412,-1.1732493361770344,1.221684064812644,2.0388211791907986,-1.0357142585230354,1.5473733997099295,1.5503370342137544,-1.1667742709234088,1.225877564217499,8.612224081012834e-06,2.704192167946072e-06,1.491704244699133e-05,6.156517606995035e-05,0.35018355068034196,0.0021444451241934524,2.3066087474458303,39.807970323106844
36.05000000000009,1.5380801485320625,-1.1568069273237354,1.2218775734006837,2.0392385942289843,-1.0181922068881137,1.546583724357351,1.5551173940388168,-1.1502016379639108,1.229480614146226,8.554988152853849e-06,2.763450975652404e-06,1.4932970473636584e-05,6.15586381222408e-05,0.35054046543854406,-0.01579350705156635,2.64626402969052,36.083494769320986
36.10000000000009,1.544076588971551,-1.14036757143755,1.2222052679743978,2.0396646527228244,-1.0006673624498104,1.546395136016283,1.5600158974085456,-1.1341851966513616,1.2277222340542044,8.496171174420619e-06,2.8170748612427654e-06,1.4951229307473178e-05,6.155210214976882e-05,0.3506004559823705,-0.0037717668213494895,3.9091119961717644,31.286024869642084
36.150000000000084,1.5500807268784018,-1.1239068344664913,1.222623914617651,2.0400868363739226,-0.983098427052751,1.5471465222404692,1.565449952269076,-1.1183640598025752,1.2278306742049407,8.438551536560806e-06,2.8682386724495628e-06,1.4969351212418047e-05,6.154539987205883e-05,0.35148015281211004,0.015027724483715029,1.114706423124595,29.24667802739907
36.20000000000008,1.556073903523257,-1.1074601485267959,1.2231791134817107,2.0405009389053843,-0.9654841652827254,1.547435785855182,1.5715257469429735,-1.100845718127861,1.2258112288807688,8.381606703040481e-06,2.9164898712764065e-06,1.4987913276975625e-05,6.153833012146252e-05,0.3523825766262409,0.005785272294247469,1.5675676441583655,29.195973509219108
36.25000000000008,1.5620575295556653,-1.091022678607229,1.2238448880726887,2.040905785398755,-0.9480535042920248,1.5477129929234197,1.5777288980210127,-1.0845451098525978,1.217527217102539,8.325330868276249e-06,2.9636862106906167e-06,1.50060112186267e-05,6.15324953940364e-05,0.34870723835486,0.005544141364755966,2.182047708879152,29.68299336337474
36.300000000000075,1.5680441479116167,-1.0745648101595953,1.2245792901323758,2.04131297375814,-0.9304432446045363,1.547643452470422,1.5836163244126757,-1.0678957992989664,1.2185135833455991,8.274123717149548e-06,3.012618935056309e-06,1.502129855410337e-05,6.152631176967321e-05,0.3522993322427321,-0.0013908090599620124,0.6542315530214382,29.481839548412555
36.35000000000007,1.57402426335711,-1.0580920337588022,1.2254586670147836,2.0417025780939033,-0.9131142022379813,1.5489912972109714,1.5892697880579967,-1.0521591809508604,1.22498015050801,8.221315852400895e-06,3.0585873245230763e-06,1.5037610549874359e-05,6.15218087356755e-05,0.3466684562317023,0.026956894810980517,0.8245207831485031,28.444579093739595
36.40000000000007,1.5799805710950388,-1.0416511218643278,1.2264511142264813,2.042075476899143,-0.8954974817129779,1.5502730323809502,1.5946174565250557,-1.035825409331986,1.2319137020757696,8.16694395746101e-06,3.097692429391125e-06,1.505755464809777e-05,6.151598356518032e-05,0.3524133584766634,0.02563470339957588,1.8938365905600598,27.59296525402466
36.45000000000007,1.5859361271148598,-1.0251713428155314,1.227575843900736,2.0424082633015743,-0.8780985803988326,1.5530705589857439,1.5999260016244956,-1.01991986994036,1.2327191486582283,8.108819337958168e-06,3.130839644743837e-06,1.5080579978292717e-05,6.151071054716155e-05,0.3480417855547366,0.05595053209587881,0.8377518464705207,25.392659192929784
36.500000000000064,1.5918764587269136,-1.0086891476364532,1.228817780178749,2.0427175054950033,-0.8607721014538317,1.5528299768496234,1.60549955586518,-1.0034053241248297,1.2340502552437602,8.051583049070099e-06,3.1628834620375813e-06,1.5103166840772654e-05,6.150613819373135e-05,0.34658476874439614,-0.004811642722411704,1.0289567487906164,24.312668089081463
36.55000000000006,1.5978040585801074,-0.9921958586689618,1.2301519355646222,2.0430207445305375,-0.8433408267629048,1.5539736602483618,1.611249153854551,-0.9866811431755109,1.229531468568359,7.994638513354303e-06,3.1918885761152667e-06,1.5126864397855035e-05,6.150113495640798e-05,0.34867826109076183,0.02287366797477929,3.166597888774501,22.747302953552502
36.60000000000006,1.6037107740982013,-0.9757068575013677,1.2315888771967674,2.043303046250153,-0.8256667778506146,1.5556763731557837,1.617725058566058,-0.9683158048694074,1.23197068678064,7.941482040910288e-06,3.2212522049458917e-06,1.5149147099031747e-05,6.149433111788259e-05,0.3535261091937083,0.03405425814844748,1.5895613143333602,25.17442182652692
36.650000000000055,1.6096053624644984,-0.9591926481998906,1.2331395600927268,2.0435581591053227,-0.8081614133630007,1.5567715234657635,1.6221782978833859,-0.9528834706124524,1.2333025801857982,7.887430435080519e-06,3.248305982345778e-06,1.517234407455375e-05,6.148783066816423e-05,0.35014448391879677,0.021903006199598198,4.325553622277534,20.317372277914576
36.70000000000005,1.6154785267223744,-0.9426719541827298,1.2348022335194406,2.043787417431058,-0.79026405456091,1.5592032956579214,1.6273318523054146,-0.9366163408618424,1.2388060573581354,7.834995314265143e-06,3.2718613239298626e-06,1.5196816299869308e-05,6.147895588726613e-05,0.35797663015672915,0.04863544384315277,1.198823948097735,18.846887076310875
36.75000000000005,1.6213254924814002,-0.9261461024558614,1.2366002411094459,2.043975933961575,-0.7726483187838186,1.5609869780565209,1.6324788247866837,-0.9220206177225986,1.2385185971138775,7.780124696686818e-06,3.2919670027626697e-06,1.5222745880549081e-05,6.147087274748057e-05,0.3523349359531071,0.035673647971988826,2.39001942015127,16.462340617763367
36.80000000000005,1.6271473399175325,-0.9096117299287603,1.2385174206728635,2.0441359193482973,-0.7551497784411392,1.562320615630064,1.6381244740892444,-0.905247899856043,1.2348962519688493,7.726173501375896e-06,3.311783496905566e-06,1.5247923092637982e-05,6.146413748491216e-05,0.3499854596040475,0.026672751470870552,3.0836204742507998,15.607167562834356
36.850000000000044,1.632947761125728,-0.8930545011297919,1.2405432280571707,2.044258242006537,-0.7375420958080218,1.565378024422432,1.6433168438129613,-0.887518856429255,1.2410046090021343,7.674941990257656e-06,3.33204539925613e-06,1.5272021555547907e-05,6.145752834070925e-05,0.35216228762340446,0.061148175847365885,1.9788374163877842,14.262468918740142
36.90000000000004,1.6387120741217356,-0.876497521795932,1.242721739369785,2.0443334230422363,-0.7200081878138426,1.5676391792449236,1.6495444204134229,-0.8689869512299299,1.2478994569554827,7.621811913222963e-06,3.3483389401114797e-06,1.5298347256206017e-05,6.14514685133057e-05,0.3506814581517082,0.04522309644983227,3.9860852762608507,16.95022136314495
36.95000000000004,1.644449581055213,-0.8599263759617133,1.2449889901308462,2.0443716892321304,-0.7024489881421975,1.569594946617789,1.6545423529015293,-0.8534505583496519,1.2511238870428238,7.56694616085884e-06,3.3600324755235885e-06,1.532721380238919e-05,6.144544060470515e-05,0.3511848833249634,0.03911534745731855,1.3738225285069274,15.019553392269128
37.000000000000036,1.6501485614213955,-0.8433497514985723,1.2474126930655403,2.044379136444037,-0.685175608061305,1.5711354308673275,1.6593632974705694,-0.8384519934555201,1.2519443632949159,7.510931112139752e-06,3.37033952018704e-06,1.5356226841768022e-05,6.14411897499776e-05,0.34546766788505645,0.030809684990771816,1.4047365050782399,12.202795218662825
37.05000000000003,1.6558188906455757,-0.8267389280522695,1.2499633680834346,2.0443567501284785,-0.6677351598389634,1.5730243933569534,1.6649504783429863,-0.8225725879295415,1.2502020487126213,7.456643870912398e-06,3.3794221472394483e-06,1.53851242365343e-05,6.143659035654285e-05,0.3488093036532889,0.03777924979251751,2.0655789420248527,11.338455818487109
37.10000000000003,1.6614546537988062,-0.8101082338757406,1.2526329465865087,2.0442915359205456,-0.6501636868328611,1.57599096275613,1.6693699663028758,-0.8078138704748825,1.257249220101114,7.404879254338495e-06,3.3886788576105135e-06,1.541310919004015e-05,6.143104593269176e-05,0.3514320093193925,0.05933138798353958,2.220201391606394,9.500240286189745
37.15000000000003,1.667048635516285,-0.7934753301768547,1.2554025116359646,2.0441757389288884,-0.6328620147807923,1.5789871326981686,1.674197861673107,-0.7910743693741048,1.2629085487017822,7.350325936110325e-06,3.394210052368638e-06,1.5442780593214472e-05,6.142665053971429e-05,0.346041320474184,0.05992339884077363,2.6025577270130453,8.673130464846576
37.200000000000024,1.6726024118008282,-0.7768130303181066,1.2583357985933705,2.0440018512941767,-0.6153246703921625,1.5824354258918802,1.679230188062073,-0.7733180268601237,1.2680259790768158,7.295859439248309e-06,3.395740750696123e-06,1.5474400462590668e-05,6.142120388874885e-05,0.3507643025753049,0.06896586387424078,2.064540688786435,8.338711319347501
37.25000000000002,1.6781071643551293,-0.7601461910615092,1.2614093036943514,2.043784583189463,-0.5979626010542848,1.5841838256486849,1.6836530380114947,-0.7572593682271345,1.272233935896315,7.240469543789541e-06,3.3954644990995094e-06,1.5506735461945546e-05,6.141635930924387e-05,0.3472686187517759,0.03496799513609927,2.772784997072847,6.900878388171158
37.30000000000002,1.683566240212039,-0.7434663827203951,1.2645979062150163,2.0435242532610927,-0.5805889594214201,1.5873749631809364,1.6893408251823863,-0.7411586066105792,1.2722719139246168,7.184859721993158e-06,3.392678682409544e-06,1.554006626564644e-05,6.141159332924107e-05,0.3475119862478596,0.06382275064502739,2.6250764054357147,6.226337592565235
37.350000000000016,1.6889811730674889,-0.7267589505265609,1.267912699887,2.043192227618648,-0.5631415509240378,1.592273264201113,1.6936851369092665,-0.725908141739325,1.2788085229687187,7.13104693748547e-06,3.3897504321847844e-06,1.5572745275354803e-05,6.140632815352474e-05,0.34901169790048664,0.09796602040354578,1.198242999607863,5.977531609982309
37.40000000000001,1.6943436784732193,-0.7100413454867173,1.2713496450556452,2.042793407843562,-0.5456676087101132,1.5949588381962245,1.6985035891810136,-0.710387818038089,1.2808849544437857,7.077019680642303e-06,3.3840334553959435e-06,1.560635124732329e-05,6.140071568108617e-05,0.3495699628518759,0.05371147990223458,4.7746492260281865,5.038967498003152
37.45000000000001,1.6996643838563386,-0.6932774000966175,1.2749015307963343,2.0423419430165812,-0.5280725055301768,1.597939657234547,1.7026734989888848,-0.6941427943654763,1.283290247110643,7.0245839184090965e-06,3.3774602568359344e-06,1.5639816464845616e-05,6.139411667460641e-05,0.3520180141895095,0.059616380766449865,2.524645252071584,3.3262677659478745
37.50000000000001,1.704919718517651,-0.6765243514198306,1.2786050196251333,2.041828982812655,-0.5105498146187137,1.6021843887390022,1.7084555668152317,-0.6771267676396608,1.2810391786286877,6.97249655092511e-06,3.370020464523049e-06,1.5673283791711414e-05,6.13877941388701e-05,0.3506042135320792,0.08489463008911272,2.8358433147876854,2.469928089963675
37.550000000000004,1.7101242629955185,-0.6597326767958043,1.2824459042775187,2.041260377578933,-0.49297449521055015,1.604090671108497,1.7144459511994354,-0.6591691463563187,1.2788443173653965,6.9238596648709245e-06,3.3654845774043723e-06,1.5704645371711148e-05,6.138142999194827e-05,0.35169035121777653,0.0381256473899016,1.3850519878979157,2.9122061372212005
37.6,1.715266535708522,-0.6429296026857536,1.286416232684792,2.0406323822418693,-0.4754115118440494,1.6089850430575119,1.719691344320876,-0.6418404112733259,1.2808217135081499,6.8771310660651635e-06,3.362152461877699e-06,1.5734909368809606e-05,6.137536533575255e-05,0.3514844971945582,0.0978874389803107,1.7434124415513501,3.157435425479599
37.65,1.7203454456784013,-0.6260947532058502,1.290564611391783,2.0399211747566075,-0.4578566008729673,1.61358993632438,1.7245108481356641,-0.624492511212305,1.2897054497731801,6.831273544630653e-06,3.3583936480174393e-06,1.576513756078581e-05,6.136982571838774e-05,0.3513865454202624,0.09209786533736442,1.5470924541075293,2.5656226087351066
37.699999999999996,1.725359081876934,-0.6092503940832342,1.2948170315239984,2.039135979615439,-0.4403235809676087,1.6175104974593735,1.728440305006346,-0.6080133550121233,1.296277450448886,6.783670867914502e-06,3.3501700126640325e-06,1.5797536791522295e-05,6.136483894643952e-05,0.35101208694790875,0.07841122269987498,1.6330002844907603,1.5296250946169923
37.74999999999999,1.7303081558588058,-0.5923748412196034,1.2992131905840716,2.0382889527706585,-0.42286916439413413,1.6210619519478113,1.7333643226591873,-0.5917857963780137,1.297347057326495,6.735088209411476e-06,3.3391512599196936e-06,1.5830992733470254e-05,6.136072089028823e-05,0.34949931809129225,0.0710290897687666,0.9437283742338571,1.450835300732842
37.79999999999999,1.7351894059730313,-0.5754752124762426,1.3037390543624516,2.037387741393323,-0.40558315112061083,1.6247069703910562,1.7380484404998982,-0.57360289855532,1.3058730966688046,6.687112456241769e-06,3.329003001060502e-06,1.586350212016889e-05,6.135805099704015e-05,0.3461899874755691,0.07290036886489956,1.9289347933638061,1.4075146141464998
37.84999999999999,1.7400002946638655,-0.5585539521791616,1.3083902086319035,2.036411473036827,-0.3881581328241654,1.6288222970847572,1.743113824760394,-0.5559507476074631,1.3061770628804759,6.638507465335183e-06,3.314291358326127e-06,1.5898107784048013e-05,6.135546918834844e-05,0.3490471557847852,0.08230653387402066,1.5523064720175133,1.55961638734661
37.899999999999984,1.7447353218208304,-0.541614534458142,1.313197957767843,2.035361480997159,-0.3707013881145095,1.6329220314554167,1.747915374988833,-0.5393756713045753,1.3086419108869958,6.591973184873473e-06,3.3007259287456283e-06,1.5931595690129016e-05,6.135274233471004e-05,0.34976612043925237,0.0819946874131957,1.2858186388248043,1.7525046611259583
37.94999999999998,1.7493970196066815,-0.5246487798865235,1.3181333684053793,2.0342472420185356,-0.3535710235720792,1.6385769735265399,1.752073509669009,-0.5232045208553209,1.3198196976134486,6.544497950333241e-06,3.2871687149450553e-06,1.5964713662343595e-05,6.135197900305971e-05,0.3433317364710577,0.11309884142247686,2.9252753419786472,1.2264980851513159
37.99999999999998,1.7539858574191052,-0.507633860574962,1.323213699182585,2.0330124228806756,-0.3360879265928599,1.6440401181070294,1.75640828337371,-0.5071791280209259,1.326291296761326,6.497041974831273e-06,3.2672878513870916e-06,1.6000378004844446e-05,6.134994827765356e-05,0.3505334348129005,0.10926289160979652,1.2498514988110485,1.2498853415989954
38.049999999999976,1.7584864987067015,-0.4906203255632211,1.328443243834784,2.0316837952178264,-0.3187308681913071,1.650348213551796,1.760362430884754,-0.4905812557399289,1.3326979949351045,6.448784054070903e-06,3.245011270104861e-06,1.6036653525815082e-05,6.134810489231774e-05,0.3481572820905395,0.12616190889533627,0.8915938275211767,1.0655778235453122
38.09999999999997,1.7629044496968578,-0.4735716778249758,1.3338349189764305,2.030261920587768,-0.3013340512681744,1.6543456760037545,1.764797874563595,-0.47269647963666084,1.3360887571515674,6.4012456327859315e-06,3.221225250690451e-06,1.607318377544649e-05,6.134628020206123e-05,0.349096761505263,0.07994924903916976,2.5522000159949876,0.7234270518960564
38.14999999999997,1.7672329510020386,-0.45651458857963456,1.3393610412777943,2.028755610725244,-0.28391764047613904,1.6597935293110648,1.7689791548535487,-0.4556546755783109,1.3386483888127163,6.354745933374175e-06,3.196750134489586e-06,1.6109408019804254e-05,6.134463587660799e-05,0.3496289977154304,0.10895706614621374,2.1494643695365645,0.47998356909513956
38.19999999999997,1.771473842773689,-0.43942554177969184,1.3450435129000518,2.027171072341642,-0.2666647530276924,1.6649691170350511,1.7725396343343807,-0.4404787410293442,1.3410084928559796,6.308814245619439e-06,3.173048894285876e-06,1.6144850192026345e-05,6.134442139013431e-05,0.3465103503518727,0.10351175447973716,2.4301351259177544,0.5312204700851557
38.249999999999964,1.7756301711590776,-0.4222952025597063,1.3508318700528035,2.025486979812109,-0.2492786385951066,1.6697494809305855,1.7765326692330368,-0.4234617301609272,1.343160398214371,6.265139956537175e-06,3.149682201386868e-06,1.6179370799982724e-05,6.134379404563549e-05,0.349350095889915,0.09560727791069983,1.4139327848028032,1.1228413172831255
38.29999999999996,1.7796908291417464,-0.4051537594946545,1.3567564961184169,2.0236976425258115,-0.23189914738730005,1.677033852187467,1.7798373676508303,-0.40745597686382334,1.3580774678442316,6.222528339076658e-06,3.126028398836139e-06,1.6213463314833712e-05,6.134353448295256e-05,0.34942798532993774,0.14568742513762803,2.851703880368188,0.44428141790403153
38.34999999999996,1.7836518810215918,-0.3879899953428826,1.3628517739967736,2.0217783718926676,-0.21437151002174804,1.682689118672294,1.7837874385414172,-0.389425029491975,1.3631604401658866,6.178765910884157e-06,3.0949918353462393e-06,1.6250279236329025e-05,6.134272775542647e-05,0.3526485502529048,0.11310532969654813,1.4734875537157524,0.16347802064884062
38.399999999999956,1.7875236657835387,-0.37077915498800207,1.3690751396900354,2.0197705784576905,-0.19689058602461887,1.6876138429488856,1.7874392496131681,-0.37183364552925363,1.3636106736635627,6.135767838237925e-06,3.0634385755962024e-06,1.628676184836985e-05,6.134252661111406e-05,0.35191735622158304,0.09849448553184169,1.1899898103279687,0.5495872200498911
38.44999999999995,1.791289560276563,-0.35355586962658286,1.3754687239838048,2.0176738337368385,-0.179509708961296,1.6940888368226856,1.791205255948856,-0.3541155392999582,1.3679004068982863,6.0941506826336955e-06,3.0337164580202746e-06,1.6321998409566087e-05,6.134348737772482e-05,0.35013842790227845,0.12949987747600278,0.8525033608049397,0.9730256057209404
38.49999999999995,1.7949506783666525,-0.33630944478331315,1.3820108237121786,2.015467895686059,-0.1622911628323648,1.7023437627447056,1.7944722279379317,-0.3356203087357966,1.3756643509118645,6.052365398140364e-06,3.0031909330707835e-06,1.635710365703096e-05,6.134636952522325e-05,0.3471865231911101,0.1650985184404074,3.258038134281767,0.8620822058963528
38.54999999999995,1.798512976551135,-0.31904022651898256,1.388683082585109,2.0131332549583028,-0.14512258525017968,1.7095575966218508,1.7977343380080864,-0.31953767334830463,1.3837016104610997,6.010583917908514e-06,2.970379987036618e-06,1.6392638589894233e-05,6.135086341157618e-05,0.3465324835711215,0.144276677542906,1.492889596516501,0.5877321240463369
38.599999999999945,1.8019548543915185,-0.3017329412270608,1.3955349716939773,2.0106137199585694,-0.1274970365968756,1.7160070293893197,1.8010973412022646,-0.3020638173628748,1.3873384058570606,5.971991638427855e-06,2.9344148668785245e-06,1.6428617131430383e-05,6.135328101385319e-05,0.3560949989994681,0.12898865534938922,0.44453232348669264,1.3911808209660357
38.64999999999994,1.8052847898443172,-0.284407718665701,1.4025160830962287,2.0080361311300305,-0.11026162608882714,1.7224890325537805,1.8047742924181187,-0.28495844121389374,1.391798669170253,5.932411142298756e-06,2.8992802758904286e-06,1.6463733800780615e-05,6.135739955582326e-05,0.34854233770265614,0.12964006328922167,2.092887416781479,2.0723385733588127
38.69999999999994,1.8084973555619743,-0.2670463226635089,1.409630974223558,2.005294151318902,-0.09277889393660746,1.7302475504686754,1.8080089036823004,-0.2681805221187071,1.394732817246748,5.8954681577170466e-06,2.863118962945349e-06,1.6498511360983367e-05,6.13611697538164e-05,0.3539299070132538,0.1551703582978973,3.3178748622421903,3.9099301551864083
38.749999999999936,1.8115873381981384,-0.24969110475607953,1.416921723026695,2.002452215629904,-0.07548065546902107,1.7370167291062533,1.8112370199648629,-0.2511226009418575,1.3961683162615683,5.859047072376303e-06,2.8282737010056284e-06,1.653234808716493e-05,6.136601897182415e-05,0.35060338046606737,0.13538357275156745,1.9019449148081864,7.409972046915573
38.79999999999993,1.814565815816448,-0.23225262413138775,1.4243831335869848,1.9994565873957262,-0.05803744400907381,1.7447298425447348,1.814169028687175,-0.2351676443671694,1.4033494121910541,5.825356933877796e-06,2.7945910187478375e-06,1.6565010159023333e-05,6.137091971887149e-05,0.35397229693759813,0.15426226876963467,1.0037662643757381,7.878441792896265
38.84999999999993,1.817412138341865,-0.21485265715538765,1.4319653709104183,1.996340270297641,-0.04068128179463813,1.7521788926935864,1.8168890154071526,-0.21595205970521394,1.4152239545091945,5.791626333700949e-06,2.7588263749962047e-06,1.659787570147782e-05,6.137638655272583e-05,0.3526750554860866,0.14898100297703798,1.9709674489660012,4.939099547416954
38.89999999999993,1.8201357120062618,-0.19741556383675835,1.4397230377479382,1.99308880206025,-0.02341186268791724,1.7616144542345475,1.8186475706946825,-0.19946335732025292,1.4290237312501466,5.756758817520036e-06,2.717145865989932e-06,1.6632245060655087e-05,6.138385783741371e-05,0.3514582040942362,0.18871123081922805,3.2756689305706086,2.698671789597959
38.949999999999925,1.8227330261488792,-0.17993681702238212,1.4476383348635118,1.989697990755395,-0.006185683215765868,1.768689852659735,1.8206215016190166,-0.18283153570793068,1.4412645229274768,5.721384017533025e-06,2.6699890593931818e-06,1.6667817537383485e-05,6.13923336574318e-05,0.3511353849542182,0.14150796850376454,2.37822607020785,1.939353697514434
38.99999999999992,1.8251966615481219,-0.16245792502432765,1.4557113811187705,1.9861486864548135,0.011202969568003325,1.775603229881927,1.8223292625713852,-0.16609743643998076,1.4529865594892328,5.687281641170207e-06,2.61775824371233e-06,1.6704345158229263e-05,6.140077076937015e-05,0.35494453714382207,0.13826754444385875,1.9984209604974463,2.0887078328626383
39.04999999999992,1.8275272224689094,-0.14494003367649322,1.4639396932433948,1.9824534812141814,0.028609099170733492,1.784364714197296,1.8248993446148916,-0.14716188063010652,1.460241661482221,5.653684275453214e-06,2.5605515243391202e-06,1.6741548117784838e-05,6.14094063339156e-05,0.3558819551387739,0.17522968630738323,1.368778422714704,1.7478439323185282
39.099999999999916,1.8297180566366609,-0.12740507406403995,1.4723134797825697,1.9786441485291344,0.045803447035852374,1.7932761474373091,1.826628244991876,-0.12931359090660885,1.4657941630961782,5.620029578306328e-06,2.5024080605018145e-06,1.6778459109546693e-05,6.142013197300191e-05,0.3522264422645229,0.17822866480026764,2.7346029052772303,2.910994173804784
39.14999999999991,1.8317687139784813,-0.10983943311118316,1.480846410284766,1.9747286559063526,0.06272795612885897,1.8030177058190837,1.8280131925327505,-0.11165773156941211,1.4804021290555127,5.5860420903166865e-06,2.4442297865148534e-06,1.6814994912687485e-05,6.143307559857261e-05,0.3474319944834293,0.19483116763550676,2.6205170974359966,2.6598144453840464
39.19999999999991,1.8336757749036205,-0.09226995751333833,1.4895459518485241,1.9706191143149736,0.07973947140881513,1.8126405947519313,1.829688668105484,-0.0953448020152848,1.4883746483011828,5.553282283094853e-06,2.3799216428000106e-06,1.685213786418371e-05,6.144707858197377e-05,0.35001848390207174,0.19245777865697272,1.4529563684757552,3.1991806341759843
39.24999999999991,1.8354369709384026,-0.0746680308758538,1.4983992328479725,1.9663785572581318,0.09661757738927115,1.8212541575936338,1.8310960105013598,-0.0784109106405663,1.4956683159617485,5.521142164122999e-06,2.314750254472997e-06,1.6888852063769335e-05,6.146154827417697e-05,0.3480543969678344,0.17227125683405167,1.1933268498922256,4.1335880417154005
39.299999999999905,1.8370486499542458,-0.0570697158577171,1.5074160077986343,1.9620203448767828,0.11335294623392668,1.82985995935808,1.8324140899031656,-0.06118269689803679,1.5019329122954446,5.489592315566961e-06,2.2488839738423615e-06,1.6925096752105125e-05,6.14770888964514e-05,0.3458719018766217,0.17211603528892994,0.7107145083709737,5.394111410042617
39.3499999999999,1.8385049464179055,-0.03944168841737449,1.5165952315876874,1.9574329185394643,0.130315336187761,1.839989399956444,1.8330589007847315,-0.043327009080897184,1.5146763229510167,5.4614205433756324e-06,2.1824097903017248e-06,1.6960965585390596e-05,6.149187725307556e-05,0.35143693230065604,0.2025888119672846,2.260465536999751,6.1059529347105705
39.3999999999999,1.8398028297083957,-0.02180315037046856,1.525911230317453,1.9526910531733754,0.1471623632089751,1.8503384728017895,1.8343429892881629,-0.023842141516563435,1.5247849226401433,5.4337611301543665e-06,2.1113224968101683e-06,1.6997098058128017e-05,6.1507025602686e-05,0.3500344785864169,0.20698145690692785,4.132078773050162,5.877037715375659
39.449999999999896,1.8409458048923089,-0.00413350014724031,1.535378270364696,1.9478015818144108,0.16388525708204835,1.860160449901744,1.8352114537377597,-0.007166847080309611,1.5363419807111622,5.4069716297926665e-06,2.0380004841446443e-06,1.7032776662984392e-05,6.152356813646551e-05,0.3484620783325616,0.19643954199909286,2.3293475711791958,6.26812806444166
39.49999999999989,1.8419800622408105,0.013426021826319898,1.5449694738733508,1.9427695110665892,0.18051999696203985,1.868936608538255,1.8357667799286086,0.010831030030500892,1.5462317625120896,5.381238093166959e-06,1.961665872420074e-06,1.706819305431558e-05,6.154022046391368e-05,0.34758495104790543,0.1755231727302392,0.5402417509490864,7.331072375755752
39.54999999999989,1.8427733481464792,0.030694034220590295,1.55469310305786,1.9375176919442774,0.1973115246840898,1.8789104317927574,1.836549409601501,0.029788017539348916,1.5540351460680446,5.358629016839011e-06,1.8829086516902695e-06,1.710327876082947e-05,6.155652241684124e-05,0.351874735287964,0.1994764650900504,1.5918824405869194,7.761076466533654
39.59999999999989,1.8434353866286515,0.04833542923135773,1.564649363271749,1.93214675344427,0.21389636777421045,1.8890581768950323,1.8374215958760842,0.04910064945626857,1.5609566233704149,5.336508728477166e-06,1.8035721176067762e-06,1.713774354872501e-05,6.157361318953234e-05,0.34865834774362164,0.20295490204551728,2.1770468251604425,8.34716173763692
39.649999999999885,1.8439119224490947,0.06604520996210657,1.5747212142583284,1.9266134773209098,0.23039133720361654,1.8998473729845529,1.8374068167485789,0.06713480800700343,1.5724495036283495,5.315806128219199e-06,1.7241188678574164e-06,1.7171674915804456e-05,6.159142147184085e-05,0.3479678706565328,0.21578392179041414,0.9939894563596116,9.40823733698785
39.69999999999988,1.8442086025676094,0.08374793138182125,1.5849397823659226,1.92087350106243,0.24691540791888428,1.9104061732542021,1.837094483763146,0.0849421504874085,1.5844271328665167,5.297500179907739e-06,1.6417020199136789e-06,1.720500806393877e-05,6.160905642030434e-05,0.3498543030151761,0.2111760053929899,1.7391616192895312,10.798227941090051
39.74999999999988,1.8443322480728028,0.10147111850545218,1.5953153011063272,1.9149981120289825,0.26328455027651815,1.9204039017603218,1.836776460002927,0.1015851032446094,1.5901731607565646,5.280216584524858e-06,1.5560621389750504e-06,1.723776248934093e-05,6.162658284509902e-05,0.3478341773096177,0.19995457012239523,1.1619371224479274,13.060718399129128
39.799999999999876,1.844279221090361,0.11919623757374923,1.6058540825857766,1.9088603337094936,0.27985506158586326,1.9306586331783446,1.8369575586668,0.12016948882476153,1.5973107964409037,5.2666747656488736e-06,1.47176637171237e-06,1.7269751092828676e-05,6.164265191166342e-05,0.35341584805524345,0.20509462836046177,1.9246976112042609,14.015123293396456
39.84999999999987,1.8440475020924165,0.1369078028829268,1.6165620343770981,1.9026361690960025,0.2961167416640508,1.9420303624884623,1.8365699212116573,0.1378149902577922,1.6063692534539413,5.252879179593941e-06,1.3870284505073906e-06,1.7300876171465215e-05,6.165948032844042e-05,0.3482445872218872,0.22743458620236995,1.708664535503484,15.32502553779203
39.89999999999987,1.8436325323866356,0.15463256422525656,1.6274445826015052,1.8961265364690667,0.31257074042656713,1.9530226163642084,1.836029493736891,0.15505897218601683,1.615658011054844,5.242996510452447e-06,1.301461308205071e-06,1.733118777539329e-05,6.167548152989401e-05,0.3538997287227207,0.21984507751492918,0.4459388670525026,16.498821622383677
39.94999999999987,1.843032655415621,0.17233362063189325,1.6384832811133987,1.8894976792698914,0.32877836167086033,1.965045385163302,1.8350470792771032,0.171136803226574,1.6259476270753046,5.233510128482921e-06,1.21399237967351e-06,1.7360485157429533e-05,6.169127380586233e-05,0.3502184619425083,0.2404553759818816,3.0130287736227945,18.009101848158064
39.999999999999865,1.8422433080285294,0.1900621040689853,1.6496840578215577,1.8827146183064376,0.3448227098996427,1.9765070121746096,1.8342888282965868,0.18792402440466588,1.6353373784863958,5.225145232754201e-06,1.1246889037253902e-06,1.7388712756368893e-05,6.170715277598483e-05,0.3483873407145526,0.2292325402261656,2.141835302304108,19.113500636119756
40.04999999999986,1.8412620567679263,0.20777561432399563,1.6610551403141556,1.8757647724603015,0.3607868670987426,1.9862786995041546,1.8329580970114503,0.20641088294741705,1.6458570011958722,5.218441362871537e-06,1.0347156990378477e-06,1.741591241195233e-05,6.172301028632239e-05,0.34822813477559916,0.19543374659091176,2.4200113402819157,21.012852990886355
40.09999999999986,1.8400839711674362,0.22548465114189836,1.6725992317597025,1.8686323726301843,0.3767272707275087,1.9967626130143294,1.8314520928676528,0.22464673153005318,1.6603147254892878,5.214158598245693e-06,9.425064477680169e-07,1.744211839797429e-05,6.173888271264285e-05,0.34926802803069323,0.20967827020351704,1.7840325856259915,20.303325438848074
40.14999999999986,1.8387086842336218,0.24318040642630176,1.6842988260913954,1.8613036691768703,0.39263910631894744,2.008067856165159,1.8296597001847021,0.24221838553930225,1.6741118002439865,5.21293155413762e-06,8.454778342670876e-07,1.7466679177911728e-05,6.175451322411905e-05,0.3503710461103753,0.22610486301659619,0.6292565195022701,20.637574879812167
40.199999999999854,1.8371339903158137,0.2608478921086525,1.6961675573792194,1.8537663998748966,0.4085170601726879,2.0199323408451173,1.8279052779346416,0.25748122992601585,1.6918676309523315,5.214845651845718e-06,7.445302817167769e-07,1.748931413606318e-05,6.176973037301285e-05,0.35152437805745806,0.23728969359918242,4.239601321502713,18.763848496408798
40.24999999999985,1.8353510830521305,0.27852449166766524,1.7082021413497541,1.8459993824648258,0.4243775988895804,2.032419080573817,1.8253765620277747,0.275313079264078,1.7066743880822628,5.220866147422104e-06,6.373333160494632e-07,1.7509431373074984e-05,6.178386009005557e-05,0.35320662521443047,0.24973479457399544,1.5451127815364523,20.716627272447152
40.29999999999985,1.8333672310857931,0.29615426232062464,1.7203971155823996,1.8381169657591117,0.4399944187609849,2.0440366721913072,1.8229725436948456,0.2934018794792743,1.7206583280332008,5.228593542564853e-06,5.263379941144942e-07,1.752747236191036e-05,6.179826281303125e-05,0.3498691172048371,0.2323518323498209,0.6134057369686559,21.84097300284812
40.349999999999845,1.831165431409693,0.31379364615984673,1.7327558170042803,1.8299405622500735,0.4557164728549028,2.056688226174648,1.8202422500559563,0.31231154622072077,1.7315339727519223,5.241269694050099e-06,4.1242390885979093e-07,1.7543300626454592e-05,6.181233130596215e-05,0.3544238976593659,0.25303107966683336,1.2494710349747862,24.339890431304095
40.39999999999984,1.828758429524926,0.33139009115007256,1.7452718443581516,1.8216506735082214,0.47118366107203685,2.0689140808706963,1.8174046204366614,0.3295408208125861,1.745569840127449,5.254986916292131e-06,2.9763354504924125e-07,1.7557391067255217e-05,6.182658132781256e-05,0.350975784130479,0.2445170939209662,1.3344161341316012,25.810243658599088
40.44999999999984,1.826137849429005,0.3489386608232994,1.7579156784512575,1.81319090771818,0.48650172763518446,2.0818529775067223,1.8138598123760958,0.3468043108674021,1.7576856091187052,5.271583938322319e-06,1.7979229277842706e-07,1.756878522738668e-05,6.184038585852562e-05,0.3499800408684875,0.25877793272054067,2.0394004944696777,30.341429442773606
40.49999999999984,1.8233029914078482,0.36647384605547906,1.770773382140418,1.804338530822045,0.5020606683549189,2.094302409123829,1.8104667522455538,0.36326864647927426,1.771485607459332,5.294026117421183e-06,6.171459299742375e-08,1.757814712776017e-05,6.185276682794285e-05,0.35802198359116544,0.24898863234215496,0.9940712983492647,33.10560754691405
40.549999999999834,1.8202487468821928,0.3839716370108395,1.7837118103353446,1.7953548599023998,0.5173804340777755,2.108024771745372,1.8072273560769796,0.3808612930474644,1.7794535378074459,5.318791413799855e-06,-5.920800134415854e-08,1.7584367539681974e-05,6.186436335542443e-05,0.3551937579989744,0.27444725243086326,1.7041211346330103,35.9900790771885
40.59999999999983,1.8169842226926491,0.4013576052262861,1.7964626582863297,1.7863010749960633,0.5323480889919585,2.121582559814957,1.8029805470450497,0.39890370238807116,1.797862401471055,5.3429972693143226e-06,-1.7893121900568015e-07,1.7589172663735232e-05,6.187628689256469e-05,0.3498607734953419,0.2711557613917267,2.8201509957687954,38.67963806980318
40.64999999999983,1.8134986368460577,0.41866230802802384,1.8094731373059276,1.7769417815143285,0.5473725196075448,2.1342408556748325,1.799001769189552,0.41613088336085496,1.806855479599891,5.373493673314019e-06,-3.0277917838701957e-07,1.7589718492936002e-05,6.188790340547167e-05,0.35402489948295596,0.2531659171975183,1.0082105707226987,42.96934010491735
40.699999999999825,1.8098039885229493,0.4359030127580028,1.8226525255808688,1.7675432359447925,0.5620186581578288,2.1483998086555376,1.7956424106726203,0.4336602665425973,1.816479813522509,5.40371259897636e-06,-4.264188018648268e-07,1.7587981494223507e-05,6.189956238263887e-05,0.3480500496688337,0.28317905961412115,3.0391039902392643,42.66765853544442
40.74999999999982,1.8059002068648482,0.45311321499656054,1.8360141438461326,1.7578887588607097,0.5765923268005351,2.1633625569409007,1.7910124367383096,0.448809839519112,1.8376989696680806,5.436681387189554e-06,-5.491369946031009e-07,1.75840034799302e-05,6.191080457690958e-05,0.3496320621037334,0.2992549657072775,2.6780519424499927,44.35313962989011
40.79999999999982,1.8017489230892365,0.4702790794470838,1.8495045381404658,1.7479623974601595,0.5911220037208738,2.176923815512742,1.7871010554931048,0.4658938350045537,1.8443632563836934,5.476377809316646e-06,-6.770583088293673e-07,1.7574328296819026e-05,6.192096211853477e-05,0.3519368736599156,0.2712251714368395,1.6278658196964328,46.024873451144344
40.84999999999982,1.7974335702970428,0.4874517632210126,1.862829234742829,1.7379904017339427,0.6052947843656354,2.190947386913775,1.7827846225577626,0.4816717038089702,1.856813351320831,5.514903399346224e-06,-8.025894305748922e-07,1.7563247682042754e-05,6.193117695830931e-05,0.3465910163780128,0.28047142802067143,1.673433774905733,47.73802442432797
40.899999999999814,1.7928683375112364,0.5045768181082064,1.8761867054243808,1.727677269645829,0.6195164502754541,2.2054851028605125,1.778331374291415,0.4983091109424964,1.8696404379777771,5.558302001567142e-06,-9.279189348691152e-07,1.754898067624434e-05,6.194047668510422e-05,0.35135276299393287,0.29075431893474957,1.0542256422157914,47.92086551128261
40.94999999999981,1.7880649962161925,0.5216653379601123,1.8896569485175683,1.7171804546153429,0.6335799144562894,2.218479677165343,1.7734523753858518,0.5169409642949913,1.8767818090795627,5.604364524862864e-06,-1.0532244749282714e-06,1.7531703894828613e-05,6.194919504420691e-05,0.3509806172019844,0.2598914860966291,2.3052839933013267,51.31332175205039
40.99999999999981,1.783031772894498,0.5386436573652145,1.9032826413784703,1.7063751575382649,0.6476512609968371,2.2328229934557218,1.7681626716925507,0.5322745453226441,1.8946189115126888,5.652999003821933e-06,-1.1754754657133312e-06,1.7513042969447384e-05,6.1957202041865e-05,0.354831021593743,0.2868663258075904,2.0377494354887875,51.43145211522967
41.049999999999805,1.7777571706512265,0.5555800609784558,1.9171886655075756,1.6953813345757276,0.6615212461895037,2.249236384352413,1.762300441431791,0.548837240043398,1.9121141612242694,5.707021860710877e-06,-1.3014538654114378e-06,1.7488329688261703e-05,6.196450112805632e-05,0.3539760810607004,0.3282678179338325,2.8941049680917534,53.141115813184555
41.0999999999998,1.77227631733918,0.572416415409206,1.931103856695509,1.6841852199942964,0.6752098716011723,2.263494066228917,1.757000920615597,0.5643655283729948,1.9295479170078718,5.765645585756187e-06,-1.429306704558818e-06,1.745846600664431e-05,6.197133584639726e-05,0.35368728851628545,0.28515363753009976,3.920670596079465,51.978335468671446
41.1499999999998,1.7665796593131222,0.589114826860636,1.94512991474923,1.672871340105189,0.6886430916012619,2.2780319378071594,1.751347461753743,0.5807105834004056,1.9421673679165465,5.828578192054617e-06,-1.5595563079868216e-06,1.742288679306703e-05,6.197801846090623e-05,0.3512609915345161,0.2907574315648607,1.8567555130142104,52.98943776750571
41.1999999999998,1.7606201114879556,0.6057147809776888,1.9592566058674925,1.6613911123040466,0.7018697115162362,2.293222704436486,1.7447966775612895,0.5959496161972598,1.9602056180357028,5.894157761321647e-06,-1.6892978411145572e-06,1.7383866249838468e-05,6.198464928364818e-05,0.3502827448715221,0.30381533258654403,1.2440155681604912,57.07744573779334
41.249999999999794,1.754423380972193,0.6221816406703078,1.973400566634682,1.649680002757378,0.7149639779415665,2.3077609067085207,1.7377328649453143,0.6135332060107653,1.9783291433683425,5.965451403261038e-06,-1.8203807433306998e-06,1.7339255451124915e-05,6.199095791982386e-05,0.3513490206166874,0.2907640454407064,2.266605832981245,59.18785286639834
41.29999999999979,1.7480044088920068,0.6385589580574392,1.9876833666802465,1.6378862085609325,0.7277668791413486,2.322621820302782,1.731217285619119,0.6299314528446426,1.9937754543825523,6.041310021930476e-06,-1.953388381434674e-06,1.7288265825572164e-05,6.199753242114234e-05,0.3481456231327803,0.2972182718852323,2.1351176507110865,59.43494199374292
41.34999999999979,1.7413532481666731,0.65486358305989,2.0019753914087994,1.6257544313689334,0.7405366859691235,2.3385342690072406,1.724067142813267,0.6465427247411851,2.004631714452282,6.123030418389079e-06,-2.0855770902117393e-06,1.7232757424670615e-05,6.200355580795898e-05,0.3522808713093132,0.31824897408918534,1.3829426404236653,63.11057538512604
41.399999999999785,1.7344850185677,0.671051841382043,2.016452332840842,1.6136691985813991,0.7528642751238606,2.3540005211046857,1.7177157182466767,0.662351119876563,2.0144952639376177,6.203835126033375e-06,-2.2162267236335697e-06,1.7174424773867653e-05,6.200975067684727e-05,0.3452698925009094,0.30932504194891497,2.3714709674167302,62.505044232788684
41.44999999999978,1.7273810172827484,0.6871515879836293,2.031079010888425,1.6011329979196414,0.7652527741684749,2.3702401477657986,1.709594223262114,0.6797369640171057,2.0324831681007005,6.288312682371587e-06,-2.342759143651661e-06,1.711506103702252e-05,6.201508181028418e-05,0.35249854608559866,0.32479253322228,2.0886747963821746,65.0629295855262
41.49999999999978,1.7200637382531678,0.7031190698358983,2.0458737784083474,1.5885637016112228,0.7772750338566178,2.386631289613458,1.7018970231183626,0.6962219130464097,2.047880447701518,6.376902704300336e-06,-2.470515720327578e-06,1.7048902586722596e-05,6.202037552436499e-05,0.3478670498861626,0.3278228369531989,1.561579776249773,66.21775253076066
41.54999999999978,1.712502352615017,0.719010773281739,2.0608232217293554,1.5758707684972375,0.7890262952475046,2.402766267098462,1.6939300272846287,0.7114131026641857,2.066868400945811,6.468818757676021e-06,-2.59752444515741e-06,1.6977899779573888e-05,6.202553553939843e-05,0.34595328386224655,0.32269954970009235,2.646461109255714,68.68629006359846
41.599999999999774,1.7047100508947757,0.7347942567290406,2.07623025657384,1.5630627543181845,0.8005118596016889,2.4183877410012107,1.6867975048631962,0.7264249985109235,2.0836009196755656,6.566030940805755e-06,-2.7248051112237e-06,1.6900144801451294e-05,6.203065085273275e-05,0.3440752443824633,0.31242947805499083,5.434041559925839,65.42402485016314
41.64999999999977,1.696700401420203,0.7504271866698634,2.0916637166245566,1.5497538158497934,0.812060989795072,2.435353904983984,1.6781431722378957,0.7416521952963396,2.1013243135802124,6.670925631342683e-06,-2.849533694154606e-06,1.681775381458535e-05,6.203498056417904e-05,0.3524302483440715,0.33932327965549075,1.3344197611187316,69.88508133072114
41.69999999999977,1.6884236280570977,0.7659716464304586,2.1071912278334426,1.5363180251880857,0.8233388869547399,2.4512247403005922,1.6698637296577408,0.7578181245201319,2.1154449703630407,6.780056557428051e-06,-2.9731866317131027e-06,1.672989880164252e-05,6.203881182631259e-05,0.35083779390550845,0.3174167063321741,3.6088460862174223,68.61403647089982
41.749999999999766,1.6799170824001624,0.7813828131874347,2.1228112906343224,1.5226165450571083,0.8344619426724459,2.46815395816376,1.6607982346482468,0.774135316846935,2.131097282131204,6.8929189373731935e-06,-3.0939366437594173e-06,1.6638540106238483e-05,6.204226135180353e-05,0.35296479420948995,0.3385843572633731,2.01834753498258,70.07203178941032
41.79999999999976,1.6711852220149477,0.79664667751364,2.138576250520957,1.5089267943241904,0.8451995788418539,2.484773806575263,1.6513180053185086,0.7888313374942814,2.148519975066911,7.007795567260566e-06,-3.213333986750612e-06,1.654237005477521e-05,6.204586365283992e-05,0.34797302970557387,0.3323969682300805,1.084952496358171,75.73906372534688
41.84999999999976,1.6622167956145688,0.8117905911164494,2.1545591244037863,1.494890790873482,0.8558125970481416,2.503588216411101,1.6425196942837506,0.8029284823764283,2.163888438510881,7.129220585011246e-06,-3.3301835527138543e-06,1.6440500755400157e-05,6.204889647131065e-05,0.35194015545638074,0.376288196716776,1.0925291741674001,76.87559485712049
41.89999999999976,1.653149525813776,0.8265751722144277,2.170854376683389,1.4806379067509343,0.8661980615733085,2.520194863859743,1.6332743825611118,0.8165117678186826,2.174805299245989,7.253244279558547e-06,-3.4436856855582483e-06,1.6335578949598117e-05,6.205155417294921e-05,0.3527093572275304,0.3321329489728458,2.0193276628254226,82.52818752823838
41.949999999999754,1.6439937793679804,0.8410659607928255,2.1884534506373368,1.466459890961258,0.8761561245594778,2.538375013337326,1.6239267659781413,0.8305371313693758,2.1939557036581636,7.3760702044674795e-06,-3.5545613452781628e-06,1.6228317756686026e-05,6.20545357834347e-05,0.3465183505592325,0.3636029895516965,1.0008698163709926,84.39644026510919
41.99999999999975,1.634615950288487,0.8553886358577858,2.2063878960934913,1.4522614551661843,0.8857400346326395,2.5573142591640714,1.6139918163259057,0.8460001846761398,2.2080695670248627,7.503560775133346e-06,-3.664053195398644e-06,1.6113959106121393e-05,6.205795178343247e-05,0.34261096478100167,0.3787849165349387,1.79599576231101,86.29138971623523
42.04999999999975,1.6249872449069134,0.8695619613911244,2.2246319226327302,1.4376197800340154,0.8952219313687801,2.5765036610803964,1.604375308789684,0.8587842260716577,2.2308491694858894,7.634948523902118e-06,-3.7687008785038093e-06,1.599743127688421e-05,6.206095417301187e-05,0.3488806981659106,0.38378803832653136,2.9824309148464194,88.22365282466566
42.099999999999746,1.6151049532127382,0.8835540433000079,2.243066945858256,1.422773331931981,0.9044223791918921,2.59711353414351,1.5941235874982258,0.8721287332161853,2.2484090190006274,7.774588775807406e-06,-3.871065721515096e-06,1.5872143025859534e-05,6.206366592488895e-05,0.3493285330971648,0.412197461262307,1.207864728358058,92.87183618579672
42.14999999999974,1.6049814037954746,0.8973423667638045,2.2615004945258623,1.4076730265030895,0.9133712527120578,2.616108263898937,1.5828244872145925,0.8866683603501062,2.2683928660765185,7.91791588563897e-06,-3.969368800003366e-06,1.5743131559397265e-05,6.206595837328192e-05,0.35106171826254684,0.37989459510855084,2.368653924485649,98.04214259873488
42.19999999999974,1.5945968508150312,0.9109572586582928,2.2800506966284826,1.3925006395264155,0.9219864709972583,2.63423054660921,1.5721973352352814,0.8992031510799208,2.2937130306477513,8.065775488389436e-06,-4.0645607526018575e-06,1.5607856850517627e-05,6.206821751733607e-05,0.34895939264868864,0.36244565420547337,4.355777273203836,101.53085923569998
42.24999999999974,1.5839686809816131,0.9243818178020721,2.2986976530550325,1.3769967608964055,0.9304180309272958,2.652758580162094,1.561866941419204,0.911080786934607,2.304847237113531,8.223443027427771e-06,-4.155384790084061e-06,1.5463675585970997e-05,6.206992517791223e-05,0.3529704608962331,0.3705606710576985,4.567828114312526,106.229731559252
42.299999999999734,1.5730917904104504,0.937607516577148,2.3175301017449823,1.3613848454967543,0.938530628398787,2.6719527829308003,1.5507578091376015,0.9247230236935923,2.320632368715631,8.379424257942736e-06,-4.241551027183094e-06,1.5319946689763132e-05,6.207170886869326e-05,0.35188386940652105,0.38388405537413783,2.1321689522493865,107.21195064504987
42.34999999999973,1.5619906799618033,0.9506242273245789,2.33651627615537,1.345765934225983,0.946264679188586,2.69167667957033,1.5392025116373842,0.936761888334274,2.342729309079277,8.536515032403113e-06,-4.3238378761105875e-06,1.517274626102695e-05,6.20735183544307e-05,0.3485832921908201,0.39447793279061305,1.4515426692049522,112.68867020285985
42.39999999999973,1.5506201997065747,0.9634592915651832,2.355712006828007,1.3298158180548716,0.953770031550139,2.711883482380732,1.5272043085248757,0.9499064027046773,2.3596248510977764,8.700519935474105e-06,-4.400592966285333e-06,1.5019512545728639e-05,6.207515166454955e-05,0.3525604024018103,0.40413605620806636,1.7214575506582908,116.60548103728138
42.449999999999726,1.5387691209990606,0.9762824462484764,2.374391150393132,1.3138213159052707,0.9609064866910494,2.73195353896198,1.5159923076605286,0.9615284406954538,2.374806031345752,8.865885606435005e-06,-4.472839587081101e-06,1.4862965163549813e-05,6.207677656517696e-05,0.35029324176255294,0.40140113162496455,1.840301283439808,118.1324452596006
42.49999999999972,1.5267325498997306,0.9887926412922792,2.3926317468177682,1.297605291939066,0.9677574327775122,2.7517632388196853,1.5034956440245981,0.9744571128796086,2.3900932704834297,9.031975596863072e-06,-4.539675586758603e-06,1.4705568674974084e-05,6.207823214217283e-05,0.35208239373152084,0.3961939971541348,1.8730699100963732,121.09207729850148
42.54999999999972,1.51443054662782,1.00113201878164,2.411539759462476,1.2813511942043079,0.9742549103422851,2.770850783341162,1.4904645049999585,0.9874397980666166,2.4077403615316335,9.19786934580119e-06,-4.60188603926343e-06,1.4546501528695146e-05,6.207967266335943e-05,0.35009839251716296,0.381750890429555,1.7569738250274753,124.04747946661578
42.59999999999972,1.5019858426022776,1.0132224421519322,2.4313215367004557,1.2649944617453048,0.9804130459610704,2.792182994789017,1.4765371703181982,1.0000769804824743,2.433021857273088,9.366421907584481e-06,-4.65880000268256e-06,1.4383485376295293e-05,6.2081096162199e-05,0.34955795807587026,0.4266442289571189,1.4363552198974734,128.8142959127
42.649999999999714,1.4891389956802712,1.0252214869705738,2.4501020636125688,1.2483541483350005,0.9862995172099851,2.8109832195512965,1.4630778781171,1.0117027229622977,2.4462870234260548,9.541713528199757e-06,-4.708740193994195e-06,1.421415481071707e-05,6.20821262539528e-05,0.3530211046053652,0.3760044952456029,1.3689876727585335,137.97500287258057
42.69999999999971,1.4760254666585642,1.036972967379978,2.4685084006869094,1.231610765037819,0.9918689292166952,2.8299607475932937,1.4500076360579726,1.0225248681284567,2.469760290270755,9.71530531192909e-06,-4.7536265577432725e-06,1.4045411009736636e-05,6.208285923244593e-05,0.3529127819080306,0.3795505608399718,1.852202932560061,137.74699000923988
42.74999999999971,1.4627523520875299,1.0484010989316133,2.4865918017138653,1.2150933399127948,0.99698325114411,2.852684921040476,1.4367858092184644,1.0327800598350505,2.4955617428028223,9.893898436717816e-06,-4.792951449287503e-06,1.386756623653734e-05,6.208403433165693e-05,0.3458291414837768,0.4544834689436698,2.002875939055837,138.64418246753985
42.799999999999706,1.449081210869373,1.0597685449987988,2.5060201726055675,1.198162040272674,1.0018425249091674,2.871525525385289,1.4239136546377442,1.0427198765461652,2.50947465516271,1.007826233063216e-05,-4.8236940680323255e-06,1.3685742053152784e-05,6.208487607273904e-05,0.3523013639099414,0.37681208689629925,1.561546851502995,141.22582839989573
42.8499999999997,1.435224127955152,1.0708770135669679,2.525801025593331,1.1813482669933784,1.006316469975851,2.8915354560358892,1.4102906069688834,1.0528827476245781,2.5328668740580778,1.025992737298474e-05,-4.849964108133265e-06,1.350385515347414e-05,6.20858537645762e-05,0.34798233128203565,0.40019861301201487,2.6540050187537796,142.0651951226162
42.8999999999997,1.4211470431668922,1.081739403629236,2.5457482721380793,1.164304387274906,1.0104656256806601,2.914060397974291,1.3957519258634943,1.063670287595189,2.5510052766891906,1.0446452791966501e-05,-4.8677194291371804e-06,1.3317320490346148e-05,6.208663408514073e-05,0.35084032808935306,0.45049883876806485,0.9273420245612787,145.84125798571637
42.9499999999997,1.4068513786884935,1.0923355778286203,2.5658577744256292,1.1472563023715954,1.014236997481941,2.933698159722966,1.3814032669405225,1.0729135438688218,2.5728732030381893,1.0631705218275231e-05,-4.879872058644759e-06,1.3130435742339761e-05,6.208730823755235e-05,0.3492106765631563,0.39275523497352116,1.1582768393505998,152.33215824874034
42.999999999999694,1.392571566266415,1.1024524187430713,2.584701318484971,1.1300722659945244,1.017674375567052,2.9546321484726814,1.3665391852015136,1.082851548979784,2.58940588725868,1.0819386348339384e-05,-4.88404117773447e-06,1.2940681825968469e-05,6.208772222276849e-05,0.35049558621035903,0.4186797749943239,0.6834720604039561,157.92462091234944
43.04999999999969,1.3780763489632555,1.1122950035469181,2.603672692798534,1.112805852795134,1.0207485011565676,2.976164050966367,1.3524541194704212,1.0910887533402667,2.6099683456231118,1.1005578517965806e-05,-4.882159164252809e-06,1.2751581303597782e-05,6.208791547363936e-05,0.3507655379796145,0.4306380498737372,1.0845627785822152,163.01938611648015
43.09999999999969,1.3634132203853917,1.1218455823288331,2.6227441659032236,1.0956886625972633,1.0234279331365939,2.9964722234660854,1.3390538422603513,1.0997521819277407,2.6249241841238202,1.1191304743417304e-05,-4.874015898389009e-06,1.2560201604971417e-05,6.208832329432528e-05,0.34651861298784264,0.4061634499943943,3.6086186910863263,160.60813265144358
43.149999999999686,1.3485553559947687,1.131121381509899,2.6420440660223474,1.0780719112392323,1.0258075815228331,3.018180989320366,1.3256799755706903,1.1083009772372547,2.640821916182956,1.1375340448401809e-05,-4.858638801644377e-06,1.23733587526323e-05,6.208791289647759e-05,0.35554187700795215,0.43417531708563833,4.924346312047813,156.2280747737078
43.19999999999968,1.3337022320876133,1.1400008409337303,2.6622931921545585,1.060777502390277,1.0277597457572587,3.0401991932350683,1.3098338732948167,1.1172359862330983,2.6656572883911736,1.155585526276139e-05,-4.839045456094096e-06,1.2185949346023825e-05,6.208785412622357e-05,0.34809180422784325,0.4403640782940575,1.3024785897905633,159.32163979729668
43.24999999999968,1.3187417299137567,1.1485530302597515,2.6832497719292707,1.043173885880809,1.0293489006383487,3.0629255053557465,1.2939588811353588,1.125589458120021,2.689778323525715,1.173933217388606e-05,-4.8091172886838684e-06,1.199690231809163e-05,6.208746942093277e-05,0.35351162593419033,0.45452624241359524,3.201593253531933,164.6746244227798
43.29999999999968,1.3036582376353014,1.1568188994685018,2.7047393815368865,1.0259362860911199,1.0305079237678567,3.0859857458027733,1.2789873342859848,1.1334513903854075,2.7084243782739463,1.1923249415642066e-05,-4.771570726539167e-06,1.1803114918443604e-05,6.20872294130372e-05,0.3455380780200406,0.46120480894055177,1.5821386366767791,167.06944544635545
43.349999999999675,1.288594887295221,1.1647709934050299,2.7271520285915467,1.0085231332669868,1.0312822562912458,3.108321603330321,1.2626782999958464,1.1414950632825842,2.730194609385463,1.2104985531833193e-05,-4.727202036498782e-06,1.1612120319101389e-05,6.208709287207057e-05,0.3486144652309215,0.44671715055097944,1.5708468459376923,174.50804349555096
43.39999999999967,1.2733441746901528,1.1724213744052001,2.749766971697054,0.9909843518475567,1.0316788258919134,3.129649383789129,1.248257640740149,1.1492532984926673,2.7442969724378,1.2285789942579685e-05,-4.6747357384513705e-06,1.1422200610129176e-05,6.208654495571992e-05,0.3508719354018521,0.4265556091761812,6.58522309731133,172.63620516644608
43.44999999999967,1.2579390531268921,1.1797163921697944,2.772563621377412,0.9736243585821746,1.0316775811455565,-3.1295059797755638,1.2324740912357304,1.156184477221424,2.770556552062166,1.2461998818767597e-05,-4.618224833210308e-06,1.1234728781016862e-05,6.208614424678033e-05,0.34720821994346385,0.4805988722979069,3.49337501077449,173.98046556882085
43.499999999999666,1.2423629353554093,1.1866531105358653,2.795549521176955,0.9560822682404472,1.0312655620601199,-3.1067130494315713,1.216403794915792,1.16265921490886,2.7932246414490756,1.2638808904970045e-05,-4.551193474654876e-06,1.1047560654157668e-05,6.208554149967785e-05,0.35094616302691106,0.4558586068798729,3.064470801856932,179.66205757926784
43.54999999999966,1.2266399883275194,1.1932234652283011,2.8186834821079016,0.9386950500406842,1.030457070926519,-3.0835408664207136,1.1998586741030282,1.1684419631457588,2.82063975775473,1.2813914038632815e-05,-4.476309615125636e-06,1.086039035138226e-05,6.208485731313935e-05,0.3481278912158396,0.4634436602171803,0.8487244580917133,186.89262283265742
43.59999999999966,1.2107861072897805,1.1994226596243762,2.8419558835104626,0.9210649743294766,1.029221563714737,-3.0597141774325114,1.1840868101616882,1.173670728799183,2.8480637529517834,1.2989268975862315e-05,-4.389722287890485e-06,1.0674784660562511e-05,6.208375296032916e-05,0.35347465251859095,0.4765337797640749,2.005778968721153,189.89244526896573
43.64999999999966,1.1947871311710263,1.205273334823081,2.865399970039605,0.9036480848266387,1.0275839544419125,-3.0359739397791436,1.167793125051788,1.1791966540892995,2.8653882646023696,1.3163311345606878e-05,-4.2930244293450954e-06,1.0488673715184129e-05,6.20827401757874e-05,0.3498823674670751,0.4748047530673776,1.7026030144971844,196.2145371390923
43.699999999999655,1.178576431566761,1.2107872565500646,2.8895580812615482,0.8862190297809193,1.0255267642237982,-3.0122340883084724,1.152177982842841,1.183885736193826,2.891914941038311,1.3332276728866417e-05,-4.191805622717878e-06,1.0307989662776437e-05,6.208178359298541e-05,0.35100909230924987,0.4747970294134526,5.340612436808153,195.5755455047472
43.74999999999965,1.1622269287937772,1.2159363125683151,2.9140867274923075,0.8687462896383555,1.0230377146462124,-2.9879486769255004,1.1348346617255918,1.1898232872865184,2.911737225504135,1.3498883429623287e-05,-4.080252824927487e-06,1.0130204758258529e-05,6.208058777200553e-05,0.3529914025499604,0.485708227659464,4.010788176233154,196.94974030587602
43.79999999999965,1.1458193530451652,1.2206646719134882,2.9383304501937135,0.8514241746787276,1.0201441873246793,-2.9642082008085158,1.117380750394229,1.1931142657422544,2.9363925764102934,1.3660644199735173e-05,-3.963687928705006e-06,9.956606862547034e-06,6.207938766175701e-05,0.35125071020485155,0.4748095223397178,1.6181357584352045,213.3899038487312
43.849999999999646,1.1293868410685495,1.2249590017597618,2.9623826312146666,0.8342019115124779,1.016834932725006,-2.939305042337393,1.1015045134880344,1.1970661784366918,2.963162358919078,1.3818652701001532e-05,-3.83836086368566e-06,9.786425072591469e-06,6.207846821965112e-05,0.3507554189605234,0.4980631694224772,4.845366064185217,208.42773798900666
43.89999999999964,1.1128134169001795,1.2288685551144556,2.986560831425502,0.8173051035170161,1.013157977396959,-2.9153366364470576,1.0846691248239637,1.2016650140007228,2.9807240184630235,1.3972430792080942e-05,-3.704297536144277e-06,9.618388919379593e-06,6.207802733183634e-05,0.34585340052023117,0.47936811780673855,4.602462451795192,206.8911739720778
43.94999999999964,1.0961649498964776,1.2323709823411915,3.010929648566103,0.8003154012905253,1.0090358253185985,-2.8917947618079594,1.0684078633514824,1.203496935684284,3.01112151511024,1.4120293841091347e-05,-3.5670304373730364e-06,9.458267414134678e-06,6.207762967874806e-05,0.34966054165200716,0.4708374927819929,1.6570064536144404,211.85933786949244
43.99999999999964,1.079448308226591,1.2354656124646217,3.0354706790028216,0.7836151901264673,1.0045567817257555,-2.867318539491551,1.0514987615415123,1.2059589913094173,3.0343563934230513,1.4263878387265468e-05,-3.4181670529010644e-06,9.300857303260516e-06,6.207742673661728e-05,0.3458171829379616,0.489524446328196,1.6444894308881106,217.01378596402907
44.049999999999635,1.0626525087926155,1.2381534716769984,3.060197209151163,0.7667048158364547,0.9995762097030118,-2.8430093338717217,1.0351416657863108,1.207914666731634,3.0628650978127876,1.4401728077753618e-05,-3.262795265055296e-06,9.152398237337289e-06,6.207691713681007e-05,0.35258029462963536,0.4861841123966118,5.184535069656653,215.9044241208195
44.09999999999963,1.0457942639563278,1.2404252643529872,3.0850267955572073,0.7501865814831803,0.9942540419410729,-2.816782150888428,1.0188830814495098,1.2089878476870903,3.0937259245648416,1.453385635636819e-05,-3.097647278653919e-06,9.007752775511509e-06,6.207664043668836e-05,0.3470992944716183,0.52454365966591,2.6774206663449105,217.70933203580626
44.14999999999963,1.0288983138497578,1.2422894265157036,3.110047005073591,0.7338904045224142,0.9885419582859509,-2.7921328800474536,1.0028825150888436,1.2105328797384742,3.116927686123889,1.4659550362686243e-05,-2.9225745107186675e-06,8.869349878923532e-06,6.207691989378974e-05,0.34537422131027157,0.49298541681951386,3.33468296655047,213.82033802607884
44.199999999999626,1.0119649761574112,1.2437447933078152,3.135212967556647,0.717261524996464,0.9822462867585585,-2.7672085826537853,0.9859539769061615,1.211779636058158,3.14057225908261,1.477811385240363e-05,-2.7424072332422888e-06,8.742953179565878e-06,6.207665817983307e-05,0.35562422955528106,0.4984859478733953,3.319412142011632,213.77978285882094
44.24999999999962,0.9949939502496117,1.2447818592751025,-3.1226576688168373,0.7011889286506704,0.9756964044622384,-2.7420345327127156,0.9704096158620805,1.212560275390588,-3.1203636356464095,1.488926380566524e-05,-2.5577712539841685e-06,8.621092174654896e-06,6.207684990044986e-05,0.3471283452186523,0.5034809988214254,5.427707436560061,207.9594970556532
44.29999999999962,0.9780070425488431,1.2453910379062836,-3.0971928376437727,0.6852090876717849,0.9687063658080335,-2.7164498382289515,0.9546325137065252,1.2126488718941895,-3.092314086721261,1.4992805866499142e-05,-2.3697190943538264e-06,8.508168038613837e-06,6.207720216330393e-05,0.348845268294126,0.511693889675315,5.0461969431250715,203.22751301594138
44.34999999999962,0.9610099540767744,1.2455766092088714,-3.0715827611723703,0.6693519917070886,0.961289442561336,-2.6917268436160935,0.9377401649663178,1.2127028049640007,-3.0694216959392318,1.5088033563480612e-05,-2.175034870506601e-06,8.404677653932086e-06,6.20777557434208e-05,0.35012789261852967,0.4944598922571881,3.2017466237062995,202.97264699455553
44.399999999999615,0.9440302465284827,1.2453279302616853,-3.045773277524999,0.6536566933079443,0.9534628109061751,-2.6663069499684706,0.9198017443752894,1.2121181208438854,-3.046402484865205,1.5175111915991617e-05,-1.9773065182040086e-06,8.310201228072478e-06,6.207827873363192e-05,0.3507792005678628,0.5083978729524818,1.782975421615426,209.4892932793917
44.44999999999961,0.9270426050519118,1.2446472557292523,-3.01978403743039,0.6382466332308191,0.9452755455999241,-2.6401425496596165,0.9047284566743492,1.2109427314168344,-3.025759392779062,1.5253950281362287e-05,-1.7766857007965935e-06,8.223908102981749e-06,6.207934438297583e-05,0.3490092471865913,0.5232880061771147,4.522112862928743,207.4698561400108
44.49999999999961,0.9101057863718445,1.2435370097733847,-2.9936432635452634,0.62324364214629,0.9367981194069286,-2.614395281001045,0.8896536421496263,1.210110110916253,-3.005551715074417,1.5324664086835535e-05,-1.5754901461396948e-06,8.144398374077014e-06,6.208079335315135e-05,0.3446580344609891,0.5149453731714561,5.9145022666258145,200.82752196294686
44.549999999999606,0.8932008714230764,1.2419999353811073,-2.9673755279175515,0.608190983596354,0.927780725971783,-2.589339055435001,0.8731681645466352,1.2088512430841734,-2.981521222201361,1.5387380752772156e-05,-1.3745504096634683e-06,8.07590194484946e-06,6.208219489244565e-05,0.350948442224355,0.5011245113209133,4.062584546301383,196.90135015413765
44.5999999999996,0.8763309425369105,1.240007120613014,-2.9409569843815344,0.5931582558355211,0.918248984285742,-2.5636619621908547,0.8555373244778028,1.207213962926245,-2.9582634875292717,1.5441071228324623e-05,-1.171232791827249e-06,8.018882444249997e-06,6.208336771159988e-05,0.3560080965225485,0.5135418648829557,3.6937574729507268,197.47362138788205
44.6499999999996,0.8595270224527157,1.237578326865099,-2.914425835374409,0.5787126963614192,0.9085567012065878,-2.5375957507461,0.8392968940741625,1.2034621624843767,-2.928894489223709,1.5485984636797828e-05,-9.65952143957889e-07,7.967852492518618e-06,6.208521009000694e-05,0.3479262419592619,0.5213242288951208,1.1829738171651143,202.45746217898525
44.6999999999996,0.8427942097763793,1.2347192630023653,-2.887773740249167,0.5644886191748646,0.8984572278480748,-2.5107423851005213,0.8225915193171788,1.2006899192406169,-2.9007675045498775,1.551971336524481e-05,-7.556022979895369e-07,7.928545710939198e-06,6.208723138722683e-05,0.34890802340473664,0.5370673129116079,2.977370937938691,197.4695320383082
44.749999999999595,0.8261470723124675,1.2314128029854554,-2.8608783475223665,0.5504900776536631,0.8879262304426381,-2.482509567811559,0.8052275840203521,1.1975737075775774,-2.876320198587325,1.55424579031286e-05,-5.41742568778413e-07,7.90122035579638e-06,6.208947770316601e-05,0.3503606455798922,0.5646563457792805,2.363765453883515,197.75417696203255
44.79999999999959,0.8096080902426037,1.2276716099207527,-2.8338221596742836,0.5368330226785188,0.8770488753593332,-2.455513274696741,0.7900692816997046,1.1934483506622782,-2.847940649754296,1.5555949449045097e-05,-3.2782228068963643e-07,7.883227682163564e-06,6.209203350228316e-05,0.3491993804901732,0.5399258622963876,2.7570322668297145,193.3467318815119
44.84999999999959,0.7931652022525549,1.2234957021674757,-2.8065710270124895,0.5235622652261072,0.8658572861900312,-2.4264574066291855,0.7743888295830759,1.188028875800746,-2.8073627392553293,1.5557677680106615e-05,-1.1104132027370159e-07,7.876556685077227e-06,6.209467246729088e-05,0.34720937457766615,0.5811173613511421,5.234772671160672,189.27810191284988
44.89999999999959,0.7768561667934766,1.2188696518878714,-2.7792335937368793,0.510547690522184,0.8542493398589671,-2.4000629535174363,0.7593952976617352,1.1827040878760875,-2.779409547997706,1.5543176730392097e-05,1.1246875981333107e-07,7.88717368859236e-06,6.209747454181326e-05,0.3487929067164577,0.5278890622350165,3.3569535346487447,189.6753928854136
44.949999999999584,0.7606745938348093,1.2138049254919758,-2.75172898236876,0.49794641161159586,0.842383261820112,-2.372404418086763,0.7440771243334373,1.1772909734044714,-2.751267747081679,1.5516934844074624e-05,3.3612872014006796e-07,7.908993552431601e-06,6.210027432547833e-05,0.3461878900535929,0.5531707086134973,4.039567109175447,188.0967422875018
44.99999999999958,0.7446351362927837,1.2082983142620074,-2.7240797911023265,0.4855969220540235,0.8300668408329798,-2.3426658783246097,0.727937088838676,1.1707533942370334,-2.7187046033983484,1.5478803775366374e-05,5.588513228253235e-07,7.944317613965744e-06,6.210291796857795e-05,0.34884182009142234,0.5947707952430968,1.7822608878939423,192.8163294061917
45.04999999999958,0.7287526840837166,1.2023511273896226,-2.6963344676336667,0.47354049838841894,0.8173376550584379,-2.3154499188251583,0.7118636777754334,1.1647104225025335,-2.692791888043026,1.5427455577133838e-05,7.808269483526985e-07,7.99390492563821e-06,6.210524411250682e-05,0.350661373193485,0.5443191899890599,3.491565944299954,191.85777780788356
45.099999999999575,0.7130572240006463,1.195983094983569,-2.6684214242715165,0.4619025781631772,0.8043498190860237,-2.2874142181046073,0.6973968301677569,1.1579110924052813,-2.667764014898919,1.5365651913534056e-05,9.99507961663934e-07,8.05366412615041e-06,6.210770391192603e-05,0.34879506384323594,0.5607140144110537,2.5808500362653506,192.5542230561816
45.14999999999957,0.6975321254673592,1.189181252857565,-2.6404125064342434,0.4504777469167772,0.7908408051935903,-2.2581855008680165,0.6831367707227064,1.150838324090042,-2.6406937719606747,1.5294010000357092e-05,1.213145514948285e-06,8.125465228034711e-06,6.210931487857894e-05,0.35386014819723505,0.5845743447318522,2.4170018133758635,191.1881656270561
45.19999999999957,0.6821919545473847,1.1819460883942114,-2.612188970838507,0.43963528253618744,0.7772337979228319,-2.229016551804635,0.6680814060594972,1.143076160025944,-2.6111310778987016,1.5211042295272013e-05,1.4233028915691591e-06,8.206134462887606e-06,6.211091634763579e-05,0.34798341594753046,0.5833789812676604,2.5968603362458276,192.22934098338945
45.24999999999957,0.6670789157168521,1.1742953184075775,-2.5837866667464513,0.42918743505177515,0.763303766261886,-2.1996080666779196,0.6542661333716916,1.1348575991677055,-2.581252504600162,1.5115620343580429e-05,1.6293893527491557e-06,8.299241910719593e-06,6.211229385741163e-05,0.3482672263761247,0.5881697025343401,1.8896659071996775,192.92315944448205
45.299999999999564,0.6521862704215946,1.166232255784877,-2.55527031454841,0.4191655514478683,0.7491099757105204,-2.1715679032487705,0.6407312253199557,1.1268743303081805,-2.5546303171756,1.5008033041711517e-05,1.8305814030085011e-06,8.40390400375143e-06,6.211323505665458e-05,0.3475178400275015,0.5608032685830124,3.0665667658671936,189.58878775028555
45.34999999999956,0.6375162715823657,1.1577532818761425,-2.5266275384216925,0.40943675000377977,0.7344760092679223,-2.1434564363357063,0.6274143351755105,1.117499803903559,-2.52955673613952,1.489072118664129e-05,2.0246417443046306e-06,8.5196004322676e-06,6.211348580593258e-05,0.35146714682173175,0.5622293382613178,3.5806102195332463,197.37992521362415
45.39999999999956,0.6230976268902335,1.148860884448943,-2.4977879725571395,0.40017160883898223,0.719667062810191,-2.116262011610624,0.6132855713890594,1.1085528044275361,-2.508293508434062,1.4764426463393138e-05,2.2117297562556992e-06,8.642831056176173e-06,6.211314432915183e-05,0.3493803327895814,0.5438884945016745,3.3893107052145868,201.153621970828
45.449999999999555,0.6089413550482611,1.1395756969723418,-2.4687876964323525,0.3914081234182518,0.7047606180358631,-2.088279160697488,0.5993688300857883,1.0985844373671547,-2.4783728109796166,1.4631175870265768e-05,2.391342888019377e-06,8.770901658223195e-06,6.211252997106914e-05,0.3458440597084774,0.559657018262748,1.398884311194796,204.09411423277243
45.49999999999955,0.5950669604712039,1.1298862289032154,-2.4396107485738807,0.3829405236161088,0.6893804360834112,-2.059848302659663,0.5871496790099567,1.0886469034535657,-2.4462822625113576,1.4486204516218054e-05,2.5629071770108587e-06,8.91180799346578e-06,6.21108305506348e-05,0.3511529625182073,0.5686171607565392,4.619860321107039,201.95022571622553
45.54999999999955,0.5814693619818995,1.1197967147367822,-2.410295823629811,0.374957044998596,0.6738380691195361,-2.030774556447792,0.5741552934847955,1.0781112402619546,-2.4208420057248596,1.4327696721016938e-05,2.7270015298557907e-06,9.064577439281098e-06,6.210864064085195e-05,0.34946965994992285,0.5814749242374527,2.4334523721407777,207.13173464269994
45.59999999999955,0.568178831789051,1.109320498593123,-2.3808527742663412,0.36738367869511723,0.6579395908486788,-1.9999295122135774,0.5620143744935866,1.0667070414458617,-2.3905763523527237,1.4161004541855145e-05,2.8816446451541275e-06,9.22564745939926e-06,6.210531892317024e-05,0.3522170224429835,0.6169008846843245,2.977031368039522,213.69758132968607
45.649999999999544,0.5552162503437994,1.0984723418574343,-2.351350652343173,0.36042738013378534,0.6421027826746144,-1.969417783932809,0.5506025554190032,1.0562060765805594,-2.356618251482455,1.398245052883498e-05,3.0283958776413054e-06,9.394886131125073e-06,6.21011285067695e-05,0.34595826080697406,0.6102345656153992,4.614883802779186,205.46307630943224
45.69999999999954,0.5425534776198281,1.0872333638298373,-2.321718804385752,0.3538647972619248,0.6258459050368232,-1.9395250774547812,0.5397468675389439,1.044268310257673,-2.3262502625775454,1.3792017506726313e-05,3.164137604673827e-06,9.576798231624496e-06,6.209600025593881e-05,0.350643096284377,0.597854129560591,1.1392638717668255,211.77861349201132
45.74999999999954,0.5302369244540469,1.0756369932619092,-2.2918700042847266,0.3478027002244511,0.6094217867683235,-1.9092388737535055,0.5294376457983042,1.0328480960913726,-2.297422808132078,1.3591720001996601e-05,3.2893291534645122e-06,9.767213860388074e-06,6.208949227959969e-05,0.35015659966101564,0.6057240740255477,3.285668699724555,212.0338559726644
45.799999999999535,0.518261871819383,1.0636903333599514,-2.261913812697896,0.34225477169434854,0.5929124089337048,-1.8807356838027016,0.5178392660818063,1.020690824575455,-2.2669879662000256,1.338390492654421e-05,3.4037918182998968e-06,9.963359515464651e-06,6.208250152223831e-05,0.3483444302154316,0.5700637990161092,3.2986651768526536,211.4492737899867
45.84999999999953,0.5066309271380687,1.0513823626159566,-2.231834171833877,0.337188420740416,0.5762228712486375,-1.8503044694024582,0.5064366222909755,1.0074941907582922,-2.2360730018045003,1.3167066230114018e-05,3.506289144988348e-06,1.016743952338691e-05,6.207438005556916e-05,0.3488449841805162,0.6086242880049051,2.1358547403681545,216.72255493899073
45.89999999999953,0.4953902970405141,1.0387526689919082,-2.201624368968868,0.33262191627612736,0.5593547592900928,-1.8200503634763583,0.4964656487484733,0.9949388812496515,-2.200908183170739,1.2942325858846687e-05,3.596319168906175e-06,1.037827914208632e-05,6.20648915223155e-05,0.34951936068961237,0.6050821185220328,4.744222188451865,212.80327052163975
45.94999999999953,0.4845336847092751,1.025781135542791,-2.1712680223414904,0.3285167783723989,0.5421240447115249,-1.7893127901793484,0.4869957744229977,0.9817420460391211,-2.1702173886406,1.27085934534267e-05,3.6714890912479395e-06,1.0598655444967298e-05,6.205377464823394e-05,0.35427355858461446,0.6147514659402339,2.657872060858618,215.56407253269072
45.999999999999524,0.4740803223529908,1.0124981881047304,-2.1407810129339726,0.3249740586481697,0.5249952394976963,-1.7601847035746345,0.477958819583009,0.9684773747943819,-2.139472378891797,1.2468693121558156e-05,3.7345235716963564e-06,1.0822320944658998e-05,6.204184409894559e-05,0.3498390850746387,0.5825617320943088,2.2339936053211953,216.56807057306483
46.04999999999952,0.4640261618442464,0.9989053526554784,-2.1101621979217984,0.3219003011540799,0.507548895204553,-1.730195428890829,0.469687706575582,0.956168640945435,-2.112073344138267,1.222453879014463e-05,3.783064241651604e-06,1.1050775295480526e-05,6.202837142752044e-05,0.35431423074858814,0.5997854936761436,5.44148556079276,209.76740975088666
46.09999999999952,0.45439069979928776,0.9850146614148556,-2.079324671407173,0.3193967385747355,0.49020872119384845,-1.6981741685499099,0.46161738888838,0.9428682189352031,-2.082890041407705,1.1977076906602083e-05,3.819504715379367e-06,1.1280204208491717e-05,6.201456050820721e-05,0.35041443434405356,0.6404252068184185,3.1369371558067027,208.62993511928462
46.149999999999515,0.44519085677106585,0.9708487511540183,-2.048293315323978,0.3174740455693829,0.4730691000487698,-1.6668409642366646,0.4545043186246677,0.9303781932933869,-2.051710170736091,1.172614234331061e-05,3.843844833598987e-06,1.1509994481637325e-05,6.200057329354307e-05,0.3449566345463122,0.62666408626494,5.971275815664458,199.76106730727636
46.19999999999951,0.43644008491687947,0.9564058953847885,-2.017265533174234,0.31608057309613224,0.45596960892947896,-1.637376417165494,0.4467851376273991,0.9161124539465623,-2.020383290284245,1.1472726575348202e-05,3.854630098975347e-06,1.1740715276888906e-05,6.198664766125147e-05,0.3431359247268435,0.5892909414234433,2.1403283848551693,199.9634825350675
46.24999999999951,0.42812510355574335,0.9417023026054071,-1.9860985643911298,0.3151873827838271,0.43851772141267975,-1.6064873126209493,0.4398799575332834,0.9011654937438435,-1.9861619896562457,1.1218569832315228e-05,3.849489456592779e-06,1.1973200742473515e-05,6.197069227617863e-05,0.34950848234761395,0.6177820908909307,4.200505016796251,204.19128055973655
46.29999999999951,0.42027361482337133,0.9267301946130475,-1.954794901636061,0.3148451234068807,0.42097624153293717,-1.5741232524515796,0.4333040030356431,0.8863075001565276,-1.9569074645323843,1.0962149322570567e-05,3.828058792365056e-06,1.2207287581301953e-05,6.195277256189238e-05,0.3509116855869704,0.647281203387432,2.2455370486470185,208.24928543038425
46.349999999999504,0.41288923817225837,0.911538261530428,-1.9232806314326434,0.31506201399525235,0.40321429483395116,-1.5430486759792943,0.42726330537011153,0.8708131717592633,-1.922565814803509,1.0708630570911064e-05,3.7930508107016645e-06,1.2438980667719465e-05,6.19329757801623e-05,0.3552797117843356,0.6214915294457414,1.6653539182771375,213.5599700124563
46.3999999999995,0.4059847657253418,0.8961489275152681,-1.8916022106806356,0.3158320823293135,0.3855789679188634,-1.5112669504379315,0.42162511064851366,0.8553625495172907,-1.889624736094137,1.0454296551090376e-05,3.742464097844262e-06,1.2669504264282249e-05,6.191209369872173e-05,0.3530574968121359,0.6356345108272918,1.762960980114998,217.7071437943234
46.4499999999995,0.3995391794784321,0.8805069107085292,-1.85976558066824,0.31713392538520246,0.36830600694373455,-1.4798724714379121,0.416538361064408,0.8400750592143597,-1.8625210913180192,1.020004512614001e-05,3.67829299891324e-06,1.2896698749980228e-05,6.189150839190328e-05,0.34645324177592807,0.6278895800004205,1.7025473342572037,222.97133315656401
46.499999999999496,0.39360298817880834,0.8647218160348025,-1.8278380372683394,0.3189846853142,0.3510318896842538,-1.4482532264939003,0.4119597051423529,0.8249932843295656,-1.8281924902566693,9.951136478308703e-06,3.602947510324006e-06,1.311815339682162e-05,6.18707345983413e-05,0.3474740777392495,0.6323848988802733,3.4279468360728957,221.50072371169517
46.54999999999949,0.3881691573767016,0.8487291874684713,-1.7958487846002364,0.3213937294262439,0.3337526258564875,-1.4162888384445642,0.40821009769229555,0.8103423787217106,-1.7963209924532948,9.705995016489952e-06,3.512221677608691e-06,1.333553023549011e-05,6.184964618866858e-05,0.3489426136008079,0.6392877609867604,3.43780566493159,219.5970156690059
46.59999999999949,0.38324165720324416,0.832381327355012,-1.7646713314980942,0.3243657419978834,0.3164776982939906,-1.3845556152416705,0.4045183828903227,0.7948761404880925,-1.7591431082110522,9.466871803869563e-06,3.4083496035890543e-06,1.3546948699844868e-05,6.182835560229486e-05,0.350589084910737,0.6346644640579097,5.4241839677441295,215.84133609907568
46.64999999999949,0.3788379910809728,0.8157543120822419,-1.7341159504565975,0.3278238832206905,0.2996443260966042,-1.351807579075009,0.4026387404049411,0.780760074718682,-1.7273554276370313,9.2306199013093e-06,3.2888117498919764e-06,1.3752459641968882e-05,6.18080904170605e-05,0.3437135751577092,0.654960723333266,4.315678177156064,213.54960976398533
46.699999999999484,0.37497306195911817,0.798970500231777,-1.7033490707703944,0.3318788662916331,0.28276522218255473,-1.3182472008670976,0.4001513833068386,0.764202203244919,-1.694316700215924,9.003363800460541e-06,3.15684622350856e-06,1.3950039830135333e-05,6.178861043869465e-05,0.3472032961508048,0.6712075641582665,0.8575645328329116,219.62889689431364
46.74999999999948,0.3716030934011172,0.7821147394902886,-1.6726260985936374,0.33655177939837466,0.2658397306145879,-1.284591902862452,0.3981288605873885,0.7490620724981616,-1.6677323765871424,8.785591989101558e-06,3.0126152012207823e-06,1.4138713230393859e-05,6.176791981573372e-05,0.35119082253003675,0.6731059600929492,3.926808766495309,218.24695282299427
46.79999999999948,0.3687257530936868,0.7651736886503965,-1.6417923302981257,0.3418352700545191,0.2489002700406538,-1.2523165947113686,0.3946766865359615,0.7312602697222499,-1.6452872898895226,8.579088841212362e-06,2.861840054519636e-06,1.4316817538364309e-05,6.17470396635718e-05,0.3549016381361067,0.6455061630217022,5.717637639720538,221.03437698717505
46.849999999999476,0.3663746996839391,0.7481304847856591,-1.6107829293696578,0.34760444330445117,0.23230956515399498,-1.219964419019624,0.3937199582438509,0.7156040062206876,-1.6111076565000972,8.381323112271163e-06,2.708007582320611e-06,1.4483469407162229e-05,6.172568252189056e-05,0.35131852273412373,0.6470435138349295,2.6219608549564057,219.8296385837703
46.89999999999947,0.3645580799873279,0.7310597252925939,-1.579648292138373,0.35390003641610873,0.21592137803324832,-1.188083964448695,0.39302143662580974,0.6998670594489491,-1.5797333479950788,8.193505659421496e-06,2.543247664908596e-06,1.4639084136764579e-05,6.170662125281094e-05,0.3511314712557896,0.6376090914186177,3.062563005082879,219.237056781191
46.94999999999947,0.36326239514227354,0.7139115666958116,-1.5484129908201774,0.3606742191114119,0.19986228407019582,-1.1551461870730864,0.39263390350129307,0.6852592079307674,-1.551990197453433,8.015718911701312e-06,2.3699463033753617e-06,1.4782757237444759e-05,6.169037430708468e-05,0.34860379580930295,0.6587555475122068,6.6735732537998125,213.18262240677953
46.99999999999947,0.36251289825976873,0.6967419231231518,-1.5170569720236153,0.36803644176864914,0.18390977637813916,-1.1216798238478707,0.3916524208332611,0.6676148020157138,-1.5210594780090416,7.850225954661436e-06,2.1913063945032424e-06,1.4914017329181169e-05,6.167652393892836e-05,0.3514049722196857,0.6693272645043502,3.750170809186224,211.7532744894091
47.049999999999464,0.36229853477803,0.6795450642184802,-1.4855362163751442,0.3757788198074898,0.1685157978015001,-1.0879056188324134,0.39285501273264645,0.6519538293522283,-1.4857779559142341,7.694035093281045e-06,2.0064336221867434e-06,1.5031731902340115e-05,6.166537543111343e-05,0.3446431315275851,0.675484100309185,1.764441032268537,212.77119080353827
47.09999999999946,0.362583074197596,0.6624374706114418,-1.4538557956611873,0.38403959036171503,0.15337133903340966,-1.0549776445206538,0.39368599139520183,0.6351022009274713,-1.4551192903849555,7.551057864136986e-06,1.8132397381003546e-06,1.5134957686491073e-05,6.165879838160438e-05,0.3450344052221611,0.6585594862352314,2.8808539547774847,215.1700992202435
47.14999999999946,0.3634313332837885,0.6453468847844819,-1.4220512872128008,0.3927493906326502,0.1385948321846154,-1.0213842126011583,0.39518234402548724,0.6209527739352969,-1.4266228075680811,7.420290012067375e-06,1.6156693222329778e-06,1.522340398668766e-05,6.165616683336236e-05,0.3430646848817268,0.6718686383899471,4.7119206202787325,208.2048040737582
47.199999999999456,0.3648119131916962,0.6283999008530418,-1.3894780535686713,0.40228782999036455,0.12359630480496324,-0.9873269888193339,0.39708918240661,0.6044153621807088,-1.3914253356753288,7.30654662896954e-06,1.416394596127437e-06,1.5297450351548635e-05,6.165572341215157e-05,0.35550988091566926,0.6811444756365271,2.6805230966277063,208.23148359401182
47.24999999999945,0.3666313348119149,0.6116470982091445,-1.3558394594483927,0.4122179877669638,0.10910822112947544,-0.9525433894764959,0.3995822879748912,0.5890067111625943,-1.3607097710088154,7.206246472776804e-06,1.2114649986001953e-06,1.535455617445347e-05,6.165979207598537e-05,0.35130824623955403,0.6956719868567954,3.695579164741896,209.55248465257284
47.29999999999945,0.36897904977506496,0.5949725874706034,-1.321924292242473,0.4226248835275155,0.0949886712944479,-0.9187188552047965,0.4029802643137149,0.5717439212163682,-1.3259158869710865,7.119635254676804e-06,1.005454875873162e-06,1.5395813886053266e-05,6.166935894175717e-05,0.3508244586000975,0.6764906854340235,1.5548850702145494,219.80209990728014
47.34999999999945,0.37188222431062484,0.5783967953669983,-1.2877788522772233,0.4335438604449296,0.081196922572744,-0.8835505174089873,0.4075074003049249,0.5559092528494444,-1.288951644296107,7.0491127228831625e-06,7.966369338524057e-07,1.5418616253392785e-05,6.168545895128163e-05,0.3518342135633159,0.7033667559162258,1.3778705648847314,230.34315263667855
47.399999999999444,0.3753703886667584,0.5619255542461686,-1.2534985395165745,0.44493603405627064,0.06778866565702014,-0.8494736205436508,0.4113304417081646,0.5394682755936567,-1.255472493716563,6.995476803540685e-06,5.852135801904227e-07,1.5422809724369328e-05,6.170937237853473e-05,0.35190506170031877,0.6815379373067705,3.686636152944814,231.7175657220502
47.44999999999944,0.37943000916435665,0.5455912876220357,-1.219237566966588,0.4566721994732671,0.05489890194911058,-0.8149439913461438,0.41583413652757023,0.5252435374299604,-1.2245215750493177,6.95662904200971e-06,3.7379045809395515e-07,1.5408721327358482e-05,6.174088555339009e-05,0.3486624626703969,0.6905925839501772,4.464042501191461,229.44224284048624
47.49999999999944,0.38405030145911,0.5293896578153515,-1.1849433858103777,0.46901733172404786,0.042222505244348764,-0.7823291428724239,0.4218017307541942,0.5082109731704086,-1.19108249685157,6.933870911892978e-06,1.659488189333503e-07,1.5379032569091104e-05,6.177886876486359e-05,0.35390455155901623,0.6522969694744365,1.0004284281484195,244.48425275259717
47.549999999999436,0.38921678009328076,0.5133513957216963,-1.1505411499585037,0.4816620152223101,0.030063354334151283,-0.7493223824055146,0.4267073718450853,0.49213930216805374,-1.1599077657770962,6.926506653238477e-06,-4.003892910060809e-08,1.5330668863124037e-05,6.182607846770843e-05,0.35086231565147563,0.6601352093382198,7.0415039940746595,240.79161438658846
47.59999999999943,0.39492326053268245,0.49750971536726346,-1.116118736791426,0.494527673421817,0.01848436275716806,-0.7162991636631038,0.4325259426055536,0.47821622486830373,-1.1245092195417943,6.9326597492534265e-06,-2.426573152115955e-07,1.5265036556651468e-05,6.188111773152222e-05,0.3461938388483646,0.6604643748482592,6.211569463732622,233.34427219189436
47.64999999999943,0.40115718726955907,0.48188190474774384,-1.0814418621316435,0.5079679342763177,0.007184201332904023,-0.6819224678996925,0.43953445443806,0.4637778775254212,-1.0888641738830431,6.9581468952517525e-06,-4.423338050782778e-07,1.5182199868643516e-05,6.19428082902532e-05,0.3512062792901265,0.6875339152682624,2.449682511412732,235.41441737982362
47.69999999999943,0.4079277152333394,0.466455737526582,-1.0466789321285224,0.521816869277058,-0.0036728560254924193,-0.6478489588260823,0.4464547705287987,0.44880520820947317,-1.058155045300749,7.001615344116604e-06,-6.385064449515811e-07,1.5082608817949377e-05,6.201172251929281e-05,0.35196514453995514,0.681470181472239,3.0538230240420803,235.7288055154223
47.749999999999424,0.4152324914065434,0.4512825016137296,-1.0118341268011286,0.5361223233969249,-0.014128537890849167,-0.6144643910905176,0.4539640414267517,0.43691566385343905,-1.0199239117497627,7.06009446424476e-06,-8.277877752692383e-07,1.4969682010009913e-05,6.20868722954407e-05,0.3543989068558764,0.6676913547113303,7.105630437674972,227.08790423585415
47.79999999999942,0.42301961194234305,0.43638019483832374,-0.976828836203747,0.5505808741315336,-0.023944823341547385,-0.5784193195579266,0.46215758107271426,0.4237510440123169,-0.9859372167840683,7.137801463706221e-06,-1.0155393333239724e-06,1.4839983272768352e-05,6.216572400698368e-05,0.3495381057192318,0.7209014306518647,3.8282836813446735,227.00762378939788
47.84999999999942,0.43133366634495357,0.42175693316331514,-0.9417794278781428,0.5652674329841906,-0.033160811608416545,-0.5423876402793493,0.47046757343172185,0.4098250900885061,-0.9577926066865139,7.2315183782172145e-06,-1.198277545909955e-06,1.4697053469353104e-05,6.224900535005232e-05,0.34679214404439446,0.7206335855715846,4.8782444907068365,228.71797383711717
47.899999999999416,0.4401563344090958,0.4074243753528707,-0.9066815105413283,0.5803889075221683,-0.041905449564138594,-0.5062229423017657,0.47984153538941465,0.3960259638404336,-0.9197287741417517,7.338308027219975e-06,-1.372522680245092e-06,1.4545803710366187e-05,6.2335904146925e-05,0.34937712767579143,0.7232939595517097,2.794738536247289,227.81449541049665
47.94999999999941,0.44946928013289644,0.3934049098877639,-0.871445348284892,0.5958752256766624,-0.050139549442788506,-0.4711492013050753,0.48933364735938806,0.3830349152861499,-0.8838971446560286,7.464360640922247e-06,-1.5406866958590194e-06,1.438199412642679e-05,6.242568782119339e-05,0.35080364236072376,0.7014748199338476,3.688940257039969,224.81600204880908
47.99999999999941,0.4592745497207874,0.3797257140643032,-0.836094856719537,0.6117507139777154,-0.057885058008064046,-0.4366780045023999,0.49968997594415526,0.3689037329104534,-0.8494772696299755,7.608114069910258e-06,-1.7015439334168657e-06,1.420888100147959e-05,6.251605489579362e-05,0.35330153172368506,0.6894239360535509,3.1944973189974597,227.07919671629347
48.04999999999941,0.4695379760953943,0.36640868771892554,-0.8006063928198475,0.6275834819696946,-0.06493220230274166,-0.4008630470766614,0.5100128863989342,0.35753046180195225,-0.8168284243624542,7.767007471949656e-06,-1.8565560632354134e-06,1.4025065004050428e-05,6.260717352164886e-05,0.3466242294185388,0.7162991485148116,3.0958582545291544,226.12895792820066
48.099999999999405,0.4802846557287495,0.3534691602232018,-0.7649822887524599,0.6436317254467191,-0.07139395589125028,-0.36470681010991113,0.5208911434243174,0.3456906283999257,-0.7752326756028718,7.940264502608931e-06,-2.0043202669861285e-06,1.3836132162769047e-05,6.269380203124482e-05,0.3460248464420983,0.723124739335045,4.008854138880212,217.92366754922193
48.1499999999994,0.4914849435483518,0.34091763058287317,-0.729263090093491,0.6600869123470032,-0.07734434571365058,-0.32925664482450445,0.5324693496019332,0.33490645697197585,-0.7372135873301819,8.134238645061676e-06,-2.143217397451175e-06,1.3639196848291978e-05,6.277716766262159e-05,0.3499785033815939,0.7090033057081734,2.611602094650397,216.66425747260593
48.1999999999994,0.5031128613792235,0.32877536086256104,-0.6935176352089567,0.6767893864571574,-0.08271623593014837,-0.29309129703830017,0.5441410166519902,0.3235636155701697,-0.7067253854321098,8.345422204809985e-06,-2.2733384237053684e-06,1.343711161070434e-05,6.285493838503934e-05,0.3509207316824612,0.7233069557241265,4.09621546028191,217.298508304093
48.249999999999396,0.5151630437723858,0.3170563025969232,-0.6577331581937579,0.6934089152741122,-0.08741714392588049,-0.2582160723565128,0.5554302174775807,0.314700409701446,-0.672999269659198,8.56575309703688e-06,-2.3959476973087155e-06,1.3233064859740524e-05,6.292675858411522e-05,0.34544898979963495,0.6975044936357864,5.951425238860149,211.031907549671
48.29999999999939,0.5276183210194686,0.3057588220644984,-0.6218074403226913,0.7105501497957403,-0.09161758716864832,-0.22241101795952423,0.5678615638024146,0.3051689721774331,-0.6309216629359504,8.799400276920589e-06,-2.5072134479236992e-06,1.3030455163877645e-05,6.299018129319658e-05,0.3529866407993883,0.7161010879398111,4.568816213434763,203.90845412327747
48.34999999999939,0.5404717497420497,0.2949180241660643,-0.5857191836181955,0.7275513608626835,-0.09515179416161657,-0.18751019289317084,0.5806658016512573,0.2953374917126788,-0.600618729404701,9.04859988030483e-06,-2.6084064564002324e-06,1.2820042149085616e-05,6.304602638240655e-05,0.34731104552079234,0.6980165013271035,1.9841603135090513,206.22116489838078
48.39999999999939,0.553700168359829,0.2845644475326178,-0.5496258289694231,0.7447221647206004,-0.09808724971363349,-0.15112853093225898,0.5943528657102167,0.2861329891404487,-0.5642532111200209,9.305917490990481e-06,-2.699177376504927e-06,1.2611708319450185e-05,6.309509030334433e-05,0.34841749565211744,0.7276332392182813,2.090387523432604,208.57430063845857
48.449999999999385,0.5672991690707535,0.2746816652285213,-0.5133405931391494,0.7619416260579188,-0.10038687807924603,-0.11439678296898759,0.607820064115455,0.2775476796431683,-0.5292574514166448,9.573688128733e-06,-2.778244493228262e-06,1.240202292674006e-05,6.313640748763452e-05,0.34746630015777547,0.7346349592654702,1.8636250126700353,207.5116149025336
48.49999999999938,0.5812205695868504,0.2653016705391283,-0.4770486666636812,0.7794945647319017,-0.10207453005982506,-0.07730676864221664,0.6230180747103926,0.26856999727730924,-0.49023164331140734,9.850095723035356e-06,-2.84371949795066e-06,1.2195038881905333e-05,6.317056977106532e-05,0.35269787366412675,0.7418002865354593,2.2026793999044445,213.11564397055383
48.54999999999938,0.5955088094008284,0.256417070960413,-0.440557107173046,0.7970528958280089,-0.10312701245104504,-0.04243406043255238,0.6374946067913373,0.26095302036207174,-0.45232732802254594,1.0134961140835825e-05,-2.8956579334457564e-06,1.1987303550626123e-05,6.31973223002269e-05,0.35181476234310827,0.697454164193323,3.1051292277947207,212.49728465834963
48.599999999999376,0.6100947539946245,0.24805584858694188,-0.40398817907466045,0.8143816731158433,-0.1035541821262777,-0.006857724459830017,0.651973680930814,0.2541019551355744,-0.4152540409760661,1.042576692767548e-05,-2.9335562572388898e-06,1.1776816566079907e-05,6.321597845463385e-05,0.34669911426881084,0.7115267194544876,3.433221480082028,211.1955994435407
48.64999999999937,0.6249612973595182,0.24024587726499683,-0.36739450613222746,0.8323016862486565,-0.1033603685549963,0.028487844179538868,0.6669151490671589,0.24761378455500854,-0.377033388104715,1.0721320375246343e-05,-2.954068850794331e-06,1.157370807437267e-05,6.322834636671694e-05,0.3584398820500712,0.7069113727874172,5.078300740806532,210.27695878575665
48.69999999999937,0.6403306480361122,0.23295106795565768,-0.3318182028679481,0.8497586646962738,-0.1025357160069831,0.06592024099934912,0.6808564922965471,0.24239538998129917,-0.3411936116958647,1.1019052615208023e-05,-2.959215479636851e-06,1.1366670867639818e-05,6.323369465808179e-05,0.3495493178586908,0.7486479363962467,5.335300781645721,200.9614369974339
48.74999999999937,0.6561045519020263,0.22617678768826005,-0.29707321137143927,0.8672060146898436,-0.1010630807676825,0.10248963603007732,0.6959682272288293,0.23768254733576497,-0.3008560585858002,1.1315585806426492e-05,-2.9483959117029858e-06,1.116291874758713e-05,6.323291287782502e-05,0.3502072785064085,0.731387900614607,2.6918227055929007,195.116860367482
48.799999999999365,0.6721082058921594,0.21997957540534796,-0.26228560147828367,0.8844806237483083,-0.09896508093715552,0.13922639232433331,0.7105588932993585,0.23232262351639088,-0.2702440007667857,1.1611115197730977e-05,-2.919236188374384e-06,1.0960114319018563e-05,6.322591201469756e-05,0.3480504445558766,0.7347351258851641,5.645743809301808,186.37269481395438
48.84999999999936,0.6883080985419574,0.21432970288792044,-0.22742507556849642,0.9017086832242825,-0.09622008492527319,0.1767830244168218,0.7252794434016748,0.22801840143273644,-0.22962591131594356,1.190047672921763e-05,-2.8761647234122506e-06,1.0763658350401244e-05,6.321507637481054e-05,0.34892796488916783,0.7511326418498162,4.583856223284755,172.77300072937206
48.89999999999936,0.7046953368817552,0.2092109524159575,-0.19233536818412322,0.9187507304816227,-0.0928515868555175,0.21350235081958147,0.7408503061484082,0.22387003252334642,-0.19152100898443347,1.2184791872926845e-05,-2.813929958727227e-06,1.0570114603958663e-05,6.320013523046867e-05,0.3474547819607248,0.7343865280552373,3.506595327440005,165.72051030810292
48.949999999999356,0.7212574662412128,0.2046631717479641,-0.15718451663840366,0.9358707558480761,-0.08879161446666697,0.25218997047262137,0.7576478760624311,0.22126339960277333,-0.15276360785332965,1.2461860646785304e-05,-2.732623382635673e-06,1.0384507999693901e-05,6.318169450610793e-05,0.3519188885273777,0.7737523930608405,2.047414351757217,171.55480277928277
48.99999999999935,0.737948968711829,0.2006985886020729,-0.12195606274292269,0.9529026890872748,-0.08407605272148165,0.2880102423450155,0.7737617947298887,0.21926052014893724,-0.11052559743508406,1.2729356302521405e-05,-2.634222602763228e-06,1.0206910635848016e-05,6.315894096262342e-05,0.35347230133873275,0.7164054374479238,3.0654729639595137,171.67511190363788
49.04999999999935,0.7547965435851357,0.1973216838406047,-0.08665923193331151,0.9694919492380827,-0.07882679055047827,0.3249036886764243,0.7902165927216074,0.21695010249502933,-0.07876383736243886,1.298581565529074e-05,-2.515903642709664e-06,1.0033510170011505e-05,6.313271126089955e-05,0.34801876331878273,0.7378689266282169,2.4877347010039,172.38591444173068
49.09999999999935,0.771740003623102,0.1945416473388297,-0.051301715673644215,0.9859463637429313,-0.07293628016914709,0.3626458241880193,0.8046119588295869,0.21515522498428097,-0.04119766507615985,1.3228718132743787e-05,-2.3847384643652618e-06,9.870656871004962e-06,6.310416710345368e-05,0.3495609417588196,0.7548427102319418,8.37609882817264,157.631425051622
49.149999999999345,0.7887476807103905,0.19236027976415293,-0.015898457065974186,1.0020790889799234,-0.06647395513528861,0.3993536923409309,0.8201053003857542,0.21444873133125167,-0.0035789025490244875,1.3456818054200755e-05,-2.2379532311682147e-06,9.716487461765548e-06,6.307493754488602e-05,0.3475976898313545,0.7341573630582767,3.369407350040492,153.62549355175292
49.19999999999934,0.8058370475028445,0.19078293622418785,0.01955852596667203,1.0182446340563986,-0.05928792561864984,0.437233692234845,0.836769016894618,0.21374271530777983,0.03173017587880178,1.3668865356932882e-05,-2.075272369554106e-06,9.57669341267081e-06,6.304421834517099e-05,0.35383685112031577,0.7575999978783234,2.81224331202027,153.37840054141952
49.24999999999934,0.822987680491619,0.18981222618999044,0.05507850720080223,1.0339850109286963,-0.051574573174475044,0.47405578827451045,0.8535927546972834,0.2137293823855674,0.06549786980081773,1.386399164382157e-05,-1.9004395129777583e-06,9.446931126860271e-06,6.301183477915468e-05,0.35059377564218025,0.7364419207933519,1.718277910767706,154.84065141948705
49.299999999999336,0.8401413602269427,0.18944656954570888,0.09075180258197825,1.049299459602862,-0.04334332535742194,0.5123083358266354,0.868772153309319,0.21485695124704465,0.10137492582109076,1.4041271503690822e-05,-1.7144091771175692e-06,9.328151906355114e-06,6.29778934667426e-05,0.3477485537998989,0.7650509510425413,2.5323357169230873,151.2213004677387
49.34999999999933,0.8573211933355109,0.1896901480630017,0.12646877531939402,1.0645828473911467,-0.0343654507838769,0.5499383552866304,0.8844763584307812,0.21684894550325684,0.14004607855597895,1.4199602868708433e-05,-1.5173008353764365e-06,9.22623776546038e-06,6.29436611774706e-05,0.3545257401001159,0.7526003891999404,4.006329084553965,152.21131014379733
49.39999999999933,0.8744530966444893,0.19056795539687532,0.162225015361694,1.079365401866252,-0.02490398128308551,0.5887489387030671,0.9018196616174918,0.2183500652668977,0.17582722655164496,1.4337657448375758e-05,-1.3079705439621883e-06,9.13714939401624e-06,6.290881622245254e-05,0.35104529108527566,0.7762116683287795,2.011898990250457,154.446773332782
49.44999999999933,0.891552883260587,0.1920459316941164,0.19805305209716503,1.0936064844854054,-0.015000734160615562,0.6265149768838869,0.9176115404033423,0.22179314629422472,0.2098068538371538,1.4455792499885231e-05,-1.0902367929072077e-06,9.060679658124815e-06,6.28727565824649e-05,0.34694005363724595,0.7553207636164437,1.2834350724839887,160.06092671754627
49.499999999999325,0.9085997337378308,0.19413175060986484,0.23396205754621463,1.1075494634574043,-0.004513842049547183,0.6632071290407882,0.9324005813232878,0.22588397659164922,0.24934075133654954,1.4554132139724776e-05,-8.66550915017083e-07,8.999924146577109e-06,6.283634821748721e-05,0.34895026607991836,0.7338430431380671,3.0087716641021363,162.26577841154364
49.54999999999932,0.9255472386005531,0.19681510342010639,0.269898207988239,1.12116410592439,0.0065458845489588975,0.7012339150857292,0.9497198386909946,0.22909695007750167,0.28000060900633317,1.4630063836507085e-05,-6.341231297967548e-07,8.957378584746657e-06,6.280032305874276e-05,0.35083507265733505,0.7605357208988599,2.3033830939096553,165.96330289964732
49.59999999999932,0.9423948627436692,0.200091079070262,0.3058232919830651,1.1342824484559666,0.01806362497447298,0.7398051198307942,0.965135537634203,0.23313919866951924,0.3120133912122238,1.4687260029498859e-05,-3.9956140193559174e-07,8.928480054717266e-06,6.27636721072556e-05,0.34916302229519147,0.7714240949013426,2.906590272767512,165.39272356798114
49.64999999999932,0.9591139258432243,0.20396832221949662,0.3418876693710862,1.1470144753131233,0.030133446527027003,0.7776042171708015,0.9805060615602131,0.23607394334667778,0.3437499682796137,1.4725595203129388e-05,-1.6359177941912714e-07,8.915164604814315e-06,6.272775824834352e-05,0.35089699288628623,0.7559819468001907,9.359103784269188,153.1410527346971
49.699999999999314,0.9756785477619989,0.20844565326027453,0.37799430520092686,1.1592426508818146,0.04265062334441877,0.8165490701886982,0.9959611039051102,0.24144333318549446,0.3798107952740448,1.4744861686142727e-05,7.339429156904155e-08,8.916548635832024e-06,6.269279662618955e-05,0.3499981133266971,0.7788970603579789,1.2508349022111709,153.97623483170872
49.74999999999931,0.9920891098102084,0.21352187778814385,0.41423356159825986,1.1709985802613123,0.05563747730502818,0.8536629592586,1.0113076501092577,0.24682655457247019,0.4185706844771362,1.4743925617226406e-05,3.114664805727754e-07,8.934613124238081e-06,6.265804119634746e-05,0.35036865001360334,0.7422777813980784,3.4108290148359606,149.5012180726859
49.79999999999931,1.0082105741976028,0.21912988497159977,0.4509489110849485,1.1823351991189428,0.06915421771506919,0.8921242342831404,1.0268502926077612,0.2536387794411883,0.45506645841459115,1.4720759203804946e-05,5.508423810152325e-07,8.97257210696596e-06,6.262337292771178e-05,0.35285099760676586,0.769225500490851,1.91384283056761,154.6923218844363
49.849999999999305,1.023858233703186,0.2251581443904342,0.4891862111752516,1.193083821536401,0.08301843024310755,0.9305006535925529,1.0412923185964116,0.2613431060304289,0.49235391965862485,1.4677397033997095e-05,7.891011803397293e-07,9.02693182068493e-06,6.258873792646468e-05,0.350877212413497,0.7675283861882882,1.7735310614393072,163.0389616878737
49.8999999999993,1.0392736872946637,0.2317607502542137,0.5278063962730949,1.203356959419096,0.09738656184343589,0.9696544213866378,1.0561271256805516,0.26913950057422104,0.5335065445984464,1.4613726483506645e-05,1.0246980987166938e-06,9.10020116960522e-06,6.255467399267916e-05,0.35328199878836997,0.7830753558817346,3.0490155596303343,167.4365562597252
49.9499999999993,1.0544162811630042,0.23892626087160868,0.5665931665078404,1.2129647641389976,0.11197920034289914,1.0074217887334154,1.0706254076158295,0.2775780741846529,0.5751650169334677,1.4528437249941651e-05,1.257811704207333e-06,9.191262798800249e-06,6.252088975349621e-05,0.34945174000696405,0.7553473469356045,2.1649684619836966,172.6272106196863
49.9999999999993,1.0692765905665893,0.24668404091404547,0.6053539404758221,1.2220791765739365,0.12703593389149928,1.045500399948323,1.0838974618175907,0.28697677158425483,0.6186661581808566,1.442160621170722e-05,1.4859622547843033e-06,9.303327889471714e-06,6.248730925119857e-05,0.3520313468306193,0.7615722242981925,3.1804206614937596,179.8198676141763
50.049999999999294,1.0833934065395585,0.2552753790424559,0.6392492093703146,1.2305087277809863,0.1421312069623207,1.0775179024272,1.0966303179529755,0.2959224953266186,0.6498018614804724,1.4294656057313926e-05,1.708455685953986e-06,9.431802110574292e-06,6.245482097437299e-05,0.34580349338193783,0.6403500495775701,3.0120300723530407,178.79362992899144
50.09999999999929,1.097024639966903,0.26443406999694,0.6648328697555694,1.2385683794999873,0.15756811490273903,1.1017286797726715,1.11093591733425,0.3063341964071312,0.6738009676833183,1.4158176000545037e-05,1.920591296651772e-06,9.57078357438579e-06,6.242358154430888e-05,0.3482935119240368,0.4842155469094659,1.272701535242059,187.22911110799575
50.14999999999929,1.1108856510272054,0.27437166650279554,0.6860497624427772,1.2462518722639886,0.1731302376462195,1.1226252847290406,1.1232709446331133,0.3164292303110788,0.6958596242613666,1.4015877367042328e-05,2.1221320195029866e-06,9.715300283743562e-06,6.239331860929916e-05,0.34711766680390727,0.41793209912740803,3.3936607609073763,184.06162487182624
50.199999999999285,1.1245142437025695,0.284657597588943,0.7061827124459983,1.2537165462453608,0.1890634437718209,1.142707622314493,1.1363785420331114,0.3277241389931865,0.7189017755173528,1.3868852973408803e-05,2.3121491904413145e-06,9.866551961065729e-06,6.236461360796529e-05,0.3519084085706832,0.40164675170907715,2.2023252477443105,188.76897867141005
50.24999999999928,1.137923003328773,0.29520247648034437,0.7262677170850927,1.2608520898862012,0.20513270444735557,1.1630964334533918,1.150125953075661,0.33895696825368954,0.736166750766615,1.3716097584322476e-05,2.49169524908907e-06,1.0023470385112699e-05,6.233719702337912e-05,0.35165200471467417,0.4077762227779934,0.9846575405604633,192.2831656530696
50.29999999999928,1.151140091110313,0.3059827423453064,0.7469007820032119,1.2676359109772577,0.22131695138046403,1.1846653720285012,1.161525535989217,0.3493670771042237,0.7571819555698989,1.3561563425463629e-05,2.660787052149742e-06,1.0182084799653161e-05,6.23110593714898e-05,0.3509769316370971,0.43137877150222065,2.8296206267329205,185.8930574011986
50.34999999999928,1.1641658824631842,0.31700645095776625,0.7681690328653014,1.274026711763069,0.23757875702912343,1.208022011601086,1.173510081638523,0.35912728715752007,0.7765146328394019,1.3402417319711558e-05,2.8199069940503612e-06,1.0344625064341594e-05,6.228702666729528e-05,0.3494581730396614,0.4671327914517294,5.473258385134093,173.13904899781247
50.399999999999274,1.1769630977305259,0.3282785480514855,0.7898594366626942,1.279974367781541,0.2537628799845621,1.2292133000681238,1.1857566861514122,0.370060673462402,0.7942591531191376,1.3241080707311023e-05,2.969937628111737e-06,1.050754489520413e-05,6.226480829694061e-05,0.34485450494038644,0.4238257693407774,2.741881621218509,169.35194731317262
50.44999999999927,1.1895371041219829,0.3398537916792298,0.8116836541886545,1.2855774007993837,0.27011148884821895,1.252025951931901,1.1980373932379327,0.38218376008818356,0.816304643676621,1.3078003583799697e-05,3.110065095964986e-06,1.0672550319555651e-05,6.224397130155902e-05,0.34564950102871284,0.45625303727557204,0.33386725949333346,171.44238973999606
50.49999999999927,1.2018357377392936,0.3516837710177031,0.8334279245512485,1.2908643608912012,0.286736409359979,1.2737656486127449,1.2095022739367942,0.3943516413052242,0.8373485761350183,1.2911707896095655e-05,3.2397220112205733e-06,1.0842030872906601e-05,6.222398237292354e-05,0.34891369454607307,0.43479393361690727,1.3831448799605834,172.69201977704208
50.549999999999265,1.2138989308670411,0.3637731976721615,0.8552131474635,1.2958002611060018,0.30353016434728675,1.2961011448224635,1.2197779021675148,0.406222833359331,0.8598045840731308,1.2742468428285416e-05,3.359446421734457e-06,1.1014990296324248e-05,6.220502309670285e-05,0.3500891631971852,0.44670992419439054,2.895171606531261,170.1991559791552
50.59999999999926,1.2256668441698115,0.37609200577838614,0.876997991644778,1.300393717568507,0.3205201375121691,1.3173916316185341,1.2300507666333793,0.4179048860227902,0.8812205825729835,1.2570300289283463e-05,3.4690176329643192e-06,1.1191701641048198e-05,6.218716325166449e-05,0.3520060973547579,0.425809735921431,4.186164057492265,165.02942117473066
50.64999999999926,1.2371822372927181,0.38868687179250344,0.8988212396195222,1.304615178868925,0.3375528280297003,1.3383028692270358,1.24138271582195,0.43081953281860075,0.9018040966882213,1.2395715899686162e-05,3.5693117476237544e-06,1.1370620736357102e-05,6.2170375971742e-05,0.35096695178176246,0.41822475217006616,2.909349022966139,166.21487100796364
50.69999999999926,1.2484031092492236,0.40152535075312346,0.9206203075660886,1.3084429089784704,0.3545239889534146,1.3596269501386988,1.2517976062846567,0.44395071736456015,0.9221998193531293,1.2218894608870015e-05,3.6609113313953942e-06,1.1550900721650939e-05,6.215462106010824e-05,0.3479559111755396,0.4264816182332913,2.350019980585896,168.48058006345997
50.749999999999254,1.259353313256159,0.4146140778540245,0.942458136624797,1.3119296153029034,0.3717780782898561,1.3831761938592875,1.2627352995394958,0.45577156775282607,0.94045946605425,1.2040943748909506e-05,3.7422273695476386e-06,1.173425882786255e-05,6.213965933242782e-05,0.35206535762226837,0.47098487441179687,5.896582482924276,158.09155202596025
50.79999999999925,1.2700184341789007,0.427929969652148,0.9642962102383361,1.3149866330494324,0.38889526245666856,1.4049559785222065,1.273201386916806,0.468699541034099,0.9574847767447707,1.1863269316296955e-05,3.816145075626471e-06,1.1916115529256335e-05,6.21256937516465e-05,0.34776733785372216,0.4355956932584037,2.2411091442222317,156.47719711103022
50.84999999999925,1.2804036254911721,0.44148017896234293,0.986174484614036,1.3176969182904066,0.406206713050069,1.426037484314195,1.2824548752409657,0.4814105035655768,0.9813521996996082,1.168778979003104e-05,3.881605393366052e-06,1.2097302816493282e-05,6.21126381516844e-05,0.35045304345648937,0.42163011583979604,5.875374988219375,149.1906828617975
50.899999999999245,1.2904803214749334,0.4552426923275942,1.0081003176158299,1.320069679687446,0.42384914561687276,1.4481761123977153,1.2929731688866404,0.4948650330659495,0.9993683796463069,1.1510142915382294e-05,3.9359033117678884e-06,1.22830119149738e-05,6.210002504596903e-05,0.3560327886391435,0.4427725616704254,5.37251423625762,146.64874081295662
50.94999999999924,1.3002576364528,0.46922902953506407,1.0300239367807216,1.3219936275647142,0.4410781729550226,1.4710000388812121,1.3017740713238324,0.5086109817569918,1.02442815973294,1.1331586526970315e-05,3.9840367131746e-06,1.2466517980372152e-05,6.208886738727724e-05,0.3467298692452435,0.4564785296699686,5.1487061065322015,142.99485587880062
50.99999999999924,1.3097154344401145,0.48340519327595455,1.052022331988648,1.3235188947406258,0.4582526685718139,1.4934373675336179,1.3085786185260795,0.5216082198025838,1.0523012680406998,1.1149607247341666e-05,4.022248356865955e-06,1.2652983585329746e-05,6.207917229983702e-05,0.34484907545358134,0.44874657304814747,7.158839260738257,136.45447077534868
51.04999999999924,1.3188635908410784,0.49779072444274275,1.0740759984615027,1.3246766290276395,0.4755174293731407,1.5142404721241718,1.3167674500548499,0.5348486753973454,1.0668744777538972,1.0964430555525898e-05,4.048994781920449e-06,1.2843433284994205e-05,6.207076596980078e-05,0.34607693507352066,0.41606209181109255,4.201598655703564,133.92192638636934
51.099999999999234,1.3276916008595032,0.5123772093812684,1.0961728076632722,1.3254628312294479,0.49284411024751207,1.5366639187332662,1.3248986774776035,0.5495308556990449,1.0902369671203687,1.0783354563311435e-05,4.069068347545514e-06,1.3030906444816854e-05,6.206298395258943e-05,0.34689744275576023,0.4484689321819075,1.2624556325583882,134.27408022177812
51.14999999999923,1.336205915187761,0.5271647940622332,1.1182828756024223,1.3258620465035096,0.5103274543870642,1.5592686014317536,1.3314258539502235,0.5624974068550154,1.118627721473466,1.0602385790559381e-05,4.078848971339461e-06,1.3219959169656076e-05,6.205572119501895e-05,0.3497654744929208,0.45209365396978035,5.83003936792804,123.7867667221981
51.19999999999923,1.3443967745409788,0.5421427034873276,1.140411417686963,1.3258756871864832,0.5277982302560823,1.58076250957928,1.3384794060562362,0.5763104649487293,1.1374499699057097,1.0418791378115995e-05,4.076955852925493e-06,1.341194457037524e-05,6.20490606308329e-05,0.34942235005088096,0.4298781629505578,3.5072400529780814,120.62374262682457
51.249999999999226,1.3522454996859183,0.5572805383939566,1.1625726193923624,1.3254979419449533,0.5454282877583831,1.6036759999600276,1.345812354006151,0.5915197211172906,1.1621793035083101,1.0238685167828316e-05,4.066730271191459e-06,1.3602567558193981e-05,6.20427252199897e-05,0.35268979268281464,0.45826980761497405,3.0763916050504028,120.30611603376546
51.29999999999922,1.3597534069705046,0.5725973399999338,1.1847762613403037,1.3247244246728571,0.5628656955981356,1.626577824740858,1.3529730428182931,0.6067576363697237,1.1822883141779714,1.0057807598253294e-05,4.046964425475497e-06,1.3793295361282305e-05,6.203734609235367e-05,0.3490987468173581,0.4580364956166266,1.9094677868932741,120.7525636023147
51.34999999999922,1.3669177499238012,0.588083475512047,1.2070021655104823,1.3235559007480517,0.5802286539000762,1.6494118017989976,1.358868048571795,0.6218101694818272,1.2070971448705556,9.879574143432754e-06,4.01966116640683e-06,1.3981830903183093e-05,6.203300036789584e-05,0.34805225329675277,0.4566795411628085,2.010985945286746,120.58569426680224
51.39999999999922,1.3737279010456493,0.6037076345392172,1.2292591083027604,1.321986846967459,0.5977010154930249,1.6713044619052821,1.3654287899206046,0.6366232930258102,1.2295140499069648,9.70336573856595e-06,3.981887114344573e-06,1.4170034875616982e-05,6.20291622446082e-05,0.35086045161271157,0.43785320212571144,4.566760925809849,115.23948082896317
51.449999999999214,1.3801985517551254,0.6194854100171933,1.2515281131295335,1.3200692172061725,0.6148041996618833,1.6935979800087173,1.3718331161706372,0.6536299669995757,1.2509185331619452,9.527440473421804e-06,3.936324527532928e-06,1.4356138590060666e-05,6.20265015378633e-05,0.344214166125329,0.44587036206873376,2.673877991363678,121.75455790909866
51.49999999999921,1.386315650001681,0.6353934089339083,1.2737651996224328,1.31775750689394,0.6319574030543551,1.7159172676447856,1.376291972953458,0.6683773123191479,1.2709973098502454,9.35538272643491e-06,3.882260844256356e-06,1.4539805748818367e-05,6.202451546147002e-05,0.3461726896685635,0.4463857527213918,4.525435172942991,122.012875277511
51.54999999999921,1.3920827310700585,0.6514581938681705,1.2961280879882777,1.3150248970758818,0.6492729603456194,1.7387184883115756,1.3806657828647375,0.6837548976236423,1.2935936567316588,9.188733676432493e-06,3.820216068997646e-06,1.4720448534877335e-05,6.202294586976066e-05,0.35060461750824484,0.4560244133358305,2.86558084024589,123.27636037961572
51.599999999999206,1.3974773977541277,0.667611689236696,1.3185194092779426,1.3119741160941265,0.6662113187258752,1.7592746491360431,1.385639464351446,0.6989791356978173,1.3092134660297008,9.023600109700675e-06,3.7510649335574986e-06,1.4897588865437355e-05,6.20223167344795e-05,0.34422415955791386,0.41112321648937705,2.7977146986713564,123.16835166120974
51.6499999999992,1.4025142131209285,0.6838996667402866,1.3409515263301852,1.3084461309779047,0.683590695107211,1.7828718858205823,1.3902485297942988,0.7153910485330862,1.332846704357265,8.867402046297716e-06,3.6754153353478246e-06,1.5070431606490163e-05,6.20213186724456e-05,0.3546852102212422,0.4719447336908071,1.7304874956506546,123.80350651713448
51.6999999999992,1.4071844619664677,0.7003147788617776,1.363345337636094,1.3045740875953473,0.7006445267770691,1.8052471288255507,1.3942742420786403,0.731702092923998,1.3613553499424293,8.713016219726403e-06,3.5917072798614843e-06,1.5239983154840855e-05,6.202093612641685e-05,0.34976486630254655,0.4475048600993987,3.0208342074992287,121.3363796705795
51.7499999999992,1.4114939399641855,0.7168130667116447,1.3858043216951956,1.3003619340893395,0.7174775291059604,1.8267392722234606,1.3983659051729516,0.7481147094961205,1.3823663169629192,8.560249927301864e-06,3.496541975869335e-06,1.5407126712192676e-05,6.202141306287402e-05,0.3470468525590942,0.4298428679582229,1.450051331426649,121.28292044497177
51.799999999999194,1.415435877365368,0.7334053244604892,1.408292950689669,1.2957501425226965,0.7343180938349105,1.8494472055333873,1.4013778630839737,0.7637276457003698,1.4050631594070744,8.41315923675797e-06,3.3938646394016664e-06,1.556990183465882e-05,6.202220431585042e-05,0.3492198979698414,0.4541586661985555,3.2554181695014774,119.61881439599058
51.84999999999919,1.4189890737108874,0.7500620207094919,1.4307419855348618,1.2907174833597208,0.7511895413612443,1.871928120582103,1.404156978528425,0.7803010804813809,1.422704044958249,8.272086632694165e-06,3.2831910995703803e-06,1.572816664815139e-05,6.202308418249508e-05,0.3521286441301299,0.44961830097433,2.4620992249085702,125.25697184258156
51.89999999999919,1.4221657635854474,0.7668031573042564,1.4531742576402111,1.2853961242875729,0.7676214890041667,1.8960333477490012,1.4060377764318508,0.795395181926525,1.448086459443192,8.13448707839332e-06,3.168412224372686e-06,1.5880624980916416e-05,6.202485436324637e-05,0.34545055311238515,0.48210454333799135,2.2030599474864254,121.25589877283845
51.949999999999186,1.4249725988763542,0.7836556347967774,1.4755686760919962,1.2796656593294187,0.7840158221079518,1.9180881153257516,1.407735746136163,0.8116491147832884,1.4718043953425681,8.00265317106016e-06,3.044791338545176e-06,1.602819917909694e-05,6.202688837305451e-05,0.34734686555563865,0.44109535153503854,1.1250125247110627,123.00089437225725
51.99999999999918,1.4273954333635408,0.8005094785096178,1.4980211390924714,1.273583283013029,0.8002491430018791,1.940492896188478,1.409494141376063,0.827454410354925,1.4925151438294426,7.876193695148336e-06,2.9131823757076143e-06,1.6170236480006817e-05,6.202928336684877e-05,0.3467152031021118,0.44809561725454633,1.7629574236363932,122.02491148086054
52.04999999999918,1.429441818165436,0.8174378512216874,1.5205199725579048,1.2670755451913247,0.8165000449670227,1.9628950550022415,1.4110804644300796,0.8434812542175768,1.5168006491729473,7.757366617674613e-06,2.77587897705013e-06,1.630617488006071e-05,6.203168731733814e-05,0.35011728458290886,0.448043176275289,3.564991678498447,118.42850662363976
52.09999999999918,1.4311070225348792,0.8344164098669691,1.5430221327082339,1.2602700986596758,0.8324436771668757,1.9855608838698036,1.4114659262601053,0.8599514384118733,1.5478809552044135,7.643403067281975e-06,2.6309600449941314e-06,1.6436075353755723e-05,6.203445318148601e-05,0.3467139316664473,0.4533165773512745,3.3210214510689746,119.3004894220165
52.149999999999174,1.432402378463675,0.8514110410374741,1.56552814993238,1.252990047308003,0.8484890204782635,2.0079137890476666,1.4119403629768768,0.8767376184688926,1.5733839219179169,7.538289181208157e-06,2.473791127257558e-06,1.65593763512947e-05,6.203700923863586e-05,0.3524004066403075,0.44705810355728115,2.512050898679528,121.6142256593162
52.19999999999917,1.4333223728400424,0.8684321321614187,1.588019423431503,1.2454192813533111,0.8642394600188964,2.0298078318211337,1.4113249593562434,0.893422771202965,1.5995812244423044,7.439355467529781e-06,2.3094078297157786e-06,1.6675597123159206e-05,6.203980956018139e-05,0.3495168335317809,0.4378808554693693,1.7260425332820157,128.77519619012926
52.24999999999917,1.433865283997975,0.8854665338155637,1.6105009042455696,1.237423469542004,0.8799541543502486,2.0531281477620915,1.4108087669458313,0.9108006331858908,1.619863194653476,7.34952258236291e-06,2.1369077037123174e-06,1.678407131409565e-05,6.204252545199505e-05,0.3526464031007844,0.4664063188191958,1.5828318755587871,136.60793064554778
52.299999999999166,1.434020303745547,0.902506470008411,1.6329837102504876,1.2290126646101993,0.8955824171315956,2.0759093358124048,1.4107600382433212,0.9275622115837582,1.6411481066261784,7.2683573309824334e-06,1.961630895133067e-06,1.688484990443342e-05,6.204510789533898e-05,0.354963581302031,0.4556237610062871,4.135635607546429,135.5031572067472
52.34999999999916,1.4337896439135895,0.9195663521132736,1.6554453043472994,1.2202905430902309,0.9109480913132358,2.098249324990939,1.4096649420949412,0.9439948140852045,1.6643904821024034,7.194361461930028e-06,1.7831494322152307e-06,1.697781412192185e-05,6.204776956673923e-05,0.35337930363927317,0.4467997835707129,2.5444263013005433,137.71245374156288
52.39999999999916,1.4331764471028885,0.936599763516526,1.6779089345231704,1.2112279213967505,0.9260930642498221,2.12181507514234,1.4084474007700156,0.9601346808160237,1.681257333646795,7.128502200794342e-06,1.5998022573840625e-06,1.7062328923427656e-05,6.205070194480052e-05,0.35299616626252145,0.4713150030280491,2.9543874863286317,139.25541893404406
52.44999999999916,1.4321766241255558,0.9536179909869814,1.7003819969803113,1.2019113606567673,0.9408940103898289,2.1433735935501446,1.4067977610265918,0.9774342610714881,1.701996802878238,7.0683750729218016e-06,1.4172730208401628e-06,1.7139646335756515e-05,6.20539449227043e-05,0.34978745396962324,0.43117036815611703,0.6086673900426773,144.397357457849
52.499999999999154,1.4307946722860325,0.9706082832164851,1.7229436533487532,1.1923527228386306,0.9553294953524389,2.1679748541522006,1.4036921219791012,0.9936804545361747,1.7373728662947725,7.014992939982767e-06,1.2312263158094762e-06,1.7208387790090162e-05,6.205777365149002e-05,0.3462749782949191,0.492025212041141,2.6882089754436445,150.41543924903524
52.54999999999915,1.429017847039031,0.9875783838752851,1.7454833190725692,1.1824473441041354,0.9695214835551842,2.1923230342874263,1.4014319966724154,1.01000109847677,1.7587799817901457,6.9730378398821794e-06,1.0336943355639393e-06,1.7265044620187883e-05,6.206184073102527e-05,0.34614670591546,0.4869636027045447,1.4202157396398962,150.45426038040515
52.59999999999915,1.4267974247657622,1.0049228082076735,1.7665846471987545,1.1721349800614451,0.9835854737696598,2.214653652104415,1.3986620915434638,1.0270916988937482,1.7817329470359677,6.940359422008607e-06,8.355327127661307e-07,1.7313315399077672e-05,6.206578016871674e-05,0.34879983468673803,0.4466123563398073,2.2259318092363367,152.06903861471667
52.649999999999146,1.4241207555073134,1.0223425141046436,1.7872280951189583,1.1614510049752331,0.9975108487133907,2.235814718503688,1.3963808194318326,1.0439137582556246,1.7950643677808236,6.917363698466854e-06,6.357797354097064e-07,1.7352344250760157e-05,6.206928230970922e-05,0.35104124366497536,0.4232213279854753,5.165060090471122,146.19329704410447
52.69999999999914,1.4210425680051586,1.0397292750046379,1.8077786949014754,1.1504168195349291,1.0112739037486946,2.2573617212046875,1.3926973933042077,1.0614871868989317,1.8169729912583952,6.901009424459905e-06,4.402522565380679e-07,1.7385165277574254e-05,6.207256214997041e-05,0.3528098477652687,0.4309400540200109,1.7659755084576463,149.39283970697383
52.74999999999914,1.4176102983261836,1.0570240226271816,1.8283216578993138,1.1392205957280364,1.0246235850810625,2.280011677289435,1.389669903174025,1.0779298997803193,1.8327362961708387,6.891738272263097e-06,2.4298027599299426e-07,1.740832035773071e-05,6.207612526524035e-05,0.3484723218014824,0.452999121694973,3.4810877982781046,143.18513158789736
52.79999999999914,1.4138296717721623,1.074263624219169,1.848865368595076,1.1277312751280681,1.037710732619915,2.3025310335026195,1.3852728712105824,1.093160314174245,1.8524561790945508,6.888714984315125e-06,4.8616206937833916e-08,1.742447006991049e-05,6.207959608899736e-05,0.34830488680918503,0.45038712426372157,1.7277631246235288,142.0994828064923
52.849999999999135,1.4097054761683103,1.091405522376387,1.8694247522138527,1.1158227245834829,1.0506765046786775,2.3249040280108026,1.3813944208836926,1.108362277029815,1.8726550154857815,6.894874965625685e-06,-1.447647435957155e-07,1.7432037775502468e-05,6.208266044434989e-05,0.3521009794012113,0.44745989016367654,4.532490125868097,134.43768528102987
52.89999999999913,1.405239800630225,1.108463237974336,1.8899874902149025,1.1037186668927235,1.063274969815347,2.347461392923483,1.3763917638530208,1.1228711332037218,1.893806913980577,6.907842223276785e-06,-3.3781019576147404e-07,1.7430782236519253e-05,6.208565992652289e-05,0.34942379960483,0.45114729825362204,3.255839063927781,132.85699034049136
52.94999999999913,1.400435659747367,1.1253883573963828,1.9104201215901913,1.091179210281715,1.075745514598294,2.3704383151562975,1.371549374086263,1.1369413222377025,1.912608027853623,6.930739049193497e-06,-5.301331427459442e-07,1.7420278708901074e-05,6.208810486193461e-05,0.3537039548341628,0.45953844465630556,3.490837488531229,128.86784214669748
52.999999999999126,1.3953065014249795,1.142092989240759,1.9305934150317756,1.0784298410439097,1.087879797270383,2.3913776014628034,1.365918848334465,1.1525797240446762,1.9293655857670728,6.959525200197482e-06,-7.200647482325618e-07,1.7402339011976847e-05,6.209046344306455e-05,0.3520219033657019,0.41878572613013154,1.0968451402316561,132.72366313309684
53.04999999999912,1.3898992708841433,1.1585605255982168,1.9514212672791587,1.0655394455667497,1.0996272700722969,2.413722638732912,1.3608693853674578,1.1681890916968736,1.9480081984544606,6.993437533596782e-06,-9.074991031011024e-07,1.7376696159083645e-05,6.209308829794341e-05,0.3488140300725673,0.44690074540219815,3.942872990055942,129.11191946392364
53.09999999999912,1.3841855696630803,1.1749365461446777,1.9723370936850297,1.0524881669110762,1.1109820070994303,2.4374695719959716,1.3554953477910434,1.182271123982178,1.9753279814041997,7.033434166854011e-06,-1.0932696742223268e-06,1.7342606572135023e-05,6.20959919814064e-05,0.34599421459015256,0.47493866526122663,5.127361337859105,120.47663954474496
53.14999999999912,1.378148634440624,1.1911663990415058,1.9935213693193772,1.0391326307068625,1.1220712751665074,2.4598101099377665,1.3495385267665732,1.1979914747687557,2.001320158038218,7.084622261646353e-06,-1.2799345992606092e-06,1.729668163689314e-05,6.209881089800562e-05,0.3471914441308173,0.4468107588359105,6.105544333538273,116.8575672024475
53.199999999999115,1.3718648577397874,1.2070516738117472,2.0155000219316044,1.0255515651185678,1.1328523833715816,2.4814357832077736,1.3424726280570538,1.21414814559465,2.021424451807043,7.145860175268044e-06,-1.4664574039044194e-06,1.723963598656888e-05,6.210164388327818e-05,0.34680793247554903,0.43251346540015423,0.7428936350653264,122.78334274960173
53.24999999999911,1.365272930423625,1.222751115070229,2.0377763489967693,1.0117510634790245,1.1433234961063092,2.503595910130448,1.3357797445792667,1.2296637831042558,2.040607591154907,7.21426953269165e-06,-1.6499525621385474e-06,1.7174074776152364e-05,6.210438251815519e-05,0.3464738538481503,0.4432025384535078,2.1317938711568596,123.58416431791697
53.29999999999911,1.3583141396263898,1.2383413362242226,2.060315881353905,0.9976099018349454,1.1535766825945915,2.5248947453171304,1.3287454545299506,1.2440363689863838,2.062373251870749,7.289889472562199e-06,-1.8289928989788684e-06,1.7101354161043335e-05,6.210673346970743e-05,0.34934900594482815,0.42597670373368285,1.9253381059634442,123.50721245028437
53.349999999999106,1.351012413964505,1.253821427778448,2.0828854155222265,0.9832780863181361,1.1634911371604972,2.5479156788070316,1.3211698307596398,1.2590574124080882,2.084136236771055,7.373497981272502e-06,-2.0053547477127733e-06,1.7019133105938114e-05,6.210882827828118e-05,0.34854598438387635,0.460418669798049,2.1053761467549275,125.10102056755336
53.3999999999991,1.3433663787559784,1.2690992943420931,2.105478377929432,0.9685793140219985,1.1731834423246974,2.56936592380113,1.3128252840715353,1.2752797244264207,2.1096504122331172,7.465395584449764e-06,-2.177279965923063e-06,1.692904501020318e-05,6.211056399348745e-05,0.3521400702744304,0.42900489988199475,5.037559088521033,127.91586153564653
53.4499999999991,1.3353665905589784,1.2842362606586648,2.1280038183021106,0.9538735778602846,1.1824382700455107,2.590398946613651,1.3051461996116487,1.2891611529605445,2.1264691092657895,7.565415198598763e-06,-2.3471968054083867e-06,1.682744272688281e-05,6.211218556061005e-05,0.3475178513858739,0.42066045625044374,2.89077514564187,127.24201991644884
53.4999999999991,1.3270333229228652,1.2991096094674872,2.15019655376803,0.9387571871599497,1.1915054175174136,2.612208778540735,1.296936108625592,1.3028393652878674,2.147907739793083,7.671346788112842e-06,-2.510477590220651e-06,1.672080376883981e-05,6.211337947171049e-05,0.35255112988794773,0.4361966385416951,2.362515458827954,126.19011547663672
53.549999999999095,1.3183819792404092,1.3138101897261902,2.1723783196952526,0.9236163640032842,1.2001446165441976,2.6339493892185306,1.287808709015144,1.3164358579780968,2.1708569558047843,7.782787265901583e-06,-2.669767551071197e-06,1.660576605414217e-05,6.211449099594416e-05,0.3486501141021567,0.43481221355593885,0.718375233006481,129.499746858933
53.59999999999909,1.3093894081331174,1.3283187925179873,2.1946886073903387,0.9081571849029649,1.2085296047602974,2.6552638499436485,1.278237638196604,1.3298347862960447,2.19562522551378,7.902595804159686e-06,-2.8237541638138308e-06,1.6482220154679683e-05,6.211518442850242e-05,0.35174192563940504,0.42628921450238283,2.2830060525179974,133.04834389118167
53.64999999999909,1.30008296772125,1.342629156641261,2.2167672024531724,0.8924988648555173,1.2165880842260441,2.6773314201202796,1.2681530529430778,1.3438735164947835,2.2207570829577206,8.031220309192896e-06,-2.9729357359727687e-06,1.6348619591966983e-05,6.211553812947824e-05,0.3522128126714236,0.44135140353264346,3.0617157726059516,137.20400430605218
53.699999999999086,1.29046919872765,1.3567147957132095,2.238842565258813,0.8767510415516873,1.2242579898698962,2.699393164349578,1.2578065093203752,1.3575705194279881,2.2465173544841868,8.16768320770356e-06,-3.1171698231199046e-06,1.620493793005982e-05,6.211580941162798e-05,0.35033346193993936,0.4412348845859874,2.4039503330159064,141.19790364366168
53.74999999999908,1.280533445403472,1.3705893329766554,2.260885106269585,0.860979130623513,1.2315270116658636,2.7200558819583573,1.248212976313233,1.3712153297182756,2.2583397852531464,8.311256105295297e-06,-3.2560859613403563e-06,1.6051451290209706e-05,6.211614390559646e-05,0.34733418073065503,0.4132543521756179,3.543379325994287,141.92608988413784
53.79999999999908,1.2703030971074771,1.3842403853320628,2.282896040843067,0.84486097277049,1.2385368223758724,2.7426748066312445,1.2378748809336524,1.3841097904984372,2.2808525036215954,8.455288335313766e-06,-3.38656007643712e-06,1.5897982567064997e-05,6.21160279746717e-05,0.351536985438597,0.4523784934577665,2.015589730570656,142.34604774459444
53.84999999999908,1.259772856212087,1.397660818975229,2.3048862583820737,0.8287373542747931,1.24511260088926,2.766025454917626,1.2275911982801413,1.3967661389116408,2.3029419851926214,8.604545494979442e-06,-3.5111091744996573e-06,1.5736412670778354e-05,6.211580290959918e-05,0.34826754892756806,0.46701296572766454,2.1459313519012126,140.08390365209655
53.899999999999075,1.2489598166393059,1.4108373105849865,2.32685449247263,0.8125350143749294,1.2512918381403688,2.7884563945088106,1.215933232588733,1.4093529611065507,2.3288777371165956,8.758350155096732e-06,-3.628975271375277e-06,1.5568272424229406e-05,6.211553736829062e-05,0.34682064501944815,0.44861879182371095,1.3002262559375377,144.79047262183937
53.94999999999907,1.2376880958404912,1.423890390443352,2.347903892951121,0.7959879863656066,1.257184525349347,2.8105002520536786,1.2034404455317926,1.4217278642066669,2.3526307572640555,8.920653653246916e-06,-3.738733643689474e-06,1.5391858873866246e-05,6.211445599766104e-05,0.35130635770532903,0.44087715089739193,2.230053015859851,154.09499571402935
53.99999999999907,1.2262089065753397,1.4366615773610427,2.3692050319972178,0.779047539596657,1.2627927012449078,2.8332923962012373,1.1917158137551314,1.434563776494191,2.3705838191216095,9.09004946141607e-06,-3.839590152704666e-06,1.5209046256522878e-05,6.211259125842959e-05,0.35690007501529947,0.4558428829511872,2.229600261483597,155.82349105207405
54.049999999999066,1.214542486662355,1.4491206026847718,2.3909533817540374,0.7623919055159055,1.26788512237861,2.856449912408787,1.1804674551083316,1.4453506467749777,2.3945513526487296,9.258755869729804e-06,-3.934544023883098e-06,1.5021972975201327e-05,6.21109030550209e-05,0.3483426222292495,0.46315032415102425,3.3111897642759236,153.71592957362617
54.09999999999906,1.2026166306789672,1.4613143591685003,2.412714043743394,0.7454977917312192,1.2726421365757092,2.8777922556207844,1.1684089802425777,1.4580124487189536,2.405712823457492,9.432369944979519e-06,-4.0208644202863395e-06,1.4829636010937465e-05,6.210880401033984e-05,0.3510281797748493,0.42684686423995694,2.246577363014339,158.43503156654114
54.14999999999906,1.1904093976115973,1.4732723519573265,2.4344195164135183,0.7282648133278515,1.2770939566009656,2.8997840285331957,1.155660384506911,1.4695233706567232,2.42643351798654,9.603199247237408e-06,-4.099009703474468e-06,1.4640687740758937e-05,6.21059793582786e-05,0.3559814682313169,0.4398354582482433,0.5606113670257966,163.51602774832008
54.19999999999906,1.1779849997071932,1.4849378833332647,2.4561249423646485,0.7113790552307863,1.2810482445644267,2.923333930872473,1.1442263184031995,1.4796716998799062,2.449732878856512,9.775181389391385e-06,-4.171050138665363e-06,1.4445185292382755e-05,6.210334680020835e-05,0.34685969527136373,0.47099804678557305,3.859465198574145,156.59568320956683
54.249999999999055,1.1652701901195204,1.4963643489103793,2.4776986189586907,0.6942775119953619,1.2846429929692949,2.9454834483365904,1.1311084261793372,1.4901432207935663,2.4729676734469432,9.951078003026429e-06,-4.234205041310042e-06,1.424549343587458e-05,6.210063407684254e-05,0.34951250771262865,0.4429903492823731,0.41194084076154824,160.2644461491485
54.29999999999905,1.152281459978612,1.5075026965097957,2.498946487662594,0.6770327753844574,1.287876402000426,2.9670036153878545,1.1178454731234404,1.5012903875839525,2.4962338309507626,1.0130392890464977e-05,-4.288438215923613e-06,1.4041484054467982e-05,6.209758201992905e-05,0.35091181534278065,0.43040334102531763,4.3171588439208115,159.23835218916022
54.34999999999905,1.1389816785370366,1.5184009192215604,2.5198476323239443,0.6601193029052478,1.290675371493584,2.988179229410208,1.1038181615985916,1.5111476455580732,2.5188393429559834,1.031113045753573e-05,-4.335570232373006e-06,1.3831337748708084e-05,6.209453827548172e-05,0.3428765165434349,0.4235122804470909,0.46791156505219383,166.29356179190427
54.39999999999905,1.1254562545016449,1.5290078374808398,2.540703302845943,0.6431222858513647,1.293111832033348,3.010253167062169,1.0909081422402545,1.5215756434859786,2.538672426523929,1.0494406054509274e-05,-4.373590330387535e-06,1.361753333776717e-05,6.209144502003181e-05,0.34342213133369365,0.4414787530392472,4.326671095787239,160.37689519003945
54.449999999999044,1.1116278032397593,1.539389991307915,2.5609153455671056,0.6257971887275513,1.2952301888133306,3.029597993851957,1.076468636421325,1.5315722946902783,2.557799374981534,1.0677638235161042e-05,-4.402708055807509e-06,1.3404890156974425e-05,6.208724100933222e-05,0.34908791238451004,0.3868965357957794,1.3924996036813995,165.7871003820944
54.49999999999904,1.0975221401861268,1.549514694660744,2.5807836413810867,0.6084496536835022,1.2970020630594408,3.0500136289955293,1.0622040545696545,1.5415830712056071,2.5783324935230825,1.0860391017027623e-05,-4.423782634914114e-06,1.3191343753938784e-05,6.208254483493058e-05,0.3487618512468371,0.40831270287145566,2.6195823178624327,165.07641960726775
54.54999999999904,1.0832291791279491,1.559342801207418,2.6005955618719416,0.5911496320457383,1.2984025447712082,3.0716187686856244,1.0479099472012265,1.5509293862199196,2.599950914460112,1.1043174435450905e-05,-4.436640421076519e-06,1.2976045941612345e-05,6.207789011784652e-05,0.3471390592957695,0.4321027938019338,1.1203913155961998,163.8869920381206
54.599999999999035,1.0687328872594608,1.5688928559876094,2.620369114053959,0.5735502096313186,1.2994394626177477,3.0938671619964495,1.0338971991710335,1.5603256623508044,2.620891841452959,1.1227041081470053e-05,-4.4396779827283314e-06,1.2760783754572965e-05,6.207237202701676e-05,0.3526061197082758,0.4449678662165148,2.355603680269284,157.85441410311293
54.64999999999903,1.0540774138972226,1.5781331107518628,2.64009384209634,0.556100734009487,1.3000952011770532,3.114194954497079,1.0185999946739328,1.5693915301356784,2.6459729553382187,1.1409292258469376e-05,-4.4353880652241725e-06,1.2544872110462052e-05,6.206668331494419e-05,0.3492418602920356,0.4065558500126167,2.1856323153285557,159.22522847285242
54.69999999999903,1.0392188444613208,1.5870940160726916,2.659799607643697,0.5387408795514951,1.300395284647931,3.1344216772522877,1.003723494395637,1.5780622881951027,2.6700085670358096,1.1592730911288069e-05,-4.421538438051192e-06,1.2325986749343672e-05,6.20609027850985e-05,0.34725487740411126,0.40453445510419483,7.169162120287955,157.23178460879012
54.74999999999903,1.0241914805126688,1.5957576046461461,2.679446083791698,0.5211762220338149,1.3003498300587928,-3.1292460013105305,0.989546710595572,1.5849844480308086,2.6900390898641717,1.177680592570463e-05,-4.397689113834552e-06,1.2107451750363736e-05,6.205454577415615e-05,0.35129990259474264,0.3903525723353933,2.395109266077123,156.24797925313518
54.799999999999024,1.0089948514367306,1.6041245557472557,2.69904954670297,0.5037527987801351,1.2999537460206587,-3.1084814387479907,0.9760441461520581,1.5917100809882758,2.710493114990542,1.195869175306106e-05,-4.366461287399155e-06,1.1889666594651755e-05,6.204861915855972e-05,0.34856475666194475,0.41529125125082517,5.151256013157489,149.2509010270386
54.84999999999902,0.9936623274044487,1.612167630773273,2.7186629444567703,0.4860607696316212,1.2991908965358252,-3.0885207352405244,0.9610983481418961,1.5987216172868914,2.723282831692627,1.2138560148329104e-05,-4.3267580072711095e-06,1.1675836792619445e-05,6.20423361892884e-05,0.35417523735804973,0.3992140701493458,3.104164527345916,151.651448135135
54.89999999999902,0.9781434129856409,1.619920647268287,2.7380782484580104,0.4686159704940067,1.298080949657287,-3.0675834059179254,0.945176218783041,1.6054506526846966,2.7521735401358747,1.2311914015858295e-05,-4.2838013001939795e-06,1.1466277176810445e-05,6.203592024179e-05,0.34960787257730047,0.41874658645200297,2.3461354963245853,155.8507170744749
54.949999999999015,0.9624832321935373,1.627373568963448,2.757715597835033,0.4510043551537614,1.2965899001514178,-3.046679039096215,0.9290857790602252,1.612038583035374,2.7708205771270364,1.2486960946876895e-05,-4.228473998493168e-06,1.125596192262898e-05,6.202898389502353e-05,0.3534988542328861,0.418087336434237,0.7744382937570977,161.844908650327
54.99999999999901,0.946762465685332,1.6345280313457748,2.7778769937201204,0.43348920255800827,1.2947403551487007,-3.0260923362397483,0.9141857985121393,1.6184822052165695,2.784591375901762,1.2657878197731689e-05,-4.167177060555753e-06,1.1048999686270854e-05,6.202213935617392e-05,0.35225691930727465,0.41173405712935623,2.7544117559267787,159.60056574005253
55.04999999999901,0.9309184045531097,1.6413477009894308,2.7981718314003388,0.41589347602049653,1.2925165645194618,-3.0056611283370747,0.8982281772848083,1.624821973823367,2.8073056297608048,1.2822704585561286e-05,-4.1021542099310735e-06,1.0848885330389829e-05,6.201501164061455e-05,0.3547200471006525,0.4086241580534986,1.8244045991474986,160.67903134322043
55.09999999999901,0.9149690132416224,1.6478309988067399,2.818527157435985,0.39854737184484845,1.2899679273044766,-2.9857547810958733,0.8830904136121207,1.6302533999113704,2.825567964260501,1.2984937102828475e-05,-4.029636297758335e-06,1.064962822546404e-05,6.200878236717679e-05,0.35065255298679837,0.39812694482404837,3.937174176587066,160.13480630544709
55.149999999999004,0.898852695529936,1.6540040611281435,2.838737860825206,0.38116776737662006,1.287049356082095,-2.9646737034368975,0.8685338915753874,1.6360775835811814,2.838853943745825,1.3143023018688864e-05,-3.951044200751681e-06,1.0455054316055916e-05,6.200247805017741e-05,0.3524657211183173,0.4216215531795403,4.877510971806558,153.19711979806874
55.199999999999,0.8826311192207509,1.6598386921047985,2.859021970396795,0.3642919672476641,1.2838532986284978,-2.9441710933722742,0.8527436229040698,1.6411051683953182,2.8577908734684687,1.3294193393668623e-05,-3.871489924992484e-06,1.0263785272622584e-05,6.199702666679533e-05,0.34352161358075284,0.4100522012924872,2.028515671845221,154.66780384632662
55.249999999999,0.8662877400515873,1.665346877575859,2.8791265319768082,0.34712212775253193,1.2802278231660784,-2.922820361175975,0.8368604554533582,1.6463982159935202,2.8780818044945313,1.3441651001278284e-05,-3.7850134460602266e-06,1.0079081227417917e-05,6.199167719083864e-05,0.3509753034814057,0.4270146439260026,2.422677175457528,151.55549576860642
55.299999999998995,0.849828887933216,1.6705183508888202,2.899222309080222,0.3303961801238659,1.2763104484192584,-2.9002396703054543,0.8217281045234972,1.6501634392101785,2.905526480431,1.358525202840605e-05,-3.6928114930329992e-06,9.895426825394426e-06,6.198724818994904e-05,0.34357863054813054,0.4516138174104418,5.388247226377386,147.8345934697402
55.34999999999899,0.8332823518568354,1.6753665791664472,2.9193030069473362,0.3134948269237249,1.2719580784895086,-2.8788656388517637,0.8057915527223299,1.6539086935612768,2.92557616236053,1.372698581350642e-05,-3.589873777427636e-06,9.716201601200713e-06,6.198342474561045e-05,0.3490618630438107,0.42748062907383827,2.1716745096081764,150.1897030279223
55.39999999999899,0.8166052179296276,1.6798767649953938,2.939161493119397,0.2966843291825342,1.2672465959295611,-2.8578010746999047,0.7894466355884764,1.6580880722154379,2.943664231802873,1.386390661397219e-05,-3.4817090561566552e-06,9.542018137198962e-06,6.197935996592843e-05,0.3491716898695317,0.42129128303720614,1.8887311278798238,149.8509755747207
55.44999999999899,0.799895563017321,1.684033917956564,2.9591169609070636,0.27978573185093014,1.2621377970299203,-2.8382148639512703,0.7727924826610841,1.6611259420129967,2.9697366390702387,1.3995544310407315e-05,-3.3697700254411e-06,9.375242407579914e-06,6.197569428910994e-05,0.35308490847547047,0.3917242149727127,1.9868748591616356,154.2024830254327
55.499999999998984,0.783049903159373,1.6878759155010656,2.978880437408962,0.26323385067928257,1.25676400825775,-2.8171157278052776,0.7556614079118424,1.664955431465559,2.986049418985438,1.4123486801264872e-05,-3.248849366681555e-06,9.210417625525425e-06,6.197271392755753e-05,0.34805379533796127,0.42198272291988054,1.519475357622336,155.35635783868182
55.54999999999898,0.7661375499028517,1.6914077923384236,2.998566652141636,0.24677158726614024,1.2510373048339836,-2.7965201756567586,0.7400164692927996,1.668970293318099,2.998181519025553,1.4245308344598544e-05,-3.125955896792882e-06,9.052366684604695e-06,6.197057949708968e-05,0.3486040664141748,0.41191104297040043,5.029019549035821,146.9403744801944
55.59999999999898,0.7491868369133581,1.694609218146212,3.0181472027825436,0.23034240785510585,1.2449483977261446,-2.776822894800747,0.7239110568337559,1.6715420806033776,3.019942617856332,1.436038655994164e-05,-3.0041030546818594e-06,8.902265521209075e-06,6.196881599225133e-05,0.3504298227836317,0.3939456171202545,2.9128401853819943,144.77617544423748
55.649999999998975,0.7321516551477945,1.6974761663299607,3.03764747480459,0.21392794308792407,1.238496329214716,-2.757322734000515,0.7073319328007526,1.6728084355096748,3.044148808865433,1.4470665696912018e-05,-2.876569350828812e-06,8.758630930919555e-06,6.196826302558523e-05,0.35274563008191523,0.3900032160046657,2.6186373176789166,151.11522445947062
55.69999999999897,0.7150720071488774,1.6999985359171805,3.0570749911585753,0.19786097440175954,1.2318253543020572,-2.738784279750951,0.6910160903630772,1.6753042554058726,3.057433311293802,1.4575795650933441e-05,-2.742556581017099e-06,8.618691836509269e-06,6.196904543175333e-05,0.34794140709658605,0.37076908499129313,2.9851832343595452,149.0104202142945
55.74999999999897,0.697933104402136,1.7021692456974251,3.0764877618632864,0.18191360264105086,1.2248402401397798,-2.7187235571030137,0.6743871896717127,1.6765665754537398,3.075060580776549,1.4674708534267487e-05,-2.6088867383967503e-06,8.485777159101395e-06,6.197123548949866e-05,0.3482072091540367,0.4012144529587689,0.8743261066191448,153.41164457571753
55.79999999999897,0.6808095684251836,1.7039647226998156,3.0959546584356863,0.16589127913577126,1.2174400872335516,-2.699107622456548,0.6581663246398907,1.678213563342939,3.0921517319668235,1.47675942916508e-05,-2.4731424510088956e-06,8.361224392115403e-06,6.197414488806164e-05,0.35297994355272505,0.3923186929293402,4.377425340015089,150.92585702702078
55.849999999998964,0.6636073588547939,1.7054307816992964,3.1153199072806315,0.15026262843854044,1.2098510066419292,-2.6799748104174084,0.642692963055445,1.6794072714020354,3.1056432858531533,1.4854563878440857e-05,-2.336091258476332e-06,8.240993016250653e-06,6.1978645142676e-05,0.3474812656956047,0.38265624078280813,3.3315696044935894,149.1870983153848
55.89999999999896,0.6463799351088506,1.7066045156332426,3.134396351509226,0.13472666533126676,1.201943249902578,-2.661572135991337,0.6274980840378379,1.68010434203767,3.1249140513296574,1.4935603517510549e-05,-2.2001068507867153e-06,8.127842360263231e-06,6.198439109889618e-05,0.3486587689729919,0.36805348852144687,3.904221465875728,144.14872014017263
55.94999999999896,0.6291134390820611,1.707457091978215,-3.1298666275597706,0.11915574853930552,1.1936310557749925,-2.6409281589543694,0.6102401205491729,1.6800402612922511,-3.1314365414018956,1.5010899870942732e-05,-2.0603170469787277e-06,8.022862238511435e-06,6.199112217423993e-05,0.35301959469032784,0.4128795407393748,1.1021026402192282,145.1536277090249
55.999999999998956,0.6120208495515059,1.707965401817583,-3.1106278999312105,0.10390155267383722,1.185093360474048,-2.621745122582356,0.5919259573749441,1.6802084892173788,-3.1081436516262797,1.5079975641644611e-05,-1.9132005409124607e-06,7.923265057340404e-06,6.199971465355915e-05,0.34962385710762484,0.38366072744028507,3.0311001411267773,149.41157385423176
56.04999999999895,0.594893975520826,1.7081457768950727,-3.091459132275878,0.08892330136850203,1.1763261917358485,-2.602319476946079,0.5756078871948038,1.680133690315894,-3.089736876345466,1.514276061457133e-05,-1.7610226105863664e-06,7.829834184473597e-06,6.201080432547822e-05,0.3471142359575302,0.3885129127255605,3.425779504963055,147.97135470798162
56.09999999999895,0.5777965487261769,1.7079966794300465,-3.072355117314104,0.07392031826297771,1.1671537264993503,-2.5833812054732865,0.5579715746786549,1.6800570154597088,-3.0741321390762675,1.5199308637413384e-05,-1.6080655538723446e-06,7.745344601309616e-06,6.202344893754912e-05,0.3517003627382601,0.3787654294558757,1.4163172465802207,150.10003341436928
56.14999999999895,0.5606766318488763,1.7074980547577638,-3.053349441295067,0.05916017950943717,1.1577567906685844,-2.565948341790995,0.5417373325301615,1.6798696991578916,-3.0571184535872504,1.5249883945773765e-05,-1.4565223144266331e-06,7.6668146080344e-06,6.203789897975094e-05,0.3499553416513634,0.34865727364585075,4.492328507888587,144.79835225923455
56.199999999998944,0.543590045709666,1.7066784917613973,-3.0343940961751503,0.04476003622494193,1.1482134615849278,-2.546699950790053,0.525373817530749,1.678194966779329,-3.030844439716292,1.529469761006167e-05,-1.3038893619263374e-06,7.59341696013071e-06,6.20540148413369e-05,0.345513224701787,0.3849678200188608,3.6841486236430727,144.74957992101253
56.24999999999894,0.5265176191279298,1.7055478324638358,-3.015619161869565,0.03028529062578172,1.1382380200991733,-2.5296555633679314,0.5094672058473894,1.6769515170936755,-3.015579933430275,1.5332391236171225e-05,-1.1462247858798156e-06,7.530758912869012e-06,6.207204463344818e-05,0.3515879260936991,0.340887748442453,2.966187534949067,142.9026481970902
56.29999999999894,0.5094715141978791,1.7040887940030978,-2.9969327677216393,0.01620752788660576,1.1281542697803024,-2.5103799350570823,0.49243340742446684,1.6757105498198828,-3.0028372219350365,1.5364193985479732e-05,-9.891916037643735e-07,7.472818671145467e-06,6.209194381189696e-05,0.3463378171587669,0.385512566217001,2.009938024706364,143.75889965868663
56.349999999998936,0.49243993109403855,1.702302231927294,-2.978349356967172,0.0021517180981686715,1.1176723097447667,-2.491268901853235,0.4760212059523094,1.6742487826165928,-2.987641258431004,1.5390917246251653e-05,-8.358460085898131e-07,7.422684745679806e-06,6.211322815512226e-05,0.35068312324182555,0.3822206640769682,3.3368869227364284,141.10160047502853
56.39999999999893,0.47542387866198055,1.7001872711593642,-2.959859366414387,-0.011624682074573817,1.1069891603139979,-2.4727123601426144,0.46101936765642065,1.671176362060369,-2.966912822356149,1.5412686635808982e-05,-6.839198537314002e-07,7.378110495329005e-06,6.213588219016525e-05,0.34867039146732726,0.3711308342124324,2.5205725669470516,141.79746453909723
56.44999999999893,0.45849810508775446,1.6977605689971653,-2.941474733021416,-0.025208445046512994,1.0960547986896667,-2.454959063869274,0.44528205476481475,1.667792214572837,-2.945934789445772,1.5428295058307297e-05,-5.301121883639332e-07,7.341227925027878e-06,6.215985148850586e-05,0.3487617337697575,0.35506592546682575,1.903938841366597,144.9122270922421
56.49999999999893,0.44158842319862,1.695010449768939,-2.9231968598125535,-0.03866333161988417,1.0848243390325638,-2.4371669356142247,0.4291485711166133,1.6647791132254222,-2.9307942815574264,1.5437519884902975e-05,-3.744948317460023e-07,7.313100548725405e-06,6.218575184640831e-05,0.35052263820919516,0.3558425651010088,2.0317178718273308,147.3547508878539
56.549999999998924,0.42471939770618344,1.6919464495756613,-2.904983940632503,-0.05218419356665694,1.073119361339216,-2.418944311063335,0.41281262026796556,1.661641793623542,-2.9076303463421795,1.5442025787509666e-05,-2.2151173223292494e-07,7.2942766584196595e-06,6.221255218938147e-05,0.3576753057165182,0.3644524910178146,4.8365878403904095,142.764123214823
56.59999999999892,0.4079310286069392,1.6885809590087635,-2.8868087337392057,-0.06517786428514391,1.061448931415383,-2.4006428524671373,0.3972849465364285,1.6582058887370392,-2.8918431811656387,1.54391350318073e-05,-6.453970223521107e-08,7.280798708075249e-06,6.224075214496845e-05,0.34930956333610225,0.36602917192397283,1.8104472439092354,142.3564039918219
56.64999999999892,0.39120939061656046,1.684903919481283,-2.868745593367922,-0.07789217474061351,1.0495975916022255,-2.381975567013508,0.3799907106131763,1.6544455163905047,-2.8725738653016353,1.5431325012210763e-05,9.090356688379396e-08,7.273078406338775e-06,6.227032264944675e-05,0.3476301015614691,0.37334570907260695,1.4429955409270403,142.17596320775687
56.699999999998916,0.37455081982023203,1.6809118839092254,-2.850830949805579,-0.09056367805795741,1.0373350592651442,-2.3632147068937472,0.3633850171121576,1.6503859336021487,-2.8530760008255247,1.5418184772846363e-05,2.4601038185630454e-07,7.275151004041544e-06,6.230156999380019e-05,0.3526731154080458,0.3752172023952306,4.26265456388918,140.7368876601718
56.74999999999891,0.3579546366839138,1.6766248088316882,-2.833076967264491,-0.10297454016530491,1.0248851784625261,-2.3460352954343446,0.34783978649934466,1.645940756203337,-2.8345351636500156,1.5399583553986284e-05,4.009784521656474e-07,7.284239503292274e-06,6.233381188586084e-05,0.35158875449977167,0.34358822918807164,1.886008543271736,139.50231235071567
56.79999999999891,0.3414319251522387,1.67203639928123,-2.8154024964557047,-0.11532917981146376,1.012039362464756,-2.3273770747630897,0.33171082245651895,1.64011637499145,-2.8099760701010896,1.5376057774994292e-05,5.551394218445735e-07,7.302966098911621e-06,6.236619136902447e-05,0.35646111985833817,0.37316441342512074,1.3922277193112698,145.50928818404577
56.84999999999891,0.32502043752352155,1.6671583128056102,-2.7978288338573614,-0.12712995948823091,0.9993065131614788,-2.3090654095308047,0.31537616616009556,1.6353672757935418,-2.799267386513255,1.5344401294294033e-05,7.132361822353781e-07,7.3279236344208396e-06,6.239982758128776e-05,0.3472130608701255,0.3662333046457239,1.9136963191689766,146.77253817296395
56.899999999998904,0.3086852323112961,1.6619782815575754,-2.780336770980645,-0.13885865333677638,0.9861752785969242,-2.290607600712368,0.29893414910419336,1.6303232660342788,-2.783179347631845,1.531149009647403e-05,8.654249583590309e-07,7.358711062778456e-06,6.24337062077263e-05,0.3521365540069742,0.3691561763687614,2.64140369382777,145.45745960734482
56.9499999999989,0.2924470668348621,1.656509944010579,-2.7629388278560936,-0.1503538191645796,0.9728471867873929,-2.2743707779056375,0.2832531649024207,1.6245821734500887,-2.765141806908471,1.5275217907516343e-05,1.0150557906409072e-06,7.395158815540734e-06,6.246741218480938e-05,0.3520134511267241,0.32473645613462865,1.7031247896008679,146.01918301868687
56.9999999999989,0.27629297482713705,1.65074773241417,-2.7456515090809237,-0.16152892520616613,0.9594399712748323,-2.2569120256763404,0.26883777154982325,1.618277457284496,-2.7478866123580157,1.523409041491454e-05,1.1646598973161442e-06,7.437841941084154e-06,6.250033597189954e-05,0.3490811716079155,0.3491750445859576,1.4870856098193368,149.2331654383222
57.049999999998896,0.26024888936730567,1.6447106066891528,-2.72850726391671,-0.17253084902356114,0.9457524157472399,-2.238776242193519,0.2531539857337163,1.6127702432397264,-2.7291625486435613,1.5188554959179953e-05,1.312466275154402e-06,7.488124763873269e-06,6.25322194322669e-05,0.35122639810332074,0.3627156696564489,4.761300138867177,142.29137872690416
57.09999999999889,0.24428709083761838,1.638392873824643,-2.711447614210383,-0.18307884725016987,0.9321312915107011,-2.220668230540792,0.2374829282812159,1.606594627987548,-2.711318387012152,1.5137625521447066e-05,1.4606408496368272e-06,7.543176255200443e-06,6.256389002670094e-05,0.34455966224864276,0.36216023305455963,2.3208067630881173,139.4341099135825
57.14999999999889,0.22844018998867824,1.631801824428122,-2.6944747517829315,-0.19351365416519836,0.9181534955206728,-2.203474226646718,0.222843808817018,1.5999109789468382,-2.694809175184039,1.5083073676344525e-05,1.6061936503303823e-06,7.606581330230493e-06,6.259560720132577e-05,0.3488675806639595,0.34388007788149977,2.549194047526304,139.64162201796978
57.19999999999889,0.21269199616202336,1.6249326244322446,-2.6776256639579112,-0.2036983298695773,0.9040026601065122,-2.185799067436848,0.20945108763628154,1.5930602213760618,-2.6761350408663,1.5025199932094346e-05,1.749883691391107e-06,7.676065139962383e-06,6.262501956345392e-05,0.3487014057792194,0.35350318419742616,3.469246858530477,138.53818163989018
57.249999999998884,0.19709872627063424,1.6178106083607637,-2.6608790156961706,-0.21358029958141742,0.8897584039415296,-2.16883320852021,0.19344162162604742,1.5857060952393929,-2.6635105203765543,1.4962336849863188e-05,1.892269125268477e-06,7.751714244447468e-06,6.265358350279965e-05,0.3467329626308135,0.33931717833277186,2.630054938186631,141.97976412778806
57.29999999999888,0.18159892015922124,1.610416254636553,-2.6442398602782653,-0.22325605629820514,0.8753133986720548,-2.153143883036586,0.17907682128660557,1.5776725641323928,-2.6447949718358075,1.4898857116852447e-05,2.030452777010702e-06,7.831123726709542e-06,6.26811076484524e-05,0.3477267007089738,0.3137865096725023,2.859561283355524,146.2400736743259
57.34999999999888,0.16625382869256627,1.6027704965502274,-2.6277325365333564,-0.23280005595880637,0.8605586416613573,-2.1367530311438894,0.16539930464995,1.5699887653791642,-2.6242661231344244,1.4831028087332765e-05,2.166545077240163e-06,7.919332203475713e-06,6.270746226259488e-05,0.35145281183729665,0.327817037853956,4.313844062627872,145.0132437541409
57.399999999998876,0.15101090399132303,1.5948559339060815,-2.611327039833036,-0.2418659502739671,0.8460361878088891,-2.120984260114526,0.15176073548597022,1.562161372632684,-2.6049496255400744,1.4756157927474614e-05,2.3033468420605234e-06,8.011962183264794e-06,6.273169074259765e-05,0.34240220730600274,0.3153754205872881,3.007929288175974,144.08984880844542
57.44999999999887,0.13590052396779698,1.5866877506427286,-2.595020561667709,-0.2508513003260243,0.8310973657996436,-2.103617271349797,0.13696312326405002,1.55395915297684,-2.5963486583303808,1.4676774358728935e-05,2.437066826630144e-06,8.11467231926756e-06,6.275526330238381e-05,0.34866175996357235,0.34733977529459076,2.5055734295963905,148.65565790835998
57.49999999999887,0.120956333090485,1.578284341436625,-2.578840142011129,-0.2595958613109115,0.8159803450194444,-2.0868336710305764,0.1233625143740842,1.545170238294677,-2.5737613032784856,1.4599119038787225e-05,2.565270880128856e-06,8.21788175851591e-06,6.277708782410949e-05,0.34928431032274526,0.33567200638443667,3.337607036636877,149.66547691032963
57.54999999999887,0.10611175644996784,1.5696167303568114,-2.562742707206752,-0.26796848203774754,0.8009871673023842,-2.073341665554409,0.10968992655958375,1.5368220600414086,-2.5536452232741897,1.4514098524054783e-05,2.6932292849069366e-06,8.327112087502084e-06,6.279718356258462e-05,0.34345342005226,0.2698401095233617,5.235494878039042,146.49357631593136
57.599999999998865,0.09144118216581136,1.5607242499598863,-2.546737336019153,-0.27624885886712536,0.7856330306024969,-2.0574222623462184,0.09446446752384396,1.5270720381473362,-2.5421978324253196,1.4423434685452584e-05,2.8178241014886487e-06,8.446613931456198e-06,6.281742508075137e-05,0.348895732912954,0.3183880641638337,2.50260930454279,154.20400034649683
57.64999999999886,0.07690109940722094,1.5515764597699406,-2.5308618987377662,-0.28430070090478127,0.7701106967317525,-2.041202655694865,0.07923022632731636,1.5171873868203904,-2.5264692230001757,1.4332660905087894e-05,2.9376972360614154e-06,8.568338780501194e-06,6.283670222188307e-05,0.34973230481542567,0.3243921330270857,3.224228547628292,158.29495780895132
57.69999999999886,0.06251094764115675,1.542194229007531,-2.515132903887535,-0.2921314035095521,0.7544047552848558,-2.0254154256842734,0.06423107456103318,1.5076833388197601,-2.515605115108268,1.4238966501896297e-05,3.053648112522033e-06,8.694936167666412e-06,6.285532487168268e-05,0.35100022626677335,0.3157446002118493,1.819722123846876,160.08005400572978
57.749999999998856,0.048255363336107214,1.5325770671511143,-2.4995647543275625,-0.2996370563509545,0.7387339244161698,-2.0095209700444894,0.04990097667885933,1.4972476146271891,-2.500854699207624,1.4144467966122029e-05,3.1658159245084887e-06,8.821567948694563e-06,6.287270545664302e-05,0.34751467354334686,0.31788911279569504,0.41295288040198597,166.8293357606999
57.79999999999885,0.03417788433001338,1.5227560464122378,-2.4841096074408227,-0.30692653234259315,0.7228874469380456,-1.9943592018085017,0.03610517271549144,1.487511491004179,-2.480563741102054,1.4047410124830165e-05,3.273756197303127e-06,8.952142501193327e-06,6.288881905108264e-05,0.34885706936153665,0.30323536471977014,3.3237531998239396,161.9413665684966
57.84999999999885,0.02025083739944767,1.512709229754695,-2.4687765686849694,-0.3140178282616845,0.7068218582570216,-1.9785861117384256,0.023017840357476515,1.4773924564492227,-2.465986048488809,1.3944053189169629e-05,3.378096526680415e-06,9.0909260920571e-06,6.29038134362915e-05,0.35122415136593127,0.3154618014015389,1.415203215874363,163.93313534934885
57.89999999999885,0.006463642482719384,1.502429163541855,-2.453567838230488,-0.32099924727129336,0.6903078987494947,-1.9629478657208217,0.00876237134591504,1.4670860244328712,-2.4515570375532594,1.3839274867969806e-05,3.476252249981571e-06,9.235309716914134e-06,6.291875068216336e-05,0.35858478557572865,0.31276492035209746,3.828825907218347,161.9951946271557
57.949999999998845,-0.007158716414509552,1.491931287923454,-2.438631637057206,-0.3275753741015542,0.6740767331149549,-1.9485284708826387,-0.004346457826065093,1.4566939521618498,-2.4357125393872248,1.3730730696856817e-05,3.5722487829987827e-06,9.37929488622972e-06,6.293187277494747e-05,0.3502579026913938,0.28838789676367643,2.5521862000863513,160.42589649540793
57.99999999999884,-0.020745689167686633,1.4811372295286833,-2.424521426796418,-0.33397290269318425,0.6576096551066819,-1.9341783270872532,-0.01779703386288989,1.4464495518752278,-2.4201730765158147,1.361894637294963e-05,3.6631341235270526e-06,9.527977068385547e-06,6.294446888979574e-05,0.3533261303414763,0.28700287590772705,5.220708873818904,153.61797058385295
58.04999999999884,-0.034259826622979016,1.4700386956981508,-2.4112113906295254,-0.34011441380934376,0.6411205268026182,-1.9204950994055705,-0.03098742739659927,1.4352729625809293,-2.404785353789508,1.3503703615788542e-05,3.7499817511150085e-06,9.679271855130706e-06,6.29561181417408e-05,0.35191722990726987,0.2736645536336722,2.71876854982885,152.6032334033615
58.099999999998836,-0.04761792036122351,1.458717029894272,-2.398168710812669,-0.3460009854329203,0.6245945821733146,-1.9054757752406914,-0.042286924408300286,1.424717985347225,-2.3879615418070586,1.3384426167025849e-05,3.832654388821197e-06,9.833606302757798e-06,6.296621754935972e-05,0.35086427962180844,0.3003864832975981,3.0977372364176663,149.34293891337114
58.14999999999883,-0.06080549703619344,1.4472150461451956,-2.38528663686947,-0.3516415873524744,0.6080043385320442,-1.8915851477707362,-0.05510766406702036,1.4143478405291776,-2.3786720911917976,1.3261063626970863e-05,3.910671174331221e-06,9.991083164545293e-06,6.297542841860333e-05,0.3504611312409936,0.2778125493991229,4.99035034979009,141.68677099616397
58.19999999999883,-0.07385294733601529,1.4355290440619355,-2.3725183281599027,-0.35705429901813246,0.5913039551435917,-1.8768555591966751,-0.06745433981623421,1.402898858211092,-2.36920137974431,1.3138527506662775e-05,3.983705747879895e-06,1.0147578796730021e-05,6.2984381029957e-05,0.35111583572258737,0.29459177148123816,2.325644420434617,142.99339047461675
58.24999999999883,-0.08672765994605433,1.4236994017281366,-2.359840300280859,-0.3622690147413558,0.5744370002540741,-1.8644292117016263,-0.07986477204937145,1.391527461216725,-2.3577169893462546,1.3017776378452295e-05,4.051582089744288e-06,1.0302687905378376e-05,6.299299741988775e-05,0.3530957026613772,0.24852694990098798,1.4086926322960571,140.71376924197708
58.299999999998825,-0.09965144271995163,1.4115331642576614,-2.3460114255633,-0.3672100821388566,0.557671803364289,-1.8503780701354244,-0.09156365539834169,1.3798232551131204,-2.339008256856162,1.2894702942765757e-05,4.115744306782793e-06,1.0457319354640097e-05,6.300112540354217e-05,0.34956601662868453,0.2810228313240527,1.9050731322258256,137.7463117205511
58.34999999999882,-0.11242405308204942,1.399224966435884,-2.3323622864853015,-0.3719626319374016,0.5406705400880975,-1.8363805901062138,-0.10175562135674143,1.368588645870971,-2.3188087136891573,1.2766405418645704e-05,4.174061959169727e-06,1.0617776771219505e-05,6.300852573004665e-05,0.3530636037561469,0.2799496005842268,3.3717727122346584,136.25003625355447
58.39999999999882,-0.1248478462374782,1.386893024608743,-2.319806946303219,-0.37647559288663957,0.5236531727491409,-1.8236723323120945,-0.1129965920546694,1.3566811440216682,-2.3079339416586797,1.2631733753918661e-05,4.227271297196239e-06,1.0782759889888123e-05,6.301479207769367e-05,0.35211462861977766,0.25416515588240246,2.482101537073048,137.95593054918353
58.449999999998816,-0.13707362793968056,1.3744068012887,-2.307502224132832,-0.380737874556059,0.5066820075671162,-1.8100388330984905,-0.12392640548348231,1.343881604200729,-2.287422833708716,1.2496433897584055e-05,4.276377522282452e-06,1.0946226717794488e-05,6.302025658356882e-05,0.3499669900758973,0.2726699842720956,4.474344541408687,143.42694938618462
58.49999999999881,-0.1493294295311479,1.361566820754772,-2.2942255518875045,-0.3847517467388616,0.4896870262716292,-1.7954133640338696,-0.1356846516062127,1.3315208596250987,-2.283530740049479,1.2353832317654106e-05,4.319679964365887e-06,1.1114992146515101e-05,6.302526135205843e-05,0.34925405931378256,0.29250938129243126,4.269559611443093,144.12787431373727
58.54999999999881,-0.16145872681312995,1.3485639917444607,-2.2807611121942974,-0.38852530835927773,0.47265101836510076,-1.782150109807921,-0.14595338640104868,1.3201585028133087,-2.2735401138247617,1.22167803540737e-05,4.359540555976075e-06,1.1277463769627604e-05,6.303083144287604e-05,0.34898125797297447,0.2652650845189867,3.0713659875360872,142.6246812421928
58.59999999999881,-0.1734287014855706,1.3353995976243922,-2.267307321035005,-0.39206446104622017,0.45559687353995565,-1.7686826745553155,-0.15896647035241265,1.30632954124004,-2.265528947255845,1.2080132815327322e-05,4.395102390650716e-06,1.1438059227988048e-05,6.303641306729987e-05,0.34835271936500917,0.26934870505212843,3.0518486640336966,144.97770462802697
58.649999999998805,-0.18522277494205813,1.3220778438704985,-2.2539420768948393,-0.39543566455436885,0.438216211806533,-1.756077922413858,-0.1708624470011184,1.2933757264097845,-2.253492856981424,1.1946483916701527e-05,4.425136938096895e-06,1.1597612129039071e-05,6.304371610130773e-05,0.3540940923100332,0.2520950428291636,3.0280489536598623,142.173028845552
58.6999999999988,-0.19680424462344442,1.308624187535944,-2.241043509423623,-0.3985404433276161,0.4210202579419536,-1.7427715370990413,-0.18129432374621335,1.2805153487118022,-2.2378119249563393,1.1810444752730259e-05,4.451791443685351e-06,1.1755992171694893e-05,6.305107373034995e-05,0.34948246644400793,0.2661277062963507,1.152851683337026,141.5444167183701
58.7499999999988,-0.20819646158727637,1.295013813196746,-2.2281234174397744,-0.40139454228503335,0.40389791106319356,-1.7291610303590512,-0.19284503589463392,1.2674229528286143,-2.2327608968916275,1.1670195781194566e-05,4.4736696197576134e-06,1.1915802824274611e-05,6.305795052907735e-05,0.34717447779049504,0.2722101347998175,2.7264854532936025,142.7883884357591
58.799999999998796,-0.21942341624833112,1.2812334337173226,-2.215331573356717,-0.4039843279708242,0.38695006013971883,-1.7157037948907339,-0.20297818046717334,1.2547681721055637,-2.214644851964976,1.1532937518186323e-05,4.493661831853342e-06,1.2069722774148607e-05,6.306519678479501e-05,0.34289419755238904,0.2691447093663642,2.671238951441129,136.27721842125052
58.84999999999879,-0.23046492742594746,1.2673114361854967,-2.202684590539376,-0.4064048116342486,0.369539921415606,-1.70217238100405,-0.21252920209713483,1.2417773900889186,-2.2045214251357192,1.139242311172808e-05,4.50539270925164e-06,1.2229603898634063e-05,6.307236394827917e-05,0.35155448281717633,0.2706282777336926,2.2383572770082645,140.34890977259948
58.89999999999879,-0.24132458816027919,1.2532511132646147,-2.1901823523830966,-0.40859884115003775,0.3521414269219939,-1.6903051013039616,-0.2237105100804515,1.227349476296976,-2.1907711086137063,1.1252795121767835e-05,4.513376851494757e-06,1.2386994409678698e-05,6.307963541546514e-05,0.3507278062915002,0.23734559400178504,2.7184686422155706,139.57616052359538
58.94999999999879,-0.251995890228431,1.2390677696924863,-2.177817881363331,-0.410568063638944,0.3348103376596168,-1.6775645112604816,-0.23399310195909434,1.2139331445388963,-2.177845206944915,1.11104392889788e-05,4.516811727165387e-06,1.2544863726415658e-05,6.308718609380878e-05,0.34885447266466685,0.25481180086961336,1.5655088893911187,136.12257294801017
58.999999999998785,-0.26250176171425255,1.2247278373883332,-2.1655989391661277,-0.412340472954857,0.31737351138803477,-1.66662723380924,-0.24408978115508775,1.1994266905972348,-2.166163146338794,1.0967950948342142e-05,4.51532495315008e-06,1.2702596496160044e-05,6.309484466683425e-05,0.35053525211946324,0.21874554902484386,0.6385124347676167,139.84017224995813
59.04999999999878,-0.2728041829521003,1.210292910880181,-2.153521908140657,-0.4139026623958685,0.3000965683346428,-1.6553159348386248,-0.25406401166409626,1.1853682790631668,-2.1516974163099603,1.082416976056819e-05,4.510375415400658e-06,1.2858684587994054e-05,6.31024528969257e-05,0.3469503743922436,0.22622597941231895,2.6974838588376846,137.39869689630893
59.09999999999878,-0.2829388980085902,1.1957131929734037,-2.1415827426907996,-0.4152867766167922,0.2825452830154327,-1.6436732342003384,-0.2636549146464512,1.1710996074872686,-2.1410850065725393,1.0679435359734653e-05,4.498704312014777e-06,1.301696624571747e-05,6.311032639054046e-05,0.3521175314666609,0.23285401276574158,1.1467732642901864,139.57979963443222
59.149999999998776,-0.29289355655424143,1.1810087600544485,-2.1297781774380553,-0.4164711583067146,0.26507254298795785,-1.633281439953412,-0.27419611563899404,1.1566480148274771,-2.1290382266796986,1.0535355594427903e-05,4.483805301173416e-06,1.3172819328262007e-05,6.311860533662344e-05,0.3502582841809689,0.20783588493854327,3.989516534848246,133.7948508629036
59.199999999998774,-0.30265970606035775,1.1662098592465382,-2.118118914409671,-0.41745215268023234,0.24750292959769427,-1.6198648184457425,-0.2836832616660091,1.1425133839714199,-2.1174922479327702,1.0390489423288129e-05,4.463532392675564e-06,1.3329316318060435e-05,6.312750579757256e-05,0.35194221664298164,0.26833243015340175,1.8976091980978007,131.34417626149292
59.24999999999877,-0.31225161484230524,1.1512843716008168,-2.1066124668476593,-0.41821429530552995,0.23000562884187206,-1.6087882550005088,-0.2923787491987091,1.127725134757075,-2.105442474369611,1.0246370209865049e-05,4.440027522251639e-06,1.348352178373385e-05,6.313648522111101e-05,0.3502796204582174,0.22153126890468636,0.9995747826072248,135.73550287756325
59.29999999999877,-0.32166646344847316,1.1362488532237804,-2.095246095872199,-0.41877354822518986,0.2127835545283086,-1.5977276426543776,-0.3010170028751133,1.112579488533803,-2.0882712117266795,1.0100921599520532e-05,4.413724687234881e-06,1.3635219659697616e-05,6.314516688403906e-05,0.3446248014650134,0.22121224692263497,2.117096606405086,137.7537503312588
59.349999999998765,-0.33090553237743403,1.1211039551883415,-2.0840296348641307,-0.4191375174920771,0.19531165060268585,-1.5855223635470819,-0.310234969486128,1.0985512477965396,-2.078548456627692,9.953131082753502e-06,4.3794247719625175e-06,1.3790127379527323e-05,6.315384295269858e-05,0.34951606068814195,0.2441055821459267,3.865696505879603,132.08755855826595
59.39999999999876,-0.3399675632071745,1.1058603284748512,-2.0729530342347355,-0.4193116825002337,0.1777038897063175,-1.5758523996989655,-0.31946978476650834,1.0834335303733809,-2.069066461415479,9.808698603148115e-06,4.341654678110907e-06,1.3942757132171738e-05,6.316335150379961e-05,0.35217381695350786,0.1933992769623364,3.3372037899716958,130.96635044988116
59.44999999999876,-0.34885381757094175,1.090523072567654,-2.0620237661476426,-0.4193037146972714,0.16017793527630392,-1.5648309964298224,-0.32867538147185527,1.0678877368882949,-2.0601992457915848,9.665381012931339e-06,4.300886426186137e-06,1.4092961495127709e-05,6.317382475710506e-05,0.35052089891484284,0.22042806538287424,2.610940447687849,131.075702728927
59.49999999999876,-0.357562585181085,1.075089041406215,-2.051235281828722,-0.4191045898158952,0.14276372950774477,-1.553893407394576,-0.336694499483478,1.053224204919059,-2.050505564595104,9.523777470009418e-06,4.257915864452779e-06,1.4240060214537257e-05,6.318516943372234e-05,0.3483086199900121,0.2187517807049394,1.0216164235182608,132.20346263445472
59.549999999998754,-0.36610628414841684,1.0595482315435891,-2.040597032272664,-0.41870394935476823,0.12512154776119214,-1.542288580231528,-0.34545493290575746,1.0383794450316886,-2.0419449175560676,9.38474052354143e-06,4.210221105473401e-06,1.4386202178588025e-05,6.31971600566719e-05,0.35293658603175204,0.23209654326097387,2.955680271088631,128.37150777442113
59.59999999999875,-0.3744716866723007,1.0439258402154734,-2.030106452267436,-0.4181188509401784,0.10749664340183865,-1.532933940813229,-0.3542269662896409,1.022208989083029,-2.0309850362497794,9.248690554698912e-06,4.160453233774392e-06,1.4529084386995138e-05,6.321026509409767e-05,0.3526935563012562,0.1870927883659928,2.887777922780509,127.90504481510986
59.64999999999875,-0.3826682865280498,1.0282224906540354,-2.0197691737787467,-0.41735562629939804,0.08984290468340259,-1.5222464606887116,-0.36369403264293,1.005854686125681,-2.021697800487155,9.113124940418648e-06,4.106267439706485e-06,1.467109929607678e-05,6.322445810992574e-05,0.35340626742718495,0.21374960249035793,3.6623130713622016,123.15993760646613
59.699999999998745,-0.3907026466965658,1.0124176732859067,-2.00957796826327,-0.4164000841287286,0.07234216961135442,-1.510254281484239,-0.37179653699479914,0.9909837657959039,-2.0118441652865853,8.978255493498328e-06,4.049551080750281e-06,1.4810766750930272e-05,6.324015101112678e-05,0.35053814080100243,0.239843584089464,2.3609868432079844,117.89845770104425
59.74999999999874,-0.398557034939905,0.9965528547071443,-1.9995382996822735,-0.415268208391652,0.0548936698500035,-1.5017808646607218,-0.38033750998037463,0.9753172760290676,-2.0046122395464114,8.84582628655469e-06,3.990807999588103e-06,1.4947514522002945e-05,6.325667814447306e-05,0.34970451291002436,0.16946833647035606,2.3784820411568206,114.37294544959268
59.79999999999874,-0.4062460868053154,0.9806105528413178,-1.9896499858481689,-0.4139705253420255,0.037290366558430266,-1.4926416847514163,-0.3877419678096797,0.9600854379179882,-1.994721975749753,8.716925571739295e-06,3.928992075317249e-06,1.508225749567602e-05,6.327456904761181e-05,0.35302262627805314,0.18278359818611964,2.1360765524824523,112.573163283822
59.84999999999874,-0.4137806880851641,0.964569406644118,-1.9799110210438517,-0.41251540395541836,0.019858804674977797,-1.4823846498915223,-0.39443787834450483,0.9451123846117079,-1.9828360604979978,8.588452908844205e-06,3.8645905472613596e-06,1.5214523000329432e-05,6.329278782077471e-05,0.3498453432755613,0.20514069719789063,1.9628576402114968,111.29274910626425
59.899999999998734,-0.42114173840795194,0.9484830998876188,-1.970342066988332,-0.4108970382901423,0.0024917103762142345,-1.4733731727115922,-0.40166244722530414,0.9290924429294298,-1.972310634604185,8.460619191540779e-06,3.7966126658203034e-06,1.534499032028953e-05,6.33109925668708e-05,0.3488478927239237,0.180229543598614,2.4823593255231544,111.03625877839146
59.94999999999873,-0.4283445028727379,0.9323092523785123,-1.9609018019940552,-0.409089869893522,-0.015073061711076897,-1.4631690563283313,-0.40931284740484675,0.9127643083915038,-1.964640678281992,8.334701151449026e-06,3.723327200840755e-06,1.5474852098009486e-05,6.332996071735063e-05,0.35315140179961213,0.204082327665231,1.3267586567823373,109.84588936940617
59.99999999999873,-0.43538125055821786,0.9160889171408693,-1.9516185571830942,-0.40710927155257864,-0.032630939159963804,-1.4537653440359586,-0.41665231832887123,0.8962191727519756,-1.9517253786634383,8.211810116580782e-06,3.6481585124787302e-06,1.5601830621649165e-05,6.33504849135864e-05,0.35338598216156036,0.188074245847463,3.2095912342677977,106.32895233306263
60.049999999998725,-0.44227807584271145,0.8997884846426274,-1.9425193875977025,-0.40496521375921474,-0.050164774920619076,-1.4444731212956665,-0.42280346441154965,0.880278843628659,-1.9389488194851283,8.089040745001033e-06,3.568086388168412e-06,1.5727853029094705e-05,6.337191942854709e-05,0.3532900369532813,0.18584445480585163,2.5303292704587146,107.32924359585921
60.09999999999872,-0.44900722387802156,0.8834491363987897,-1.9335705213846375,-0.4026804574678885,-0.06754018105983223,-1.4356323522627519,-0.4293753652181512,0.8625338445796258,-1.9246951261611236,7.966163164900614e-06,3.4842093351122506e-06,1.585178341565908e-05,6.339337087553689e-05,0.35050069911894893,0.17681538065830124,1.3833168806195777,111.57866241028721
60.14999999999872,-0.45558421217897493,0.8670367239087351,-1.9247608472417397,-0.4002647296409053,-0.08474391222990499,-1.4269469053927126,-0.43563274519806894,0.8454212416449801,-1.9130764740301698,7.842332161991231e-06,3.3955276445951955e-06,1.5974136049218715e-05,6.341587169011893e-05,0.3474512940712323,0.1737089374007951,1.7177920576001031,115.45640231141715
60.19999999999872,-0.4620205597339095,0.8505456170051364,-1.9161015476510737,-0.39769801016422307,-0.10199687550868608,-1.4192725929198327,-0.44287149063480924,0.8280453508711026,-1.9110861442317766,7.720417427331096e-06,3.302551639009027e-06,1.6094673145892883e-05,6.343952997307806e-05,0.3488577268885112,0.1534862494576081,3.9948734137442976,116.1563831686735
60.249999999998714,-0.46830343452071943,0.8340241027900357,-1.9075897546195424,-0.3950210055981903,-0.11902749559932324,-1.4104960693939586,-0.44851206068018207,0.8130192816206058,-1.9056891964212037,7.602872832696939e-06,3.212095887898807e-06,1.621012707707549e-05,6.346638376864337e-05,0.34479575513070454,0.1755304705174908,2.175554276738214,115.71727535912665
60.29999999999871,-0.47444566478055394,0.8174442367037418,-1.8992340832475036,-0.39216732337163146,-0.13627078989282612,-1.403079296167847,-0.4552809091814354,0.796686751644106,-1.9090391496023726,7.490964705540771e-06,3.1201738413224143e-06,1.6322651214664097e-05,6.349461450067497e-05,0.3495574920700759,0.14833546452223642,2.590807184647476,119.5530796898203
60.34999999999871,-0.48043909941134977,0.8008190673919785,-1.8910360575191874,-0.38917976703911983,-0.15344794559714403,-1.3941063106107863,-0.46249518232163167,0.7789341781529889,-1.9005394428102393,7.386055105488971e-06,3.032550054504564e-06,1.642949244622078e-05,6.352663561149687e-05,0.34870171235909364,0.17945971114122583,4.892780705930407,115.05301689156545
60.399999999998705,-0.48628852160852476,0.7841581127946182,-1.882994172299571,-0.38603836597893876,-0.17060989144498234,-1.3854055623522492,-0.4681687518018837,0.7623892021625079,-1.8880603751343086,7.283126904948486e-06,2.9418096193396668e-06,1.6534186899640138e-05,6.356238130531969e-05,0.34894280691860696,0.17401496517075313,1.5650122238375075,111.24969615492103
60.4499999999987,-0.49200440654569483,0.7674247032965965,-1.875110353847388,-0.38275593915522393,-0.18773512927676272,-1.3774369010798468,-0.4740137540601219,0.7462492104841416,-1.8814597107521036,7.180685996182328e-06,2.846075144684485e-06,1.663737433874311e-05,6.359926292832852e-05,0.3487404224137601,0.15937322544805632,1.0938245878678166,108.62325339413583
60.4999999999987,-0.49757085182859023,0.7506761756601057,-1.8673872154466267,-0.37932214351134746,-0.204967418541602,-1.3707779006027245,-0.4781650393680606,0.7299380211370913,-1.8634408973798402,7.082387357821014e-06,2.7483874951254433e-06,1.6737804660389673e-05,6.36376145700997e-05,0.351422188654536,0.13318000954245363,3.987520637263022,109.0013433826514
60.5499999999987,-0.5030061641255692,0.733876494966579,-1.8598214561934325,-0.3758005623912368,-0.22208840088619317,-1.3650971759334554,-0.48372628049515004,0.7142064824466509,-1.8603902423089809,6.982233451778643e-06,2.642889186160421e-06,1.683720139833428e-05,6.36754719553117e-05,0.3495885533976934,0.11361449338539033,1.7125159417920588,106.54346216729292
60.599999999998694,-0.5083018965559093,0.7170388459606742,-1.8524368437494274,-0.3721643821468334,-0.23919990780302713,-1.3577263664597221,-0.4885584053691885,0.6971756174166774,-1.8485718574589585,6.886751287906281e-06,2.53787810800719e-06,1.693283497759873e-05,6.371507731061164e-05,0.3498724689020376,0.1474161894746756,1.5441758760882076,107.45852961255788
60.64999999999869,-0.5134607120516445,0.7001551091660634,-1.8451998158309755,-0.36837117061672586,-0.2564256656489816,-1.3503731243473376,-0.49400872198252355,0.6796075753892269,-1.8441067904510466,6.793311830945931e-06,2.4269439559155942e-06,1.7026615657283823e-05,6.375622980267966e-05,0.35276994708790765,0.1470648422477009,4.140941535693054,109.15796230579947
60.69999999999869,-0.5184863136451761,0.6832469958609706,-1.8381153530357224,-0.36452687432940406,-0.27334212531263985,-1.344306083339986,-0.500159978773141,0.6612689117306682,-1.8431311394206102,6.702567604114597e-06,2.318187550986387e-06,1.7115610527063256e-05,6.380099512059761e-05,0.3469559883458866,0.12134082014703845,2.842019191975704,110.65753938833774
60.749999999998685,-0.523393357386182,0.6662965459186163,-1.8312040731296737,-0.3605704781711333,-0.2902991980989966,-1.3388511326946473,-0.5041948334567653,0.6448244274529977,-1.8302727605519693,6.617484508762922e-06,2.2109338125328537e-06,1.7200512307199553e-05,6.385136049494861e-05,0.3482505648982774,0.10909901290678038,4.214074242551068,109.95612988839909
60.79999999999868,-0.5281711965072697,0.6493227988726571,-1.8244481667500434,-0.356479370964881,-0.30729653272188057,-1.3303448389254404,-0.5094900866212383,0.6272042716823187,-1.8253143332774722,6.533142359652734e-06,2.096419531903899e-06,1.728354905896829e-05,6.390248560570278e-05,0.34965605124758603,0.17012587538414645,1.5569994336884243,109.33785759809297
60.84999999999868,-0.5328294358020843,0.6323247996916237,-1.8178526918903044,-0.3522284359126197,-0.3243972350932473,-1.3239596448421949,-0.513775122876249,0.6114290997746301,-1.818471181436996,6.4538904464019176e-06,1.9810005706097446e-06,1.736332016970002e-05,6.39574870176371e-05,0.3524233393928098,0.12770388166492053,2.7182843741536122,106.93680727045901
60.89999999999868,-0.5373733291578114,0.6152806025573403,-1.811410692427296,-0.34788713268580185,-0.341349622179133,-1.3162323992207487,-0.5180431497915597,0.5950958216645282,-1.8081689267584444,6.377066108770424e-06,1.8645573409701508e-06,1.743952194822285e-05,6.401371014712646e-05,0.3499896372071025,0.15454491242893004,1.149340265415909,103.4659991079662
60.949999999998674,-0.5417957616258445,0.5982294948187603,-1.8051307612510505,-0.34344286425581455,-0.3582381770948009,-1.3107225847860557,-0.5221843959395054,0.5769534626141694,-1.7988613053584357,6.302615261004126e-06,1.745141446569975e-06,1.7512335051776953e-05,6.407162340131529e-05,0.34927100111824544,0.11019628869386601,1.6971920874887256,106.97061148616079
60.99999999999867,-0.5461113191435626,0.5811292931527384,-1.7990126503903667,-0.3389017013209477,-0.3751074096837579,-1.3049417966730248,-0.5259338174339816,0.5606541098042359,-1.793397124415708,6.230708631241747e-06,1.6219585204460732e-06,1.758149276491868e-05,6.41334289704312e-05,0.34939606113548205,0.11561576226062624,0.5166771784927712,108.37205978920787
61.04999999999867,-0.55031481938555,0.5640135249496603,-1.793054999595689,-0.33425570396860516,-0.39197744392072337,-1.2991758679487413,-0.5301050446507044,0.5454812891836202,-1.7904933594049817,6.162957664543203e-06,1.4980707192928319e-06,1.7646972485485244e-05,6.419731060997659e-05,0.3499623950284279,0.11531857448567713,2.9326958987285408,103.88365213755999
61.099999999998666,-0.5544135585160599,0.546871857038498,-1.7872502732049251,-0.32952421771593526,-0.40877907978112016,-1.2934171972169322,-0.5340695180673372,0.5271571741873425,-1.780406237292804,6.099807132036748e-06,1.376016697232171e-06,1.7708481954212803e-05,6.426283048999702e-05,0.34910329230292053,0.11517341463618821,1.3343015919020151,105.58008964812844
61.14999999999866,-0.5584028633276107,0.5297153208312821,-1.7816104758967182,-0.32468128643318206,-0.4255701700414565,-1.2865717514644337,-0.5378082784891103,0.5101223148131178,-1.7699764859089462,6.039106227118487e-06,1.2491064421348888e-06,1.7766056444902086e-05,6.433342266669362e-05,0.3495115952941093,0.1369089150499753,1.25156636428635,104.54267666803007
61.19999999999866,-0.5622856347223182,0.5125488737583412,-1.7761348102912502,-0.31972973392395326,-0.44234654902759374,-1.2810177654772743,-0.5418673804814701,0.49314978087678407,-1.766566134193271,5.981436372854545e-06,1.1185325281500718e-06,1.781982835361769e-05,6.440667068257032e-05,0.34983741974877963,0.1110797197431928,1.6037539944813273,102.87613456629161
61.24999999999866,-0.5660796591696665,0.49533482910641924,-1.7708102809431765,-0.3146685309432868,-0.4591662289574819,-1.2759927459784737,-0.5451452032617574,0.47580725990845146,-1.757790913151954,5.929158646555691e-06,9.885778507107691e-07,1.7869514559930588e-05,6.448359047402083e-05,0.3512936422706248,0.1005003899760202,1.4980641474718042,105.33106845836895
61.299999999998654,-0.5697654515983552,0.47812932250127016,-1.7656597140759733,-0.309573812948966,-0.4758003810411228,-1.2711823044622614,-0.5488080451139788,0.4575776367760747,-1.7502653489777447,5.879079471527987e-06,8.571154180417082e-07,1.7914260283959647e-05,6.456374381981737e-05,0.3479377821422433,0.09620883032424943,1.5921795237370908,107.00335612753767
61.34999999999865,-0.5733633073040478,0.46087546032419996,-1.7606765973560943,-0.30439560972567375,-0.4924312348710554,-1.2667161834035023,-0.5526310661095444,0.4411350092598085,-1.756638499337445,5.832980125865754e-06,7.235425289474364e-07,1.795445769894223e-05,6.464913337333314e-05,0.34836738770482134,0.08932242117518904,2.4301104864667344,107.36386979207172
61.39999999999865,-0.5768649643007339,0.44363953986849036,-1.7558527422365784,-0.2991302282681236,-0.5090580573985501,-1.261499671748637,-0.5572485788920872,0.42338222616931886,-1.7533822758623363,5.794182948141333e-06,5.976113932978261e-07,1.7990592431086117e-05,6.473857742313329e-05,0.3488129349801734,0.1043302330973108,6.183603661771435,100.66798678006695
61.449999999998646,-0.5802828889943683,0.426371701161646,-1.7511888478856992,-0.29379572008465094,-0.5256226844758317,-1.2569843681933428,-0.5604262375764045,0.40699077265805694,-1.7433466476143302,5.75992310098812e-06,4.731362162449821e-07,1.8022610956159932e-05,6.483401087074588e-05,0.34804848070367517,0.09030607110588934,4.81068256064982,96.43225539540754
61.49999999999864,-0.5836088296515868,0.4090927204365314,-1.7466973502255176,-0.2883920053306978,-0.5421409354410084,-1.2522830161049554,-0.5636273765502707,0.3907892705851458,-1.7428509308324034,5.728402936188187e-06,3.451777186563429e-07,1.8050457882252284e-05,6.49305520042986e-05,0.34759361584471643,0.0940270417677512,1.5932996411977365,96.268308525922
61.54999999999864,-0.586847540585947,0.3918165710876874,-1.7424064851212566,-0.2829145847928896,-0.5586199922461517,-1.247512818192022,-0.567292082962163,0.3745510016793182,-1.7388039596171885,5.70201443081079e-06,2.2061765870223897e-07,1.8074340726070032e-05,6.502923750816527e-05,0.34731082376822636,0.09540395825867329,3.060359789378776,90.28167514903497
61.59999999999864,-0.5899989011508366,0.37451494314457046,-1.73825688678411,-0.27732883320991547,-0.5751887057124265,-1.243758900220007,-0.570462394012233,0.3581413605604666,-1.7370147591043368,5.681064449466325e-06,9.627344615131538e-08,1.8094872987807057e-05,6.513030612170723e-05,0.34969886799504163,0.07507835944030719,1.9822754386657144,89.17602429313875
61.649999999998634,-0.5930739108891093,0.35721513226572493,-1.734298008039224,-0.2716760023173031,-0.5917623761569107,-1.2404338063186189,-0.5738064760591416,0.340788151224189,-1.7329948550916627,5.66520175172331e-06,-2.583656741275535e-08,1.8111431766448214e-05,6.523391037416768e-05,0.35022354668299527,0.06650187802776569,1.573372077157234,86.79128632813861
61.69999999999863,-0.5960748427113834,0.3398983755747822,-1.7305037250566717,-0.2659305378649504,-0.6083904295870277,-1.2357875323836967,-0.5762792931694632,0.32336030825592665,-1.718539185387691,5.654212297286765e-06,-1.4842796096786135e-07,1.8123877952231452e-05,6.534163141456622e-05,0.3518539921275191,0.09292547869844996,4.663383279664783,85.00767807553493
61.74999999999863,-0.5990056576985296,0.3225527045082147,-1.7268693749278208,-0.26020646118346796,-0.6247536903634732,-1.2327891942384428,-0.5785881215017817,0.306553186787676,-1.7127578704358666,5.643491864913323e-06,-2.7463243790626397e-07,1.813042331009918e-05,6.545077895576635e-05,0.3467111663820319,0.05996676290508235,1.411057466898424,87.30621605024038
61.799999999998626,-0.6018597346341178,0.3052481241737765,-1.7234035682931197,-0.25440846061978784,-0.6411483660987262,-1.2289553485989417,-0.5814198556118487,0.2904837733223109,-1.7102788743449813,5.637239705805302e-06,-4.014052690267415e-07,1.8132680058491188e-05,6.556082065726627e-05,0.34779452175243863,0.0766769127900259,1.6756003618702087,85.06630757076375
61.84999999999862,-0.6046539853151496,0.28790180071603216,-1.720112819006921,-0.2485087396285223,-0.6576520581325833,-1.2259935030693776,-0.5842979714306602,0.2737547429807665,-1.7158656534462593,5.636982136881124e-06,-5.261369272525958e-07,1.8132173324779566e-05,6.567095238589522e-05,0.35053033140335993,0.059236910591285004,2.5300269802305158,86.71908151504252
61.89999999999862,-0.607381761542012,0.27055727308947025,-1.7169773287993828,-0.2425903119205647,-0.6740798835938264,-1.2240126760000758,-0.5873086699811007,0.2581512656652497,-1.7164016146452088,5.642362400588542e-06,-6.416531040313352e-07,1.8129156128721404e-05,6.578420830853865e-05,0.3492284842987025,0.03961654138603948,2.0417637705041214,83.79563487518303
61.94999999999862,-0.6100488809014419,0.25320444002395454,-1.714008833060449,-0.2366635626703558,-0.6904085742207553,-1.2212234829514337,-0.5900998122843898,0.24121974401714927,-1.7143924176492782,5.651617742458889e-06,-7.519214591841515e-07,1.8123975087669868e-05,6.589707667017226e-05,0.3474206038167515,0.055783860972844386,0.5994053699365516,82.51963646309912
61.999999999998614,-0.6126574562791326,0.2358411245798039,-1.7112047039977678,-0.23058712876989823,-0.7069707909238124,-1.2170941581963761,-0.5927465187835512,0.22404286209691865,-1.7111398652073624,5.667489131072915e-06,-8.623795661882672e-07,1.8116459334934784e-05,6.601304027738584e-05,0.3528345296630973,0.08258649510115695,2.0491002801691147,81.24005376500861
62.04999999999861,-0.6152132948897087,0.2184923964083076,-1.7085876991237918,-0.22450411875103765,-0.7233600321064944,-1.2137010154452028,-0.5955000517608339,0.20634299602376546,-1.7078396556288107,5.685907197360344e-06,-9.692408338480076e-07,1.810586510803371e-05,6.613033437073304e-05,0.34963439799430246,0.06786285502347217,1.0960419422531311,79.30041245164638
62.09999999999861,-0.6177173910548157,0.20112661469738385,-1.7061331455571485,-0.21831498140051092,-0.7398764206915612,-1.2108289612309815,-0.5979927996535659,0.18715059585862262,-1.6984353842816056,5.7098112200902365e-06,-1.075376322716193e-06,1.8093061907737398e-05,6.624963790384205e-05,0.3527586862895223,0.0574410842844306,2.799150224381216,77.25626930090299
62.149999999998606,-0.6201722289190658,0.1837649569977749,-1.7038539985566157,-0.21213446760770507,-0.7562513267536989,-1.2089507190324553,-0.5998820533884945,0.16966201865393993,-1.693395955812154,5.735476034414725e-06,-1.1820522394899626e-06,1.8076378203928073e-05,6.637131373050004e-05,0.35004936185891006,0.03756484397052632,1.5420918907918262,79.61186692842249
62.1999999999986,-0.6225772170855157,0.16639348643112248,-1.701715901755469,-0.20595586693030515,-0.7725210639334011,-1.2067668139529233,-0.6025933802583779,0.15422457184796606,-1.691727459054982,5.763567854752498e-06,-1.2866040471180034e-06,1.805735766338397e-05,6.649090280666914e-05,0.34806871425505587,0.043678101590644745,2.5610552424935014,74.75595196903373
62.2499999999986,-0.6249405936053578,0.14900470338863878,-1.699745442628051,-0.1997382269415793,-0.7887576561959007,-1.2033988485224927,-0.6048695997264815,0.13726500839826872,-1.6914330359065382,5.795019099784211e-06,-1.38737106870533e-06,1.8038868719244844e-05,6.66029004605301e-05,0.3477276296579823,0.06735930860861622,2.6095559129355284,75.04114259181398
62.2999999999986,-0.6272630210829063,0.13163762003387347,-1.6979487541720824,-0.1933868463772488,-0.8051945821420307,-1.200722587293669,-0.6069624202170013,0.11830239205767659,-1.683896837658121,5.832872351479607e-06,-1.4854213365439016e-06,1.802081562590268e-05,6.671363427760187e-05,0.3524274421582685,0.05352522457647456,2.128441099306448,75.55697539346036
62.349999999998595,-0.6295479313869785,0.11425770524807081,-1.6963218691841326,-0.18703662016091357,-0.8215084738112697,-1.1984555472945673,-0.6092726348154508,0.1013664612703004,-1.6845423268720576,5.872403656841592e-06,-1.5825695436623891e-06,1.800123228656835e-05,6.682506756350713e-05,0.35012487238210804,0.04534079998203771,3.142128734514944,74.95509838614687
62.39999999999859,-0.6317954041019584,0.09688466877051494,-1.6948549707531728,-0.18065225117696493,-0.8377650307474217,-1.1946974853218302,-0.6117774446549271,0.08391038422677806,-1.680038002344974,5.915024971728112e-06,-1.6743915487294034e-06,1.7983099466922058e-05,6.693149070191968e-05,0.34930569405284045,0.07516123945474767,2.2950349975550366,71.68212957898669
62.44999999999859,-0.6340142715214584,0.07949283457725301,-1.693561065547957,-0.17413994394132615,-0.8542245086709831,-1.193381584823623,-0.614977155789163,0.06485979144425363,-1.6866934686970338,5.963270842969273e-06,-1.765872033693235e-06,1.796710830097615e-05,6.703435921952252e-05,0.3540195498896455,0.026318009964142384,3.4378712619808387,69.34850536112822
62.499999999998586,-0.6361977171190567,0.06211259893573453,-1.6924152878971557,-0.1676454472328822,-0.8705473872507433,-1.190861469324594,-0.6170932752948085,0.04833640690849236,-1.6887946457849459,6.014272034957183e-06,-1.8471901496924071e-06,1.7955185974512134e-05,6.713493627023861e-05,0.3513488385975378,0.050402309980582656,1.8376236922822922,69.96258201462723
62.54999999999858,-0.6383608879650994,0.044730714014021546,-1.6914671425961638,-0.1610897319651262,-0.8869499796083757,-1.1902778738410342,-0.6196640318847257,0.03207795866654389,-1.6890943205129825,6.069576171241848e-06,-1.9232508216513722e-06,1.7946831100140613e-05,6.723082452401587e-05,0.35328314286334284,0.011671909671197757,2.770596353493112,66.23379291435218
62.59999999999858,-0.6404985633323232,0.027353240902954983,-1.690675201875699,-0.1545968249493531,-0.9031515802937472,-1.1889969673601732,-0.6211377216953314,0.01585036375723503,-1.678448036757915,6.124782737293977e-06,-1.9934637643566296e-06,1.7941700025102046e-05,6.731902070889265e-05,0.34908437257348046,0.025618129617223182,2.473056828933807,64.17287901044114
62.64999999999858,-0.6426174603338495,0.009986021747195723,-1.6900650268285402,-0.14800369040822717,-0.9195553027071433,-1.1882589903908023,-0.6232719050182105,0.0009173154309150203,-1.6784616985453822,6.183471371848511e-06,-2.069054277413954e-06,1.793791449273079e-05,6.740208911474155e-05,0.3535825483691668,0.014759539387419968,2.7687711422985144,62.23337044556988
62.699999999998575,-0.644719400374741,-0.007398423830384969,-1.6896102352611737,-0.1415846867273238,-0.9355238953416779,-1.1889149674534427,-0.6257534989375984,-0.016224534835707217,-1.6811886376940623,6.238457676379753e-06,-2.135891596082919e-06,1.7937210736353265e-05,6.747439771357481e-05,0.34420898861279736,-0.013119541252810455,0.9860645103921224,60.25844605573083
62.74999999999857,-0.6468114756898578,-0.024762602419391665,-1.6893593343988456,-0.13505999999978247,-0.9517700672300282,-1.1888840780180916,-0.6281719049022157,-0.032759536535271576,-1.684620326688866,6.299458283001366e-06,-2.2005199509121428e-06,1.7942133981101474e-05,6.754260555993448e-05,0.3501483331052491,0.0006177887070216101,1.5527942592667936,58.97142885475309
62.79999999999857,-0.6488888581317172,-0.04213923018509223,-1.6892476246345935,-0.12851388851154513,-0.9680969302789337,-1.1900736502433864,-0.63037636522341,-0.050211727167373675,-1.6866284089990238,6.363865853005351e-06,-2.2602565117376777e-06,1.7952477262128137e-05,6.760593442071946e-05,0.35180566744829894,-0.02379144450589815,0.4205070783572105,58.8113271164167
62.849999999998566,-0.6509599372886399,-0.05951449819213449,-1.6893147085488314,-0.12197006496935127,-0.9844482646461651,-1.1901593864627587,-0.633052391469687,-0.06803967159762557,-1.6872968897614915,6.430454344864794e-06,-2.3166351823379525e-06,1.7967587551870576e-05,6.766536598195566e-05,0.3522429629274716,-0.0017147243874436491,2.2253168856559107,55.12840273121934
62.89999999999856,-0.6530226840801474,-0.07686423682737697,-1.689550339742502,-0.1155065914561034,-1.0005809686699494,-1.1893101538045674,-0.6349134027424349,-0.08502743000695717,-1.6867949293613638,6.495512683435751e-06,-2.3682710967993645e-06,1.798744090488952e-05,6.771797793451049e-05,0.34758633294652225,0.0169846531638256,0.8861443747342435,55.2436328667842
62.94999999999856,-0.6550831674360388,-0.09421545493721581,-1.6899523878027747,-0.10893512566808085,-1.016957047578608,-1.189056161082947,-0.6370371860141952,-0.10151874025315198,-1.6850925266767791,6.5653417796993795e-06,-2.4205672047537282e-06,1.8012043156906437e-05,6.77662372127445e-05,0.3529079906716431,0.005079854432405954,3.7549590473772483,52.9672195915433
62.99999999999856,-0.6571503304746669,-0.11159545501657583,-1.6905335092919085,-0.10245417259456935,-1.0331335630366472,-1.1904211812784344,-0.6396445535913556,-0.11933556676886392,-1.6853319020576174,6.633226812599508e-06,-2.469556659834538e-06,1.8040412580297885e-05,6.780676284660539e-05,0.3485297417776714,-0.027300403909746602,1.852679991546722,49.324624045418254
63.049999999998555,-0.6592157997319922,-0.12895457653917236,-1.6912658526690922,-0.09598542166520233,-1.0493053291490886,-1.1901539754293748,-0.6421960432948811,-0.13476589432080704,-1.6844072540229251,6.701979957485694e-06,-2.517296611142858e-06,1.8074131908788522e-05,6.784007167319706e-05,0.34835083441089754,0.005344116981193171,2.428920041730675,45.12743123797508
63.09999999999855,-0.6612843320855306,-0.14629204884108776,-1.6921643488681408,-0.08958543664904531,-1.0653516988310134,-1.1924212466935535,-0.6441764224338795,-0.15195599590781483,-1.680886692992733,6.769577575579187e-06,-2.5621649111211817e-06,1.8111971629917687e-05,6.786456847182055e-05,0.3455117456893752,-0.04534542528357747,1.766162022479929,43.90499131898466
63.14999999999855,-0.6633635173598543,-0.1636384383907002,-1.6932311373924667,-0.0830783473647258,-1.081716093612563,-1.1922360613092255,-0.6460902474842107,-0.16847695001273463,-1.6809452296160703,6.842071771469319e-06,-2.6122281781985323e-06,1.815400362754514e-05,6.788500434336004e-05,0.3522133605684047,0.0037037076865620703,2.8217316181560252,44.20380149833995
63.199999999998546,-0.6654561515351174,-0.18097412734167312,-1.6944768510148176,-0.07667815463927058,-1.0978387896107722,-1.1935770614140044,-0.6487742542120015,-0.18523275882821408,-1.6879751612565865,6.911780863398414e-06,-2.6581086144874333e-06,1.819933156692995e-05,6.789931295349902e-05,0.34693160032848736,-0.026820002095581302,2.1102937966030226,42.23467259631518
63.24999999999854,-0.6675617819046443,-0.1983108848166788,-1.6958765586203761,-0.07027103121468196,-1.1140497776586507,-1.1952346508188338,-0.6503566123583684,-0.20319588908563155,-1.6857490170450187,6.984413310357884e-06,-2.6994453414162472e-06,1.8250115568940292e-05,6.790793167417664e-05,0.3486244016917812,-0.03315178809658984,1.1467775272312326,43.40791385890834
63.29999999999854,-0.6696889683264982,-0.21564595647962262,-1.697458586171334,-0.0638430524587423,-1.1303925926672296,-1.1968865405384235,-0.6533888671679642,-0.22032463183404832,-1.698188578574522,7.059342783801562e-06,-2.7431569503710836e-06,1.8304249978950188e-05,6.791413305881696e-05,0.35123017149530367,-0.03303779439179267,2.4976146989941985,42.75133626094819
63.34999999999854,-0.6718375265809857,-0.2329729956526277,-1.69920750086077,-0.05748569105008894,-1.1466202273497188,-1.1979380128623882,-0.6556194116876998,-0.23809094565363093,-1.6947751538589666,7.134718174168714e-06,-2.7777562058091733e-06,1.836375847492866e-05,6.791437987711979e-05,0.3485697631488783,-0.021029446479296686,1.884369786505982,39.36993055088034
63.399999999998535,-0.6740098855095866,-0.25027846222213257,-1.7011325801008874,-0.0511085317708325,-1.1629110187265943,-1.1974128544142246,-0.6587518281543064,-0.2571880002835619,-1.6991688803524405,7.210875746454313e-06,-2.8161652447283958e-06,1.84259841524008e-05,6.791029850296409e-05,0.34989029777460634,0.010503168963273343,2.5681297630792033,35.73966836149729
63.44999999999853,-0.6762084947397697,-0.2675979602468385,-1.7032121705297343,-0.04474161619112527,-1.179241090046643,-1.2006603075018842,-0.661532963348729,-0.27431580472635797,-1.6990404448380758,7.289057717304571e-06,-2.8515387173254854e-06,1.849310718881246e-05,6.790053750530358e-05,0.35054763630713637,-0.06494906175319487,3.133117813028548,31.77093007862321
63.49999999999853,-0.6784306156949953,-0.2849027883439023,-1.7054474304815204,-0.03845561108660904,-1.1954733760194405,-1.2019929184485443,-0.66419469878252,-0.29067261603521943,-1.7027556585902592,7.365542649272852e-06,-2.8871883076834977e-06,1.8562208364748452e-05,6.788521758760721e-05,0.3481384856157875,-0.026652218933203378,0.952446908529531,29.968342602283386
63.549999999998526,-0.6806825919114635,-0.30218369629195707,-1.7078475963216173,-0.032180535854794634,-1.2117709793365703,-1.204528832030926,-0.6665932781058193,-0.3077108030464628,-1.7077182951285497,7.443771714014867e-06,-2.921443021426247e-06,1.8633542477145327e-05,6.78661477075412e-05,0.34927845996700346,-0.05071827164763627,3.1774517203778765,30.153073838620333
63.59999999999852,-0.6829769000862822,-0.3194817433908581,-1.710432621904101,-0.025995348940824538,-1.227981647816906,-1.2080616692828918,-0.6688656314039815,-0.3239806478413302,-1.7133303215578106,7.52138908428944e-06,-2.952099892225781e-06,1.87062016523252e-05,6.784364830914521e-05,0.3470115979894084,-0.07065674503932276,3.005544999086242,31.43470778391702
63.64999999999852,-0.6853050797411974,-0.3367551895363189,-1.7131733545127548,-0.019817418374573983,-1.2443691645234687,-1.2125025448965103,-0.6712014676118243,-0.33960661204813036,-1.718482783592302,7.6025354654332055e-06,-2.981690275975368e-06,1.8780401899275944e-05,6.782002989923322e-05,0.35026734587404895,-0.08881751227237529,3.0239233333028954,32.584221907033246
63.69999999999852,-0.6876824154137805,-0.3540255173171347,-1.7161082099863751,-0.013693538717218403,-1.2608161713943937,-1.2162168321843172,-0.674350564780395,-0.3552859786216314,-1.7232557000644004,7.684984975170353e-06,-3.0100209725440732e-06,1.8855198158203257e-05,6.779542791307662e-05,0.3510021602057055,-0.07428574575614166,2.1935604434227742,30.421165549346387
63.749999999998515,-0.6900996604390561,-0.37130131662214705,-1.7191870932829172,-0.0076066480510937765,-1.2773548867593445,-1.2200680846824432,-0.6770937527927807,-0.37163902946483607,-1.7309129121907891,7.76924869646787e-06,-3.0376444693180717e-06,1.8930795581419483e-05,6.776843057285713e-05,0.3524654466947871,-0.07702504996252657,3.4881438124481434,32.34352412899787
63.79999999999851,-0.6925637495120772,-0.38853794484319976,-1.7224496993649248,-0.001598272836974772,-1.293870795725116,-1.2237055533309054,-0.6796954916372416,-0.3887565715135371,-1.7285143935425338,7.854036595458216e-06,-3.06185752970353e-06,1.900640107714152e-05,6.773951936749019e-05,0.351497460727949,-0.07274937296924747,3.1105756471000827,27.575408054674085
63.84999999999851,-0.6950758941408516,-0.4057883270612407,-1.7258578645963094,0.004303599468159228,-1.310282188254167,-1.2274480347712506,-0.6832931789906534,-0.4053137185658826,-1.7347725903101574,7.936083597486247e-06,-3.088207936067724e-06,1.908105439565162e-05,6.77070059762948e-05,0.3488072570721546,-0.07484962880690799,1.5643539855194777,25.14327735243179
63.899999999998506,-0.6976393492062125,-0.42301126260869976,-1.7294393790071119,0.010260396175259475,-1.3270322487789292,-1.230784357311492,-0.6868094926183087,-0.42199879304712296,-1.7400062354766286,8.024300062621465e-06,-3.1160246144068194e-06,1.915683103040744e-05,6.767241453000399e-05,0.3555549171394978,-0.06672645080483135,2.2641668369379997,22.769715194203783
63.949999999998504,-0.7002587439462358,-0.4402311161830008,-1.7331867700442776,0.016063441443340494,-1.3435284269515702,-1.2342868006440502,-0.6894825707336341,-0.4392434985708117,-1.7384825132148238,8.108776376520897e-06,-3.139726354874606e-06,1.9231018473962204e-05,6.76342088410547e-05,0.34974250030169246,-0.07004886665116741,0.9315355059689956,19.30575240351859
63.9999999999985,-0.7029342476787369,-0.4574336378111704,-1.7371128389814106,0.021766116833210374,-1.3599458467828933,-1.238672515762547,-0.6924160484324088,-0.4559464788123047,-1.740802350559877,8.191071994392109e-06,-3.1651025796739453e-06,1.93033947055996e-05,6.759291417786938e-05,0.34759324773215877,-0.08771430236994487,1.0669243780589148,17.78949666536022
64.0499999999985,-0.705686758267345,-0.4746247802199061,-1.7411986073212475,0.027460549041024306,-1.3765512032552718,-1.2421996443185694,-0.695570180701157,-0.47457507551617406,-1.7417567668645624,8.276217104008853e-06,-3.192886136654736e-06,1.9374705279534947e-05,6.755020420044793e-05,0.3510924329713837,-0.07054257112044146,1.494556863492221,14.667213059498682
64.0999999999985,-0.7084867419296785,-0.49180949314116224,-1.7454531566177987,0.03311295872573217,-1.3932574066142274,-1.246889949246582,-0.6981526204449221,-0.4933993865743964,-1.7410826511658104,8.362889981181337e-06,-3.2224706305164796e-06,1.9444726176581082e-05,6.750523337565311e-05,0.3527307960136401,-0.09380609856025386,2.1662085443403343,13.48719875738154
64.1499999999985,-0.7113485082271229,-0.508978646256223,-1.749929973586104,0.03860728815376113,-1.4097492098310274,-1.2515223150143493,-0.7016884911021295,-0.5097928169024615,-1.753019064865101,8.445347383756614e-06,-3.2518894038292198e-06,1.9512046656452026e-05,6.745706230330396e-05,0.3476594710643156,-0.09264731535535244,1.5129346926811131,13.759678911320696
64.1999999999985,-0.7142796477762201,-0.526161069933693,-1.7547471103605057,0.04400461180414457,-1.426197916506692,-1.2559487581808024,-0.705524693158276,-0.5259648026514493,-1.760793864099866,8.528875815161292e-06,-3.2751571154539296e-06,1.9577335879744583e-05,6.740737487421767e-05,0.346232028108375,-0.08852886332906837,2.3586902156241085,12.710177051509636
64.2499999999985,-0.7172904803284772,-0.543349502382618,-1.759768760300268,0.049362611752790844,-1.4427659949837106,-1.2600884936082342,-0.7086257307849433,-0.5426407555608607,-1.7625477834918035,8.615196245823172e-06,-3.296823762642348e-06,1.964072880930596e-05,6.735776710600747e-05,0.34825842180160427,-0.08279470854863803,1.179785964283191,11.229214916543398
64.29999999999849,-0.7203719997159606,-0.5604813665396372,-1.7649724037529952,0.05472746625425916,-1.4596343499413194,-1.265651551245445,-0.7129035297460535,-0.559496027838176,-1.7772797942667236,8.706117546123869e-06,-3.3219172838443246e-06,1.9702513995646462e-05,6.731056148762489e-05,0.3540191355557477,-0.11126115274422235,2.7536472187534327,12.872986120876362
64.34999999999849,-0.7235453540650931,-0.5776336246315974,-1.770339740959693,0.059890577722828325,-1.47617436385647,-1.2707930511104488,-0.7159030828400509,-0.5766191930886837,-1.7757026301783678,8.794033141645797e-06,-3.3369290176618494e-06,1.9760258767721444e-05,6.726179588226482e-05,0.3465431815707056,-0.10282999730008395,1.7006541205982952,9.666466485470478
64.39999999999849,-0.7268038912996309,-0.5947590104681149,-1.77589539883476,0.06502937212579601,-1.4929486742027624,-1.2762567934647886,-0.7200942889677505,-0.5935214823541729,-1.7842585520359115,8.884303217861628e-06,-3.357330198896777e-06,1.9815948777912232e-05,6.721393366080543e-05,0.3508763093678047,-0.10927484708680105,0.901551372922257,8.93928173215307
64.44999999999848,-0.7301480024110241,-0.6118592905537201,-1.7816171375338545,0.0700430570665307,-1.5096328631933824,-1.2814954945593784,-0.7236501627145522,-0.6102832969145814,-1.787796854351503,8.974032634035103e-06,-3.373858924785985e-06,1.98682490289979e-05,6.716502167032726e-05,0.3484249664206413,-0.10477402189180232,0.7322213777251081,7.636143129976189
64.49999999999848,-0.733584468338867,-0.6289524590100781,-1.7874982049167938,0.07500033361992692,-1.5264537286240838,-1.2869041446789053,-0.7272628864445133,-0.6274451718432204,-1.7936707115755983,9.065731121977454e-06,-3.3917496945779633e-06,1.991779353674437e-05,6.711673702385861e-05,0.35072316965141775,-0.10817300239054443,0.9462846952272008,7.212323058000251
64.54999999999848,-0.7371115806592365,-0.6459986219276145,-1.793576177801477,0.07984084064077562,-1.5431849680173115,-1.2914477107454772,-0.7309876060527514,-0.6449099272709408,-1.795907136993168,9.15618343281459e-06,-3.4076124931935382e-06,1.9963590541019055e-05,6.706794489600217e-05,0.34834775827696857,-0.09087132133143944,1.407479249572969,5.513417723605608
64.59999999999847,-0.74073460859012,-0.6630280240973347,-1.799813283843202,0.08456019573999968,-1.5598422637280926,-1.2979744689719361,-0.7346038706033222,-0.6617539624542282,-1.8027314115052062,9.24503441992204e-06,-3.4230082037890217e-06,2.000591566995833e-05,6.701775948884113e-05,0.34625936925077827,-0.13053516452918684,2.3156876204264387,5.6684292971462975
64.64999999999847,-0.7444641980637723,-0.6800514465540315,-1.8062336379268433,0.08923668470195524,-1.576758168831536,-1.3041811012054025,-0.7383355618244354,-0.6805045221392981,-1.8026683543057727,9.338598650892673e-06,-3.4390632832008626e-06,2.0045552499647743e-05,6.696902568864762e-05,0.3510090501832642,-0.12413264466933664,2.597834150499115,4.2249283936724105
64.69999999999847,-0.7482909391614603,-0.6970428189124305,-1.8128126330615164,0.09374838676677028,-1.5934725218419123,-1.3101187349488148,-0.7421252868986695,-0.6959579676252751,-1.8095272761617203,9.427535778154747e-06,-3.455343225939656e-06,2.008148821248229e-05,6.691819640917133e-05,0.3462518925050327,-0.11875267486825115,2.0560074912027573,4.651054734174555
64.74999999999847,-0.7522307576114022,-0.7140284506747914,-1.8195720109501388,0.09818379580744736,-1.610325313957691,-1.3167750184521951,-0.7467104038670814,-0.7139256461474922,-1.8206870702885407,9.519315096973023e-06,-3.4706990387334473e-06,2.0114423016529368e-05,6.68691174882154e-05,0.34853440388757034,-0.13312567006761375,1.914799730473222,3.9187116456145996
64.79999999999846,-0.756270612499827,-0.7309559571427942,-1.8265139902576708,0.10254884488153909,-1.627391095924589,-1.3239992224881567,-0.7516815267683055,-0.7297828203269463,-1.8278245142792628,9.616429879878323e-06,-3.483734489162082e-06,2.0144457247944578e-05,6.682116698914262e-05,0.3523043667425263,-0.144484080719242,1.9417364897591813,2.9598956028864016
64.84999999999846,-0.7604232717010726,-0.7478631046337484,-1.8336210034465539,0.10677120467474938,-1.6444023208841618,-1.3310065293545295,-0.7561354159670306,-0.7473939145492887,-1.8353776284039942,9.71295831591455e-06,-3.4945452756859986e-06,2.01710282278925e-05,6.677446744214113e-05,0.35054891465420346,-0.1401461373274632,0.6435048583155956,2.5091220111279045
64.89999999999846,-0.7646852754338916,-0.7647332416722539,-1.840890128448926,0.11090035068089851,-1.6614975994120755,-1.3365901865175727,-0.7603568324152978,-0.7650466358419579,-1.8414890149967627,9.811329792004091e-06,-3.5047425652171333e-06,2.019432082146082e-05,6.672834641219002e-05,0.3517380833956967,-0.11167314326087008,2.9939786696382225,2.248563462394532
64.94999999999845,-0.7690651851496433,-0.7815766074909108,-1.8483332642683248,0.11493183754109274,-1.6786523566127032,-1.3433654077166663,-0.7654402561884587,-0.7825456275211035,-1.8462936538084778,9.911063186792553e-06,-3.5141766213797392e-06,2.021425565833728e-05,6.668304990327117e-05,0.352442771991694,-0.1355044239818808,0.8871659653727254,1.3440856619682886
64.99999999999845,-0.7735658181715477,-0.7983990122096621,-1.8559460721900705,0.11875691183177155,-1.6953927508545665,-1.3489526874626225,-0.7714307954214044,-0.7987254695962553,-1.8640314037747647,1.0003618735690681e-05,-3.519726648813721e-06,2.0229646291204214e-05,6.663482949807919e-05,0.3434371906508964,-0.11174559491913126,3.456446268272068,2.072003192993672
65.04999999999845,-0.7781859028480012,-0.8151709195984372,-1.863732453046875,0.122570707971774,-1.7125574630629412,-1.3553669581823586,-0.7765641588362343,-0.816441151428139,-1.8715034957971837,1.0107074596822266e-05,-3.52213383579789e-06,2.0241861791243986e-05,6.658869103444522e-05,0.3516665728874156,-0.12828541439472932,1.827809016774578,1.7418136248473337
65.09999999999845,-0.7829343578017761,-0.8319306643872786,-1.8716832170047766,0.12620542555945324,-1.7294480775244931,-1.3623072069662432,-0.7821494875427926,-0.8340624545023088,-1.8808534192718354,1.0206720987012016e-05,-3.5206112588453285e-06,2.024907134303432e-05,6.654184442965023e-05,0.3455460762361611,-0.1388049756776995,1.3386690299990904,2.0281229471039834
65.14999999999844,-0.7878085138888887,-0.848639797100884,-1.8797926479903848,0.12983042637208114,-1.7469212312456253,-1.370166737539503,-0.7869416039492328,-0.8499220966468348,-1.88507088901828,1.0316746795071836e-05,-3.522570303871572e-06,2.0255128045661607e-05,6.649844151722004e-05,0.3569052373659902,-0.15719061146520352,2.5699439360051444,0.7780623673856388
65.19999999999844,-0.7928072771140845,-0.8652975022838196,-1.8880813391586755,0.13324987094949406,-1.7641080950194719,-1.3786412223420326,-0.7919605470366841,-0.8659313843712821,-1.8930661364077404,1.0421344518733328e-05,-3.5222767688763383e-06,2.0257048108465646e-05,6.645632719085483e-05,0.3504755200609568,-0.16948969605060152,3.3815529204191113,0.6328664748438675
65.24999999999844,-0.797942218561687,-0.8819270651411196,-1.8965355225913492,0.13652165115438838,-1.7813782265353448,-1.388494484905773,-0.7979033096034499,-0.8842602979112695,-1.900140061520733,1.0527868993197277e-05,-3.521194578709772e-06,2.025582191133336e-05,6.641534551300787e-05,0.3515477139587132,-0.19706525127482108,2.1017703861494397,0.5824080555859188
65.29999999999843,-0.8032122097549698,-0.8985095484250445,-1.905152846646294,0.13962722702038086,-1.7986321157881524,-1.3969262371225017,-0.8029287663945973,-0.9007006202360036,-1.9055365366474153,1.063401151195346e-05,-3.519648436466783e-06,2.0251344147785454e-05,6.637305828468429e-05,0.35062408169947606,-0.168635044334583,0.9460077831573579,0.25915862516463134
65.34999999999843,-0.8086167414394835,-0.9150369229966737,-1.913928915136205,0.1426153318686688,-1.8160050957169942,-1.4040050777538724,-0.8086114750304947,-0.9186764296444868,-1.912872544185472,1.0741264488788058e-05,-3.5198051856343068e-06,2.024481928891946e-05,6.633208615705358e-05,0.35256233481871996,-0.14157681262742158,2.1064074132072705,0.6935852990203459
65.39999999999843,-0.8141656648157335,-0.9314988029784645,-1.9227145411744173,0.14544385268714544,-1.8332718138256554,-1.4128449647583745,-0.8140232342427193,-0.9340996623229031,-1.9249247094038164,1.084751363710313e-05,-3.517694491173583e-06,2.0234543348233593e-05,6.629038820299426e-05,0.34993832476391157,-0.17679774009005295,3.1370614167407957,0.4905653634354149
65.44999999999843,-0.8198382934053253,-0.9478700042063883,-1.9313583591611632,0.14811835935245404,-1.8505689081470358,-1.4219339194576666,-0.8204304473309295,-0.951117493878077,-1.9332276279448661,1.0956315025940355e-05,-3.512844879812432e-06,2.022025670504525e-05,6.625002942398087e-05,0.35005403397976137,-0.1817790939858533,1.9119014800331742,0.7385962487596698
65.49999999999842,-0.8256489510108004,-0.9641706676679614,-1.9401120475934035,0.15063763631825683,-1.8678880047540969,-1.4307602381663806,-0.8269932505927672,-0.9672787272551101,-1.9407797292193583,1.1065825758139723e-05,-3.507487947902911e-06,2.020343722044658e-05,6.620977518609293e-05,0.3500284858157444,-0.17652637417429393,2.4466855179264346,0.8227581188935122
65.54999999999842,-0.8316024195982294,-0.9804359739587512,-1.9490182531717037,0.15301174521756794,-1.8852793220846262,-1.4394873325455229,-0.8337408432704038,-0.9833713807565246,-1.9493589145981074,1.1176515472964515e-05,-3.502503682424382e-06,2.0184574968880814e-05,6.617040100356962e-05,0.35105342441982373,-0.17454188758285394,1.6293750408801322,1.091928468944056
65.59999999999842,-0.8376888707158102,-0.9966394845827681,-1.9580910364484851,0.15523581894149222,-1.9027361342918632,-1.448662031439114,-0.8398783523665893,-0.9997647176161553,-1.9611986418720997,1.1288846377254773e-05,-3.4973156631660592e-06,2.0163316243148747e-05,6.613210275405365e-05,0.35195963899502675,-0.18349397787183352,2.1887562012751367,1.2870392955601249
65.64999999999841,-0.8439034412408306,-1.012775654944397,-1.9673381104137002,0.1573013597214761,-1.9202149945846254,-1.4576743852239338,-0.8460870845166981,-1.0149144363408227,-1.9712974394466347,1.1403422824843383e-05,-3.4901339429465825e-06,2.0138400684644158e-05,6.609508744294936e-05,0.35201085926169745,-0.18024707569640205,2.044409434286939,0.9949123272861095
65.69999999999841,-0.8502668698567192,-1.028862358005358,-1.9767389033362193,0.15916208159927092,-1.9374783158578757,-1.4691778957970418,-0.852750284607905,-1.0303621962326646,-1.9830424055649396,1.1516347969850238e-05,-3.4791083141115912e-06,2.010894797544466e-05,6.60582604157512e-05,0.3472681223215395,-0.2300702114621752,2.5229969532254213,1.245446780799917
65.74999999999841,-0.8567836814086514,-1.0448933034025836,-1.986299474166332,0.16086216233639514,-1.9550036511523594,-1.479005864326045,-0.8595048175483827,-1.0456558469701454,-1.9929602163832307,1.163455183041942e-05,-3.46942464718547e-06,2.0077775150101524e-05,6.602308620158618e-05,0.35215345924549524,-0.1965593705800775,1.3056673621948693,1.2186017375019271
65.7999999999984,-0.8634424461596095,-1.0608545426910982,-1.9960154021232697,0.162401400502276,-1.9726848821276266,-1.4889147919449306,-0.8660770993759557,-1.061371997979297,-2.0008798883427095,1.1755934996717484e-05,-3.4606044923781262e-06,2.004481759907849e-05,6.599022914042167e-05,0.3549635250614052,-0.19817855237772053,2.167678347205848,0.8722601187189657
65.8499999999984,-0.8702564627123944,-1.0767678492538786,-2.0058428017320185,0.1637436839403284,-1.9902086628277258,-1.4997807781201327,-0.8730809538554699,-1.0765847194239397,-2.012288109762793,1.1875226230616926e-05,-3.4503656390477367e-06,2.0008770271862928e-05,6.595757014161733e-05,0.3515039994250715,-0.21731972350405238,1.000471935510405,1.0655946073851166
65.8999999999984,-0.8772076728574273,-1.0925905900680175,-2.015846534148301,0.1648815545626277,-2.0074021514262093,-1.5096439632789256,-0.8808049345530363,-1.0922452798977789,-2.022753871068405,1.1991091595975483e-05,-3.436081253991966e-06,1.99679126720191e-05,6.59230354271626e-05,0.34462339257096963,-0.19726370317586991,1.3590081412934514,1.473959583290362
65.9499999999984,-0.8843011609261691,-1.1083397031272066,-2.025992819189087,0.16586803801670216,-2.0249940430529367,-1.519913962558322,-0.8880831010231514,-1.1059648327529863,-2.0331554022162086,1.2113879773496408e-05,-3.4252434032732175e-06,1.992698411667016e-05,6.588991223877811e-05,0.3523921277657631,-0.2053999855879382,2.1722953385412906,1.587465357453284
65.9999999999984,-0.8915542718961917,-1.1240173842514116,-2.036287271185501,0.1666727093356452,-2.0425510476436517,-1.5300789420809324,-0.8961593762616686,-1.1211833702834766,-2.039260204751886,1.2237065811684354e-05,-3.4138942924234408e-06,1.9883789017405386e-05,6.585860957344321e-05,0.3515102080524579,-0.2032995904522186,1.3186307043843928,1.8628076561775755
66.04999999999839,-0.898969527706179,-1.139624581838741,-2.0467366767313164,0.16728944166277493,-2.060125182814777,-1.541356138125529,-0.9046554152653017,-1.135753942182081,-2.054433593703539,1.2359610660101485e-05,-3.404091526004929e-06,1.9840175785093868e-05,6.582770516869426e-05,0.3517009314750536,-0.22554392089194505,1.4705074787314123,3.096084737628355
66.09999999999839,-0.9065376866031005,-1.155141212288292,-2.0573593087471247,0.16771154552941156,-2.077674581611443,-1.5521411360103474,-0.9128205488056103,-1.1516841457566052,-2.0697638231834095,1.2485087478306118e-05,-3.3923638329783578e-06,1.979253053908713e-05,6.579725066728452e-05,0.3510911886170792,-0.21569995769638253,1.1942831198828476,4.388725471307857
66.14999999999839,-0.9142719378827957,-1.170593953519512,-2.068108374512873,0.16793742698849531,-2.095233571076969,-1.5637246384026913,-0.9214821019007596,-1.1671268055697481,-2.0825534444750846,1.2614478578829416e-05,-3.3791993608419787e-06,1.9740468438528724e-05,6.576692534044528e-05,0.35121080935786736,-0.23167004784689205,1.4369244488163575,5.769925003813303
66.19999999999838,-0.9221626119728838,-1.1859554631952158,-2.0790003558440464,0.16796066850097785,-2.112906737938513,-1.5752378698072165,-0.9300918308874199,-1.1827649993702787,-2.092107293737143,1.2747456624816057e-05,-3.3670279960231287e-06,1.9686385423837253e-05,6.573764816964002e-05,0.35346559509776154,-0.2302646280905193,0.6471152644437532,6.046678617447889
66.24999999999838,-0.9302149386651328,-1.2012338643468108,-2.0900517475396874,0.16778942944564224,-2.1306620471670037,-1.585642957726288,-0.9393982112641353,-1.1991266790870834,-2.101434490410616,1.288161069325595e-05,-3.3569625830305666e-06,1.9631770034298616e-05,6.570936964787594e-05,0.35512430113225046,-0.2081017583814431,1.029509959398129,7.124775631218105
66.29999999999838,-0.9384224336417443,-1.2164061372285393,-2.101239780208111,0.16743576431282134,-2.148246694820867,-1.596168580614993,-0.9485144571256576,-1.2138000088202343,-2.114610624407031,1.3013678198048477e-05,-3.3463089940479394e-06,1.9574852645200043e-05,6.568020282046745e-05,0.3517656993778094,-0.210512457774111,1.5524531597349869,8.715193194968279
66.34999999999837,-0.9467985853566555,-1.2314958794845945,-2.1125835662661494,0.1668865593951147,-2.1655965908783346,-1.6087122435255958,-0.9575489001271472,-1.228455838564718,-2.1239479030310893,1.3145347887982692e-05,-3.3330486564406837e-06,1.951312296604826e-05,6.56499631440514e-05,0.3471740025861707,-0.25087325821207035,1.7053551564009721,9.197079648796164
66.39999999999837,-0.9553435628795492,-1.2465017675404402,-2.1240973432387213,0.16613933298027347,-2.1828038136569745,-1.619676200697419,-0.9664890790772748,-1.2419885553530081,-2.1337616467782055,1.3274767875797658e-05,-3.3199994522707055e-06,1.9450075519417358e-05,6.56185324870749e-05,0.34447051235541987,-0.21927914343647692,1.657271974773836,9.636104440399315
66.44999999999837,-0.9640458018449942,-1.2613944529526628,-2.1357560702158764,0.1651767159710123,-2.200468098967997,-1.6307989564212664,-0.9758247287313081,-1.2566428180100022,-2.140371490189205,1.341051977952519e-05,-3.312805408029151e-06,1.938973018409582e-05,6.559028056843624e-05,0.3538117202779712,-0.22245511447695956,1.845337430101478,10.652454264505932
66.49999999999837,-0.9729205892216761,-1.2761981902961756,-2.147563848624076,0.16401816953605639,-2.2179613570515593,-1.643056882518966,-0.9845215347350676,-1.2721083254771839,-2.145427651380985,1.3543063345634442e-05,-3.305907656813455e-06,1.9328464030159192e-05,6.556251440806762e-05,0.3506338014390821,-0.24515852195400561,2.3932337274218654,11.418175022775893
66.54999999999836,-0.9819525198641077,-1.290872845141199,-2.1595118609078634,0.16266438560212504,-2.235347786255698,-1.6539509964973516,-0.9943649126561935,-1.2858693949039464,-2.158755717438096,1.3671841376544862e-05,-3.3005450560647992e-06,1.9268060262445884e-05,6.553446342515894e-05,0.34878283170189994,-0.21788227956772432,1.7675823247438958,12.650710566176125
66.59999999999836,-0.9911707339990186,-1.3054570741448142,-2.1715560825686615,0.16112194665147708,-2.252665529056628,-1.665306793700209,-1.003684868702802,-1.3005362351968148,-2.1694891564398753,1.3802388839586752e-05,-3.2947382462021885e-06,1.9204642634544162e-05,6.550658658558114e-05,0.3477278142725903,-0.22711594405716232,0.556194144754736,13.090753342425918
66.64999999999836,-1.0005561346193865,-1.3199277506247133,-2.1837640975154544,0.1593858765772414,-2.269833587535536,-1.6778448913186526,-1.0136847007651142,-1.314536314628673,-2.188035124858115,1.3932508428729824e-05,-3.2884827687979064e-06,1.9138639895927016e-05,6.547817142232277e-05,0.3451145154704271,-0.2507619523688857,1.939985236122634,12.875162101484769
66.69999999999835,-1.0101157252735018,-1.3342986788215199,-2.1961069772290407,0.15741431917554788,-2.287185862707546,-1.6900164932691375,-1.0229836623211466,-1.3289552359067625,-2.1910823638835906,1.407032909786394e-05,-3.2837882021994597e-06,1.906925088271824e-05,6.545124928584208e-05,0.34928055058638763,-0.243432039009714,2.2203967744093935,14.760090839153953
66.74999999999835,-1.0198276595193156,-1.348536618820689,-2.208595065525747,0.1551888711875204,-2.304802666515447,-1.7028955395919116,-1.0335915175335075,-1.3425775120936414,-2.2094627175410806,1.4208054405171637e-05,-3.2848757209305666e-06,1.9005384308023096e-05,6.54272159720048e-05,0.3551387072569321,-0.25758092645549585,1.576216637941971,14.656335761385748
66.79999999999835,-1.029706194220342,-1.3626497586340112,-2.2212406455770757,0.1527560964786159,-2.3221477083199353,-1.7173943627436519,-1.0439036234540149,-1.354681638205992,-2.224908474773012,1.4348190070007477e-05,-3.2832504324383977e-06,1.8934391933344156e-05,6.540339601718023e-05,0.35029943877433695,-0.28997646303482055,3.308417424389743,15.732394923669409
66.84999999999835,-1.0397692359943802,-1.3766562508989422,-2.2340300550480747,0.1500998675335612,-2.33932969164834,-1.7309575990599302,-1.0534814618428747,-1.3697515003170029,-2.2327062806238436,1.4489415315698776e-05,-3.2811361463710803e-06,1.8859688483720993e-05,6.53795514918941e-05,0.3477244525633479,-0.27126472632558285,3.2002533215066684,15.318561773254059
66.89999999999834,-1.0499854816853376,-1.3905040513902749,-2.24695707949605,0.1471772581849929,-2.3566841052005443,-1.744318563597466,-1.0637352797928545,-1.38227699734271,-2.2466065189465887,1.4631702023449058e-05,-3.283220590345731e-06,1.878789271727541e-05,6.535653583309631e-05,0.3519783644647933,-0.26721929075073414,1.3166375049181978,15.732943216100615
66.94999999999834,-1.060390993766945,-1.4042403209772178,-2.260034678001558,0.14402481344151707,-2.3740386490464873,-1.756654571139141,-1.0739528703140788,-1.3956471860432915,-2.256933986461023,1.4776115961140249e-05,-3.2869708266036836e-06,1.8714806816772233e-05,6.533489336842577e-05,0.352773040586644,-0.24672015083351204,1.1795737623102815,16.45912404619964
66.99999999999834,-1.0709754018029347,-1.4178419402284121,-2.2732224080245076,0.14065692124751797,-2.3912963833209986,-1.7703987024443961,-1.0848128259860539,-1.4095092919559613,-2.2659219353096467,1.49201732548605e-05,-3.2918141156674764e-06,1.8640835060029884e-05,6.531349758329727e-05,0.35166856958194864,-0.27488262610511777,1.4484834559062978,18.59283384580307
67.04999999999833,-1.0817145883241452,-1.4312956823416436,-2.2865560556930027,0.1370903903301411,-2.4083598807705293,-1.78329162280315,-1.095727940393082,-1.4228392130265528,-2.2784653159439205,1.5061315812083918e-05,-3.2971078578255295e-06,1.8566589299147178e-05,6.529111042105738e-05,0.34864727017676983,-0.2578584071750911,0.7706703217529529,19.319119592334015
67.09999999999833,-1.0926372851078052,-1.4446004365199439,-2.3000166374283486,0.1332413774511335,-2.4256589672734408,-1.7961645722768156,-1.106523592127804,-1.435050601621834,-2.2955834705202727,1.5206806570765526e-05,-3.30684989676571e-06,1.849398645333617e-05,6.527031939910488e-05,0.35444471003440675,-0.2574589894733267,2.4232268613464316,18.013809987024395
67.14999999999833,-1.1037332268944315,-1.4577575318831595,-2.3136148493093946,0.1292696228135834,-2.4425072051774475,-1.8084488086957955,-1.1172353885653787,-1.4483262213075199,-2.30903067532969,1.5351247898010993e-05,-3.313741455221953e-06,1.8414169312071792e-05,6.524823619994274e-05,0.34620324863189605,-0.2456847283796133,3.6314646895420246,17.153884627417252
67.19999999999833,-1.1150019828650248,-1.4707636320558226,-2.3273640390095927,0.1250265844886956,-2.459466486579432,-1.823458326201971,-1.1285933984241154,-1.4612550284546086,-2.326952412622785,1.549984827635001e-05,-3.3240861683092537e-06,1.833383013563046e-05,6.522642234053014e-05,0.3496434398773946,-0.30019035012352535,1.3472524281311866,15.724258892393411
67.24999999999832,-1.1264537988931718,-1.4836280629937988,-2.341251237290533,0.12054565263095089,-2.4763382365413023,-1.837324189020852,-1.1398046155537462,-1.473291007480272,-2.3446346892405425,1.5651670967726068e-05,-3.3360120797347136e-06,1.8250041651132572e-05,6.520477251320558e-05,0.349135835771108,-0.2773172563776356,1.44571028623339,15.049524476606857
67.29999999999832,-1.1380873816258021,-1.4963358649480136,-2.355248412846838,0.11582297269593217,-2.493215611492692,-1.8499578381716517,-1.1514782547978082,-1.4833799930844245,-2.3560851185043123,1.5807142403069052e-05,-3.3507389852100043e-06,1.8164396644562407e-05,6.518408129699468e-05,0.3505159490647929,-0.25267298301600705,3.1529420491492792,18.43969246886412
67.34999999999832,-1.1498604095275902,-1.5088479730289555,-2.369366433875088,0.11088852933716292,-2.50996821545264,-1.8645294956981704,-1.163953134563528,-1.495581632358178,-2.3691724703361614,1.5961724630247908e-05,-3.367124933892047e-06,1.80788493528239e-05,6.516414807641144e-05,0.3492871984669759,-0.29143315053038915,1.3172505595529367,20.191542939863055
67.39999999999831,-1.1618276906896552,-1.5212219034991343,-2.3835959433100466,0.105614127547029,-2.5269661411415822,-1.8788159920009924,-1.176934728310944,-1.507930446698925,-2.385275598605363,1.611993821374171e-05,-3.3893196148884547e-06,1.799689967853924e-05,6.514592959435612e-05,0.3559517829704413,-0.2857299260564575,1.283175845876161,21.261937558053358
67.44999999999831,-1.1739536303497242,-1.5334183827090146,-2.3979398557813063,0.10023895152888744,-2.543408697533162,-1.894686973350488,-1.1884076392551866,-1.5200360184372317,-2.403263351600931,1.6275653498530656e-05,-3.408985727230125e-06,1.7907706260578405e-05,6.512572993778839e-05,0.3459806118598989,-0.3174196269899312,3.1772013692949566,19.40955020317909
67.49999999999831,-1.1862437948380018,-1.5454392252066307,-2.4124580310497437,0.0946029381309505,-2.5598087369694165,-1.9089342164810579,-1.2005947237139103,-1.5312996798126586,-2.4156812553464078,1.6434430079226646e-05,-3.431850191808355e-06,1.7816739450390015e-05,6.510497365742448e-05,0.34683196361468605,-0.28494486261141355,2.9160853290800626,20.55024283845764
67.5499999999983,-1.198714148046252,-1.5572942990569003,-2.4271112179093874,0.08873718793752772,-2.5761109326107836,-1.9234393865187478,-1.2143763527155176,-1.5442365307573045,-2.428222392477035,1.6592644483722886e-05,-3.457117790166259e-06,1.772658504000001e-05,6.508418607817112e-05,0.3465105314830483,-0.2901034007538143,1.9175376430128837,21.748057813645946
67.5999999999983,-1.2113356726676892,-1.568958251947402,-2.441841902347638,0.08258743749919062,-2.592434341037648,-1.938751281918541,-1.2276701632219034,-1.5566387392506429,-2.4424587936358466,1.675180361825278e-05,-3.486238241326923e-06,1.7638456152060812e-05,6.506357848211017e-05,0.34887191806410645,-0.3062379079958823,1.769636742977801,22.083510750303194
67.6499999999983,-1.2241315073042869,-1.5804511155757386,-2.456709805057054,0.07617344528179767,-2.6087070013849756,-1.9537607172310154,-1.2429010046761115,-1.5685867695309008,-2.4665192640877285,1.6911787227137046e-05,-3.5186773470360624e-06,1.7551080398992624e-05,6.504366046550795e-05,0.3498253933491977,-0.300188706249506,3.3901705269033267,24.607798252477213
67.6999999999983,-1.237084915059833,-1.5917396001464161,-2.4717222065175375,0.06952435632281205,-2.6248345089178913,-1.9699313033489898,-1.2565848854215036,-1.5780249547439282,-2.4922698375690415,1.7077163384084574e-05,-3.5551541376758e-06,1.7457953417319563e-05,6.50237016940165e-05,0.34889168195397063,-0.3234117223595043,5.024109990205897,29.240742720067963
67.7499999999983,-1.250213458619221,-1.6028484682685495,-2.4868761853597565,0.06256224625530091,-2.6410056075106234,-1.9847484408944027,-1.2708463601457651,-1.5886832990698483,-2.507139556419197,1.7249453040360408e-05,-3.5981913934116344e-06,1.73617892735134e-05,6.500511707179626e-05,0.35212558983735365,-0.29634275090827417,0.896724630614381,31.717566696973453
67.79999999999829,-1.2635112309536838,-1.6137493281947233,-2.5021442309212185,0.05539226854828651,-2.6570230022271764,-1.9986183616319204,-1.2838764019603308,-1.5979531357259704,-2.5169375650746413,1.742057492303671e-05,-3.643744197565134e-06,1.726667130529642e-05,6.498687322206507e-05,0.35098173795053833,-0.2773984147503708,1.6114833516223301,31.98175969240504
67.84999999999829,-1.2769589809118607,-1.6244426652620008,-2.517524737953249,0.048068279657631545,-2.6727647820955838,-2.013913846122717,-1.297392816206202,-1.6077306197765244,-2.526927784014883,1.7587383638927358e-05,-3.6896558201534564e-06,1.7173161334397732e-05,6.496846091938699e-05,0.3472464967262677,-0.3059096898159417,1.0597676285992323,33.31181580518367
67.89999999999829,-1.2905554558316887,-1.6349307645755122,-2.532993392979235,0.040520228891911904,-2.6883674717290695,-2.0288313459988987,-1.3106363882478764,-1.618244987123111,-2.541377075535741,1.7750963686077973e-05,-3.7373265145457565e-06,1.7083240350537482e-05,6.494994926790123e-05,0.34665404382508486,-0.29834999752364955,2.843910799729778,32.4906806366295
67.94999999999828,-1.3043261082539355,-1.6452209239169544,-2.5485794057025,0.032631394053967214,-2.7040655825222832,-2.0441068582712294,-1.3246089321609136,-1.6278336629215204,-2.554580435525548,1.7916100380949388e-05,-3.7905637612775332e-06,1.699720833966512e-05,6.493270359663749e-05,0.351380363514218,-0.30551024544663113,2.96704087607438,34.25673571204049
67.99999999999828,-1.3182494515243444,-1.6552875484644525,-2.5642783362701858,0.0245087672296992,-2.719640476907969,-2.0589166353471047,-1.3380896575255143,-1.6370795854775864,-2.571545475556877,1.8079825661160946e-05,-3.846471864216555e-06,1.6913267795139764e-05,6.491640592525408e-05,0.35131754371429513,-0.29619554151752464,1.3829995438018323,34.40195951413384
68.04999999999828,-1.33232313889923,-1.6651344837052453,-2.580157783706769,0.01629061636264955,-2.7348230879521296,-2.0749344397668,-1.3532668401830756,-1.6464712064128972,-2.585440566399653,1.824226182622219e-05,-3.903571255087408e-06,1.6825338628369786e-05,6.489907462364386e-05,0.34528599996273457,-0.32035608839392826,1.090619420222809,37.6182445516731
68.09999999999827,-1.3465493201586,-1.6747631563322958,-2.5961181509831657,0.007692703105984607,-2.7501129276277627,-2.091176621748792,-1.3688449079391223,-1.65559014368176,-2.6020892253498586,1.840535271250591e-05,-3.966453629899822e-06,1.6743035088912894e-05,6.488260994592557e-05,0.35083333611657075,-0.32484363963985136,1.2007502131895043,40.95192360615008
68.14999999999827,-1.3609123727544756,-1.6841614895855326,-2.6122695605366526,-0.001172966813433431,-2.765318789490046,-2.1061314931623034,-1.3844435372056392,-1.6649363204518872,-2.6217641992215692,1.856849266476424e-05,-4.033642718509985e-06,1.6662623308865003e-05,6.486683352119831e-05,0.3520364255879121,-0.2990974282702459,1.262845597320616,42.75016936149212
68.19999999999827,-1.3754461172625505,-1.6933405326325197,-2.628543591195924,-0.010224499023919826,-2.780270920289381,-2.124174675890882,-1.3982834677176925,-1.6726608499906457,-2.6372995345331263,1.8732818955500233e-05,-4.105072179699037e-06,1.657914691746649e-05,6.485061488144211e-05,0.34957387714815785,-0.3608636545715882,1.7335360911780389,43.98607320163817
68.24999999999827,-1.3901001962408683,-1.702270720109198,-2.64489766191744,-0.019568276012847816,-2.7951157610719517,-2.140974087480191,-1.4124555988807312,-1.6807588069964021,-2.649384940384337,1.889638393958325e-05,-4.180345247645986e-06,1.649864186523994e-05,6.483503594516874e-05,0.35081773182147424,-0.3359882317862053,2.2164262453829897,45.64067590311536
68.29999999999826,-1.4048929973003088,-1.7109679422307569,-2.661333749728365,-0.02908572400730347,-2.809713435260793,-2.1561557405030918,-1.4268473552129004,-1.688113624684134,-2.6681398352566412,1.9056414167550677e-05,-4.256446985296137e-06,1.6420613933872045e-05,6.481943610697241e-05,0.34852818580252715,-0.30363306045802824,1.364973620857526,47.118535934101956
68.34999999999826,-1.4198253356257537,-1.7194271690398124,-2.6779292974465294,-0.03897252354899752,-2.824341281746197,-2.1741571184085204,-1.441803543597703,-1.6958639525037515,-2.6844051453218567,1.9218697725011425e-05,-4.340033741416635e-06,1.6345333284103867e-05,6.480497881782012e-05,0.35311817620511793,-0.3600275581085921,1.0790746744214974,48.795969865740204
68.39999999999826,-1.4348759734855752,-1.7276443834269888,-2.694657168666873,-0.049026756918960746,-2.8386718380988127,-2.1910255544533594,-1.4573144672509135,-1.7038869370279186,-2.700580681606178,1.937896600356337e-05,-4.425802490958607e-06,1.6270199896807842e-05,6.479020177000121e-05,0.35011981991348623,-0.3373687208967994,1.3289783727958455,50.074738975259976
68.44999999999825,-1.4500724439632655,-1.7356148274695251,-2.711514970767306,-0.05929475603642266,-2.8527859361925554,-2.2084562657289375,-1.4737048913506545,-1.7114677841177242,-2.7149568654114575,1.953787449102172e-05,-4.515056079607247e-06,1.6196432900924816e-05,6.477492866408826e-05,0.3490829610310649,-0.34861422551158333,0.971475283951929,53.95601346175378
68.49999999999825,-1.4653910435334159,-1.7433266308276643,-2.7285208908184297,-0.06985279854364951,-2.8667980338242427,-2.2246044327552044,-1.4901359419414817,-1.7178676302039648,-2.7338566702352187,1.9694830147400953e-05,-4.607830242199756e-06,1.6127444899358693e-05,6.475994072433804e-05,0.3508947594549157,-0.32296334052535625,1.268277941368801,58.6883783970888
68.54999999999825,-1.4808436686548283,-1.75078487378348,-2.7456448007917436,-0.0806683471114626,-2.8806969048315785,-2.2395510562728016,-1.5062344237413112,-1.7251189439825676,-2.7515843213274014,1.985123848019013e-05,-4.705866162272793e-06,1.6060951993062088e-05,6.474554675376743e-05,0.3522274720987994,-0.2989324703519619,1.1363252266864818,60.04130349727876
68.59999999999825,-1.4964169473354714,-1.7579806843175927,-2.7628639539201707,-0.0915909058392989,-2.8942799721200734,-2.2565505407366757,-1.5231358560640809,-1.7315960312999072,-2.7736314387912375,2.000600153991383e-05,-4.807275872871713e-06,1.5993570299610156e-05,6.473042944014864e-05,0.34860253719891043,-0.3399896892775029,2.3462182707887993,63.12347283309667
68.64999999999824,-1.5121060208780304,-1.7649029847250979,-2.780186941455316,-0.10280387047610398,-2.907741292818435,-2.2740974843361816,-1.5398738669377918,-1.7385950971161397,-2.7922188473577294,2.0161226675741202e-05,-4.9160841609695465e-06,1.592807289520103e-05,6.471506328198076e-05,0.350397263916403,-0.35093887199013557,0.9437403675617829,64.5312204065474
68.69999999999824,-1.5279109438890148,-1.771547010171762,-2.7975550697110094,-0.11419381640257711,-2.920912372275718,-2.293507553673054,-1.5551060604088809,-1.7443188147421702,-2.811615786870806,2.031505457762666e-05,-5.029140818228005e-06,1.5863141677548152e-05,6.469899483857505e-05,0.3482629592429221,-0.38820138673746896,1.9466433559532796,65.27911472385382
68.74999999999824,-1.5438271957325007,-1.7779110117826242,-2.814983417560391,-0.12586194918510887,-2.9339279857715574,-2.309810091414265,-1.5701329131795365,-1.7498936349731458,-2.827924265935331,2.046763605523607e-05,-5.1469538775441995e-06,1.5802078098907125e-05,6.468330717216301e-05,0.3496045106492444,-0.3260507548242408,4.211702373413978,65.65632225628741
68.79999999999824,-1.559839585920235,-1.7840057725635492,-2.8325675847893312,-0.1378167030696992,-2.946825688381757,-2.326731527073934,-1.5879487018192828,-1.7565721510329269,-2.8319104782932922,2.061848523999006e-05,-5.269270856625443e-06,1.574624519783596e-05,6.466851739496812e-05,0.35172389891035144,-0.33842871319339424,4.576376167338935,71.9907671404142
68.84999999999823,-1.5759624323016637,-1.7898204741826174,-2.850198117322063,-0.14993841091958743,-2.959456012176891,-2.3445663311873406,-1.6036820510465073,-1.7617571691723624,-2.846513096806963,2.076362549089787e-05,-5.38794656459959e-06,1.5697013608502094e-05,6.465409516925622e-05,0.35012512264028334,-0.35669608226815724,0.7789383728168058,74.67047894414699
68.89999999999823,-1.5921835306930805,-1.7953549812388956,-2.8679742845485987,-0.16223388079720757,-2.9718086380824036,-2.3631848933277526,-1.620216374996764,-1.7666104161839653,-2.8693366403471927,2.0905825473953888e-05,-5.508951413816476e-06,1.56503552099644e-05,6.464005251304538e-05,0.3485826854481381,-0.372371242808263,2.4836841098022013,73.98930587169947
68.94999999999823,-1.608486582967941,-1.800600521674843,-2.8858835617893375,-0.1747048483506348,-2.9838902413996338,-2.3809182079903373,-1.6371911338876841,-1.7710870800087726,-2.894029893603062,2.1046419531180478e-05,-5.636453222326366e-06,1.5604460619485498e-05,6.462578865925956e-05,0.3472739963603655,-0.35466629325171267,2.870681325793779,74.48134047771518
68.99999999999822,-1.6248892549154792,-1.8055604382412054,-2.90385323780365,-0.18737218822457274,-2.9957385912007832,-2.398259479526344,-1.653615176142706,-1.7756640335708616,-2.909041420543849,2.1185718798403592e-05,-5.771776733051912e-06,1.5559910990828463e-05,6.461088245901235e-05,0.34690196411729934,-0.3468254307201515,3.8042206852812557,76.42775448456449
69.04999999999822,-1.6413863978327377,-1.810227445172726,-2.921860354788975,-0.20029742290023297,-3.0074101462946676,-2.415979836068342,-1.6699701325906824,-1.7790020810404679,-2.931276521721678,2.1322202871693857e-05,-5.910109481752849e-06,1.5521116303281424e-05,6.459627202460162e-05,0.3483072357221317,-0.3544071308399872,1.994725610456628,78.74500625069922
69.09999999999822,-1.6579440379505315,-1.814596985888895,-2.9400313667268207,-0.21350632762117377,-3.018906963336351,-2.434786388650854,-1.6871397655262639,-1.7832110706374196,-2.950966387994781,2.1456692514738147e-05,-6.056028187386676e-06,1.548680995844639e-05,6.458207446247579e-05,0.3502347809092531,-0.37613105165025856,2.6228680274052047,79.53332810939042
69.14999999999822,-1.6745811362830083,-1.818668405748139,-2.958249805799457,-0.22687331107954298,-3.030115071955924,-2.4528488821003487,-1.703907925775357,-1.7868758855797968,-2.9691374102973027,2.158818680201637e-05,-6.206105733147785e-06,1.5455751195150406e-05,6.456774099688711e-05,0.34888749988092865,-0.3612498689899155,1.648791833171983,80.72306371215639
69.19999999999821,-1.691275617596166,-1.8224435217165253,-2.9765957636850593,-0.24036901542151595,-3.0410191288562496,-2.47117878288646,-1.720893308339678,-1.790138275840613,-2.9861195683817456,2.1716442853800557e-05,-6.3594410239301446e-06,1.5427899104081785e-05,6.455308597467766e-05,0.34701061727457805,-0.36659801572225537,0.9046300200798751,82.95416978740661
69.24999999999821,-1.708047570473908,-1.8259153633805174,-2.9950399764120124,-0.25416758490449964,-3.0517495764400633,-2.490080328145554,-1.7371310293769064,-1.7935585613334646,-3.0020279460993686,2.184163829472952e-05,-6.516850451097299e-06,1.5407048729902285e-05,6.453885994104274e-05,0.34960098514023114,-0.37803090518190013,3.0904772505181466,82.59742127470746
69.2999999999982,-1.7248789779754283,-1.829079649854966,-3.013612100297109,-0.26804704106998956,-3.062135124693238,-2.50832199497586,-1.753605259836348,-1.79657607707578,-3.016300377818022,2.1963292555010622e-05,-6.675421664871969e-06,1.538921569709569e-05,6.452468220771012e-05,0.34670289811454175,-0.36483333660614076,2.3760483457814967,84.01896195362636
69.3499999999982,-1.7417474070107573,-1.8319371482668845,-3.032284309806777,-0.2821332194054399,-3.0722766384939755,-2.5268671968131566,-1.771073911198262,-1.7992153217480544,-3.0345184698837144,2.208145097506365e-05,-6.83555277594145e-06,1.537719309223179e-05,6.451092767052569e-05,0.34714801278378543,-0.37090403674595124,1.4809354214021986,85.53724597986503
69.3999999999982,-1.7586808188357737,-1.8344782686264178,-3.0510446035748613,-0.2965573881101702,-3.0822599578992604,-2.545476587956595,-1.789151632842362,-1.8013654738244602,-3.057860035929386,2.219588317560813e-05,-7.00065997508164e-06,1.5373271697583597e-05,6.44980085127161e-05,0.3508459433701004,-0.37218782286878055,1.6189755756101571,86.17154285785297
69.4499999999982,-1.7756471052924148,-1.836704155975551,-3.0698108913786175,-0.31105458590810614,-3.0919022900004247,-2.5638507973934224,-1.8047117254923322,-1.8011949870514439,-3.0813881833652976,2.2305858229565442e-05,-7.171624551533288e-06,1.5372209137784183e-05,6.448480285356483e-05,0.3482251232808051,-0.3674841887365741,2.9584475322670762,91.36544312319347
69.4999999999982,-1.792673870320053,-1.8386159670320776,-3.0886923988031523,-0.3257119338401477,-3.101262945008526,-2.5826499621285586,-1.82039566771331,-1.803020597783735,-3.096570103502612,2.2411277331297913e-05,-7.349109526477355e-06,1.5376165397190708e-05,6.447157044955153e-05,0.34783249899580365,-0.3759832947027492,2.7175284788344136,90.74187522429078
69.54999999999819,-1.8097109851445765,-1.8402137455924972,-3.1076665584913226,-0.34073977701279373,-3.110467487253414,-2.6014164501544594,-1.8380100310044027,-1.8048176995773584,-3.108015934646956,2.251329341493041e-05,-7.529095023356466e-06,1.5389882695617054e-05,6.445906619649234e-05,0.35245923619989955,-0.37532976051804057,3.722798696154295,93.89311239476183
69.59999999999819,-1.8267785716112825,-1.8414880509130456,-3.126752170984645,-0.3557962799212737,-3.1193047291624305,-2.620248603709996,-1.856219257338798,-1.8052724703643388,-3.1267343849748634,2.2611640001107673e-05,-7.706944394457137e-06,1.54071136429724e-05,6.44468243883879e-05,0.3491728125254905,-0.37664307111074696,1.0382567664132383,98.54924237425665
69.64999999999819,-1.8438638507467715,-1.8424343380741202,3.137237476047508,-0.371024252519782,-3.1278594780823146,-2.639254155635975,-1.8738015915297574,-1.8053103253745004,3.1293015384432437,2.270493035764973e-05,-7.888254430452712e-06,1.5430533204568453e-05,6.4434740394596e-05,0.34933311422918967,-0.38011103851960154,3.2917800305076357,98.28271879858718
69.69999999999818,-1.8609588462959046,-1.8430619348196722,3.1179267428599555,-0.38634130795985255,-3.1360762365940262,-2.6591775332319507,-1.8905770935263917,-1.806039317126762,3.115609609595726,2.279184384123886e-05,-8.077874290595891e-06,1.545903820465236e-05,6.442184177074625e-05,0.34764194331794895,-0.39846755191953503,1.91432470371188,99.6184389007761
69.74999999999818,-1.8780571327304194,-1.8433641503303289,3.098511193297678,-0.4018290434092407,-3.1440031999448075,-2.6778869763003796,-1.9080112108606755,-1.80649140515662,3.0995006583925164,2.2875318764039958e-05,-8.266897756615682e-06,1.5494016159843745e-05,6.440900279646176e-05,0.34797444015676865,-0.3741888613686023,2.9553669003241163,100.78190633401208
69.79999999999818,-1.8951663217642092,-1.843336975507987,3.0790350182165276,-0.41764750762687247,-3.1517163963150088,-2.6979297843018855,-1.92578187149581,-1.8063704726188463,3.0817031791902982,2.295416407496702e-05,-8.458545611725047e-06,1.553868398533981e-05,6.439680548287763e-05,0.35198157724909274,-0.4008561600301362,1.509941847071408,102.47027094746772
69.84999999999818,-1.91227256905979,-1.8429755847578129,3.0594690992650064,-0.43336863029739076,-3.1590000220039576,-2.717534433330018,-1.9415218230605027,-1.805300774746314,3.0624816472350425,2.3028318070995043e-05,-8.650918530065414e-06,1.5585328166360386e-05,6.438435209965457e-05,0.3465339905419289,-0.3920929805626805,1.3794813178828083,103.84861310659225
69.89999999999817,-1.9293649245597568,-1.8422856672033432,3.039822699545717,-0.44913438623498175,-3.1659370829220257,-2.736623488257404,-1.9579839224796682,-1.8038231460053544,3.0446420539437167,2.309731138423242e-05,-8.845631944578126e-06,1.5637005838546334e-05,6.43717557507978e-05,0.34449434461024053,-0.3817810985477415,0.7399620804585192,107.870956648754
69.94999999999817,-1.946421103873033,-1.8412649780206738,3.020107208582081,-0.4651668367768987,-3.172611192846299,-2.757625696017497,-1.975503105333761,-1.8013845812077554,3.0213400473347356,2.3160541003831437e-05,-9.043419833065393e-06,1.569803766119273e-05,6.435954697815343e-05,0.34732941103133497,-0.4200441552018828,1.7803300748676405,111.73846778849666
69.99999999999817,-1.9634705698735075,-1.8399043821573045,3.0002902354230288,-0.481283519386114,-3.1789330479873503,-2.7779352393864634,-1.9928111555589574,-1.8000039073196765,3.000619129321289,2.3216545336216888e-05,-9.245601235454435e-06,1.5766057071130812e-05,6.434714906465455e-05,0.3462505526623802,-0.40619086737934756,1.818576487811255,110.59278220069274
70.04999999999816,-1.980483411124452,-1.8382089904121108,2.9803947990803303,-0.4975370667838875,-3.18493702257248,-2.7975552299830198,-2.0089811687447865,-1.7978299515203453,2.9802257581393556,2.3266527079179094e-05,-9.450675176281133e-06,1.5841905005092777e-05,6.433444187451868e-05,0.3465458958642634,-0.3923998119311488,1.4570752881770024,111.42518976513828
70.09999999999816,-1.9974572844673553,-1.8361872832056374,2.9604807343141473,-0.5140053581275591,-3.190646487692312,-2.81817612908412,-2.0266216509159545,-1.795138348671997,2.9606757365489793,2.3309940472101892e-05,-9.659044877427555e-06,1.5927497695449403e-05,6.432193609577026e-05,0.34860486356134585,-0.41241798202203367,1.3607012908270928,114.6959360747234
70.14999999999816,-2.014390951034824,-1.8338252022735948,2.940475856224096,-0.5305220478055247,-3.196019941155633,-2.83593986067737,-2.0434963659502445,-1.7913437258547802,2.937675256985166,2.3347783897071063e-05,-9.868158429247693e-06,1.6019630039487768e-05,6.430949349598173e-05,0.34738046747995455,-0.355274631865015,0.9920396516029195,119.43379720466191
70.19999999999816,-2.031256746542614,-1.83112549801652,2.9203730496893594,-0.5470461870753414,-3.201048116834013,-2.8564645990097723,-2.05881507459257,-1.7879492830357238,2.916012389586472,2.3377312598990042e-05,-1.0081161426958915e-05,1.6119401130318732e-05,6.42967472513666e-05,0.3454505478172745,-0.4104947666480713,1.6311393719192488,121.18535652912671
70.24999999999815,-2.0480777228066964,-1.8280903752908977,2.9001846125990354,-0.5639199568334805,-3.2058041140912907,-2.8772601906452056,-2.0728189686781535,-1.784471428457943,2.893290991162263,2.339951647919416e-05,-1.029726358770685e-05,1.6232030665998136e-05,6.428423163965159e-05,0.35063068437708445,-0.41591183270868726,5.232221852202076,121.99141177964667
70.29999999999815,-2.064855048481569,-1.824721015342865,2.879913389925086,-0.5808857532211493,-3.2102169206729134,-2.8970013431597117,-2.089696692844021,-1.780505427507864,2.873542164007249,2.3414706197003412e-05,-1.0515832283194503e-05,1.635381613670123e-05,6.427193243883507e-05,0.35061151689753023,-0.3948230502901415,1.772233759276607,125.03883944699082
70.34999999999815,-2.0815411669972947,-1.8210120764522966,2.8595539928992633,-0.5980593637083638,-3.2143116720926086,-2.9180588139299273,-2.1072202258405364,-1.77675850725439,2.8608272781446704,2.34228487703015e-05,-1.0735653549068179e-05,1.648645012974742e-05,6.425974491636181e-05,0.35310701174877973,-0.4211494154043342,2.4611942277398584,129.3342667882418
70.39999999999814,-2.0981553144800746,-1.816972002545079,2.839098970367882,-0.6153111096025445,-3.21804972272882,-2.938370123306194,-2.1234373441851484,-1.7709972849644966,2.8304584098484993,2.3428422731421052e-05,-1.0952283619863458e-05,1.662503189925969e-05,6.424816208047887e-05,0.3530475727498129,-0.4062261875253629,2.163540862520532,132.67864838912143
70.44999999999814,-2.114664112797407,-1.8126064954687755,2.818645358738109,-0.632467560040618,-3.221404925116396,-2.9585600088451938,-2.1392222185226304,-1.76632712274186,2.816919061194718,2.3421461416945313e-05,-1.117388338951069e-05,1.6773398616251833e-05,6.423604591662026e-05,0.34963498449792413,-0.4037977107800136,2.2514528106289196,138.6581760669614
70.49999999999814,-2.1310843858392796,-1.80789760811492,2.7981395272009344,-0.6495985367109858,-3.224399069500195,-2.978561781202965,-2.1550056061803913,-1.7623179630829595,2.801392225876577,2.3412126452080322e-05,-1.1392499307314352e-05,1.692654087874684e-05,6.422395811129859e-05,0.3478191170339463,-0.4000354471554484,5.71359547690205,137.94849835342674
70.54999999999814,-2.1474079421533316,-1.8028530736112227,2.7775307764092894,-0.667014581810074,-3.2270754103790646,-2.9996671073246346,-2.1702096244597286,-1.756546401412229,2.7786969630058547,2.339785860614119e-05,-1.160974728743073e-05,1.7090565809343125e-05,6.421241831720969e-05,0.3524162042732435,-0.4221065224334117,1.754182943640916,141.23577941440558
70.59999999999813,-2.1636216254325435,-1.797485201866499,2.7568295508850054,-0.6843764954810155,-3.229383422127567,-3.0191972757676604,-2.1874921254579736,-1.7502846417771478,2.7525874278774083,2.3375411100655524e-05,-1.1827566987800423e-05,1.7262747722780646e-05,6.420116162840678e-05,0.35029856716034535,-0.3906033688605379,6.079689464602196,140.79007895313114
70.64999999999813,-2.179714610450554,-1.7917829784338628,2.7361207836726726,-0.7017479177286017,-3.2313375451665802,-3.039948520684926,-2.2030467595448986,-1.7444443325308463,2.7285247832819266,2.3341226940434827e-05,-1.2047251460540636e-05,1.7446375914098022e-05,6.418923407060246e-05,0.34962601376757757,-0.4150248983453399,3.5457567116444935,139.24612865268006
70.69999999999813,-2.1957033286375545,-1.7857512618301339,2.71535264849599,-0.7193497228977797,-3.2329483547510214,-3.060717402956292,-2.2184096874888053,-1.7374864476885592,2.7057615259499626,2.3296863985390622e-05,-1.2267372050933969e-05,1.764403946982072e-05,6.417684582643219e-05,0.353513497912505,-0.41537764542733957,2.157035249886044,144.20029683893404
70.74999999999812,-2.211549771522685,-1.779400255392036,2.6945178437284576,-0.7369737800632506,-3.234183009888942,-3.0825862329867153,-2.2348050155224364,-1.7300876445522184,2.684488542950194,2.3243291650982835e-05,-1.2487074363735592e-05,1.7852403666984297e-05,6.416422138723114e-05,0.3533520647847355,-0.4373766006084935,1.822500509694554,149.14697897496575
70.79999999999812,-2.227280199724598,-1.7727084117924505,2.6735849798138083,-0.7545265361118622,-3.235043559695653,-3.1026245651497284,-2.25063898625962,-1.7232927744541517,2.669013684861988,2.3182668553007415e-05,-1.270492192066065e-05,1.806869426283397e-05,6.415138735107196e-05,0.3514826455110324,-0.4007666432602854,2.5473742063218725,151.86666960921852
70.84999999999812,-2.242864091176529,-1.7657049073797406,2.6525326368976803,-0.7722000181882882,-3.2355425560595545,-3.1241073696515835,-2.267152830053132,-1.715777931763972,2.647549778796747,2.311750617886312e-05,-1.2919493630167102e-05,1.8293902597017044e-05,6.413886726255882e-05,0.35361730090606713,-0.42965609003713034,2.692484607932246,152.24488961768563
70.89999999999812,-2.258275994430381,-1.758382333932153,2.631424089147387,-0.7895613412438193,-3.2356623278496413,3.137904692546459,-2.281737065594382,-1.7078519451433174,2.6274131379692385,2.304523106997947e-05,-1.3132269796970391e-05,1.852391314088038e-05,6.412623753618183e-05,0.34724121002500224,-0.423464899630898,1.4595097994047284,157.34594483716697
70.94999999999811,-2.273535317775528,-1.7507180642092628,2.610292493034861,-0.8070708330380639,-3.235402374384392,3.1155899335461736,-2.2961432420075547,-1.6999110439742673,2.6083997227112237,2.2964809894756063e-05,-1.3342398956367688e-05,1.8765634199872906e-05,6.411383997914875e-05,0.3502356941642626,-0.44629518000574153,2.0753354346383954,161.36464099949987
70.99999999999811,-2.288610388738931,-1.742741382094308,2.5891208012388724,-0.8244217559128658,-3.234769668981877,3.0946972123386125,-2.3107621906784264,-1.6911394096768557,2.582795328545151,2.2879150151888565e-05,-1.3549503913062595e-05,1.9013275717377873e-05,6.410175416291226e-05,0.3472554140908852,-0.4178544241512356,2.8034334288858895,163.44243789391302
71.04999999999811,-2.303547853887432,-1.734429119886181,2.5678815157685237,-0.8418671160109189,-3.233764417536789,3.073369686196953,-2.3255712178318118,-1.6818806486546602,2.5608547709586427,2.2781154351581552e-05,-1.3754158386096533e-05,1.927483553830261e-05,6.40894987612758e-05,0.3494926002660649,-0.42655052283320344,0.7731283072668254,168.82628333767707
71.0999999999981,-2.318285871826933,-1.7258257091160552,2.546526839176149,-0.8595522110537802,-3.2323805333933384,3.0536310110276847,-2.3415429954790032,-1.6718357034038205,2.537027717572945,2.2674021294056545e-05,-1.3954618159935878e-05,1.9549936713967187e-05,6.407725349833401e-05,0.3547889170391077,-0.39477350338538814,1.7961519609684802,173.29291008009022
71.1499999999981,-2.332840766117306,-1.71690778817913,2.525125375182754,-0.876958381666583,-3.2306520679848703,3.0315995088348764,-2.354248106920204,-1.6623709047216644,2.508672019718073,2.2556532384895523e-05,-1.4151830433712934e-05,1.9832907798974118e-05,6.406456193537279e-05,0.34984267562392424,-0.44063004385619553,3.2569974057744426,177.12129691772518
71.1999999999981,-2.3471953088863162,-1.7076809908130681,2.5037138351548536,-0.8944815262330699,-3.2285341112771433,3.011020222795877,-2.3675488194432828,-1.6516486600060207,2.4803988543360695,2.2425790308861996e-05,-1.434482471800272e-05,2.013123984137624e-05,6.405131425727862e-05,0.35301973401962106,-0.41158572078000977,1.9284033798482367,188.07253052746776
71.2499999999981,-2.361346001533096,-1.6981669340824102,2.4822119150918107,-0.9117197938119148,-3.226073587935711,2.988608194032743,-2.3816180042838737,-1.6417223561870802,2.461737921822623,2.2281976309981813e-05,-1.453374603264044e-05,2.0440020067987085e-05,6.403729790089492e-05,0.3482669875131884,-0.44824057526270106,2.1992637980972103,190.41064781985423
71.2999999999981,-2.375317616846235,-1.6883283381085161,2.460652854937707,-0.9291503232151018,-3.223191779959832,2.9668793300764715,-2.3940350840236344,-1.63190309225329,2.440241760060143,2.213276502057061e-05,-1.4716289993532046e-05,2.0759392327588506e-05,6.402299045840159e-05,0.3533499418706004,-0.4345772791254482,3.6464315544170494,193.72332198199413
71.34999999999809,-2.389070265623316,-1.6781854585016691,2.4390866689466457,-0.9463448338309149,-3.219966785064367,2.945494998325902,-2.4087556036073505,-1.6210489501594751,2.419348539209209,2.1977369544660958e-05,-1.489389755664381e-05,2.1085521154661075e-05,6.400889722943207e-05,0.3498933840581753,-0.42768663501142046,5.318685973241267,194.0066400924161
71.39999999999809,-2.4025784238384875,-1.6677855372566377,2.417539370185303,-0.9635844911678167,-3.216349499618655,2.9240439999125005,-2.4229814460205548,-1.6094513353172886,2.4028061788369257,2.1814424503621828e-05,-1.5064672794397234e-05,2.1421603453650995e-05,6.399487154044994e-05,0.35230806836741957,-0.42901996826804284,1.4888527932313544,201.03328503211432
71.44999999999808,-2.415868534490238,-1.657096120172031,2.3959208641953826,-0.980854826835115,-3.212329851250931,2.901786456491143,-2.4359260602814574,-1.5978790178114057,2.374378238510239,2.164731707071091e-05,-1.5228546490379698e-05,2.176496268909559e-05,6.398136655848738e-05,0.35464632958919906,-0.4451508684271796,2.528459661860529,204.25531135393732
71.49999999999808,-2.428936097571236,-1.6461006088299033,2.3742182459335255,-0.9979054433286518,-3.207959911245893,2.8796150314603395,-2.4480018694418813,-1.5868272117893045,2.352671449743875,2.1467633114842077e-05,-1.5385172376612058e-05,2.2118800908747662e-05,6.396767991992655e-05,0.3520412420936762,-0.443428500616098,2.564625685272974,206.0881657292737
71.54999999999808,-2.4417497318046184,-1.6348289586353417,2.3524740461649025,-1.0148682175882553,-3.2032048270015303,2.856950771377491,-2.459395641526406,-1.5742306953990541,2.328238255616249,2.1280830836470768e-05,-1.553427208691755e-05,2.2480827744442536e-05,6.395389593861737e-05,0.35234064295940154,-0.45328520165699254,1.2780379024913313,220.1500939594038
71.59999999999808,-2.4543106307857023,-1.6232915938242545,2.3306874638960418,-1.0316986853801535,-3.1980710898328417,2.8341109826584585,-2.4716583283058755,-1.5618551334520225,2.3100487987290084,2.108472329753795e-05,-1.5674945600687913e-05,2.2851780120374223e-05,6.39401172169897e-05,0.3519280400031289,-0.45679577438067825,0.6551915957834213,227.20518532025648
71.64999999999807,-2.466620308977451,-1.6114789011090593,2.308848011633405,-1.0482942823297023,-3.192588659783597,2.810939907837912,-2.4836392558616094,-1.5497678363009078,2.2922147047453034,2.0885048714461695e-05,-1.58085815241388e-05,2.3226693852307394e-05,6.392672246004213e-05,0.349562323465771,-0.46342149641096264,3.142606058355056,230.09381838297196
71.69999999999807,-2.4786774487110104,-1.5993999548082845,2.287029030832872,-1.0647223491687412,-3.1867446305771887,2.788696814713596,-2.4960414628022423,-1.537269086158565,2.2733023175528526,2.068229428240224e-05,-1.5934791418759436e-05,2.360561769767983e-05,6.391383545699048e-05,0.348738637346519,-0.44486186248633736,2.6387701760740416,230.53768070998953
71.74999999999807,-2.49045878364607,-1.587076139045598,2.265118910521368,-1.0807602437621737,-3.1806335582956113,2.766378324554905,-2.5067734174370417,-1.5248752799632672,2.2504118903670713,2.0475844771972786e-05,-1.605415477685237e-05,2.3986452285516704e-05,6.390169490331331e-05,0.3432617046848133,-0.4463698031738534,2.1697373060561387,232.77064799624733
71.79999999999806,-2.501985365369682,-1.574490904344815,2.2431237016877263,-1.097093974108459,-3.173998274345701,2.745072543866346,-2.517999396618575,-1.5121750674403072,2.2354400174762015,2.0260622509094574e-05,-1.616133345436881e-05,2.43789176406249e-05,6.38892155346749e-05,0.3526071457069526,-0.42611561377121576,1.9959891259134641,237.06031941581193
71.84999999999806,-2.5132294692668387,-1.561674780910136,2.2211077700541924,-1.1131803912243305,-3.1670558383232668,2.723265944882204,-2.5296943500615376,-1.4976881239644826,2.2105645307084885,2.004448589296654e-05,-1.626155467899532e-05,2.4772680926228684e-05,6.38772419809729e-05,0.3504182633632408,-0.43613197968285855,1.9964816111722068,243.78927925301107
71.89999999999806,-2.5241868218353893,-1.5485907825135494,2.199079763222953,-1.1291769110945342,-3.1597387496719875,2.701908962173823,-2.5409816156552676,-1.4842734659588905,2.18775393289521,1.9818947483896858e-05,-1.6349948989384e-05,2.5173900813690603e-05,6.386517629829995e-05,0.3518182462294245,-0.4271396541676393,4.4923851727279365,240.29006100699124
71.94999999999806,-2.5348579948740384,-1.5352700660966083,2.17702230117519,-1.1448460745946083,-3.1521539164231958,2.6796455171717923,-2.5519594900789335,-1.4693714613058733,2.1687753706944566,1.9586703845447615e-05,-1.6428425551781692e-05,2.557885049292925e-05,6.385304955239528e-05,0.3481751847089005,-0.44526890004063285,4.902949126928951,251.1973123392288
71.99999999999805,-2.5452277629800313,-1.5217388901757671,2.15490966436917,-1.160450354775154,-3.1441672247988444,2.657411058287746,-2.5628224882178894,-1.4543762942221485,2.144293201780174,1.9350065290471098e-05,-1.649618636031598e-05,2.5987832724876874e-05,6.3840953058892e-05,0.35059575730407394,-0.44468917768095123,3.9814149386357016,255.2576201243964
72.04999999999805,-2.5553041119031064,-1.507973153950502,2.1327525987738203,-1.1760802955883207,-3.1357199984448862,2.6348085827657304,-2.5728071297436137,-1.4394340077309833,2.1209522681987423,1.910476710879148e-05,-1.6549563609557774e-05,2.640363995118387e-05,6.382801229236907e-05,0.35533877994391144,-0.4520495104403256,1.8631371055819184,260.86227146426444
72.09999999999805,-2.5650747301423436,-1.493986686950389,2.1105567021959146,-1.191346240199533,-3.1270268095954674,2.6130704426973796,-2.581610233779922,-1.4254396061845322,2.099173410362166,1.885408890335838e-05,-1.6592013897811995e-05,2.68206996276407e-05,6.381483994378711e-05,0.3513589336671955,-0.43476280136704637,3.453915445718055,262.15780630942453
72.14999999999804,-2.5745166527560417,-1.4798088485466352,2.088335359364146,-1.206275115415885,-3.1180828210669485,2.5905901209544027,-2.589083301172714,-1.4123500468489674,2.0750224890927225,1.8599144901047303e-05,-1.662359900571827e-05,2.723833119574891e-05,6.380166923249246e-05,0.348068384761384,-0.449606434859563,4.070019252592752,258.22724415797086
72.19999999999804,-2.583663311829482,-1.46538613062364,2.0660715710218343,-1.2211959963770511,-3.1086713904737167,2.56714011165044,-2.5973741583855063,-1.3980778924988755,2.059996685807521,1.8337785846787272e-05,-1.6640080420044305e-05,2.7660330998250408e-05,6.37876264783774e-05,0.35282969037785417,-0.4690001860792672,3.2419292095955874,263.24706325051903
72.24999999999804,-2.592474330530334,-1.450793416797607,2.0438043252441256,-1.2357253265049035,-3.0990427197888026,2.545534358877079,-2.6050126500810173,-1.3832678590688343,2.03654009197205,1.8078327932561896e-05,-1.6649825569335756e-05,2.807815975909634e-05,6.377421973345451e-05,0.34861127459128194,-0.4321150554672402,1.82388742279602,266.9969910885558
72.29999999999804,-2.6009513120796877,-1.4360071216381165,2.0215085853374317,-1.2501387212865154,-3.089029290080744,2.523289253908599,-2.6129748540898623,-1.368480445678517,2.0130906073522503,1.7813546426669056e-05,-1.6644872567766e-05,2.8497654630629742e-05,6.376074545379723e-05,0.35101420232471076,-0.4449020993696231,5.064327269226276,264.09264039915263
72.34999999999803,-2.6090958894877905,-1.4210381369296428,1.9991680316508103,-1.2643842340607832,-3.0786445832472893,2.5000708107778316,-2.6219667615169717,-1.3519885447933304,1.9963037509117605,1.754408270074278e-05,-1.6625202908008942e-05,2.891771626823958e-05,6.374676931789145e-05,0.3525851568857861,-0.464368862615371,2.3276711181812537,271.5105965779838
72.39999999999803,-2.6169159536634043,-1.405866805104052,1.976815094839691,-1.2780732105224826,-3.068182555130833,2.4779756728340807,-2.6289396285925526,-1.3371726233181027,1.978466540421529,1.7275616966660513e-05,-1.6598392536142187e-05,2.9331225384976213e-05,6.373385628709808e-05,0.3445891382960682,-0.4419027588750496,1.597241767720248,273.5060096674326
72.44999999999803,-2.624383703772507,-1.3905529163115065,1.954501730834043,-1.2917613887604635,-3.057228790561561,2.4554407291319595,-2.6355483949398404,-1.3216020830000108,1.9500201990563486,1.7006139892277656e-05,-1.6558243937630498e-05,2.9743253557122902e-05,6.372078074630571e-05,0.3506361012378971,-0.45069887404245806,2.8579850008293173,269.51876546245194
72.49999999999802,-2.6315035258296158,-1.3750647568340406,1.9321339010099208,-1.305238958966679,-3.045914151449877,2.4309923203962214,-2.6432285493992067,-1.304369843132967,1.9296748984772414,1.6730185321892978e-05,-1.6499175949484406e-05,3.0154609748768955e-05,6.370690297347398e-05,0.35195532780992805,-0.48896817471479126,2.9501229166970395,276.8318074245823
72.54999999999802,-2.6382827596523417,-1.3594046243598106,1.9097512331044495,-1.3183859994755052,-3.0343315074289836,2.4077480233725153,-2.6493742475247792,-1.2887104724934402,1.9077061141673735,1.6453659521987624e-05,-1.6428041963781705e-05,3.056037437546574e-05,6.369284875765377e-05,0.35043752067395467,-0.4648859404741476,1.2889814625149145,275.43848803742867
72.59999999999802,-2.6447101733873386,-1.3436166125292486,1.8873812976577544,-1.3312190452390227,-3.0224897832115576,2.3849487943739343,-2.6550235123138486,-1.272914396501747,1.8808020534802825,1.6176257824499762e-05,-1.634366956203109e-05,3.096050801654791e-05,6.367867015607302e-05,0.3492430124212914,-0.45598457997164205,3.058017778593479,270.28974485379393
72.64999999999802,-2.650790411785321,-1.3276937338970642,1.8649928114016563,-1.343886396698197,-3.010243903177839,2.361272105687825,-2.660512080160786,-1.2571056358735675,1.8558408562460134,1.589567347949192e-05,-1.6240349532229996e-05,3.135604773642564e-05,6.366344297008758e-05,0.35238494449637325,-0.4735337737222066,3.3376711361150684,264.793663563757
72.69999999999801,-2.6565176901717695,-1.3116344307448915,1.8425333324768234,-1.3561654765929323,-2.997820779919054,2.3394546168358783,-2.6650366270438077,-1.2421076755028182,1.83358801837967,1.5614688631054025e-05,-1.6122841173423396e-05,3.174342742055252e-05,6.364779933896211e-05,0.3493547753287813,-0.43634977703895744,4.08892972454315,258.2612764387337
72.74999999999801,-2.66187835621864,-1.2954573731848424,1.820070141365297,-1.3684338132707512,-2.9848515607460593,2.3174058173480905,-2.6705249825380317,-1.2254319929993724,1.8153943391782246,1.5334187410482352e-05,-1.59882469187403e-05,3.212403964396984e-05,6.363065324611e-05,0.35705777848923775,-0.4409759897557792,2.250515575935542,258.3238111683398
72.79999999999801,-2.6668826934799137,-1.2791453198678342,1.7975780330537512,-1.380272982894951,-2.9717662938315357,2.295076339808279,-2.675061657660483,-1.2087826294332098,1.7915733226639468,1.5056485452766084e-05,-1.5844122478995048e-05,3.2493925620446795e-05,6.361367390909804e-05,0.35293233705207117,-0.44658955079624085,1.5204553320195298,256.668452228223
72.849999999998,-2.6715203126060834,-1.2627330623652666,1.7751298388072,-1.3917177635826237,-2.9585360442880164,2.272845750041614,-2.6789021094418297,-1.1930896515942198,1.7676922267282809,1.4779979596946183e-05,-1.5686068437365328e-05,3.285283961313993e-05,6.359714455399137e-05,0.34987718490277786,-0.4446117953333324,4.232719785629032,248.84358842170084
72.899999999998,-2.6757876883376963,-1.2462255014117614,1.7527041275642987,-1.4028250068526125,-2.945121195993953,2.251889628471753,-2.681553556910522,-1.1780673532805388,1.7440236320237137,1.450556443054325e-05,-1.5514060958619772e-05,3.3199646421426415e-05,6.358078649378518e-05,0.3483332363478069,-0.4191224313972509,4.296081756187148,241.6594536336696
72.949999999998,-2.679685482094073,-1.229621652545569,1.730267532496138,-1.4136942308734772,-2.9313998323063197,2.2295612013229515,-2.684339035885692,-1.1624179955127751,1.7212389752475268,1.4233598906750086e-05,-1.5326137947573746e-05,3.3533593166596616e-05,6.356385805870853e-05,0.3501020326158945,-0.44656854297606274,3.4788070196337477,235.90540230780064
72.999999999998,-2.6832069146420947,-1.212943593294627,1.707822423001128,-1.4243230976810033,-2.9173596630835212,2.208005143467383,-2.685868500947331,-1.1475973309814185,1.6979096771904238,1.3965245966323375e-05,-1.5123948827534361e-05,3.385368805255252e-05,6.354616446032224e-05,0.3521994715192722,-0.4311211571114006,4.4040207336683395,230.0829343863163
73.049999999998,-2.6863549302039904,-1.1961852366236716,1.685376649557191,-1.4345675771815132,-2.9031766489013595,2.184668005838346,-2.6874637913058512,-1.1311225969825025,1.673407595546756,1.3700859760474555e-05,-1.4908261583735945e-05,3.415826332427609e-05,6.35282152511303e-05,0.34992636061581833,-0.4667427525807664,1.166046484129982,232.4209100588966
73.09999999999799,-2.6891300029123686,-1.1793655041733966,1.6629411848207296,-1.4445447812438055,-2.888692838161092,2.1633345127473875,-2.688522662791575,-1.1151376019655013,1.6437592760314246,1.3441018367999959e-05,-1.4678149484623297e-05,3.44467558807978e-05,6.350982200452768e-05,0.35175963745402694,-0.4266698618191982,3.960443620534585,230.27875720708553
73.14999999999799,-2.6915335192851746,-1.1624681687222658,1.640514836847552,-1.4541545744029638,-2.874070455265248,2.1410948011278936,-2.6893979829727566,-1.0999318677352203,1.6247324813119732,1.3185678841934606e-05,-1.4430292201570304e-05,3.471619977619701e-05,6.349085843264992e-05,0.3499570405258082,-0.44479423238989013,6.163302200981895,225.34832683304202
73.19999999999798,-2.6935509369768145,-1.14555128588469,1.6180652231813024,-1.4634591174360674,-2.8592021818980906,2.1188444622243203,-2.690370542803512,-1.0841039382814914,1.6003602842916251,1.2936888430331183e-05,-1.4173263575002801e-05,3.496830915360902e-05,6.347155478211868e-05,0.35080066501167556,-0.4450067780714967,3.9075233026362355,219.29226702275662
73.24999999999798,-2.6951792314734555,-1.128561247507174,1.5955585514545003,-1.47249630368141,-2.8439937931075776,2.0950710973720312,-2.6906718683841073,-1.0689806548588827,1.579246591156382,1.2694697738582461e-05,-1.3901633531621863e-05,3.520056229422603e-05,6.345125729958188e-05,0.3538251349104156,-0.4754672970457973,4.176711357792273,211.78682897902618
73.29999999999798,-2.696415350191444,-1.1115354595357536,1.5730291625657462,-1.4809976449401379,-2.828880496631639,2.071311734875784,-2.69034544576863,-1.0537432248720622,1.5492475447353815,1.2459512360841307e-05,-1.3623169833447512e-05,3.541298609917427e-05,6.343174564732906e-05,0.3468133093472147,-0.47518724992497596,4.864799008376956,205.36551811086815
73.34999999999798,-2.697278753605068,-1.0945087642065165,1.5505066464437482,-1.4891674999929956,-2.813555478337684,2.04984113685497,-2.6904838926958785,-1.0376014732716026,1.5284043696165757,1.2232237970119127e-05,-1.3329544692824432e-05,3.56028303891802e-05,6.341216561420667e-05,0.3473409298056291,-0.42941196041630175,2.155826904921989,200.17614832746273
73.39999999999797,-2.697758808819224,-1.0774810667710668,1.527972799016068,-1.4970522703478342,-2.7979540233152576,2.0276471249089028,-2.6908314210180553,-1.021367202573229,1.5122044499667169,1.201314688608139e-05,-1.3026690364834147e-05,3.577173106499735e-05,6.339210544779026e-05,0.3496212498520687,-0.44388023892137135,4.944998090174071,192.25454743787657
73.44999999999797,-2.697850629291659,-1.0604237596207065,1.5054324577433642,-1.5045435851283582,-2.7822521326707226,2.0042602948891943,-2.6904950377463672,-1.003924675507382,1.4929510851791488,1.1801918301547567e-05,-1.2720029785269144e-05,3.592123333938949e-05,6.337235865796166e-05,0.34795572280600984,-0.4677366003941857,1.9091937336172726,193.6940530296944
73.49999999999797,-2.697554583637831,-1.0433880311907542,1.4829259766311444,-1.5115862289924984,-2.7666112547892285,1.9834919708943417,-2.6895000213280635,-0.9878424942426405,1.4714791484164227,1.1598397122591274e-05,-1.2409978122119692e-05,3.605073451493132e-05,6.335403088085285e-05,0.3430722778822632,-0.4153664798970692,2.139475204521421,188.74189673893906
73.54999999999797,-2.6968690051629003,-1.026348388096615,1.4604449354054352,-1.5184316201695,-2.750471948770135,1.9603915948005497,-2.688061365278076,-0.9725436980947224,1.450109986003275,1.140457499958006e-05,-1.2089306790166295e-05,3.6156934074033355e-05,6.333450108698298e-05,0.3506281485808957,-0.4620075218758736,4.191053098683122,180.05921616331986
73.59999999999796,-2.695808317494555,-1.0093441233932383,1.4379305842591663,-1.5248330139509938,-2.7343534258367077,1.9372868789578543,-2.686109821921557,-0.9564224029402602,1.4304894588667896,1.1219845673751465e-05,-1.1763828882106668e-05,3.624073209084292e-05,6.331496063331085e-05,0.3468705838552576,-0.4620943168539223,2.2391726772282814,178.3824898461838
73.64999999999796,-2.694370538217606,-0.9923505770033112,1.415503751142699,-1.5309877444307414,-2.717752851406084,1.9143918184957878,-2.683207450561505,-0.9406645432153751,1.4051475845186996,1.1044907763625319e-05,-1.1431647003039746e-05,3.630160390839169e-05,6.329392381959217e-05,0.354103641104461,-0.45790120924135497,2.5764206380893673,176.8400266308223
73.69999999999796,-2.6925479572984052,-0.9753968845729263,1.393071567596073,-1.5367597672048627,-2.7010750896114564,1.893577140331093,-2.681327226058998,-0.9245755454071588,1.39056909122628,1.0880497399860914e-05,-1.1093128142585398e-05,3.63379842703812e-05,6.327225277849298e-05,0.3529732175653308,-0.4162935632939106,5.4478956404871735,172.0224504461691
73.74999999999795,-2.690337297101512,-0.9584945295204814,1.3706515316638999,-1.5420699060221934,-2.684608273043903,1.8719086103685392,-2.6772383406151254,-0.9102347375640178,1.3627707397727509,1.0723701539237844e-05,-1.0757238216909329e-05,3.635507424309797e-05,6.325194921654187e-05,0.3460435436430896,-0.4333705992510962,3.1981621033052945,166.00151926623036
73.79999999999795,-2.6877406814236116,-0.9416318256274513,1.348191543443637,-1.5470934025704415,-2.6677808361672586,1.8498994927304846,-2.673143846406006,-0.8947088468048303,1.3385864696414025,1.0579772301245323e-05,-1.0411957498751824e-05,3.634396657072442e-05,6.323077146710402e-05,0.3512324579231962,-0.44018235276111173,3.5340586183978786,165.8293877708259
73.84999999999795,-2.6847742019218646,-0.9248360889070302,1.325743702282574,-1.5517237703423976,-2.650922715301764,1.8278061662360585,-2.6694788459833445,-0.8784304215018541,1.3197362771738188,1.0447097970234032e-05,-1.0063135018624978e-05,3.630817136840462e-05,6.320948914045635e-05,0.3496563897732069,-0.44186652988854075,2.114528814862854,165.83231258621944
73.89999999999795,-2.68144384138728,-0.9081217312562051,1.3033538303626906,-1.5559434109004056,-2.6341374674539075,1.8063591024141719,-2.665337378368458,-0.8630174082996848,1.2976920066659172,1.0323403341282246e-05,-9.715597223970603e-06,3.6251652719347066e-05,6.318906890770285e-05,0.34615683970017347,-0.42894127643776775,3.7384194708445673,161.96472967624422
73.94999999999794,-2.677741243300815,-0.8914799950612935,1.2809651842364977,-1.5598227537736107,-2.6171451105453847,1.7841385879821514,-2.6614117127847616,-0.8481576901864658,1.2736242381834852,1.0211017312952075e-05,-9.365963324736342e-06,3.6171264137766675e-05,6.316833872344567e-05,0.3485983330120734,-0.4444102886404355,4.097986951804887,151.1972415977826
73.99999999999794,-2.673660190322362,-0.8748920535575617,1.258624772396264,-1.563335059297794,-2.599983686448696,1.761204061691486,-2.6566712312865794,-0.8318568569779913,1.250245119306289,1.0110847164086396e-05,-9.0142363509816e-06,3.6065919266250924e-05,6.314676991283585e-05,0.35035080566510707,-0.4586905258133404,1.2578121331560759,150.71068814457257
74.04999999999794,-2.669217188267379,-0.8584415592573315,1.2362893759214035,-1.566464340229084,-2.582723133802279,1.7390858760315195,-2.6517098735775315,-0.8161288746297397,1.2363952826527624,1.0022061999326595e-05,-8.662435360665981e-06,3.593733870296275e-05,6.312475024719328e-05,0.350845619700238,-0.4423637131993524,3.304949570025843,151.4211497032758
74.09999999999793,-2.6644027913453856,-0.842082790486784,1.213954684842901,-1.5692235797783216,-2.565304560841127,1.7167118122759302,-2.645335664182571,-0.800662324575407,1.2114933448754606,9.940624936822804e-06,-8.31580428553294e-06,3.579162226574602e-05,6.310227034001435e-05,0.3527225889597635,-0.4474812751118062,1.2533995881632238,154.16636762713705
74.14999999999793,-2.6592240222046652,-0.8258521638025573,1.1916042695714424,-1.5715897905861023,-2.547894637763842,1.6950486818386041,-2.639986412712532,-0.787117763528962,1.1915843841762355,9.871256679025298e-06,-7.970105426416935e-06,3.562232388578016e-05,6.307982654395091e-05,0.35140657257081287,-0.4332626087465469,4.358679387468243,142.5147619691952
74.19999999999793,-2.6536681852136925,-0.8097193112379557,1.1692638027615603,-1.573560621642914,-2.530646067404942,1.6740782971490917,-2.633695054908215,-0.7722842561329494,1.1682242082675653,9.81103548571086e-06,-7.629508370465845e-06,3.5434185335607145e-05,6.305827187372029e-05,0.3472223494288397,-0.4194076937902704,2.1718730399954596,139.11605355566115
74.24999999999793,-2.647761947339814,-0.7937295241393449,1.1469451811138494,-1.5751586144905323,-2.5134083179771003,1.6523921642003234,-2.6270466640394723,-0.7577406064327544,1.14524751564241,9.762380944289174e-06,-7.291681121411985e-06,3.5224278756815706e-05,6.303740791694271e-05,0.34623999304229486,-0.43372265897540035,4.444136864212125,135.699133000067
74.29999999999792,-2.6414930288975946,-0.7778562698040491,1.1246762461466138,-1.5763831561252226,-2.496092623262913,1.6304026067353474,-2.6205802487615766,-0.7443001207677958,1.1265276851691723,9.725124904053328e-06,-6.957291774011729e-06,3.49930620097691e-05,6.301652393459522e-05,0.3471857878221604,-0.43979114929954166,2.734520517938425,127.4327742109584
74.34999999999792,-2.634884358478023,-0.762139617778455,1.1024596434610916,-1.5772321288067221,-2.478695552050383,1.608712177283297,-2.613434635431463,-0.7299231359849283,1.1054958603624936,9.696547151281346e-06,-6.629036226767918e-06,3.474493455734198e-05,6.299525428016881e-05,0.34836230336101653,-0.433808589041031,1.820158745176941,124.57167374664651
74.39999999999792,-2.6279271103064774,-0.7465662885117429,1.0801730763060557,-1.5776979978842067,-2.461207848882557,1.5861474964538091,-2.606073432639087,-0.7162848488406842,1.0827375334595777,9.678190939232285e-06,-6.306049045190392e-06,3.4478173110338195e-05,6.297343405595684e-05,0.34988557082461613,-0.4512936165897868,2.7438231817720213,118.40192375938243
74.44999999999791,-2.620616922100637,-0.7311322954580111,1.0579056388531496,-1.5777714135875784,-2.4437243088652094,1.5638433730347483,-2.598180956355956,-0.7026974088440391,1.0584288475253452,9.670371649704935e-06,-5.989006191989622e-06,3.419300406941431e-05,6.295127212711407e-05,0.34968113132955686,-0.44608246838124815,2.059469705017674,113.42869262014324
74.49999999999791,-2.612975353694206,-0.715897930671183,1.0356942340481126,-1.5774626604423636,-2.4260787284325653,1.5427578964273563,-2.59016331766771,-0.6893720466960594,1.0391040858152971,9.673983442830156e-06,-5.677610910052114e-06,3.3888513286581314e-05,6.292808859131621e-05,0.352972167264084,-0.4217095321478707,1.8127907714292664,109.53877893093924
74.54999999999791,-2.604989998264683,-0.7008275961446919,1.0135206803708692,-1.5767883233212803,-2.408594800683883,1.5217350281625333,-2.582200714570924,-0.677240666406348,1.0190735957767778,9.685042298546403e-06,-5.374951380318101e-06,3.357079362332395e-05,6.290527344910255e-05,0.3499449874338976,-0.4204573652964839,3.739005068063097,100.77444878471648
74.5999999999979,-2.596660723858823,-0.6859387028053471,0.9913906077206149,-1.5757261298471519,-2.390972266349492,1.4994538379548166,-2.5732105300552117,-0.662631738305033,0.9917500190644759,9.705070791535844e-06,-5.08006011913799e-06,3.323807928717525e-05,6.288185596159968e-05,0.3530976444235317,-0.445623804154359,2.4538989095515147,99.93955750234683
74.6499999999979,-2.588006984156519,-0.6712531573810244,0.9692625623099247,-1.574275861117522,-2.3734204529181557,1.4772576554767838,-2.564519834665361,-0.6503862415250818,0.9661389277931125,9.737513488886018e-06,-4.792191914173887e-06,3.288690869242158e-05,6.28585677826239e-05,0.3522397869112753,-0.44392364956068686,4.675224524158185,91.77917906748701
74.6999999999979,-2.5790136974263804,-0.6567450679038411,0.9472773528680577,-1.572439058695962,-2.3559845719122894,1.4544170152077829,-2.5552484496907977,-0.636357818966768,0.9516786915910327,9.78100878085231e-06,-4.5128532628731195e-06,3.251965137818482e-05,6.283566605996588e-05,0.35065490346691897,-0.456812805380033,3.4530492322852053,93.06846569983249
74.7499999999979,-2.569710961059983,-0.6424482719868113,0.92529033229827,-1.5702192280497436,-2.338576548777839,1.4335093110654409,-2.54541874424457,-0.6219140956790284,0.9362419105398905,9.826645547354657e-06,-4.244040859609775e-06,3.214781505808433e-05,6.281334620762638e-05,0.3509861172817366,-0.4181540828468668,0.9797668916320694,98.3269664625274
74.7999999999979,-2.5601016430909014,-0.628358619852421,0.9033740483057022,-1.567630494656471,-2.3212464652908897,1.4115201635322085,-2.535968690865498,-0.6094773053081775,0.9146244724222443,9.875933291361978e-06,-3.9851924526521854e-06,3.177025907386152e-05,6.279178076046019e-05,0.3504543941847234,-0.43978295066466816,3.249577452251378,92.45680208260697
74.84999999999789,-2.5501755271361457,-0.6144810304204673,0.881529385220159,-1.5646304689440849,-2.3037734197787305,1.3899993028896933,-2.525501907432263,-0.5967610978337426,0.8886278045211276,9.933239281179614e-06,-3.735361401716408e-06,3.13813011666789e-05,6.276944930025348e-05,0.3545812205505639,-0.43041721285032286,1.4905414670987494,89.39118178972117
74.89999999999789,-2.5399536687191633,-0.600829058861359,0.859674903154545,-1.5612732774411373,-2.286459922478553,1.3685350221639254,-2.514786833255967,-0.5841978565631797,0.8631231115255176,1.0000680070468854e-05,-3.4951692951578456e-06,3.0979352066785945e-05,6.274729412805633e-05,0.35272644647317575,-0.4292856145153791,2.3004072758984346,87.1264097155962
74.94999999999789,-2.529437804624801,-0.5874070121854461,0.8378370862816993,-1.5575659970914273,-2.2694374112762397,1.3441807932422778,-2.5036803086590522,-0.5728596176163402,0.8356995729567211,1.0078124066668535e-05,-3.2653575625098356e-06,3.056528619897668e-05,6.272642147268472e-05,0.3484392729654711,-0.4870845784329739,1.9992889750335445,84.03441506979757
74.99999999999788,-2.5186234619776435,-0.57420553881475,0.8160545155363277,-1.5534583597285667,-2.252443497876575,1.323085132274814,-2.4930375595379197,-0.561292939904147,0.8179013806268705,1.0164885592092482e-05,-3.0461738327327306e-06,3.01398723448952e-05,6.270581848211427e-05,0.3496724829801511,-0.42191321934929576,1.9948599190708869,80.10296690350731
75.04999999999788,-2.5074660585134287,-0.5612313821575442,0.7882050726199524,-1.5488786959778786,-2.235454968626897,1.2918782700657907,-2.4814841312102924,-0.549376980944309,0.7888193323710428,1.0258337807830527e-05,-2.83786541118697e-06,2.9706766712076816e-05,6.268481518842915e-05,0.35191395074215875,-0.6241372441805108,1.211256317489927,79.15142175548712
75.09999999999788,-2.496176678111543,-0.5482956377307084,0.7516751662898121,-1.5436771429578102,-2.2185574696858206,1.2524654035215201,-2.469562151436087,-0.5387800572543339,0.7460521468627133,1.0365448337301043e-05,-2.641626693050141e-06,2.9258095606124004e-05,6.266310629507709e-05,0.3536224486327126,-0.7882573308854562,2.658706435214334,77.63089437822755
75.14999999999787,-2.4849910568816704,-0.535791338399936,0.7105853420611007,-1.5378443113254414,-2.202022667807436,1.2108626497188801,-2.4587673225657767,-0.5290515973068914,0.7070146135795801,1.0492410676691388e-05,-2.460528925936371e-06,2.878810579453457e-05,6.2641752496617e-05,0.3506941356850173,-0.8320550760528436,4.943523379099755,71.47498524040404
75.19999999999787,-2.473413539078576,-0.5238403856982721,0.6687076932856206,-1.5313106746526997,-2.1857157524372557,1.1685681681587594,-2.4465732509452476,-0.5183231678303378,0.6663010911824818,1.0634803263974638e-05,-2.2955529479522787e-06,2.830218773090684e-05,6.26203506782127e-05,0.3513686977103362,-0.8458896312024609,1.822864657286337,72.43702149691603
75.24999999999787,-2.461314102897344,-0.5123638851981958,0.6269087954287033,-1.5240773677869428,-2.169630037343887,1.1278610731556924,-2.433704595679754,-0.5087313173113343,0.6296241759731758,1.0791550595614243e-05,-2.147952352148625e-06,2.780220997578557e-05,6.259875621556877e-05,0.35276843243423867,-0.8141419000613933,3.5027268146784007,74.49635186927608
75.29999999999787,-2.44877055478889,-0.5013564307408893,0.5852845791852669,-1.5162409284619534,-2.153974082702797,1.085571753403653,-2.420709524023472,-0.5006175768757417,0.5874720762391963,1.0959267357059265e-05,-2.0184369819116012e-06,2.7292889450390475e-05,6.257793487823942e-05,0.3501796009268308,-0.8457863950408405,2.5002527721797247,73.72150838125685
75.34999999999786,-2.435761921158954,-0.4908768449839881,0.5437725913752146,-1.5078318089668734,-2.1387811512156887,1.0449850796055529,-2.4065601855254846,-0.49231996003235634,0.5464274238088547,1.1139209604990477e-05,-1.9092690100306276e-06,2.6773658567053538e-05,6.25584824916609e-05,0.34732109317189025,-0.8117334759620441,0.7600021004085618,77.60987597285352
75.39999999999786,-2.422322395202242,-0.48094513979849485,0.5023337309662339,-1.498789450831578,-2.123902791266142,1.00440704823031,-2.3925756631274644,-0.48458528319521305,0.5027048843455346,1.1329740658855188e-05,-1.8210810641216396e-06,2.6246718622322028e-05,6.253974703970564e-05,0.34823637531716606,-0.8115606275049008,2.1215557424282303,78.31358568813147
75.44999999999786,-2.4084443616013926,-0.4715881907029284,0.46096412504518736,-1.48904143293514,-2.1092502851416626,0.9631017576489436,-2.3781395665310208,-0.47724188679266477,0.4625859113368809,1.15310955503936e-05,-1.7559798499303618e-06,2.5712463005103557e-05,6.252064856088504e-05,0.35200217471063344,-0.8261058116273828,1.6680312766652934,79.93349215317497
75.49999999999785,-2.3941867832330885,-0.4628257624282751,0.41966808466469063,-1.4786840193812538,-2.095016593467992,0.9203802950973259,-2.3643111689322884,-0.47058087673531684,0.42171066174432514,1.1739237259925892e-05,-1.712978797706357e-06,2.5176801376723577e-05,6.250178832222566e-05,0.35209153829316003,-0.8544292510323926,3.3091967167084455,76.72132145088898
75.54999999999785,-2.3795853118727743,-0.45465813676138894,0.37836512427735514,-1.4677667868323914,-2.081272816902672,0.8786519000216444,-2.3504097865578073,-0.46570423913539444,0.38417238486730865,1.1952315645473526e-05,-1.6920581077726982e-06,2.4642693906780535e-05,6.248382188722369e-05,0.3510681234372239,-0.8345679015136689,4.41918503642924,73.9345819431128
75.59999999999785,-2.364674922554648,-0.447107527368764,0.3371904607372432,-1.4561965260924503,-2.0678890567368016,0.8372366242896079,-2.3357049817628344,-0.4605949509142332,0.34103652421407915,1.2167476863814194e-05,-1.6915980202401758e-06,2.411338138949055e-05,6.246601686669623e-05,0.3538591311897351,-0.8283055146407747,2.4813534880710217,73.0346522432068
75.64999999999785,-2.349426162411304,-0.4401612431712933,0.2961063043239042,-1.4441640624984853,-2.055093641092171,0.7949996688056791,-2.320073788270491,-0.4559711885859252,0.30091059886087423,1.2386216867872989e-05,-1.7151737795198647e-06,2.358870252062188e-05,6.244973285429808e-05,0.3513110922367528,-0.8447391096786296,1.9148559649054713,75.85196053128391
75.69999999999784,-2.333938182731471,-0.43384554217856913,0.2549942088773902,-1.4317440669051373,-2.0429296657536953,0.7549691846138362,-2.304503080766075,-0.45078123270885256,0.2660027554185538,1.2604917097364403e-05,-1.759534318716954e-06,2.3073374181851486e-05,6.243589866548131e-05,0.3477119193020508,-0.8006096838369046,2.3509464598831804,77.78718302889683
75.74999999999784,-2.3181944443854503,-0.42819112075062354,0.21401046066594345,-1.418710094571856,-2.0311465412641305,0.7151070431047426,-2.288195670393481,-0.4456539608804649,0.22469058070173897,1.2820714413995356e-05,-1.8210524781141811e-06,2.2570066708879176e-05,6.242283792985451e-05,0.35143553664876354,-0.797242830181923,5.273253650932364,79.63123738198358
75.79999999999784,-2.3022107264367557,-0.4231711329474493,0.1730369611153679,-1.4052043927442144,-2.019893523769764,0.6742179546615112,-2.27191222020795,-0.44223828867421383,0.18426236782759986,1.303518324390782e-05,-1.9041795087463456e-06,2.2078023681429143e-05,6.241089321003666e-05,0.3516119707023634,-0.8177817688646715,1.8223356057534412,81.93705869217206
75.84999999999783,-2.2860650257651924,-0.418811440960277,0.13204040625840044,-1.391284738264053,-2.009220430639934,0.6340703795441556,-2.2563567380898157,-0.4397780123193985,0.14878458373158931,1.324645622165594e-05,-2.0071268674473875e-06,2.1600081027459353e-05,6.240052419128495e-05,0.3508350195092993,-0.8029515023471566,2.7264153526761516,83.14984772890381
75.89999999999783,-2.2697451400132493,-0.4151268692753208,0.09115358270231008,-1.3771280866316422,-1.999232750015063,0.5947604053531892,-2.2401371457585557,-0.437958477029315,0.11108503697011596,1.3452374089436776e-05,-2.1256169959560685e-06,2.113908441552755e-05,6.239280970422506e-05,0.3465274625387467,-0.7861994838193676,1.753690892164551,86.32404936714214
75.94999999999783,-2.2533018660525643,-0.4121004800759945,0.05035660471175317,-1.3624857240584995,-1.9897674501768001,0.5529661158441725,-2.223333437250086,-0.4361191251061294,0.06451246031902702,1.3653019341298373e-05,-2.2617730425834214e-06,2.069482381102241e-05,6.238655940269238e-05,0.3487319524107004,-0.835885790180383,2.077446527211366,85.9995188460431
75.99999999999783,-2.236706900942899,-0.40976018682186766,0.00960442038635447,-1.3473292410845954,-1.9808466031701417,0.5109984641017267,-2.206430334311654,-0.4358730548722995,0.019986510236917443,1.3848480178259735e-05,-2.4204760976791493e-06,2.026824225433815e-05,6.23812856069614e-05,0.3517646307484232,-0.83935303484897,2.7078577170917675,89.06189582488128
76.04999999999782,-2.220067752044656,-0.4081047977831659,-0.031123296233108652,-1.3318665803819392,-1.972578183316373,0.4710968387714929,-2.1905452314333185,-0.4366366011654408,-0.018598682152608514,1.4037115855950211e-05,-2.5983614956107855e-06,1.986220153999852e-05,6.237789459039094e-05,0.350714379225845,-0.7980325066047191,4.640233550817801,91.10621410074836
76.09999999999782,-2.2033535666724537,-0.4071246420436962,-0.07172318373595708,-1.3158573262486433,-1.9648239567021661,0.43101658361077755,-2.173548752178639,-0.437308422402816,-0.06263565675005855,1.421789316577512e-05,-2.7901875423589924e-06,1.9477654371636914e-05,6.23750715175608e-05,0.3557901690935326,-0.8016051032143525,1.3566636219079964,94.36875667363684
76.14999999999782,-2.1866121857987446,-0.4068200931695996,-0.1122518348790251,-1.2998522770238192,-1.9578520731514266,0.3906214011954563,-2.1566907317226214,-0.438203814798182,-0.0987768496301884,1.4389800506890884e-05,-2.999776720637759e-06,1.9116992898701213e-05,6.237569800419249e-05,0.34917629188996624,-0.8079036483064744,1.5804565224540514,98.10209089550166
76.19999999999781,-2.1698653324852026,-0.4072050078435437,-0.15268372080536663,-1.2836072187734442,-1.9515600285799102,0.3484350782002279,-2.140071556929452,-0.4399526875550953,-0.13740036285914092,1.4552614981610731e-05,-3.220062228597823e-06,1.8779899335846565e-05,6.23792871983587e-05,0.34844612579284323,-0.8437264599046134,1.3504954785467822,101.10924253220345
76.24999999999781,-2.1531760047914785,-0.40824741500927386,-0.19311057293357692,-1.2670995209422589,-1.9459408119576067,0.3077585469882549,-2.1243053877162645,-0.4425636435389088,-0.17493081750042538,1.4705875984526772e-05,-3.4507850073937945e-06,1.84671965614479e-05,6.23853062324904e-05,0.3487816587042959,-0.8135306242395065,2.070419753027293,103.07509306426331
76.29999999999781,-2.136525188771054,-0.4099879878162504,-0.23348536386338417,-1.2504326479846464,-1.941024741577671,0.2658956082104651,-2.1076838225093746,-0.44542214274478054,-0.21081063760711238,1.4849173431485332e-05,-3.6912876858321174e-06,1.81795128875567e-05,6.239396122964011e-05,0.34756093209917865,-0.8372587755558415,1.4941571679755796,108.05933652582485
76.3499999999978,-2.1199535150884565,-0.4124082276052835,-0.2736709945836517,-1.23356088817357,-1.9367933831228075,0.22555851663549653,-2.091226173667792,-0.4498979485392757,-0.2554326170125307,1.4983022062511884e-05,-3.938360253645521e-06,1.791611208468158e-05,6.240480871412294e-05,0.34790901170264366,-0.8067418314994169,1.0429072501717613,111.4874635555175
76.3999999999978,-2.1035046613673245,-0.41548803394407274,-0.31371243252832753,-1.2163764159979398,-1.9332041102800754,0.1862554995953869,-2.0760986276178377,-0.45509937858715166,-0.29432188635374557,1.510509768886074e-05,-4.197156397913129e-06,1.768095906684227e-05,6.241746085971666e-05,0.35112883042012916,-0.7860603408022365,3.09467450443398,115.63486588712765
76.4499999999978,-2.0871798361923775,-0.41924514084889636,-0.3537511538356996,-1.1993142018432277,-1.9303326432899333,0.1472075740745593,-2.0589794392842387,-0.459411274500076,-0.33320946071235724,1.5216187262887952e-05,-4.463546053062895e-06,1.7472731717395467e-05,6.24336560109637e-05,0.3460650315753194,-0.7809585104165933,1.3683458670635393,119.55753813740755
76.4999999999978,-2.0710197278419322,-0.4236596610690599,-0.39382703146204034,-1.1820760090648497,-1.928129101351708,0.10707152884753857,-2.043327739777864,-0.4655231301319454,-0.3732299757583202,1.5316241709667754e-05,-4.735988220303805e-06,1.729179188746805e-05,6.245260203553917e-05,0.347592539104148,-0.8027209045404651,1.8459561024136169,124.52334903131425
76.5499999999978,-2.0550532056587363,-0.4287192985747826,-0.43379475563621456,-1.164648739782187,-1.926601666047708,0.06777422828318258,-2.027334375721411,-0.4729123816933113,-0.41307774173426415,1.5405481736147127e-05,-5.013459579659579e-06,1.7138533555645084e-05,6.247389352197392e-05,0.34990407879234037,-0.785946011287163,2.801941636581197,134.08475841730223
76.59999999999779,-2.039307524829972,-0.434405841101284,-0.47367271105459996,-1.1472548187501967,-1.9257617585619657,0.028725646472129718,-2.012528038607188,-0.4807804386769501,-0.45610760379813975,1.5483491876971622e-05,-5.2956329786740135e-06,1.7013570380841345e-05,6.249835342929908e-05,0.3483058826074961,-0.7809716362210972,1.7979070648858921,140.41414226136817
76.64999999999779,-2.0237876383895523,-0.4407169775110612,-0.5134551263729344,-1.1297970091695304,-1.9256067173668734,-0.010964298061393762,-1.9972541136020876,-0.4881046825191586,-0.49569007384244124,1.5548755488623982e-05,-5.582720445241405e-06,1.6919449112809003e-05,6.252603919059144e-05,0.3491928799827961,-0.7937988906705139,2.6869621855811188,144.47257689200364
76.69999999999779,-2.0085175834559,-0.4476372270400236,-0.5531447391431136,-1.1119434599574756,-1.9261593224750617,-0.050920174500251214,-1.9825058391506822,-0.49696796401892007,-0.539217417916368,1.560446479310423e-05,-5.870341700849061e-06,1.6853628412648347e-05,6.255510731315066e-05,0.3572657509883729,-0.7991175287771958,1.738435090904029,151.81489652727623
76.74999999999778,-1.9935379901509855,-0.45517099918585924,-0.592792728420361,-1.09462269939773,-1.9273775130145943,-0.08951105995015807,-1.969450150603124,-0.5050909705937092,-0.5779542745761548,1.564562957433055e-05,-6.161495781735462e-06,1.68192738734356e-05,6.258924547299763e-05,0.3472924727150696,-0.771817708998181,3.107228956879289,152.84445076653193
76.79999999999778,-1.9789048475997806,-0.4632805182802371,-0.6324043443996749,-1.07725436011259,-1.9292836699270977,-0.1291118729163938,-1.956078919930585,-0.5147947543545963,-0.6163607498106374,1.5676668549397558e-05,-6.4515112743984214e-06,1.6813195775503342e-05,6.262702142184953e-05,0.3494753462596278,-0.7920162593247614,2.9253684076702777,161.37986667662418
76.84999999999778,-1.964586268224426,-0.471988345654634,-0.6717939268530765,-1.0598752174322892,-1.9318886994010545,-0.16846071349590153,-1.9425432978203965,-0.5241689373960075,-0.6576588840330233,1.5698682532806296e-05,-6.7392613611836705e-06,1.6834456047466614e-05,6.266797823390084e-05,0.35148862192268604,-0.7869768115901992,3.103821341128677,164.0220203405937
76.89999999999777,-1.9506115636533423,-0.48126967624262623,-0.7111693554114503,-1.0424609546809775,-1.9351977244281362,-0.20709810772784687,-1.9290117638526307,-0.5338419718838087,-0.697874119727703,1.571053972223126e-05,-7.024126590630196e-06,1.68847076257832e-05,6.271183107950615e-05,0.3545392983762885,-0.772747884638952,6.3522373791989075,165.63020841549638
76.94999999999777,-1.937011835959461,-0.49106023020397915,-0.7504442309775162,-1.0252105574430945,-1.939195790532919,-0.24839307566320246,-1.9145899861750069,-0.5447478888718498,-0.7352105150649306,1.5711312052688966e-05,-7.305493730211685e-06,1.6964153981181534e-05,6.27593652026347e-05,0.3541780908903244,-0.8258993587071558,2.584582629675989,172.5403417847763
76.99999999999777,-1.9238242937155863,-0.5014017698023235,-0.7896170541836018,-1.0082612562484758,-1.9438471604869967,-0.2872764049485941,-1.9023409420081359,-0.5563928658593555,-0.7730213631286365,1.570417239595802e-05,-7.582044324981366e-06,1.7068299000607253e-05,6.281108338986178e-05,0.35154116533732066,-0.777666585707881,1.371355601695032,181.2606619036149
77.04999999999777,-1.9110292833268154,-0.5122617662703621,-0.8286954329620563,-0.9916318715931622,-1.9491199242263582,-0.3268185582387608,-1.8888874197607823,-0.5681429882893423,-0.811609179045448,1.568786651370326e-05,-7.853184614120568e-06,1.7198419114681186e-05,6.286707128012661e-05,0.3489287201761203,-0.7908430658033765,2.7598230333908162,186.00608930483102
77.09999999999776,-1.89869701426406,-0.5235791296153532,-0.867668956601181,-0.9753615966091994,-1.954973840400365,-0.36392445859992195,-1.8774175078136894,-0.5797452465777947,-0.8446806886536118,1.5662886936227272e-05,-8.118032185567932e-06,1.7353381017813e-05,6.29274837513859e-05,0.3458464921436618,-0.742118007223263,1.403840024382202,190.97216399744008
77.14999999999776,-1.8868119378422759,-0.535396867516308,-0.9066385378525765,-0.9592788373889165,-1.961471738408945,-0.40402484884112466,-1.8660334349731085,-0.5923754633629726,-0.8870915827432349,1.5632816698245546e-05,-8.37511170240932e-06,1.7529979508771586e-05,6.299095072203137e-05,0.34693984756620005,-0.8020078048240974,1.4413584248207159,193.8087312082909
77.19999999999776,-1.8753874749181836,-0.5476904916295599,-0.9455451250654322,-0.9432686406693983,-1.9686979491620609,-0.44392806932928996,-1.854605019599272,-0.6060286097336114,-0.9305477977306902,1.559505804583103e-05,-8.623074279243479e-06,1.7733548550883744e-05,6.305734993715287e-05,0.35133201649955953,-0.7980644097633541,1.7066811283494763,199.73756882201158
77.24999999999775,-1.8644608517822756,-0.5603898716202091,-0.9843809157641175,-0.9276672526414821,-1.9764875500927972,-0.48222917423916645,-1.844531508465518,-0.619060852741822,-0.9643452384769997,1.5547010872383098e-05,-8.861586195236586e-06,1.7964206692005633e-05,6.312767575633756e-05,0.348779797045332,-0.7660220981975764,2.0953782891555552,204.4073486523931
77.29999999999775,-1.8540184097721344,-0.5735142973129052,-1.0230598442085885,-0.9123747761138221,-1.9848755959416893,-0.5211648389005972,-1.8348291621260946,-0.6329694975249729,-1.005210871501963,1.5495479649501154e-05,-9.090518667698423e-06,1.821388049338804e-05,6.320074174482995e-05,0.34885962052931013,-0.7787132932286586,3.0782204127149146,208.53856586484275
77.34999999999775,-1.8440877792286094,-0.587040306958895,-1.0616599834836882,-0.8972633825362133,-1.9939459204168795,-0.5600135990708468,-1.8252264632328412,-0.6480709443381931,-1.050900755129656,1.5439149767333534e-05,-9.30761426567908e-06,1.848638403525416e-05,6.327650632608289e-05,0.35251330292021676,-0.7769752034050318,3.606793500296209,216.05450479801868
77.39999999999775,-1.8347077320021679,-0.6009323354484801,-1.1001576183150261,-0.8828895287953029,-2.003348446441114,-0.5985478731109946,-1.816199972488896,-0.6620647447622684,-1.0828081159596823,1.5369048157803444e-05,-9.511483702017051e-06,1.8785451359323286e-05,6.33567688846148e-05,0.34354136585943146,-0.7706854808029986,2.8216973503114735,217.8001324323309
77.44999999999774,-1.825860705194705,-0.6152045239604257,-1.1385684741981583,-0.8687099472698742,-2.0134130342616987,-0.6359905221192541,-1.8092233389405408,-0.6762998311820885,-1.1233660580337554,1.5301128339870596e-05,-9.70448702846826e-06,1.909769653913968e-05,6.343905439943095e-05,0.3477883188456087,-0.7488529801652293,2.4400575967229887,218.92754181863353
77.49999999999774,-1.8175787847937266,-0.6297854917447081,-1.1768326324690666,-0.8548920024348827,-2.024025559296242,-0.6738846051448819,-1.8013548967069681,-0.6911483391530421,-1.1642369594866508,1.5228726288291663e-05,-9.882973949751265e-06,1.9429111342865476e-05,6.352316439735269e-05,0.3484810553669054,-0.7578816605125936,5.226202482536635,218.11546435720726
77.54999999999774,-1.8098539592650458,-0.6446668482861523,-1.2150161328325015,-0.8413414414339478,-2.0352810771134986,-0.7123982215726268,-1.7949499230193087,-0.7063848709418454,-1.2034932122859017,1.5154891668024236e-05,-1.0046051332135149e-05,1.9777795311910364e-05,6.360936229516081e-05,0.35233094884920046,-0.7702723285549438,2.026565907242385,221.54595474702853
77.59999999999773,-1.8027340042211368,-0.659848902055582,-1.25303544373226,-0.8284880870127671,-2.0468063496148794,-0.7495510859377319,-1.7894589097686686,-0.7213522154238846,-1.237679548347856,1.507415852816599e-05,-1.0193949713741523e-05,2.0141679053667848e-05,6.369740223929113e-05,0.3452969223577571,-0.7430572873021446,1.8854540430196107,223.88703624860557
77.64999999999773,-1.7961926684860046,-0.6753112781199861,-1.2909836170647913,-0.8159262651538366,-2.058949982906572,-0.7873945280148438,-1.783929093128949,-0.7365015590088874,-1.2721136385301304,1.4996564148927845e-05,-1.032814381498857e-05,2.051520582450269e-05,6.378615138424183e-05,0.3494588000367863,-0.7568688415422796,3.3848135195892186,223.62741131163173
77.69999999999773,-1.7902339110465397,-0.6909861710286885,-1.3289173393602698,-0.8037566083968568,-2.071649536752065,-0.8260100606290868,-1.779363061274477,-0.7528175367492523,-1.3141945773221677,1.4921325944077201e-05,-1.0448068186155612e-05,2.0897024238660297e-05,6.387512120223131e-05,0.3518054353188019,-0.7723106522849009,3.064969860676218,228.27883775189932
77.74999999999773,-1.784881700107007,-0.7069194701268201,-1.3666042316477327,-0.7921185643723736,-2.0847740179895737,-0.8646977595135055,-1.7748905132731578,-0.7684526539279075,-1.354795308175169,1.4844471811291773e-05,-1.054944253321898e-05,2.12897169339853e-05,6.396476037647763e-05,0.3508472361074045,-0.7737539776884148,3.9329375706595835,224.07630898291805
77.79999999999772,-1.7801366807098815,-0.723010017796129,-1.4042271192946854,-0.7809927964093382,-2.0983311834950604,-0.902475455905742,-1.7705158903025973,-0.785087842156145,-1.3884662620953727,1.4768316347773432e-05,-1.0632832724456392e-05,2.1689545734615798e-05,6.405499770109186e-05,0.35077972130662677,-0.7555539278447726,2.7429165156973117,227.24235954380964
77.84999999999772,-1.7760045274189398,-0.7392848568321371,-1.4417058063538482,-0.7704468341893259,-2.112211827101832,-0.939680188675784,-1.7671421730719896,-0.8010863619055467,-1.4261844850202676,1.4693857525100412e-05,-1.0701636374288536e-05,2.2091533903383153e-05,6.4144869830691e-05,0.3486686920129593,-0.7440946554008818,4.023415744863655,223.6016099655941
77.89999999999772,-1.7725038780095903,-0.7557123414376077,-1.479142819172567,-0.7603251356128047,-2.126626315417188,-0.9775249820207597,-1.7656867958441607,-0.8163318859260275,-1.4615792527380067,1.4625159379145437e-05,-1.0753792798934923e-05,2.2495307164600898e-05,6.4234001270614e-05,0.3522858409624355,-0.7568958668995606,4.577451484596698,220.57445693001523
77.94999999999771,-1.7696155254908796,-0.7722521422829036,-1.5165226901377404,-0.7507626981190803,-2.141395226074293,-1.0148774203162687,-1.7631539550233364,-0.834011210713064,-1.4973811435922681,1.4560091234622567e-05,-1.079004335814075e-05,2.2897519750179447e-05,6.43213027734677e-05,0.35190733272698765,-0.7470487659102227,2.6840147104323497,226.8411921561447
77.99999999999771,-1.7673563186968817,-0.7888867737819656,-1.553660758348493,-0.7417233208898644,-2.1565688816729756,-1.0521698705286129,-1.7614615551127344,-0.850312703122088,-1.5323553038253148,1.450123827758738e-05,-1.0810770965678085e-05,2.3296079417626486e-05,6.440727075928534e-05,0.35326269010806194,-0.7458490042469265,3.2290391594733703,223.2157234678563
78.04999999999771,-1.7657181784008962,-0.8056023702843038,-1.590674568955346,-0.7332337120234091,-2.1720968937654703,-1.088766507307279,-1.7615994494799634,-0.867312873533281,-1.5782921704500754,1.4448597162754436e-05,-1.0816660989015488e-05,2.3688837460346886e-05,6.449105427751917e-05,0.3539647303661438,-0.7319327355733634,2.695289905308332,224.18458646381046
78.0999999999977,-1.7646999869620472,-0.8223602860473124,-1.6275885409803534,-0.725321875425274,-2.1879308439707836,-1.126050234854855,-1.7619227850140011,-0.883959432964037,-1.609553183310571,1.4402384042287075e-05,-1.0800500804195045e-05,2.4075810250444015e-05,6.45729418357569e-05,0.35403244701539127,-0.7456745509515628,2.6354284886619355,227.67103831769953
78.1499999999977,-1.7642914857868075,-0.8391831634291474,-1.6644578889750088,-0.7181036096300389,-2.2038251951087764,-1.16295905065991,-1.7624387092754599,-0.9006651292276542,-1.6390231386073044,1.435892397291162e-05,-1.077064893789445e-05,2.445140308765039e-05,6.465128034684219e-05,0.3491523194518598,-0.7381763161011421,3.185185869978036,231.33640158265368
78.1999999999977,-1.7644913378105873,-0.8559582850668817,-1.7012548637162233,-0.7115082085724224,-2.219888303144142,-1.1994238853851087,-1.7631522101324977,-0.9173428179539211,-1.6711777604413924,1.4321217430031323e-05,-1.0729474994667651e-05,2.4813643238292452e-05,6.472525627292319e-05,0.3473074533748376,-0.7292966945040172,1.1410038642610676,231.71633672885315
78.2499999999977,-1.765316670068172,-0.8727448086758232,-1.7379325658271225,-0.7054823750600795,-2.236228902025226,-1.235583178177703,-1.7651273050915173,-0.9350971218950593,-1.7106582123921972,1.4292460071250673e-05,-1.0676622196613026e-05,2.5161180624957515e-05,6.479499240423689e-05,0.3483440214556321,-0.7231858558519263,1.4280933751040932,236.676907122625
78.2999999999977,-1.7667725562541967,-0.8894777976524798,-1.7745263466806211,-0.7000441908917807,-2.2527915670453575,-1.2715099278865623,-1.7684036226716031,-0.9503587106446064,-1.7475087129945484,1.4273843582099054e-05,-1.0608055802973791e-05,2.5492487341454243e-05,6.486081754610917e-05,0.3486708528328652,-0.7185349941772293,4.427887169280543,230.5742946956213
78.34999999999769,-1.7688539392460352,-0.9061436310114399,-1.8110377104568862,-0.6951846262792665,-2.269614850988187,-1.307672657620733,-1.7713954869167563,-0.9655614031113285,-1.783840138676857,1.4266346223640688e-05,-1.0526590749264001e-05,2.5805928132293878e-05,6.492269539412663e-05,0.35024087141976135,-0.7232545946834524,3.296434376584974,220.0369504595887
78.39999999999769,-1.7715646297722187,-0.9227392371043086,-1.8473491108881142,-0.6909980965241971,-2.286338215420871,-1.3433224167377884,-1.7754353904869524,-0.9809575167339583,-1.8240477738007026,1.426460724108083e-05,-1.043067673873221e-05,2.6098495203081977e-05,6.497978116133354e-05,0.34480686026243923,-0.712995182341149,4.976629739413949,210.9283901778613
78.44999999999769,-1.7748684526467904,-0.9392293884582777,-1.8835069983752062,-0.6873468789289273,-2.3035529455345616,-1.3802679131671405,-1.7802349309474603,-0.9959723957826798,-1.8670149363772237,1.4281215992971971e-05,-1.0324580794734332e-05,2.6369979824518858e-05,6.503382115476781e-05,0.35197360716217707,-0.7389099285870845,3.8021213012497244,200.29638066903757
78.49999999999768,-1.778763741005142,-0.9555933566255327,-1.919535729142938,-0.6843630130594441,-2.3207341565219854,-1.4174143870750613,-1.785493721278673,-1.0108244557260033,-1.904484181254833,1.4309019208463751e-05,-1.0203903328869687e-05,2.661626080124065e-05,6.50838651380494e-05,0.3487878648165672,-0.742929478158458,2.4616492416259823,192.6615537022361
78.54999999999768,-1.7832527477393736,-0.9718056290005099,-1.9555095389407444,-0.6819837781772924,-2.338122658976826,-1.452211024434695,-1.7917691777255276,-1.0255209958439762,-1.9429355253688723,1.4350570266099408e-05,-1.0076648501970399e-05,2.6838657631370712e-05,6.512995156439907e-05,0.3510281228492793,-0.6959327471927135,3.3791295965041805,187.57146365306264
78.59999999999768,-1.7883230482163157,-0.9878257470420267,-1.9913749143337507,-0.6802282131555204,-2.355542747241495,-1.4885034664432006,-1.7973185914309364,-1.0410432944134276,-1.9823913213558932,1.4404910099829473e-05,-9.94114091117403e-06,2.7034121109559707e-05,6.517149730000503e-05,0.350185740685775,-0.7258488401701548,3.3020905399698233,181.56191633234224
78.64999999999768,-1.7939878888785805,-1.0036783797701905,-2.0271118615666732,-0.6791038274787699,-2.3730030420710606,-1.5244733428847115,-1.8042983375020323,-1.0552848645740152,-2.021571681330128,1.4473130690982869e-05,-9.799614870980332e-06,2.7201879199504564e-05,6.520868351468176e-05,0.34994808022749824,-0.7193975288302584,3.077674247556997,174.4903304149148
78.69999999999767,-1.8002159912169386,-1.0193098152174862,-2.062704253053593,-0.6786056958989872,-2.390364078922435,-1.5597500470697654,-1.8111942236098562,-1.069049935666113,-2.05372656439407,1.4553235252192389e-05,-9.65267994399234e-06,2.734106816892095e-05,6.524064973106613e-05,0.34738164615726513,-0.7055340837011193,3.067746475906699,164.38941734528126
78.74999999999767,-1.8070000300515,-1.0346941691720275,-2.098143485900638,-0.6787287514454521,-2.407668673212101,-1.596064664573022,-1.819278002991795,-1.0816537976144713,-2.0911919208331557,1.4643211861578147e-05,-9.504899193035685e-06,2.7453978218766054e-05,6.526731350157793e-05,0.3461196546070949,-0.7262923500651762,2.906069026860299,152.51038811702597
78.79999999999767,-1.8143476877597942,-1.049837875285275,-2.133482789263031,-0.6794790026564045,-2.425276205261427,-1.6306958200001422,-1.8279347160074317,-1.0945623641862554,-2.1306513033210246,1.4750262312316997e-05,-9.36061768432916e-06,2.7542828291865178e-05,6.529039748120657e-05,0.3524877897095154,-0.6926231085424418,3.1396992124693424,144.28453362284998
78.84999999999766,-1.822189869228555,-1.0647032806537962,-2.1687153902281704,-0.6808079151009889,-2.442711227298464,-1.6630443769834107,-1.836879947531677,-1.1080150019424484,-2.1624246548961614,1.4868681994757963e-05,-9.21569907135873e-06,2.7603190661436627e-05,6.530894167260138e-05,0.34972713072119077,-0.6469711396654068,1.1929128353425738,140.40471798756278
78.89999999999766,-1.8305665043889303,-1.0792899364571578,-2.203779836892838,-0.682715840395535,-2.4599646545985188,-1.6988181196338221,-1.845468801895971,-1.1197578432472828,-2.1979459669962544,1.4995870079243598e-05,-9.073094627159352e-06,2.763749166361196e-05,6.532241911107818e-05,0.3471904776769819,-0.71547485300827,4.266049226818216,125.67500844939325
78.94999999999766,-1.8394588533187395,-1.0935772937635677,-2.2386135610213294,-0.6852622205006245,-2.4773081782215933,-1.7343319451077863,-1.8544515308418794,-1.1317331419124739,-2.2338024723381076,1.5136322435857587e-05,-8.937067329804893e-06,2.76488018113714e-05,6.533261370752458e-05,0.3506075649375797,-0.7102765094793254,3.5215554267425526,113.78497244748752
78.99999999999766,-1.8488524910332884,-1.1075507747214197,-2.273372432037192,-0.6884200939295719,-2.494542449527064,-1.7697045624513867,-1.8645555686095805,-1.1440224593806525,-2.2677621282060536,1.52875519267128e-05,-8.806797660203744e-06,2.76359363670132e-05,6.53392751093111e-05,0.35044216849671717,-0.7074523468720508,1.9857732673265818,108.21584438540025
79.04999999999765,-1.8587164358041548,-1.12120610709044,-2.308060134432711,-0.6922034206782579,-2.511723110315411,-1.805386344643487,-1.8744851474455817,-1.15624131341366,-2.300575376691797,1.5448960362560714e-05,-8.684703516813887e-06,2.7601889007031506e-05,6.534268201883689e-05,0.3518644653731498,-0.7136356438420455,3.4398956806875627,101.43608210051627
79.09999999999765,-1.8690408660577347,-1.1345090469586965,-2.3426256665091727,-0.6965914847682648,-2.5287869513846974,-1.8396103554973993,-1.884822287378233,-1.1667283093761296,-2.3405871015270345,1.5618336556541274e-05,-8.57151988187548e-06,2.7548461213267953e-05,6.534296099250797e-05,0.352397548437507,-0.6844802170782859,4.473477416057761,89.10326973441018
79.14999999999765,-1.879833050248473,-1.1474465029442595,-2.377029863112251,-0.7014968169504491,-2.5454702904829696,-1.8739161148392265,-1.8956644443425534,-1.1782423926024588,-2.3698967676865443,1.5796718763872675e-05,-8.464547482909247e-06,2.7469555413166543e-05,6.533928676657878e-05,0.34780784703750367,-0.6861151868365816,1.8008539403892383,83.58610550067343
79.19999999999764,-1.8910748519477203,-1.1600007256092542,-2.4112824366151786,-0.7070941491556874,-2.5623426448311344,-1.9083186760168027,-1.9080370186358762,-1.187964124562909,-2.4088139727477813,1.5983730080539744e-05,-8.372670442576968e-06,2.7380957701903545e-05,6.533399515023287e-05,0.3555489490925415,-0.6880512235515648,4.1957666032780665,77.07020113980248
79.24999999999764,-1.9027455173561922,-1.1721393313386983,-2.445415241038732,-0.7131520079452699,-2.578694894530305,-1.942843382253797,-1.920469085155035,-1.1971018952521573,-2.438898879003593,1.6176357767556468e-05,-8.287888503069843e-06,2.72695102152964e-05,6.532502916417504e-05,0.34878298734331664,-0.6904941247399221,3.3206337519548095,70.30205169979813
79.29999999999764,-1.9148444886167635,-1.183866627755313,-2.479486915165322,-0.7198494548248656,-2.5950274051758306,-1.9770608828079177,-1.9324456598246595,-1.2068964257156796,-2.471082210783752,1.6374092635951342e-05,-8.21689742788994e-06,2.714932152396539e-05,6.531413481117816e-05,0.35306492539918827,-0.6843500110824524,1.94772845044639,63.98557619439527
79.34999999999764,-1.9273362155742635,-1.1951706754114473,-2.5134378102477513,-0.7270779842871781,-2.6110975762922397,-2.0099241918447364,-1.9442952332150856,-1.2170288838241445,-2.50255609844867,1.657513326972955e-05,-8.157343160811866e-06,2.7016901757392353e-05,6.530127495067643e-05,0.35243721966625524,-0.6572661807364103,4.507310201807006,58.62994570203881
79.39999999999763,-1.9402114244927329,-1.2060373886738485,-2.5472602315920443,-0.7348663397801257,-2.6269564264076317,-2.044680586798624,-1.9579356524406977,-1.2255595093716538,-2.5378822953447866,1.6780089979740857e-05,-8.110878320490737e-06,2.6874701911576107e-05,6.528676638340198e-05,0.3533797020857712,-0.6951278990777908,2.002084884380671,54.400246228787445
79.44999999999763,-1.9534636780765076,-1.2164650201902174,-2.5808562691526573,-0.7431016865990001,-2.642351439462675,-2.079320571808643,-1.9703995749455652,-1.2328787488822734,-2.5679357175619635,1.6987193014632297e-05,-8.075257737076523e-06,2.6719131576564375e-05,6.526947463496626e-05,0.3492035778411675,-0.6927997002004271,4.0021862974073645,45.72996569755876
79.49999999999763,-1.9670529298826716,-1.226448383795817,-2.6143056649715466,-0.7518220001030631,-2.657394734467407,-2.112962321463701,-1.9832882080966274,-1.2404771748465422,-2.606224743690393,1.7193934825139332e-05,-8.050977822125078e-06,2.6556632051403306e-05,6.525023197519152e-05,0.3477775778471117,-0.6728349931011919,3.612675142836042,36.95251755547108
79.54999999999762,-1.9809648018417114,-1.2359618070653466,-2.647612996785999,-0.7611718988710194,-2.6723297457106585,-2.1473224864266474,-1.9977861184790908,-1.247682618687306,-2.643245013753225,1.7406146214754225e-05,-8.044271773112559e-06,2.638969638319926e-05,6.52305498215623e-05,0.3524234474231159,-0.6872032992589643,1.7822925921627624,33.42321582686294
79.59999999999762,-1.9952001774840653,-1.2450015148315434,-2.680778660143288,-0.7709407531725738,-2.6868094798610938,-2.181298178761608,-2.0121582085356913,-1.254580321356275,-2.681025511514978,1.761904933028877e-05,-8.050545278701744e-06,2.62142559848612e-05,6.520911385037823e-05,0.34935515783407706,-0.6795138466992571,3.2137109571444014,29.653353869628482
79.64999999999762,-2.009736912119772,-1.2535620362279505,-2.7138840317381994,-0.7812036272269218,-2.7009524798101885,-2.215763274886926,-2.027075430090161,-1.2625178877751526,-2.7149261375614304,1.7833137069629488e-05,-8.072412531724743e-06,2.6034619058404587e-05,6.51862833493891e-05,0.34950322399892086,-0.6893019225063989,2.6573750471355675,29.475203732797947
79.69999999999762,-2.024550678494436,-1.2616241974455948,-2.7468478350985386,-0.7918919541318022,-2.7146809318588803,-2.248881343183803,-2.0425618785366226,-1.2690197470148599,-2.7491979382382667,1.80452370955194e-05,-8.107398944744812e-06,2.585287115367349e-05,6.51618479682993e-05,0.3479875843298973,-0.6623613659375748,0.6125939706423476,28.793707216606318
79.74999999999761,-2.039626425891881,-1.269203911275219,-2.779605393992715,-0.802892460810357,-2.727910167695534,-2.2800574677532945,-2.056729271181952,-1.2754310817431236,-2.7810579336270433,1.8253864128642275e-05,-8.154155545677486e-06,2.5668185586748733e-05,6.513551087874411e-05,0.34412079616726776,-0.6235224913898645,2.6975585549177126,24.75551594758087
79.79999999999761,-2.054937763484554,-1.2762836072261146,-2.8122324473090314,-0.8145181601449705,-2.7410209132192898,-2.312405959393597,-2.0730999336744214,-1.280658815263924,-2.8176968874086272,1.846039090870392e-05,-8.217184976140727e-06,2.5491859482331165e-05,6.510982845009953e-05,0.3504712883407324,-0.646969832806083,0.9419269248640281,25.194436263461185
79.8499999999976,-2.0704731171719812,-1.2828488374166611,-2.8447304758830096,-0.8265707578806832,-2.753757014047564,-2.3448506426711195,-2.087798615450332,-1.2853003307257016,-2.8518720315548856,1.8663469597883898e-05,-8.295057013589634e-06,2.5318043363502686e-05,6.5083983025458e-05,0.3507137578817688,-0.6488936655504904,3.259948581409363,21.26522524524715
79.8999999999976,-2.0862133007321617,-1.2888832685153708,-2.8771531997927897,-0.8389949003918488,-2.7660546507601413,-2.377772608738572,-2.1040141117643723,-1.2900439195921016,-2.883986538271312,1.8861398377859216e-05,-8.38599446052197e-06,2.5147861706729695e-05,6.50581275475987e-05,0.3496391218085952,-0.6584393213490883,2.065774560370236,20.967996686643648
79.9499999999976,-2.1021618449494226,-1.29441377441248,-2.9094917559306372,-0.8516340265280397,-2.7777636718267384,-2.410979721708292,-2.119495083222882,-1.2936311874442366,-2.9129646036297427,1.9052430131288087e-05,-8.486896270289895e-06,2.497909967104606e-05,6.503071257778853e-05,0.34460177803053527,-0.6641422593944292,3.8762785819828154,18.047556166984972
79.9999999999976,-2.118272115040633,-1.299437766669577,-2.941621738385054,-0.8648837761846273,-2.789265350517367,-2.4424252201520824,-2.1352442199553616,-1.298595409478567,-2.9421091617706243,1.923690387987842e-05,-8.599680410433227e-06,2.4824673803093278e-05,6.500428519553958e-05,0.3509244059913543,-0.6289099688758423,2.6913061102020834,17.21454626008639
80.0499999999976,-2.1345461582781273,-1.303937292342943,-2.973483784427107,-0.8786097165503161,-2.800427101603713,-2.475300077056164,-2.150684125861136,-1.300719855136161,-2.9838692074120923,1.9414400603619332e-05,-8.723717648453397e-06,2.468137530421882e-05,6.497891782722857e-05,0.3538442121807081,-0.6574971380816658,4.1768855330916566,15.061092583091783
80.09999999999759,-2.150957609854736,-1.3079061605519366,-3.005228119890876,-0.8924851749906018,-2.810981937608923,-2.507277771311904,-2.167896890439936,-1.303672946116995,-3.0138695882737054,1.9583787071670183e-05,-8.861929635842475e-06,2.4540679048488394e-05,6.495283869824797e-05,0.3486882910641656,-0.6395538851148319,0.8361616681478433,15.67160029729946
80.14999999999759,-2.167498060726401,-1.3113555815142508,-3.0368252404155984,-0.9068011207509215,-2.8211680788279,-2.539070542198407,-2.1834037231178463,-1.3058892730418024,-3.0408322957648113,1.9744596064217928e-05,-9.00979005268651e-06,2.441302918712103e-05,6.492657997749467e-05,0.35141416015884624,-0.6358554177301053,2.8010821927348943,12.973623562914655
80.19999999999759,-2.184122182152086,-1.314263611372865,-3.068417479388624,-0.9214808725387634,-2.8309270829827824,-2.570705360787214,-2.1995159012673513,-1.3070700757920624,-3.0740779569495618,1.9896409430840865e-05,-9.164637413898021e-06,2.4297714331410878e-05,6.490104956705456e-05,0.3525672645660749,-0.6326963717761744,1.066557462193803,11.951114488876492
80.24999999999758,-2.200847632774346,-1.316636976778938,-3.099885891279189,-0.9364003043254495,-2.8401800699227295,-2.6022039069151313,-2.217407917800615,-1.307880865844463,-3.1171252948804744,2.003815533422517e-05,-9.32894882083831e-06,2.4192424799792332e-05,6.487555353435108e-05,0.35113114128145834,-0.6299709225583786,3.638327294610143,16.359388739328217
80.29999999999758,-2.2176372460249616,-1.3184923530952677,-3.13114218931953,-0.9516778615412502,-2.8490084863261194,-2.633006939180364,-2.233667024830507,-1.3081787022839733,3.1336994154876354,2.0168078053198146e-05,-9.508407907553083e-06,2.410104680269822e-05,6.484941611839292e-05,0.3529131958563225,-0.6160606453046907,3.0923537609712484,16.036695247057427
80.34999999999758,-2.23449103495311,-1.3198200148593828,3.1210282451344327,-0.9669516504341292,-2.8572121364763743,-2.6643978658454923,-2.2504129084309423,-1.3091331622169744,3.110224370890439,2.0286996297701256e-05,-9.69427480220674e-06,2.401680762543168e-05,6.482208035885577e-05,0.34676400460864837,-0.6278185333026025,2.4415599171952524,13.527089641725848
80.39999999999758,-2.2513547868748285,-1.3206128820639076,3.0901059223192107,-0.9825493625252769,-2.8649731227651842,-2.6953806420641637,-2.2693897893377812,-1.3067853019918132,3.0744610381488746,2.0396385161078472e-05,-9.882670083067553e-06,2.3947814889919773e-05,6.479496494646296e-05,0.34845132333343015,-0.6196555243734677,3.8116609340404035,18.74218117448887
80.44999999999757,-2.2682604588094213,-1.3208689335290502,3.0593718599098234,-0.9984919220016294,-2.872295007791181,-2.7267381575054626,-2.2854793254005665,-1.3052500324579335,3.0441064842217838,2.0492056121480353e-05,-1.0079975506350323e-05,2.3895826248426175e-05,6.476818506922264e-05,0.35088483790803454,-0.6271503088260156,2.889041986615238,18.332243473871074
80.49999999999757,-2.285166901644497,-1.3205960474952494,3.0287497471275566,-1.0145316018209871,-2.879057274204013,-2.758479185569816,-2.3023331886607377,-1.3037332174470826,3.0133885855451235,2.0576014329247943e-05,-1.028178746633323e-05,2.3855566132829812e-05,6.474167464144794e-05,0.34815227483752714,-0.6348205612871036,2.669502712076061,19.07336966748511
80.54999999999757,-2.302058568631137,-1.3198089356717164,2.9982423751853338,-1.030949550003093,-2.8853858764049227,-2.7888724870313797,-2.32007969998545,-1.3014185168169907,2.9810860271976782,2.064785142765914e-05,-1.0488349652758067e-05,2.383360342276979e-05,6.471582545042412e-05,0.35192275417634883,-0.6078660292313084,1.2701294851773914,21.789250301225813
80.59999999999756,-2.318939727534956,-1.318512921893299,2.967875067159534,-1.0473182340332325,-2.891134761390928,-2.8188038004483813,-2.336450236989243,-1.2980809251524006,2.957828815443392,2.0706844643439075e-05,-1.0698772078210072e-05,2.3822164840914254e-05,6.468953221172691e-05,0.3469904707511904,-0.5986262683400642,2.78725518276139,21.929677853125753
80.64999999999756,-2.335742353775128,-1.3167074632742657,2.9376520318315924,-1.063730354623752,-2.8963660655233587,-2.8472507797355786,-2.3523813564616805,-1.2953103915049917,2.926572814114108,2.0756642009875373e-05,-1.0907769049757886e-05,2.38213873109562e-05,6.4663716258058e-05,0.34452532904027017,-0.5689395857439824,2.0602893342364905,22.269391831127475
80.69999999999756,-2.3524853969723685,-1.314390355541446,2.9075831043303784,-1.0804869200779437,-2.9011861799685765,-2.875748053252951,-2.3694391146918585,-1.291135189116221,2.900187563740447,2.0792889226221452e-05,-1.1120623363020877e-05,2.3840132045269625e-05,6.463868024059569e-05,0.3487328857829615,-0.5699454703474867,2.12403851853379,25.153157037563428
80.74999999999756,-2.3691788859163454,-1.3115517406307522,2.877674446215734,-1.097369599911896,-2.90550958343323,-2.90604204412239,-2.3879786063389075,-1.2872799161318058,2.8705393393311205,2.0817190739767657e-05,-1.1334012251389417e-05,2.3873462398528782e-05,6.46143826539745e-05,0.3485627199510649,-0.6058798173888074,1.817032676453441,28.23038228436468
80.79999999999755,-2.385763063301191,-1.308220595356214,2.8479160963731864,-1.114264443017874,-2.90929725865148,-2.936054292034322,-2.4029702137347866,-1.283265738405698,2.8439916064530433,2.0828892994496492e-05,-1.1548316274478695e-05,2.3919463744693467e-05,6.458984615866309e-05,0.34629739252605446,-0.6002449582386759,2.7703994569271444,28.42345017053483
80.84999999999755,-2.402239637357896,-1.3043885720834876,2.818324528461946,-1.131394766383,-2.9126152037880466,-2.9644921645475133,-2.417260940802985,-1.2785944818319646,2.8142005770536738,2.082978306671605e-05,-1.1761829069931534e-05,2.398161571958831e-05,6.456622366144068e-05,0.3489855340952181,-0.5687574502638605,3.9624779097987024,28.81470983021074
80.89999999999755,-2.418606223488309,-1.3000606806871262,2.788899182035102,-1.1483981607953073,-2.915412637531964,-2.992570491537995,-2.4335185834474444,-1.2734562217327323,2.7859732182574515,2.081828287503368e-05,-1.1975744569817236e-05,2.4055131123336668e-05,6.454294409326543e-05,0.34465087651228876,-0.5615665398096669,1.5395945191651492,30.673443679848322
80.94999999999754,-2.434845067048238,-1.295242216626756,2.7596335132666017,-1.1656683271476422,-2.9177497803589563,-3.021592474918393,-2.4501143640464704,-1.2676386009033689,2.7577376655204633,2.079355300985253e-05,-1.2188922434769604e-05,2.4147372726805506e-05,6.452004819600726e-05,0.34856402647677726,-0.5804396676079927,3.150496270224284,33.14576114237526
80.99999999999754,-2.4509152129697798,-1.2899537482173338,2.7305345972940507,-1.1830782329593903,-2.919585181950203,-3.0515231097638162,-2.4652664400146778,-1.2617758874823353,2.733636780467812,2.0755965344619e-05,-1.2400570946344771e-05,2.4255771800315827e-05,6.449750392955081e-05,0.3501407715441876,-0.5986126969084956,2.0385411380061775,36.33556291021299
81.04999999999754,-2.4668471811949266,-1.2841667959001406,2.701640897270563,-1.2006803431058113,-2.9209197466835253,-3.080314854908074,-2.481119140848948,-1.2544246336044065,2.702389355093066,2.0708789127599836e-05,-1.2608515284511068e-05,2.4379449691076245e-05,6.447597259169195e-05,0.353064794072491,-0.5758349028851925,2.456781824305967,39.21967697147194
81.09999999999754,-2.4825950185727867,-1.2779201682104149,2.6729259310155213,-1.2182277824503718,-2.9217494498937073,-3.1083739627141234,-2.4966147113926085,-1.2474744171679406,2.670121169134214,2.064727836388998e-05,-1.2814621613387655e-05,2.4517323508815445e-05,6.445468801731593e-05,0.3513524059474542,-0.561182156121018,3.6046381776639063,39.68561119648998
81.14999999999753,-2.4981407731742262,-1.2712067272127856,2.644362443868534,-1.2356179300690042,-2.922078735927043,-3.136945456869285,-2.511062766447632,-1.2390231591893686,2.6368259406218586,2.0570951469652772e-05,-1.30188888962841e-05,2.466858032351061e-05,6.443279462318203e-05,0.34787713026367945,-0.5714298831032637,1.0160634265007547,43.81112152174804
81.19999999999753,-2.513486799353424,-1.2640619307134968,2.6157997716996677,-1.2530634955038775,-2.9219162811397634,3.1183218023517902,-2.5252935907118674,-1.2307984318248621,2.6093224780382336,2.0478703779170655e-05,-1.32199686344418e-05,2.483749842672004e-05,6.441061376594156e-05,0.3489377682125864,-0.5583609591702416,1.7236803710128448,48.15782294566823
81.24999999999753,-2.528619060599419,-1.2564711411494192,2.5874575049715385,-1.2702036355805428,-2.9212769023230054,3.0902920610763154,-2.5408605418575725,-1.2219097791094817,2.577690077622311,2.0375996613362678e-05,-1.3416905322090784e-05,2.5015479750087798e-05,6.438812091755092e-05,0.34305245625247455,-0.5605948255095328,2.514487465161854,51.184738295466545
81.29999999999752,-2.5435361593919876,-1.2484448786809668,2.5592152098936776,-1.2874580813219674,-2.9201537685444316,3.0628917882249223,-2.554669822174523,-1.2134249534810926,2.5502318455471595,2.0258466039924765e-05,-1.3608410290073867e-05,2.5211403602132075e-05,6.436524437646588e-05,0.3458300353765058,-0.5480054570279016,1.2378856062129011,53.97198599351516
81.34999999999752,-2.5582305709998607,-1.2399849933441902,2.5312166328440515,-1.305034576643817,-2.918525564538927,3.0355501511030845,-2.5685504839202675,-1.2041572557632538,2.5260386082915307,2.0129046699784058e-05,-1.3792659781377654e-05,2.5426413847707053e-05,6.434263602488172e-05,0.3530459729839088,-0.5468327424367762,3.403912255844765,58.94588563500494
81.39999999999752,-2.57267095045316,-1.231115080351569,2.503364159179584,-1.3226147369317356,-2.9163895249303993,3.0058147971788767,-2.581437967107274,-1.1951055692275925,2.4956979501127705,1.9990432167963894e-05,-1.39698413882658e-05,2.5654110483165035e-05,6.432061676534601e-05,0.3542020952310185,-0.5947070784841809,2.8737448564450805,61.27848519107225
81.44999999999752,-2.586865980166813,-1.2218286017945201,2.4756840847073214,-1.3400561292130881,-2.913760067988015,2.978105053191424,-2.5939315302673034,-1.1852182193375411,2.4682273052420545,1.984014600253649e-05,-1.4140372374605821e-05,2.5894401308672663e-05,6.42988335893086e-05,0.3527810178089358,-0.5541948797490834,2.4842021320719647,67.07839583474247
81.49999999999751,-2.6008013702357067,-1.212163697328632,2.448133867124838,-1.3572211248652477,-2.9106876081667337,2.9508403480963805,-2.606519833061163,-1.1749039624965254,2.4427742935180383,1.9680327179526867e-05,-1.4304139369715893e-05,2.6144024132385315e-05,6.427740929715592e-05,0.34876692644748786,-0.5452941019009021,2.9923573611697405,73.80043477246156
81.54999999999751,-2.6144739846478107,-1.202112827276237,2.4206950892648282,-1.3741712951464755,-2.9071835426142956,2.9246333230255965,-2.6196244244041114,-1.1641993040623486,2.418618468012566,1.951255345532302e-05,-1.4460284541839174e-05,2.640239614704134e-05,6.425634982171445e-05,0.34618139470472936,-0.524140501415711,0.44229541625092184,79.83225099357672
81.59999999999751,-2.627851241945997,-1.1916950892880442,2.393403809473994,-1.3911281049148025,-2.9032129231587374,2.8985189982056525,-2.6334827466271595,-1.1520866029938608,2.389137487935164,1.9336678044221205e-05,-1.4607402894573104e-05,2.667245528547215e-05,6.423585067549395e-05,0.34831965400234816,-0.5222864963988987,1.4651135743977077,85.20691313292693
81.6499999999975,-2.6409491492603014,-1.1808971513113444,2.3662871810558994,-1.4082495771401364,-2.898718968854177,2.8712968751872765,-2.6462059894653827,-1.1400023299337494,2.3594501482985724,1.914719920041015e-05,-1.4743207199114937e-05,2.6959303034968362e-05,6.421535485540664e-05,0.35403942554000933,-0.5444424603675395,1.6419071239257907,91.27297634326261
81.6999999999975,-2.6537359554643616,-1.1697558486241315,2.3393522628092134,-1.4251984304337564,-2.8937860918542255,2.845446479282977,-2.660101708008538,-1.1267247432086989,2.3278391259912805,1.8946670787802966e-05,-1.4869108170937683e-05,2.7257497069824263e-05,6.41948934158425e-05,0.3530519825267031,-0.5170079180860124,4.616775488494932,96.35261995681132
81.7499999999975,-2.6662311109571895,-1.1582286916518,2.312622938277983,-1.4420493044237426,-2.888407090128713,2.8197628158882164,-2.672206319281871,-1.1136182194642497,2.3004889086596165,1.873295141704503e-05,-1.4983064624818037e-05,2.7568469103639435e-05,6.417392749928667e-05,0.35378118319348767,-0.5136732678952343,0.6515122935395843,105.22757201132774
81.7999999999975,-2.6783927444148357,-1.1463931227837327,2.286040785420054,-1.4584230362530237,-2.882710011623227,2.7937453406102133,-2.68507272329106,-1.100519782198086,2.281454370893478,1.8511230610802924e-05,-1.5087910811012277e-05,2.788479303659856e-05,6.415301715804001e-05,0.34674068245089273,-0.5203495055600839,1.9771911551097232,112.38313083438763
81.8499999999975,-2.690237879707372,-1.1342244288129337,2.2595845113122444,-1.4749172744418828,-2.876478955383004,2.767043110067842,-2.696672977608479,-1.0882509015404631,2.2559620154536795,1.8286445186792006e-05,-1.5181260102070496e-05,2.8209564544417155e-05,6.41324213307556e-05,0.352649643698431,-0.5340446108474654,3.22865978663554,113.82536594932586
81.89999999999749,-2.701734604271654,-1.121757320772876,2.2332593971574206,-1.4910199853176866,-2.8699000459512014,2.740416026153235,-2.707975220711444,-1.075603957705876,2.2275549169917053,1.8055605621288435e-05,-1.5264963858225176e-05,2.853921361106145e-05,6.411224037901537e-05,0.34790643853317604,-0.5325416782921748,4.366570143536151,113.65272828462491
81.94999999999749,-2.7129153500532075,-1.1089610954351459,2.207135200470025,-1.5068817441512052,-2.8629177025046832,2.7134207308191822,-2.7183572228731827,-1.061753341459046,2.202010916612192,1.7815989966678492e-05,-1.533640696626317e-05,2.8876854542230227e-05,6.409212904697824e-05,0.34662184222957726,-0.5399059066810927,1.529778782442484,122.42053500011106
81.99999999999748,-2.723740268869148,-1.0958833537350663,2.181205822085836,-1.52266762963096,-2.8554655457603078,2.6876427749618763,-2.7281034405530487,-1.0479623909128306,2.1795838279420092,1.757023589365305e-05,-1.5394883807129487e-05,2.9222048888467113e-05,6.407225632994037e-05,0.3491393392433484,-0.5155591171461409,1.3870184322789418,132.9398218856513
82.04999999999748,-2.734246872846411,-1.0825203271293071,2.1553464153483857,-1.5381811910739367,-2.847640384613909,2.661207301594735,-2.738624334443968,-1.0342550607429852,2.1517014587471,1.7320943433478557e-05,-1.5442562076474725e-05,2.9571143966664215e-05,6.405297027085914e-05,0.3475176645577132,-0.5287094673428552,3.848902734035187,132.5287366748432
82.09999999999748,-2.7444025514823718,-1.0688930025200554,2.1296216955955716,-1.5536052640022384,-2.83935000193479,2.6355923778364723,-2.748740504248408,-1.019501073412835,2.124388952456311,1.7064333922701527e-05,-1.5475526463088032e-05,2.9927887311870873e-05,6.40335192796894e-05,0.3502280611062584,-0.5122984751652846,1.4234184359151654,137.31822425155548
82.14999999999748,-2.754191243692694,-1.0550105108864305,2.104107487873346,-1.5688390732529087,-2.83065010324246,2.609809002691704,-2.7586593152286265,-1.0040114922209928,2.094878513506389,1.680115453929713e-05,-1.54939497107333e-05,3.0290207799852046e-05,6.401390916343132e-05,0.350869908317437,-0.5156675028953923,1.6517443899937017,142.77567992755866
82.19999999999747,-2.763617960224548,-1.040860317249143,2.078862449923581,-1.583734488442587,-2.8216387159729837,2.585233893234334,-2.7678302061582656,-0.9888830516451471,2.0704409471960767,1.6531253793153297e-05,-1.549783663910966e-05,3.065609306363504e-05,6.39941627063695e-05,0.3481917563576771,-0.49150218914742855,1.6397601015918282,149.07114271616638
82.24999999999747,-2.7726772398627757,-1.026459507992443,2.0537739381138995,-1.5985370460375663,-2.81217424059387,2.560203417106491,-2.777422053241018,-0.975022262254847,2.0545174292693016,1.625774728459538e-05,-1.548688506402954e-05,3.102580799401875e-05,6.397414435980216e-05,0.3514018343668005,-0.5006095225568911,5.598847233608567,147.74502019724233
82.29999999999747,-2.781367776332495,-1.0118260947326745,2.028808961708836,-1.6129272384358975,-2.802442123589207,2.5336946088680827,-2.786064522013059,-0.9606575271550419,2.0347251898718675,1.598707744701932e-05,-1.5468341482411367e-05,3.1392705248692426e-05,6.395472084878086e-05,0.3474532556307678,-0.5301761647681965,3.594751299717828,149.41279614562328
82.34999999999746,-2.789675561827233,-0.9969933990035574,2.004018599059552,-1.6272905570552847,-2.7921740854180728,2.508205938174042,-2.7935627257928988,-0.9461107895061313,2.009350867079567,1.5716592565568177e-05,-1.5436621083861715e-05,3.1761025321169426e-05,6.393562001493673e-05,0.353131367887303,-0.5097734138808473,2.0528371146114734,149.59446261109795
82.39999999999746,-2.7976240025121912,-0.9819527951213491,1.9793883216049968,-1.6412369560146607,-2.78166463163769,2.483427640499137,-2.80246770208913,-0.9298520788630982,1.9833105045259547,1.5443662077509873e-05,-1.539231995485948e-05,3.212875344525266e-05,6.391717777221426e-05,0.3492656671189237,-0.49556595349813065,3.437247203069334,148.40602856184987
82.44999999999746,-2.805192614702631,-0.9667213465514616,1.9548837448633543,-1.655035524853714,-2.7707217761458196,2.4587890287464775,-2.8099531342955717,-0.9135227774738716,1.9568557159710016,1.5167460781572422e-05,-1.5331312715292473e-05,3.2497222970818896e-05,6.389857213753035e-05,0.35222849324155825,-0.49277223505321666,1.486585210114136,151.51517522056264
82.49999999999746,-2.8123667397698,-0.9513063188899114,1.9305921154079178,-1.6686065897568039,-2.7594216680162087,2.435712547788067,-2.816223382173846,-0.8989946424337006,1.9300889593488648,1.4889149883383754e-05,-1.5254558112757088e-05,3.28644535392523e-05,6.387968595504009e-05,0.35320254042180554,-0.4615296191682385,4.9387591710559935,146.6339598857137
82.54999999999745,-2.81916749899968,-0.9357049091452879,1.9064985514307737,-1.681892981599211,-2.747815950706555,2.411508525107922,-2.8220948705156426,-0.8826177535801804,1.9022315624503214,1.4608961514930443e-05,-1.5161799958158542e-05,3.322950245090726e-05,6.386026701197208e-05,0.35283768311961994,-0.48408045360292445,0.9800684404500799,151.2805708982003
82.59999999999745,-2.8255739331242613,-0.919956253971332,1.8825237843018008,-1.694649722742529,-2.7361080091956085,2.3865678805992587,-2.8278760580113507,-0.865957381769749,1.8735992744657803,1.4327016161547656e-05,-1.5054514678316439e-05,3.3589453014348595e-05,6.384125408712932e-05,0.34630961902156615,-0.49881289017330693,2.2836530826777715,154.86721894771574
82.64999999999745,-2.831613891666766,-0.9040211603945296,1.8586930123631078,-1.7072884480321242,-2.7239293906428994,2.362896302877206,-2.832570325504755,-0.8501294641633278,1.8468996340246449,1.40439658859621e-05,-1.4927880293263594e-05,3.394599724073992e-05,6.382155308069485e-05,0.35103875112263877,-0.4734315544410805,2.2107380033836175,158.14035913079394
82.69999999999744,-2.8372639133367774,-0.8879673956905154,1.8350580535249401,-1.7196712496113535,-2.711421538306715,2.339444753071536,-2.837693274269495,-0.8339905854379458,1.8302210579069582,1.376160627644279e-05,-1.4784781804824478e-05,3.4296933066050535e-05,6.380116897279842e-05,0.352019512539264,-0.4690309961134152,3.7618614702982502,163.099266329767
82.74999999999744,-2.842527149189109,-0.8717794145133075,1.8116540490525541,-1.7316306968076758,-2.6987640425440147,2.3162465650165664,-2.843037801377186,-0.8170990235731956,1.8064262766491064,1.34843212926962e-05,-1.4634604812394126e-05,3.463958517449625e-05,6.378150972121067e-05,0.34828389329196924,-0.46396376109942244,2.319728056661757,163.41282544418397
82.79999999999744,-2.8474111881761717,-0.8554443883799385,1.788410661040824,-1.7435796115674085,-2.685521991978658,2.2935658185616976,-2.846084872542091,-0.8007243881879189,1.7784840582269155,1.3209614501967279e-05,-1.4466571232518225e-05,3.4975354390863955e-05,6.376102566141166e-05,0.3567307696286701,-0.45361492909740425,1.4396084510624525,169.71792865322018
82.84999999999744,-2.851900394598468,-0.8390124443224776,1.7652990562559576,-1.7549637749596714,-2.6723000061243125,2.2697208876359927,-2.84944779285558,-0.7847936007804909,1.753323037544389,1.2936604710656167e-05,-1.4284474118866174e-05,3.530062380286104e-05,6.374101805034198e-05,0.3489610353228237,-0.4768986185141212,3.6836537127140465,169.9560237182421
82.89999999999743,-2.8560034762498714,-0.8224438262296184,1.742308604208955,-1.7661643717800253,-2.6586628940816435,2.247098973171406,-2.852398121117803,-0.7686868004258439,1.7321935455399071,1.2667405489540775e-05,-1.4086301173718438e-05,3.5615809835813884e-05,6.372046601190027e-05,0.352951824081918,-0.45243828929176805,1.9179281504903123,172.76869088092883
82.94999999999743,-2.859720983033322,-0.8058228093533796,1.7194973110382252,-1.777048701127999,-2.644789547156098,2.2249911483759837,-2.8552577073997423,-0.752949958012655,1.7131817070000004,1.2403459402045815e-05,-1.3877082676399135e-05,3.591972853430465e-05,6.369992026313683e-05,0.3526760808422758,-0.4421564959084688,3.222750461935881,172.36801936971864
82.99999999999743,-2.8630594191650816,-0.7891001985143345,1.6968411950955238,-1.7876855070598652,-2.630563162139194,2.2006328326724436,-2.857578452681736,-0.7362725813772316,1.6897853504810358,1.2145372176274022e-05,-1.3656331603947229e-05,3.621184961349244e-05,6.367909037506484e-05,0.3552730063937916,-0.4871663140708198,1.1833648820929168,175.48338867809096
83.04999999999742,-2.8660122171361366,-0.772311854075028,1.674320018703427,-1.7978712625318107,-2.6162685350204393,2.179169291876165,-2.859951835329749,-0.718119016915779,1.6693213761333876,1.1892638749116876e-05,-1.342564578514059e-05,3.6490614646184614e-05,6.365904649554801e-05,0.351054301659292,-0.4292708159256013,2.020080327199842,185.56128658126605
83.09999999999742,-2.868586214699263,-0.7554485415142768,1.651960014043111,-1.8076895392991705,-2.601835231178933,2.1571206097965483,-2.8610935538162368,-0.7014158347380924,1.6464129574738298,1.1645694206898888e-05,-1.3184866553770944e-05,3.675513701875329e-05,6.36399516750203e-05,0.34913101468663393,-0.44097364159236807,1.8106625350744352,191.47488595454817
83.14999999999742,-2.8707805451247674,-0.7385276752063075,1.629774981146364,-1.8172327788664342,-2.587117324700226,2.1349855344956543,-2.8622893827270635,-0.6856412736976064,1.6222911827451458,1.1405142187960912e-05,-1.2931511951642692e-05,3.700499413720479e-05,6.362093253417453e-05,0.35082916406278697,-0.4427015060179056,4.436667868862919,187.23582040933866
83.19999999999742,-2.872587717744664,-0.7215860124691487,1.607814195628201,-1.8264380314262911,-2.5721955441478177,2.112114476445308,-2.86469901399149,-0.6693018901251313,1.6054275520005028,1.1171339000362167e-05,-1.2665749669313286e-05,3.7239004899842177e-05,6.360160121378216e-05,0.35066200788333657,-0.4574211610069435,6.537439505236571,178.24543851910144
83.24999999999741,-2.8740060232951032,-0.7045683361166359,1.5860292631049386,-1.835356703038685,-2.5569724176632773,2.0893982523844166,-2.8652489941403547,-0.65394053121947,1.581789317607778,1.0945295296017268e-05,-1.2392816472812146e-05,3.7457576267107896e-05,6.358179083488187e-05,0.3528737279230422,-0.4543244812178635,3.7314242909761264,170.46531505195512
83.29999999999741,-2.87505397958101,-0.6875210854778435,1.5644038179421418,-1.843990275224288,-2.5414494666110827,2.0673471959617657,-2.865615331952231,-0.6373811266344266,1.5585528439580774,1.072722774853771e-05,-1.2108179296672302e-05,3.76585068543755e-05,6.356117151700939e-05,0.35525391633934794,-0.4410211284530537,1.7096795213878042,168.10427250893952
83.34999999999741,-2.87572720244379,-0.6704881825334126,1.5429561452077787,-1.8520251263733343,-2.5262282994177254,2.0456394097962223,-2.866232150103512,-0.6209492536870664,1.5389399661910552,1.0516094732714182e-05,-1.1817803275793418e-05,3.784144877492173e-05,6.354214293459394e-05,0.34424084426238266,-0.4341557233108935,3.5562945681831466,162.5944244730193
83.3999999999974,-2.876013126221859,-0.653426447403717,1.5216634908326374,-1.8598687770169033,-2.510581780107586,2.0253325400861524,-2.866020131721839,-0.6044322289991133,1.519395243381144,1.0313705281177093e-05,-1.1518499536654313e-05,3.800664478987925e-05,6.35228607562476e-05,0.35005539511755623,-0.4061373942014196,1.873591948552516,160.9100277484191
83.4499999999974,-2.875934838006386,-0.6363544647492705,1.500532270328471,-1.8673677950424712,-2.49485873666528,2.0063273585793198,-2.8661179314998084,-0.587224328164721,1.4947170659655793,1.0119496579259816e-05,-1.1213750869605356e-05,3.815411322665442e-05,6.350384319364707e-05,0.34840120570949085,-0.3801036301366822,8.409144234440628,154.21855695686196
83.4999999999974,-2.8755005142245222,-0.6192772968471629,1.4795668874034977,-1.874661023546064,-2.4787212327017807,1.984202042205606,-2.864589630403467,-0.5698727507367422,1.4718100638942078,9.935368735258699e-06,-1.0895563660543814e-05,3.827946915978347e-05,6.348343764993173e-05,0.3541880912443952,-0.4425063274743125,1.5133493990824338,158.80956041394242
83.5499999999974,-2.8746915976462395,-0.6022208538721973,1.4588137684173565,-1.8816634626289512,-2.4623004789265344,1.9635672284256387,-2.8632684107169357,-0.5533036299576565,1.4572458705668332,9.761018526836764e-06,-1.0569046879480265e-05,3.8383833181317425e-05,6.346180517098159e-05,0.3570359172079516,-0.41269627559935834,1.846741340088234,160.05864111950643
83.5999999999974,-2.8735249519443293,-0.5851717255323767,1.4382000328086308,-1.8882076436046236,-2.4460627987451367,1.9442471821783425,-2.861279860117322,-0.5379325051032796,1.4332500305453983,9.593994725189282e-06,-1.024450200664322e-05,3.8471409944178116e-05,6.34411680756314e-05,0.3501417404008476,-0.386400924945939,3.1222982282079066,152.4916101137116
83.64999999999739,-2.8720015239758467,-0.5681543749359429,1.4177391921455547,-1.8944159842381376,-2.4297316114253924,1.9239058802259805,-2.8590866274286615,-0.5212597813384422,1.4095712724456213,9.437257194397157e-06,-9.912510542448694e-06,3.853644760980232e-05,6.342088214207405e-05,0.34943479974978015,-0.406826039047254,1.4616871973068037,150.60990779672025
83.69999999999739,-2.8701230818748575,-0.551147660201414,1.3975128065990543,-1.9002271663458972,-2.4134705522981994,1.9041339664608987,-2.8565869755090607,-0.5052608611484469,1.3881571694814498,9.290305793425493e-06,-9.575686258636009e-06,3.8579479652062864e-05,6.340147574895686e-05,0.3453702916743815,-0.39543827530165054,3.0324130476708473,146.6782012931946
83.74999999999739,-2.8679036254176937,-0.534196557890701,1.3774745504220143,-1.9057827178279056,-2.3968958816882906,1.884287743746329,-2.854374221096694,-0.4887268454717137,1.3758033334516195,9.154124531889442e-06,-9.233265952387548e-06,3.8600333980991724e-05,6.338147395488606e-05,0.34962487805364356,-0.3969244542914213,2.8813870246679816,145.09045714542816
83.79999999999738,-2.865343509796486,-0.5173066600693123,1.357534951735946,-1.910985867741969,-2.380321403323196,1.8656707796779672,-2.850698924037884,-0.47396374568576966,1.3542021033189222,9.02504988265738e-06,-8.894464851655056e-06,3.860465752686501e-05,6.33618377893063e-05,0.3474448552650451,-0.3723392813672579,2.493551517583683,140.0980227506007
83.84999999999738,-2.8624374630155396,-0.5004430618001312,1.3376978202589833,-1.9158727747983042,-2.363632340417035,1.8456369847411693,-2.8468595243966037,-0.45832659352013566,1.3297606026452957,8.906784935590539e-06,-8.551991945036374e-06,3.858609666457313e-05,6.334202708218657e-05,0.34780270026761523,-0.4006758987359748,5.543563384974171,136.65251517613436
83.89999999999738,-2.8591998088676904,-0.483662533146122,1.3180365869379238,-1.9204130309811365,-2.3468642650814746,1.8248104681214423,-2.8438952610579507,-0.4441110084620537,1.3155313930652603,8.800211103541618e-06,-8.205297279897137e-06,3.854341567747962e-05,6.332189332390388e-05,0.3474439148508414,-0.4165303323945616,5.46867292112539,124.38122691783177
83.94999999999737,-2.8556182973413717,-0.46693762079932516,1.2985404804662084,-1.924552079923421,-2.3302403519945663,1.80482211713311,-2.8408312812711687,-0.4276313380519352,1.296745577676508,8.700684488957593e-06,-7.863559563679345e-06,3.848475069032509e-05,6.330258832139239e-05,0.34263448988327583,-0.3997670197666647,3.6036554738919104,117.5129509720796
83.99999999999737,-2.851697605949704,-0.4502825896185299,1.2792294434190505,-1.9284488357605178,-2.3131210233556123,1.7843901472941734,-2.8366434076959584,-0.41065809679469245,1.276333474166659,8.612202213458077e-06,-7.519428480745714e-06,3.840447639728422e-05,6.328196786590047e-05,0.35115059059125153,-0.4086393967787599,1.2923813900459118,117.11140278531511
84.04999999999737,-2.847441859020955,-0.43369680776898567,1.2601071712927903,-1.9319768219203726,-2.2960294527564895,1.7643181321035684,-2.83191402287702,-0.39428123008507715,1.2502503165305008,8.533481382236017e-06,-7.176079296273839e-06,3.8303742856380036e-05,6.326110929088209e-05,0.3490436635269708,-0.40144030381211915,3.3381681878020575,114.39672097300506
84.09999999999737,-2.842868623296274,-0.41720584478019057,1.2411944900340326,-1.9351851309048687,-2.2788333810400654,1.7461775469912322,-2.8266718254208785,-0.37728048955787863,1.2329642595789307,8.46718256869248e-06,-6.830711121189901e-06,3.817866950679294e-05,6.323967708963785e-05,0.3498608412865408,-0.36281170224674014,1.1946461574448122,118.17440458682577
84.14999999999736,-2.837984783575542,-0.40080753643125455,1.2224296458375592,-1.938086312476923,-2.261512293946468,1.7273225741012244,-2.821520990202586,-0.3602967804490369,1.2220499509845615,8.40991331216087e-06,-6.488015673462343e-06,3.803494213428752e-05,6.321785096488096e-05,0.3512526443921135,-0.3770994578001882,1.8167473621872237,122.35569349277868
84.19999999999736,-2.8327824767676395,-0.3844959553601769,1.2038015371007684,-1.9406593645535357,-2.2442206571547882,1.7097087701317593,-2.8163195217903203,-0.34491846964006134,1.2119974073670097,8.357480555280888e-06,-6.152913676104032e-06,3.787893722599175e-05,6.319661041834942e-05,0.34964507806138495,-0.35227607938932337,2.712321487799173,122.29541008135087
84.24999999999736,-2.827268748625599,-0.36828331871555947,1.185338460704476,-1.9429587071155556,-2.226707720218751,1.6929783488948216,-2.8104276336049776,-0.32978669000769817,1.1961513238281842,8.310535050006901e-06,-5.824595698249874e-06,3.770996050581758e-05,6.31750540373642e-05,0.3532688572700083,-0.3346084247387742,2.1508752642577424,120.92554038962638
84.29999999999735,-2.821446641840315,-0.3521720068902038,1.1670459632664756,-1.9449437892072738,-2.209244358674639,1.6749851458313758,-2.8043655426436898,-0.31458914841307045,1.172667834610687,8.271354988413369e-06,-5.501114043717879e-06,3.752482661067306e-05,6.315385479391314e-05,0.3515211980670521,-0.3598640612689422,2.487405106692512,113.17730437282292
84.34999999999735,-2.815327913933781,-0.3361712711320713,1.1488964523333398,-1.9466054577447782,-2.1918649229847045,1.6572503776754424,-2.7975605464149274,-0.2988542231316238,1.1545329783947613,8.243214629076771e-06,-5.179743656069356e-06,3.731873034612857e-05,6.313319005089178e-05,0.3491784164973285,-0.35469536311869626,0.6188314259096079,114.3731707964499
84.39999999999735,-2.808907825335374,-0.32027950157222,1.1309118905422817,-1.9479614340106224,-2.1744112198695187,1.6394105725310908,-2.7904909574952845,-0.2856304006325557,1.1347293526133972,8.223810096924303e-06,-4.8627161057395905e-06,3.7095119975432966e-05,6.311259248049675e-05,0.35013057693828753,-0.3567961028870506,3.3793333001838315,107.33241395422291
84.44999999999735,-2.8022027780425365,-0.3045110160485001,1.113089852218194,-1.9490096872052272,-2.157009879968662,1.6225162594072113,-2.7831715128879626,-0.2709265246436715,1.1183729315607192,8.213226650993459e-06,-4.550895870117123e-06,3.685414114217243e-05,6.309208362328435e-05,0.3486618382011559,-0.3378862624775999,0.9522612958880037,107.00425155784546
84.49999999999734,-2.7952104898701107,-0.28888137770253886,1.0954846310620903,-1.9497476164487073,-2.139604413053658,1.6038184573171037,-2.7755367879069177,-0.25597181884827414,1.0944989329063617,8.210220924265346e-06,-4.245015686129443e-06,3.659815630331992e-05,6.307180421012775e-05,0.348427128832029,-0.373956041802177,4.161065231132697,103.82892744810533
84.54999999999734,-2.787923470035845,-0.2733518805470513,1.0780878797811801,-1.9501856682705883,-2.122278191244974,1.5883286133711163,-2.7675293991806234,-0.24236600040276268,1.075066462455668,8.217260859565444e-06,-3.943912893573007e-06,3.632384488842423e-05,6.305185175629926e-05,0.3466386347832665,-0.3097968789197632,2.8877621552044426,100.68226614109359
84.59999999999734,-2.780368829769624,-0.2579678611143196,1.0608729366084149,-1.9503518693695032,-2.1047820328720737,1.5722620506969474,-2.7597905456061147,-0.2300305259654069,1.0559194452139753,8.233628939737993e-06,-3.6483680922891486e-06,3.603232736367069e-05,6.30310045785944e-05,0.3499427188601238,-0.321331253483388,3.416622120136444,92.29261087038644
84.64999999999733,-2.7725349334274267,-0.24270013107612645,1.043795359471231,-1.9502192504737688,-2.08708006634615,1.5543473619653572,-2.7513663414480094,-0.2165420331359651,1.034503119637229,8.259485389230733e-06,-3.358903561597367e-06,3.5723947937682136e-05,6.300845527169647e-05,0.3540540003794747,-0.35829377463181833,2.869487228869068,89.57509574557915
84.69999999999733,-2.7644438001439067,-0.22758903366227573,1.026877671977475,-1.9497851081374473,-2.069547604246287,1.5377310097596224,-2.7432654462072796,-0.2031786702528437,1.0192126289356676,8.293481043731673e-06,-3.076916703346667e-06,3.540095110428339e-05,6.29859120605693e-05,0.35076076395997313,-0.3323270441147077,2.994062692991148,84.72748177698863
84.74999999999733,-2.7560783058319527,-0.21259289225412542,1.0100854773984516,-1.9490711182866225,-2.0520345804499045,1.5223686161567693,-2.7349868510124313,-0.1901425902549696,1.0089570938123051,8.331987273240918e-06,-2.8037584984582213e-06,3.5068478695056044e-05,6.29635912933348e-05,0.3505548893179543,-0.30724787205707627,3.031484468349679,80.55319915556397
84.79999999999733,-2.747461369753045,-0.19773933421059642,0.9935348990388907,-1.948065331673831,-2.0345117559884005,1.5045525429531201,-2.72548156955331,-0.17652332912736945,0.9891981085575612,8.372895694073592e-06,-2.540006611724993e-06,3.472979855748661e-05,6.294155340205651e-05,0.3510379651727262,-0.3563214640729977,3.918125235844224,81.27754557131206
84.84999999999732,-2.7386123658737667,-0.18306256094114182,0.9771640851215191,-1.9467402500138324,-2.0169175101990073,1.4866972274829093,-2.716528659324805,-0.16331406412972987,0.9716414094510082,8.42182305603657e-06,-2.283525471879819e-06,3.4377936264954766e-05,6.291928619565088e-05,0.3528861557564072,-0.3571063094042343,2.00269460516811,77.90985993452502
84.89999999999732,-2.7294969327393503,-0.1685061513552966,0.9609928578358692,-1.945154927915918,-1.9997427549251696,1.4708063386391963,-2.7077774935773276,-0.15187532212416854,0.9534660397166892,8.474431080421366e-06,-2.0365108048195337e-06,3.4019035904527616e-05,6.289892919708842e-05,0.3449589685999558,-0.31781777687428825,3.7152906130932974,69.96746720797053
84.94999999999732,-2.7201464757394165,-0.1541105777489527,0.944967624993652,-1.94324794061872,-1.982224667736671,1.4539238552383562,-2.698372824509636,-0.13800835567792555,0.9402823349762182,8.534886992641974e-06,-1.7969656336569698e-06,3.364802226386932e-05,6.287749918263135e-05,0.35243572731623357,-0.3376496680168264,3.2440359661925733,68.74308639735901
84.99999999999731,-2.7105542112097267,-0.13986333244031648,0.9290994903715316,-1.941050222592065,-1.9647919450185176,1.4368548707242272,-2.688483593576838,-0.12493825317942585,0.9180726785780422,8.597551950056746e-06,-1.566503408643727e-06,3.327287213206398e-05,6.285613611266148e-05,0.3514184296304596,-0.3413796902825964,3.0180381268368333,67.61113887883538
85.04999999999731,-2.7007250703668424,-0.12576543955440234,0.91339092846075,-1.9385480131957027,-1.9473038883111158,1.4205048428458031,-2.6790150543253737,-0.1117486247465882,0.9085800887613038,8.668732750188213e-06,-1.3438734047323998e-06,3.2885744617631187e-05,6.283423497190874e-05,0.35332711859802424,-0.3270005575685077,2.2746556108515623,63.83531618833559
85.09999999999731,-2.6906871463466175,-0.111845119641327,0.8978101291092518,-1.935774619294858,-1.9299653004317712,1.4038650318815176,-2.668117288971136,-0.09943719473721518,0.8866855142882981,8.738875063048201e-06,-1.130844183333828e-06,3.2498766469144046e-05,6.281287536324731e-05,0.35118397315051103,-0.3327962192857213,2.027855659727095,65.68187874628566
85.1499999999973,-2.680426531740341,-0.09807995607136269,0.8823693279659496,-1.9327352141349639,-1.9127344474677241,1.3885333426829618,-2.658856745391441,-0.08766572435543538,0.8795902525617647,8.816191834686575e-06,-9.262341737188497e-07,3.2102358797477255e-05,6.2792136127194e-05,0.3499407232435909,-0.3066337839711415,4.815533928111646,58.16773124417256
85.1999999999973,-2.669939578748456,-0.08446232123345102,0.8670613643505379,-1.9294831659570082,-1.8958394620563186,1.3727388473217497,-2.64708185813276,-0.07450247475867271,0.8596605327449209,8.889825216646273e-06,-7.312348417345899e-07,3.171011622725404e-05,6.277337128046457e-05,0.3441060902203066,-0.3158899072242654,1.406965733108812,63.20270557424682
85.2499999999973,-2.659223760690583,-0.07098511047667992,0.8519806804661917,-1.9259295447263791,-1.8788205256226707,1.3571610233369231,-2.6373225012529304,-0.06341667882766988,0.8463115605054736,8.970338938345007e-06,-5.440400556789597e-07,3.130941174550813e-05,6.275476038007081e-05,0.34772318526454976,-0.3115564796965456,3.7192921308691664,56.028663517051825
85.2999999999973,-2.6483411671151877,-0.057704611050456225,0.8370730472734719,-1.922085949047713,-1.8617241478822464,1.3421467443073496,-2.6274223615504253,-0.05110142139386556,0.8390715865063494,9.052482988627932e-06,-3.653396138947743e-07,3.090711828161686e-05,6.273530001739019e-05,0.3504654778884087,-0.3002855805914839,4.742728055114966,51.2785889725169
85.3499999999973,-2.637218586549115,-0.044562373949231696,0.8223291973235652,-1.9180419641058493,-1.8449030932479293,1.3275767233771276,-2.6160499538853617,-0.03980095911161463,0.8189341837583735,9.130733997957384e-06,-1.9497710578198693e-07,3.05104118748669e-05,6.271684668680374e-05,0.34600981954928145,-0.2914004186044565,1.894205018435163,50.08761871335373
85.39999999999729,-2.625932952401751,-0.0316200194304305,0.8077550603732728,-1.9137315338096814,-1.8280499848119398,1.3132222005037093,-2.6048931999193647,-0.027347810360733398,0.8091542475081708,9.215512549258103e-06,-3.2666159419577854e-08,3.010667944852028e-05,6.26982849576053e-05,0.34791508700900176,-0.2870904574683718,2.826274413138186,49.52296737348241
85.44999999999729,-2.614425755619706,-0.0188243955445729,0.7933332572632216,-1.9091428706428577,-1.8111495746013873,1.298129440198581,-2.593848590361896,-0.015181704290070522,0.7963684363206944,9.299539556500751e-06,1.2215644186098714e-07,2.970526674610715e-05,6.267923124877358e-05,0.35024877820960076,-0.30185520610257477,2.4499102366387207,47.11886771141733
85.49999999999729,-2.6027357853209407,-0.006203439531494545,0.7790810842949194,-1.9043031327098552,-1.7943257851488887,1.2832453216990878,-2.5824369462601413,-0.0032947290745655006,0.7766762636067717,9.384264148544164e-06,2.694669140018851e-07,2.93047272346759e-05,6.266004802716742e-05,0.3501248992029722,-0.29768236998987485,2.162312784942849,44.23163819693258
85.54999999999728,-2.5908510915818104,0.00625329511741963,0.7649875895053865,-1.8992872080472216,-1.7777971518898374,1.2690750465328993,-2.5710600084038515,0.008352683788036422,0.7610795414742189,9.473545641025154e-06,4.0866692955348563e-07,2.8900642150281975e-05,6.264199649617156e-05,0.3454621311106687,-0.2834055033237914,1.5237824441021064,41.41835060291923
85.59999999999728,-2.578786974128688,0.018536988474829773,0.7510589286877403,-1.8939276724851972,-1.7609888440921977,1.2551764543131059,-2.5588658525904324,0.018680989580178452,0.7478031808170096,9.566242086292788e-06,5.403205854341021e-07,2.849387715627858e-05,6.262250592696619e-05,0.3528449193508551,-0.27797184439588135,1.6541115233599126,41.554197168643014
85.64999999999728,-2.566567985940783,0.03064207521243803,0.7372851182240319,-1.8883366604509346,-1.7442336140379435,1.2422775287502485,-2.547722307725225,0.029212218478864346,0.7391421613472553,9.659156515388415e-06,6.645189623592914e-07,2.808890576561403e-05,6.260229540843203e-05,0.35327127008804354,-0.25797851125716853,3.7672400062756046,37.63945161060989
85.69999999999727,-2.5541424693607526,0.042595016614634065,0.7236832621295334,-1.882588107042289,-1.7277627886330356,1.2277223045265426,-2.5363334971429516,0.03969723185598447,0.7263053131078108,9.749267260356606e-06,7.819881417864756e-07,2.7689738348297953e-05,6.258313587116441e-05,0.3489064795877517,-0.2911044844741282,2.591325528333571,33.87656086888154
85.74999999999727,-2.5415770293166244,0.0543584390491233,0.7102264973396558,-1.8766017112633704,-1.7113762288752778,1.2133497162597564,-2.524802876213111,0.05038837230082142,0.7200177495037168,9.839659057737118e-06,8.92629861364486e-07,2.7292765633885276e-05,6.256464038043281e-05,0.3489191966304038,-0.2874517653357346,2.156890305352543,32.51905164075094
85.79999999999727,-2.5288602237690947,0.06594480930590785,0.6969262765974874,-1.8704428276209144,-1.69522038051313,1.199822942181446,-2.511726270265768,0.06104206524349613,0.7054308876686188,9.925158500905005e-06,9.979308223711055e-07,2.6904188543678447e-05,6.254756008345005e-05,0.34580216441866835,-0.2705354815662302,0.7752631758619748,33.48324342676198
85.84999999999727,-2.515966201168875,0.07737250818719682,0.683787557065487,-1.8639799486896076,-1.6789492929419279,1.185588886625295,-2.4995021815893437,0.07143665779079657,0.6819072801912416,1.0013401848065586e-05,1.0965037174169798e-06,2.6515106300433695e-05,6.253004678344787e-05,0.35015554836453855,-0.2846811111230335,4.166874661635883,29.361404622174998
85.89999999999726,-2.502920212091431,0.0886182695470353,0.6708249454577887,-1.8572935149233136,-1.6628010812521734,1.1708566391784432,-2.4872514952375733,0.0805535335293108,0.661322908554574,1.0109427432898486e-05,1.1863399667611602e-06,2.6119801214274456e-05,6.25122767079843e-05,0.34955895772611684,-0.2946449489370478,3.5138137456253835,28.816685391775387
85.94999999999726,-2.4897031020784697,0.09970645481494239,0.6580358450733365,-1.850285124593648,-1.6464918629521401,1.159013279798998,-2.4743428651628534,0.09061247371098594,0.6521982975957266,1.0210188409633077e-05,1.2679182605751455e-06,2.5721564590890194e-05,6.24927471518395e-05,0.3550277847275787,-0.23686718758892122,3.794666734523541,28.024224139528062
85.99999999999726,-2.4763509539804054,0.11060531144517922,0.6453896289277977,-1.8433092571692709,-1.6307740901727155,1.1471732572056181,-2.4602784350867863,0.10000366750972717,0.6384498053161076,1.0306492875195903e-05,1.344536935750083e-06,2.5331558945840142e-05,6.247572288586356e-05,0.3439270632224948,-0.23680045186761722,2.3199901921698913,31.80000737219091
86.04999999999725,-2.4628618813502956,0.12132456357297908,0.6328745268532489,-1.836044515379252,-1.614926124282882,1.134781085171939,-2.4466630092986787,0.11036620690307923,0.624670800134179,1.040384902198481e-05,1.4147767787420344e-06,2.494328439732091e-05,6.245873837635678e-05,0.3486765754388673,-0.24784344067360023,1.7196962548303112,32.76314868509057
86.09999999999725,-2.4492258222346246,0.13187772656154334,0.6205038567971541,-1.8285133519051526,-1.5990305793244575,1.1218889648359243,-2.433544328264918,0.12096456750713233,0.6176005809104796,1.0501915919743798e-05,1.4789456484318177e-06,2.4557648946190004e-05,6.244101703060857e-05,0.35179031141622635,-0.2578424067203067,2.3708691275659333,30.49295180826126
86.14999999999725,-2.4354572171105473,0.1422570715685692,0.6082871964217497,-1.8207987848857483,-1.5832563036417269,1.1099889772704508,-2.4197580975525494,0.131171014768799,0.6046639740802431,1.0595371130611395e-05,1.539621446326655e-06,2.418083315016616e-05,6.242331574919247e-05,0.3511956470835973,-0.237999751309476,0.7923598157291536,30.750450917873234
86.19999999999725,-2.4215557393603975,0.15246555818730573,0.5962226073108795,-1.8128131524845479,-1.5674181561153786,1.0975958860975847,-2.4056445938034803,0.1405950413362911,0.5865139114372036,1.0689301291416667e-05,1.5946789073074107e-06,2.3806909971257277e-05,6.24047692406644e-05,0.35475133192087943,-0.2478618234573298,2.237283097985191,33.19658018342689
86.24999999999724,-2.407505610132867,0.16251612589336945,0.5843111625845662,-1.804659427173541,-1.5517269778588128,1.0855288873671673,-2.3911479012315593,0.14981886855760448,0.5726865386234712,1.0786129237343042e-05,1.6425652665696933e-06,2.3433013768071035e-05,6.238619769200694e-05,0.3536665694846255,-0.2413399746083658,0.460181080976231,36.18124944219871
86.29999999999724,-2.393366878934342,0.17236936384837143,0.5725733875277439,-1.7965400011892423,-1.5365160921821828,1.075437426951245,-2.3775113519230513,0.15867865560514274,0.5680556438662157,1.0881437839036785e-05,1.6855558092114716e-06,2.3064378178407465e-05,6.237035939248412e-05,0.3448470063015525,-0.2018292083184552,2.2200378098227884,34.6361449296662
86.34999999999724,-2.3790893200270173,0.18206715678389948,0.5609768487172482,-1.7881588102930916,-1.5212271433249205,1.0632560312234238,-2.3626940470414928,0.16843509772423376,0.554591691158774,1.0972178385225561e-05,1.7260424771652499e-06,2.2704413606214014e-05,6.235491138139828e-05,0.34871195970443597,-0.24362791455644098,2.102316281569619,36.509455994786194
86.39999999999723,-2.364690911540529,0.19160228807689667,0.549567636285493,-1.7796383541548404,-1.5061226058544572,1.0511298540996084,-2.3491249064968613,0.1774605067183158,0.5477689735913933,1.1062929999040043e-05,1.7616066638571765e-06,2.2348181662786116e-05,6.234027182099459e-05,0.3468422755453308,-0.24252354247633148,1.9181136603622442,34.42002546453461
86.44999999999723,-2.350177933734636,0.20096191782955378,0.5383436195733248,-1.7709546659602156,-1.4911405756538727,1.0398835982441534,-2.3348562916040527,0.18627990646845427,0.5373003816579387,1.1149479190761965e-05,1.7949978524175894e-06,2.2000405200064778e-05,6.232618878799304e-05,0.3463355772511609,-0.22492511710910457,1.677034333290663,34.60969707628926
86.49999999999723,-2.3355511282182713,0.21015593776290253,0.5272667952705934,-1.7620385224200505,-1.476143262628324,1.0289541783304257,-2.320301838722726,0.1957586754550938,0.5275795756500239,1.1234830867646602e-05,1.824562069679662e-06,2.165767134891064e-05,6.231159407341574e-05,0.34895274402546267,-0.2185883982745634,2.553686067563965,34.10034396132161
86.54999999999723,-2.3208266446802974,0.21918416519684875,0.5163592139488326,-1.7529571859151185,-1.461229106924541,1.0187521364386436,-2.307701174938802,0.20392789625349533,0.5301149900132573,1.1318286524139475e-05,1.8510939123053432e-06,2.132093791008716e-05,6.229673415663913e-05,0.3492307876756014,-0.20404083783565402,6.309660426345273,33.36103102379911
86.59999999999722,-2.306012837993802,0.22804682214507857,0.5055968219575826,-1.743579002584962,-1.446202746911436,1.0069145646995175,-2.292700384998965,0.21280862280698948,0.5221715310590698,1.1393814694436991e-05,1.8789079717701e-06,2.099704011120534e-05,6.228040636672817e-05,0.3542572407241401,-0.23675143478253308,0.32521134446622924,35.525121468017744
86.64999999999722,-2.291083179004743,0.23675340179436577,0.49498578144254185,-1.7341619432103483,-1.4314732754347803,0.9969962225671507,-2.27756884982055,0.2217937171173036,0.5113087026765784,1.1466448983134723e-05,1.904912501604453e-06,2.0680161840873777e-05,6.2264927500249e-05,0.349651736914693,-0.19836684264734764,0.5947910590395503,35.62831178199338
86.69999999999722,-2.276053836605326,0.24530237694991305,0.48453204386788096,-1.7247320173775613,-1.4170510307118709,0.9864482234627356,-2.2645423159847815,0.22871563111245238,0.498521791772105,1.1538830206007846e-05,1.9274474251104886e-06,2.036722763526805e-05,6.225146144412095e-05,0.3446316277233295,-0.21095998208831682,2.4239301653947454,32.3036463481194
86.74999999999721,-2.260921874689046,0.2536894129349592,0.4742273740224756,-1.7149517844604194,-1.4024285016168991,0.9761235072943286,-2.2487460479202417,0.23663144009812653,0.48861401191351517,1.1612760135950381e-05,1.9449456048466997e-06,2.005622832934693e-05,6.22366969537476e-05,0.3518374978266438,-0.20649432336814885,1.608174952655255,35.23316464329161
86.79999999999721,-2.245733694418515,0.261901481231963,0.464072170686619,-1.7050284534607887,-1.3879091791054285,0.9663957326897084,-2.2327071684859643,0.24506244306731492,0.4767011899197864,1.1685753536917696e-05,1.9594878081288967e-06,1.974991990744014e-05,6.222146177186184e-05,0.3517303872442774,-0.1945554920924157,0.8943196027454503,36.36602667503368
86.84999999999721,-2.230435767814224,0.26996827223950404,0.454064192377991,-1.6948623437475505,-1.373333849376458,0.9571215112560125,-2.216986946489235,0.25365906497065843,0.4644736160008254,1.1759321098518312e-05,1.970058474355914e-06,1.9446754792379656e-05,6.22050500439759e-05,0.35541090972321404,-0.18548442867392081,1.923070563041633,35.72612095508658
86.8999999999972,-2.2150508774379376,0.277878214912811,0.44421332596470037,-1.6846811998530713,-1.3590379262653423,0.9467753510065187,-2.1998352490347015,0.2625291936666696,0.4525543253031179,1.1833366491270144e-05,1.976729815417733e-06,1.9146573963978294e-05,6.218954161898262e-05,0.35101672684431356,-0.20692320498988442,2.3913483908978335,38.25219583711802
86.9499999999972,-2.1995860356275214,0.2856291537347178,0.4345116632936196,-1.674488040717661,-1.3450179641417777,0.9375211818977718,-2.1851928548438297,0.26950392271076745,0.443095080644353,1.190702918905243e-05,1.9803383285774533e-06,1.8850242241070723e-05,6.217601016769103e-05,0.3466767805250279,-0.18508338217495543,2.264516985176262,37.62575657854486
86.9999999999972,-2.184050977977882,0.29322480320922817,0.42495000396764404,-1.664010871524524,-1.3308776412623662,0.9287130723030694,-2.169169136113407,0.27717311178859994,0.4332400487335226,1.197975063855016e-05,1.981137538969751e-06,1.8558586856970037e-05,6.216184221216117e-05,0.35197829924817664,-0.1761621918940554,2.680446434738842,38.9253564617774
87.0499999999972,-2.168434638340835,0.30066865025101713,0.41554053391398094,-1.6533775705459632,-1.316815164846495,0.9180322441541344,-2.1521537900801615,0.2853714694509031,0.4274240830679954,1.2052113982485115e-05,1.9788966495363673e-06,1.827089514193247e-05,6.214723594535016e-05,0.3526036230852516,-0.21361656297870885,2.1429075010400584,43.09405851824878
87.0999999999972,-2.152755266228726,0.3079549498052753,0.4062735114161798,-1.6426192797342174,-1.3028962933728447,0.9075313813000543,-2.1366019728024286,0.29317247258232315,0.4188741510553222,1.2121438393041996e-05,1.9764595890210533e-06,1.79900687420208e-05,6.213287588030795e-05,0.35184010463963844,-0.2100172570816144,1.446050409694466,42.126446767603625
87.14999999999719,-2.1369855930787613,0.3150936166560081,0.3971368284295148,-1.6318002339128326,-1.2891804158877285,0.8983161869564373,-2.121099919278582,0.3000775870845796,0.4044605329445483,1.2188950971691307e-05,1.972695308173688e-06,1.771467832420754e-05,6.21195088595045e-05,0.34938758267143466,-0.18430388687234886,2.5844680053067637,39.87001207225439
87.19999999999719,-2.1211544186508067,0.322081400223937,0.3881408353315946,-1.6207813573574739,-1.2754785588352788,0.8886970207512856,-2.105785616070045,0.3061904630128757,0.3917056904065839,1.2258371574855711e-05,1.9635922320741877e-06,1.7440669457117582e-05,6.210588428994565e-05,0.3516583063436608,-0.19238332410304787,0.9888145871977607,39.41462700041441
87.24999999999719,-2.1052500701019756,0.32892513074247554,0.3793051165685995,-1.6096405657494515,-1.2618726639324434,0.880671174265931,-2.089623497629659,0.3140259174683003,0.38375566193714006,1.2327924706854366e-05,1.9507872346164254e-06,1.7169968946666728e-05,6.209215845476815e-05,0.3517040083406458,-0.16051692970711187,2.661507158287778,38.359676304347936
87.29999999999718,-2.0892721469164153,0.33562874571235646,0.37060019448117887,-1.5984221425546143,-1.2484231170370013,0.8705266585760896,-2.074494231405216,0.32021926794774935,0.37352029515603924,1.2396149280265427e-05,1.9364308047716683e-06,1.6904159311243545e-05,6.207894062671874e-05,0.35028329180538864,-0.20289031379684702,2.7667710364988034,36.88860377304718
87.34999999999718,-2.0732427368728543,0.34218541371131156,0.3620382039366282,-1.5870603860918708,-1.2350527086052312,0.8623462977845113,-2.0582945183875103,0.32610077972026874,0.3657867622849502,1.2463327228456104e-05,1.919972659440934e-06,1.6642822358412755e-05,6.206577869387714e-05,0.3509182516376138,-0.16360721583157783,2.6108139608615835,39.11636399439746
87.39999999999718,-2.0571518330024317,0.348600476222627,0.3536196589457625,-1.5755473686289483,-1.221717279853765,0.8548699901514736,-2.042032133525142,0.33231980367345965,0.35878926435412195,1.2528683244526991e-05,1.9025396751133087e-06,1.6386812744859537e-05,6.205223849626383e-05,0.35235475125778926,-0.14952615266075917,1.4508641631923078,40.48692289996673
87.44999999999717,-2.0409828999374575,0.354880908553063,0.34535790971491787,-1.5640619495392807,-1.2086188591731974,0.8469630603612384,-2.026122883640431,0.33832752085122725,0.35163033070154004,1.2592020007155725e-05,1.8846036959044701e-06,1.6136072482067876e-05,6.203987227380902e-05,0.3484164503192392,-0.15813859580471534,1.2690608350106416,40.84458905554767
87.49999999999717,-2.024791014777961,0.3610115835840402,0.3372534644240819,-1.5524003159007969,-1.195525336466519,0.8393886161429962,-2.0102436309042013,0.34401978741080896,0.3412900347020722,1.265366344637391e-05,1.8658555298588399e-06,1.5890526746605703e-05,6.202740903204136e-05,0.3506767775830924,-0.15148888436485422,1.6912222075372465,40.73720625251918
87.54999999999717,-2.0085464388740206,0.36700666055126624,0.3293190429780131,-1.5407142723388516,-1.1825834317817598,0.8333061114912677,-1.9950954023272531,0.3484866358443814,0.33269203760454413,1.2714720650067858e-05,1.8449474264061783e-06,1.564866696369967e-05,6.201548961149769e-05,0.34874486286161965,-0.12165009303457483,3.5795710165547696,41.907688216187594
87.59999999999717,-1.9922361830706705,0.37287130252322975,0.32149767586829214,-1.5288712334279106,-1.1696374888335852,0.826414977882918,-1.978089965535113,0.3541393090957387,0.32816195461461106,1.2775038359490928e-05,1.821937090179374e-06,1.5410858611681008e-05,6.200309230058727e-05,0.35091664408753964,-0.13782267216700342,0.6869983495494846,45.26329884947422
87.64999999999716,-1.9758533715674904,0.3786115276125905,0.31381490667257983,-1.5169987761654717,-1.1568446288908862,0.8189780647446803,-1.9611161116821694,0.36087206438886127,0.32489903200180814,1.2832772025151378e-05,1.7998667855815008e-06,1.5178875756745033e-05,6.199113518139877e-05,0.34906383995866097,-0.1487382627647638,3.6826457441779294,45.94676547528424
87.69999999999716,-1.9594552549179578,0.3842120341584614,0.30627802509614144,-1.505113969325197,-1.1442169961002977,0.8124077993672487,-1.9457649987484917,0.3655124862034013,0.31442985050602523,1.2887406722313701e-05,1.780012390332769e-06,1.495320003715734e-05,6.19801901327518e-05,0.34681800718846967,-0.13140530754863894,1.7766610802841463,44.99821857492485
87.74999999999716,-1.9429974350802308,0.3896895770396023,0.2988832269546048,-1.4929215497882622,-1.131443608622816,0.8049212196029227,-1.929224254897199,0.3712707141872286,0.3094396826842063,1.2942632527437644e-05,1.7564835967141244e-06,1.4730378011202855e-05,6.196759418038592e-05,0.35316623747074594,-0.14973159528652807,2.184551010698463,45.580305664673375
87.79999999999715,-1.9265018275022414,0.39504228446854556,0.29165575060899845,-1.4808282985479557,-1.1189332965390113,0.7997743353797024,-1.9115646462474558,0.3767706324552276,0.29935059531986896,1.2995283463594511e-05,1.734596196271829e-06,1.4512992396394726e-05,6.195594808077787e-05,0.3479973001835897,-0.1029376844644122,2.0623634000492275,47.46225835796842
87.84999999999715,-1.9099572986161735,0.40027178629326726,0.2845529385349037,-1.4686191233555939,-1.106457897605476,0.7925912045149914,-1.8944465874380947,0.38220384573911137,0.2883873731385975,1.3048618962932721e-05,1.709314700910607e-06,1.4297854377674507e-05,6.194438408270336e-05,0.3491136477270651,-0.14366261729423002,1.916184769509554,47.715902080793626
87.89999999999715,-1.8933697815877923,0.4053798295260057,0.2775477024231954,-1.4562252889072789,-1.094002360921394,0.7831712124581669,-1.8787918890990702,0.38706577432669115,0.28400630856196996,1.3102872836531395e-05,1.6800709023207654e-06,1.4084860375982584e-05,6.193211558077461e-05,0.35142555941331405,-0.18839984113650227,1.5118497592311484,46.76976018262956
87.94999999999715,-1.8767529756577364,0.4103665767685928,0.2707264632786974,-1.443668467387867,-1.0815962474194996,0.7755507179250856,-1.8624710463030236,0.3915977477050548,0.28096098872224307,1.3154688605654546e-05,1.6524790723048723e-06,1.3877581927432109e-05,6.191906444516412e-05,0.353036500526915,-0.15240989066163504,2.166129705496635,48.90840107513113
87.99999999999714,-1.860083668436643,0.4152398186607775,0.26404671429781135,-1.4313084301928964,-1.0695777945299254,0.7672240248702371,-1.845476616806586,0.39730701355219433,0.2752659581051424,1.3203869247585251e-05,1.6269648723013573e-06,1.367528614929203e-05,6.190848167089003e-05,0.344798750910054,-0.16653386109697502,2.957640792097786,47.932609249686365
88.04999999999714,-1.8433971965417755,0.4199928701884007,0.2575018409524892,-1.4186070941983397,-1.0574153561673056,0.7602310727675654,-1.829806918596535,0.4010657602296858,0.2644560619537115,1.3251839617226448e-05,1.6016436754505103e-06,1.347766474207671e-05,6.189679769503743e-05,0.3517101665854091,-0.13985904205344304,2.823519664201571,47.12627563796817
88.09999999999714,-1.8266669191504068,0.4246346627220484,0.2510643306431054,-1.4057624834519165,-1.045296362457257,0.7524476223721441,-1.8142983125649847,0.4054874839036084,0.2533288446577884,1.330046040779154e-05,1.5725026574117135e-06,1.3282281780727613e-05,6.188409064015309e-05,0.3531886794187015,-0.15566900790843674,3.1139076048926038,44.24501445701927
88.14999999999714,-1.809903933673563,0.4291641984667772,0.24477081914151272,-1.3930654148794883,-1.0334794681324404,0.7465695055951072,-1.7975692059079433,0.4106711525744197,0.24537362965528242,1.3349146335508078e-05,1.5408804981557996e-06,1.308908062851761e-05,6.187307532938163e-05,0.34690368005273153,-0.11756233554074716,3.5535031904692302,42.23844530744208
88.19999999999713,-1.7931134095286538,0.43358514225671396,0.23858974073966552,-1.3801540405990804,-1.0216048230882933,0.7406211993216996,-1.780825689801945,0.41551398923650246,0.24087287377936573,1.3397445439327234e-05,1.5079121217159167e-06,1.2899419562834099e-05,6.186156251554079e-05,0.35083425604068313,-0.1189661254681582,3.7661678277353032,41.311856009864854
88.24999999999713,-1.776280401520074,0.43790194145317846,0.23254338233160468,-1.3671949194325204,-1.0098090352863802,0.7362561302402013,-1.7640159092662195,0.42034919525365716,0.2390176234083361,1.3443834965590255e-05,1.476652053417004e-06,1.2714461231467296e-05,6.184997114972719e-05,0.3504739184957372,-0.08730138162996912,2.667377420309448,40.837676232164846
88.29999999999713,-1.7594239368399918,0.44211077859194836,0.22663596361981084,-1.353952615570735,-0.9978767426427494,0.7305599245159344,-1.7478482556730532,0.4246810084306467,0.24093848973154097,1.3488304964419332e-05,1.4474081779727028e-06,1.25348050288304e-05,6.183636954511189e-05,0.3565047424278307,-0.11392411448533979,2.9906693797410977,42.46669483203054
88.34999999999712,-1.7425453300560818,0.44621590409685064,0.22083510174823925,-1.3409562007819391,-0.9863054756335567,0.7243481840177934,-1.731395322954588,0.42833127163531826,0.23264091449134794,1.3529319988829049e-05,1.4234051133882359e-06,1.2360491040719996e-05,6.182490715801868e-05,0.34802413204373295,-0.12423480996282665,1.0177127654062517,42.094465347729255
88.39999999999712,-1.7256236578634905,0.4502233768139421,0.2151379496067082,-1.327822352715203,-0.9747368150597314,0.7198943605244712,-1.715227734620551,0.43159178654799235,0.225496139484048,1.3570228569676768e-05,1.397674955538044e-06,1.218891972272642e-05,6.181383512460377e-05,0.35004707048823014,-0.08907646986644664,1.069758526800845,42.75708618059168
88.44999999999712,-1.7086914916299978,0.4541260234385273,0.20960463799742557,-1.3144858743911108,-0.9631050513262426,0.7145629226355066,-1.6969060881932685,0.4361750009756717,0.21872816422938612,1.3611077821949723e-05,1.3700762614663916e-06,1.202026583472488e-05,6.18016170449773e-05,0.353926728811739,-0.1066287577792937,1.3815169392637414,43.149083670920284
88.49999999999712,-1.6917118611151103,0.4579371459115209,0.20419614553493484,-1.3010930023607117,-0.951545908865133,0.7095166719603241,-1.6816952940594216,0.439323092867229,0.2059553893016539,1.3651572659792814e-05,1.3416480552989598e-06,1.1854417399138658e-05,6.178898110759013e-05,0.35382677107652505,-0.10092501350365632,5.200785859562361,40.38665828937104
88.54999999999711,-1.6747500412161649,0.4616445092042212,0.19890943797380883,-1.287818907268551,-0.9402024326604804,0.7047511828417949,-1.6654107075117355,0.4425816268859433,0.19953318293192268,1.3693249955386458e-05,1.30834863438494e-06,1.1689260577320893e-05,6.17779365176961e-05,0.3492143352710422,-0.09530978237058937,1.6178852390327685,40.94997863823342
88.59999999999711,-1.65773811284053,0.46526142194023007,0.19377613133182764,-1.2744267175472146,-0.9288719534878935,0.699643124271955,-1.647985410255474,0.44588570310890235,0.19661205148823901,1.3734414331694812e-05,1.274304803597936e-06,1.152722364532804e-05,6.176711166257149e-05,0.3508453636170831,-0.10216117139680687,2.1617056214722288,43.43419358240831
88.6499999999971,-1.6407014465718734,0.46878829881639456,0.18875780905944736,-1.2611261095479689,-0.9177344600141976,0.6945853299611819,-1.6310393763808428,0.4487551211472372,0.18767091356774523,1.3774060162953824e-05,1.2423122541137296e-06,1.1368616216549821e-05,6.175774379466334e-05,0.3469585425287581,-0.10115588621546066,1.4744801899867372,45.635638206876536
88.6999999999971,-1.6236714352477601,0.4722224592270338,0.18384450821296944,-1.2476324477877871,-0.9065418824966064,0.6903216628179791,-1.6140897245753563,0.4520646984701107,0.1774418285840973,1.381382444663538e-05,1.207947881447733e-06,1.1212588544219088e-05,6.174774746920878e-05,0.35062981321959064,-0.08527334286406288,2.373530423157627,46.56372504039642
88.7499999999971,-1.6065838934201497,0.4755726620152278,0.17907520340386282,-1.2342132253690123,-0.8955093263309063,0.6858769653761327,-1.5965770582482495,0.4549663493447123,0.17480076360650942,1.3854134317651592e-05,1.1704458376437023e-06,1.1057947520296535e-05,6.17385065406851e-05,0.3474439941684186,-0.08889394883693015,0.9697429203569534,49.255808476228886
88.7999999999971,-1.5895019618957185,0.4788325190877537,0.17443547041548274,-1.2206984551328952,-0.8845040564991016,0.6809398282482548,-1.5807591865020756,0.45777206169616297,0.17156890747719133,1.389303730788705e-05,1.1349097384001654e-06,1.0907108321035544e-05,6.172915606103189e-05,0.34857744943553043,-0.09874274255756248,1.44459596948806,49.34477994905435
88.8499999999971,-1.5723854185861246,0.4820114426751899,0.16992908133801068,-1.2071052188532894,-0.8735484592497311,0.6757885815731188,-1.5643399178208044,0.4614691040586108,0.17084443062509624,1.3930656519142644e-05,1.10086474111558e-06,1.0759876290074623e-05,6.171952640986438e-05,0.3491715095163742,-0.10302493350272847,3.4851105314276616,46.89199115592136
88.89999999999709,-1.555266575227506,0.4851058153736207,0.16554476046830702,-1.1935194450736601,-0.862707078325066,0.6712459122366434,-1.5483609504698295,0.4643870525456153,0.16800211399187326,1.3966487170684317e-05,1.070363561748793e-06,1.0616470948835801e-05,6.171026379100243e-05,0.34762583854946016,-0.09085338672950874,2.673325231742298,46.72299801346021
88.94999999999709,-1.5381166982128573,0.48812532626386596,0.1612652447874925,-1.1796623963848591,-0.8517507922590143,0.666800110492729,-1.529721615548747,0.4677737585784363,0.16268725778202464,1.400128540913602e-05,1.0411839364752372e-06,1.0476980585286062e-05,6.169901846393706e-05,0.35330356166617294,-0.08891603487829507,1.3693486542036757,47.6495872167533
88.99999999999709,-1.5209424156729479,0.49107065755176,0.15708673245582347,-1.1658860248673784,-0.8409583399713221,0.6622771695511576,-1.5129972592417593,0.4710393346396684,0.15906553883430252,1.4035695677352095e-05,1.0117777039662506e-06,1.033946545683678e-05,6.168796539224343e-05,0.35000912026757885,-0.09045881883143433,2.3758851445718223,46.24163783697728
89.04999999999708,-1.5037971750020094,0.4939346662878619,0.153001432473798,-1.1520320592882891,-0.8301983165069224,0.6584337298890182,-1.4977887227845004,0.4736000129525076,0.15210422161518222,1.4069199487991268e-05,9.833648977634359e-07,1.0204987738656919e-05,6.167690686927784e-05,0.35083377603283755,-0.0768687932427903,2.5360564618382546,45.13309380854252
89.09999999999708,-1.4866133513693744,0.496728613553993,0.14903401898748575,-1.1381153846203855,-0.8194763029243461,0.6544806169778825,-1.4813362195540731,0.47605059690178747,0.14009026139799952,1.4102668521028613e-05,9.532163309404931e-07,1.0072651640784082e-05,6.1665738668141e-05,0.35136067566001006,-0.07906225822271574,4.066613216847913,46.742424224101974
89.14999999999708,-1.4694082229358516,0.4994481202003892,0.14522455978517856,-1.12430762355054,-0.808922050091205,0.6507900161447289,-1.4640256418409696,0.47881869849189995,0.14261819797625552,1.4137049461885534e-05,9.181063150971616e-07,9.940836613135964e-06,6.165589695340918e-05,0.3475899086362112,-0.07381201666307761,3.0478087054391407,46.5949704118027
89.19999999999708,-1.4521786237162524,0.502099952132601,0.14153774100343594,-1.1103878560600495,-0.7983637219728706,0.6470647108822805,-1.4480313782529886,0.4813730315054306,0.13832713692285514,1.4169464951686413e-05,8.883481646181571e-07,9.813181968900391e-06,6.164600383438451e-05,0.34942156353003856,-0.07450610524897143,1.435824845601341,46.35367882167098
89.24999999999707,-1.4349572959263954,0.5046822185760875,0.1379616144816476,-1.0963237743624352,-0.7877729209007802,0.6438216699898769,-1.4303522038402403,0.48452936080258835,0.1396755942914023,1.4201268319730218e-05,8.588793947689475e-07,9.688414323552004e-06,6.16351075020822e-05,0.3521157383652252,-0.06486081784807073,4.111602375945523,45.20871984300249
89.29999999999707,-1.4177133325180753,0.5071999457583888,0.13451463997338675,-1.082398488414042,-0.7773496027379013,0.6412814070666397,-1.413377508922196,0.48750931535270625,0.1411544492936363,1.4231507447089326e-05,8.339517219363516e-07,9.566442652199591e-06,6.16253103541751e-05,0.34788464350629444,-0.050805258464745755,1.2410137353684267,44.6963396716992
89.34999999999707,-1.4004768600232218,0.5096538599582646,0.13117652451033304,-1.068383652815944,-0.7669104574455297,0.6391303962618431,-1.397571944511278,0.49019143119103237,0.14246954754672636,1.4260178502014362e-05,8.130349212488839e-07,9.447969029719503e-06,6.161544008403536e-05,0.349509078009118,-0.043020216095935176,1.4710719824133163,44.99596730032257
89.39999999999706,-1.3832304810947256,0.5120458964610962,0.12795362364348653,-1.0542288930036017,-0.7564354630314832,0.6350533689636553,-1.3796567481646738,0.49220628441937014,0.1348447594738813,1.4287737464215732e-05,7.948232573789551e-07,9.332761414270436e-06,6.160458905693421e-05,0.3521835673849602,-0.08154054596376173,0.8913590876620419,45.84563205081948
89.44999999999706,-1.3659564354606046,0.514380807552697,0.12484255677054612,-1.0401265962570505,-0.7460787466480822,0.6318299254424344,-1.3629708356204102,0.49439411666758837,0.13331110291567283,1.4315681455784557e-05,7.738548102123303e-07,9.218395678672846e-06,6.15940059400702e-05,0.34993520134574485,-0.06446887042442383,0.7184717237601104,47.186707062599204
89.49999999999706,-1.3486957495977447,0.5166557802187188,0.12183677215829668,-1.0259550041202767,-0.7357386127923822,0.628853357858719,-1.345654768778356,0.49631513441867153,0.13007477131226564,1.4342902113541836e-05,7.543130698490648e-07,9.106518693454032e-06,6.158332837302781e-05,0.3508575888121474,-0.05953135167430719,2.5662525646831487,49.29525115045113
89.54999999999706,-1.3313831414116384,0.5188804057818925,0.11894371080564073,-1.0116510317370218,-0.7253634265042497,0.6262034476642651,-1.327980205674309,0.4988814182924438,0.12449820209936036,1.4369734863417374e-05,7.348277143384427e-07,8.99698209043541e-06,6.157164780995596e-05,0.353410978421593,-0.052998203889078575,1.6243792061301021,47.62120293707568
89.59999999999705,-1.314101375523059,0.5210448553299707,0.11616724058950276,-0.9974260862236792,-0.7150931035686129,0.624466405128774,-1.3102898707233581,0.5009064499489008,0.1143388850741518,1.4396681510136023e-05,7.140981737960161e-07,8.88853732089925e-06,6.156056539940931e-05,0.35090094640011027,-0.03474085070982589,3.040473856803299,47.746738077672774
89.64999999999705,-1.2967572780701269,0.5231570132507097,0.11357508902187645,-0.9831496284970076,-0.704842244758742,0.620976326544656,-1.291973879773821,0.5035016419339106,0.11548249347857809,1.4424654320410612e-05,6.878814320360066e-07,8.780698077618466e-06,6.154957660806277e-05,0.3515096955186776,-0.06980157168236263,1.2051995054853188,47.31922670743505
89.69999999999705,-1.2794192758106762,0.5252248308838131,0.11107509669210633,-0.96880608507215,-0.694609877856747,0.6183198899829723,-1.2750108536933624,0.5056586149183462,0.11737519375982197,1.4451519863629918e-05,6.654601705219299e-07,8.675639600880813e-06,6.15384068637395e-05,0.3523854440539588,-0.05312873123367762,1.7115008136290273,48.25335608906237
89.74999999999704,-1.2620198090109371,0.5272554218647254,0.10864023535859423,-0.9545837841331682,-0.684518081889618,0.6159272921275494,-1.2583874966523487,0.5067010231777217,0.10549534315798947,1.4477188972522096e-05,6.46922555852728e-07,8.572652420435993e-06,6.152873867221116e-05,0.3487797786104298,-0.04785195710845787,2.2220772581190706,51.16126010222047
89.79999999999704,-1.2446258136043262,0.5292382548399137,0.10631010462899891,-0.940319115995177,-0.6744478739878924,0.6134950315113699,-1.2401553200481552,0.5090432380821085,0.10417620242514491,1.4503906994848704e-05,6.219408945182876e-07,8.470060734051467e-06,6.151950388578855e-05,0.3492219893300165,-0.0486452123235955,1.659746524336298,50.67028380531539
89.84999999999704,-1.227231157843606,0.5311773314235558,0.10408303688346125,-0.925888131380249,-0.6642955638220425,0.6126575916916255,-1.2227134607797598,0.5115025916195143,0.10827918624712085,1.4529948942011306e-05,5.990402100856715e-07,8.370178102490915e-06,6.150897111230096e-05,0.35288680159755537,-0.016748796394890655,1.3469709662224059,49.81747396809693
89.89999999999704,-1.209837400507591,0.5330718184172956,0.10196222870089487,-0.9114251654596106,-0.6541373878446366,0.611955577095026,-1.20535880858,0.5135629963516076,0.10532425884655305,1.4554610986747058e-05,5.814259878796739e-07,8.273184428506098e-06,6.149771348010027e-05,0.35347754397591846,-0.014040291931995037,1.8592042989248923,49.3083254527724
89.94999999999703,-1.1924361135407746,0.5349274039690891,0.09994029570613576,-0.8970202000461502,-0.6440395537705881,0.6108336573308368,-1.187281587686049,0.5154366150194003,0.09986939164144504,1.45791212427372e-05,5.635156836382861e-07,8.177418652488587e-06,6.148683450665577e-05,0.3518347987399034,-0.022438395283787,1.5341957025384114,49.65978569000335
89.99999999999703,-1.1750523382402769,0.5367410697466825,0.09802133831786206,-0.8826203850213601,-0.633967268256595,0.6099110587355043,-1.170369675183284,0.517403617983605,0.10085522488693144,1.4603732826868599e-05,5.436626986387181e-07,8.082717925303324e-06,6.147629378607102e-05,0.35145732607412006,-0.01845197190664848,3.394210945294689,49.577234608711834
90.04999999999703,-1.1576940046653887,0.5385313887759957,0.10167473711335095,-0.8680558713004602,-0.6236923362610416,0.6188738808151357,-1.1530619641002535,0.5193131118861414,0.11180690302649365,1.4626717593973089e-05,5.298992871608286e-07,7.991744695546133e-06,6.146406622192815e-05,0.35648361209895707,0.17925644159264137,0.752078611440324,52.10967507386234
90.09999999999702,-1.1403485808308538,0.5401143419089108,0.11399916850096097,-0.8538387946820615,-0.6134012769146473,0.6342367257491044,-1.135731344683502,0.5210127730026323,0.1263121817475179,1.4646700239240287e-05,5.277905878632247e-07,7.90387530104039e-06,6.145348335026585e-05,0.35101978776063253,0.3072568986793879,2.416358998910812,53.19921310883694
90.14999999999702,-1.1229316351641707,0.541486439627828,0.13029576066200527,-0.8399032023978884,-0.6029643368193633,0.6514096204964295,-1.1188929935719467,0.5233168772762762,0.14687284156814018,1.4663266839690111e-05,5.372357769327046e-07,7.81982322483276e-06,6.144506997539549e-05,0.3482171165316176,0.34345789494652323,1.5152906075045274,51.329358598411304
90.19999999999702,-1.1058810100195766,0.5429958071264755,0.14956274993110366,-0.8259901770926094,-0.592145911612682,0.6704244081176522,-1.102025011878285,0.5264007537262448,0.1674033097166463,1.4674988847915835e-05,5.613907259020754e-07,7.742310920911049e-06,6.143625624645847e-05,0.35248827272408373,0.3802957524244751,1.6749543175784902,45.21206469715441
90.24999999999702,-1.0889158449658936,0.5448515070778037,0.16944516792047215,-0.812468725199251,-0.5812297340007928,0.6879559836452049,-1.0831145851647337,0.5301748650087281,0.18702636122385075,1.4682082013469962e-05,5.981817839800139e-07,7.669596002312926e-06,6.142966606918758e-05,0.34756313384333265,0.3506315105510693,3.4793804827882244,38.86071669494235
90.29999999999701,-1.071950585835645,0.547075294026562,0.18905966300531357,-0.7988422856964641,-0.5698039244253932,0.7076069058349272,-1.0676022690620623,0.5337447814622747,0.20856016631437013,1.4684166745637704e-05,6.465483665548779e-07,7.6043853567001255e-06,6.142113446498362e-05,0.355662286102032,0.3930184437944648,2.1853509400429467,34.09578221991312
90.34999999999701,-1.0550309186939548,0.5496305113950715,0.2082014129848026,-0.7855300353831662,-0.5582093365554308,0.7254804810567403,-1.0507180979139652,0.5378674020602427,0.22838537579718743,1.4680981619302215e-05,7.058764461031485e-07,7.545282873253533e-06,6.141352639415327e-05,0.3530772001631774,0.35747150443628695,3.6490304029957237,29.30285104990121
90.39999999999701,-1.0381502044232318,0.5524958522663812,0.2270401144777056,-0.7727232189949804,-0.5466478273994665,0.74319763851536,-1.0336759557982813,0.5413352739552532,0.23427606564263215,1.4672730597923039e-05,7.74852925537122e-07,7.491118925856818e-06,6.141026279414229e-05,0.3450743843989283,0.35434314917240994,4.38889433393658,20.544503957652534
90.449999999997,-1.0211673809833894,0.5557301408758499,0.24504574644057264,-0.7599528750969472,-0.5346927520317366,0.7616767916520994,-1.0176714026585645,0.5456261696706954,0.25268320717689585,1.4663980540630875e-05,8.433357900396195e-07,7.439541439005517e-06,6.14071105143146e-05,0.3498652416829797,0.369583062734809,1.7288215389632546,16.993362805899174
90.499999999997,-1.0040275943967891,0.5593725701001329,0.2619344606876035,-0.7473147152159474,-0.5224197759205302,0.7798027176373852,-1.0002563357810437,0.5503490234821835,0.26828110744649303,1.4650681313207684e-05,9.189838582139412e-07,7.394552542394737e-06,6.140366179534439e-05,0.35233933928555705,0.3625185197057306,2.0652250980781557,13.978386986040809
90.549999999997,-0.9869799140256905,0.5633169048042811,0.27885515331095845,-0.7350088897373567,-0.5100026060846,0.8000008999917583,-0.9844815163163076,0.5542889673141649,0.2872778073521225,1.4633469647217521e-05,1.0003924348202376e-06,7.354626939461085e-06,6.140178863954508e-05,0.34964544204989506,0.4039636470874873,4.4187533678313775,14.024022966994899
90.599999999997,-0.969997414407503,0.5675667903210744,0.2958264537732733,-0.7230810836335985,-0.49748286316941914,0.819211010554687,-0.9691133952043645,0.5588613373004057,0.30150259409328806,1.4611278327200544e-05,1.0881201070916077e-06,7.320534111352697e-06,6.14028711723627e-05,0.3458472013737713,0.38420221125860204,1.9219137434499813,11.742292171560273
90.649999999997,-0.9530875251042363,0.5720897883684015,0.3129231800866833,-0.7111672849519952,-0.48450133895339365,0.8373099795353358,-0.9522921758653831,0.5645001129949965,0.32041088879825663,1.4586536063725768e-05,1.1778771125042124e-06,7.292074555795056e-06,6.140324091861041e-05,0.3524015011023527,0.3619793796130012,2.633614540645609,9.693556057635734
90.69999999999699,-0.9362631792628153,0.5768797675485865,0.3301450079263049,-0.6993724450913871,-0.4711727125666027,0.855434906204533,-0.934938204250786,0.570484090496503,0.3340206942349937,1.4557265896118442e-05,1.2725589644380102e-06,7.271019619838605e-06,6.140280576692968e-05,0.35596584149271876,0.3624985333839674,2.0854886687188654,6.586852708870131
90.74999999999699,-0.9194915205322532,0.5819452377308333,0.3474454503875489,-0.6879035011087326,-0.4577047216028729,0.8753475033721445,-0.9183260175240245,0.5765919017264344,0.353431452699422,1.4525212586145248e-05,1.3695283788651082e-06,7.2543547066506324e-06,6.140376925092204e-05,0.35379869795945673,0.39825194335224895,3.0618365931271647,5.23128436326438
90.79999999999698,-0.90283185789276,0.5872940261297799,0.3648848489176145,-0.6767154172265848,-0.4440424459146868,0.893921976208361,-0.9020237716082528,0.5822633625795784,0.36743706588128067,1.4488608015787e-05,1.470627039880204e-06,7.244424208359185e-06,6.140690335421435e-05,0.3531798202144491,0.3714894567243535,0.767180306618481,3.998953953828963
90.84999999999698,-0.8862517598281053,0.5929506817810715,0.38239328247915244,-0.6658559479926931,-0.43025502189520515,0.9133582449695394,-0.8855853006238376,0.5883950013262425,0.3854481511657144,1.4449336833152728e-05,1.5731456067664476e-06,7.2388225669437005e-06,6.14127852322853e-05,0.35101614210322507,0.38872537522358686,1.6681169608213084,3.3826272606970353
90.89999999999698,-0.869778801193114,0.5988859975439975,0.39996948693827483,-0.6552218683205275,-0.4161998912742508,0.9328138294461379,-0.8698189636365334,0.5953254824692792,0.40708847962653927,1.4405864365849825e-05,1.6782593105608411e-06,7.240019593900255e-06,6.142057999314393e-05,0.35249972808051994,0.38911168953200065,2.472075744730749,2.8783931068412874
90.94999999999698,-0.8534095444661789,0.6051060073395662,0.41760152325176214,-0.6448691438717858,-0.40195206463579464,0.952043233737494,-0.8533099443048818,0.6027760229373403,0.4266679542090288,1.4356590406153318e-05,1.7875219344128021e-06,7.2497126264177135e-06,6.143072562620303e-05,0.35224368015869634,0.3845880858271488,1.5749263954686752,2.3454330291774816
90.99999999999697,-0.837151012635308,0.6116089686308155,0.4353046336440277,-0.6348654629722625,-0.3876021268884951,0.9719635905361361,-0.8378530210194023,0.6101930212750157,0.4474938142538054,1.4302354960054511e-05,1.8997108074090686e-06,7.266644849583139e-06,6.14442866201921e-05,0.349859665483371,0.3984071359728705,2.6415303540576547,2.8460334979573725
91.04999999999697,-0.8209998009647567,0.6184018767779011,0.45304552161216344,-0.6251816446610344,-0.37310255797653263,0.9919594646519219,-0.8211672770671157,0.618265990332549,0.47270766696105104,1.4242852386612232e-05,2.014619670974755e-06,7.291621492239773e-06,6.146095019744277e-05,0.3487256603888173,0.39991748231573565,2.876335801943544,6.389865239371725
91.09999999999697,-0.8049791263331917,0.6254715675307077,0.47086134053364664,-0.6157392665424316,-0.35833300392066997,1.0119808743021688,-0.8061015908365674,0.6261138585161882,0.49016690665694274,1.417613448189814e-05,2.1329907833623843e-06,7.32764929557758e-06,6.148019842869145e-05,0.35060433366752075,0.4004281930049575,0.8234386305198274,6.078615394978098
91.14999999999696,-0.7890744515602262,0.6328337704406065,0.48874665859986033,-0.6065107257250557,-0.34323817105798643,1.0321347896989215,-0.7915228918505224,0.6343281436749189,0.5128709875672177,1.4106916455764869e-05,2.250693197554893e-06,7.370191798916328e-06,6.15001108317732e-05,0.35385338217795653,0.4030783079350752,2.283322072569692,9.798981935908063
91.19999999999696,-0.7733307909854389,0.6404631754035695,0.5067058928143684,-0.5977192954405423,-0.3281665553071741,1.053343181986767,-0.7760571006965525,0.6423454247233019,0.5222772998756033,1.403110399361368e-05,2.3708732392100333e-06,7.421780406136022e-06,6.152330724226787e-05,0.34897235390390907,0.42416784575692895,3.2676167584710614,4.7424047545513135
91.24999999999696,-0.7576934873851984,0.6483828925705867,0.5247223060793225,-0.5892718985247306,-0.3129802109705573,1.07299217121445,-0.7599975511176732,0.6508688070788217,0.5344774295832373,1.3957578424283375e-05,2.4869812774682854e-06,7.473188178422309e-06,6.154881218054514e-05,0.3475590798923734,0.3929797845536754,1.7154860054873673,2.765847899031735
91.29999999999696,-0.7422146848373697,0.6565764751318852,0.5427971701549287,-0.5810518191772398,-0.2975023473481081,1.0921881337957444,-0.7437799050230791,0.6602219381873763,0.5517852941911321,1.3884772056391752e-05,2.5997682201832526e-06,7.527227493738429e-06,6.157489255253254e-05,0.35051014145428877,0.3839192516259014,1.3813716294446146,3.32414858370057
91.34999999999695,-0.7269438732209688,0.6650093708937909,0.5611437069389312,-0.5731881320226472,-0.2819605975969503,1.1125772575821378,-0.7293818653805202,0.6690186303774098,0.570911109062727,1.3808465642253165e-05,2.7121548512544015e-06,7.587285395077173e-06,6.160289063492971e-05,0.34836421821848823,0.40778247572789644,1.3615112789644508,4.338659346250452
91.39999999999695,-0.7117794133045224,0.6737628409745127,0.5793536967954128,-0.5655159774449854,-0.26603712462818774,1.1310286565620347,-0.7132992206281611,0.6787596026615159,0.5874661285555001,1.3729711929607838e-05,2.8228089527124633e-06,7.6544208526517e-06,6.163030320184607e-05,0.35351255202305215,0.3690279795979547,1.8680086949265413,4.802180584731211
91.44999999999695,-0.6967859212692699,0.6827906395790747,0.5975934716190486,-0.5582622434238347,-0.2501955418115096,1.1517689973492296,-0.6984375225297895,0.6881262483242171,0.604784089885436,1.3647305040210635e-05,2.93297581274594e-06,7.726986180328824e-06,6.166018617683915e-05,0.34847283149424013,0.41480681574391826,0.9584642356644322,5.208630051804595
91.49999999999694,-0.6819294759267724,0.692102513810904,0.6158899970122237,-0.5512660521462083,-0.2340487612835937,1.172085893123148,-0.683436450155866,0.6981308795769164,0.6183744464076395,1.3563069028770605e-05,3.0408444065475425e-06,7.80549085250253e-06,6.16904331439236e-05,0.35195219328782357,0.4063379154783804,1.721931896075219,5.858205540319636
91.54999999999694,-0.6674965302640372,0.7014686174778924,0.6356203041302904,-0.5445598591842626,-0.2176727949639466,1.1921439865620425,-0.6687280717077799,0.7090204308036606,0.6415375326327246,1.3479218989681907e-05,3.145645700828545e-06,7.88714574145275e-06,6.172042496904082e-05,0.35392417044327323,0.401161868777911,1.4156531233134833,8.890715608076679
91.59999999999694,-0.653339908384774,0.7110026131873723,0.656174714347453,-0.5382676091514209,-0.20136601609406093,1.212921030994094,-0.6541654475580624,0.7200190920649311,0.6592030846943522,1.3388245962053165e-05,3.2509477152046373e-06,7.97863397218996e-06,6.175250383885759e-05,0.3495794261358616,0.4155408886410626,1.3021625323934685,11.86796342142169
91.64999999999694,-0.6393417967680912,0.7208128712756722,0.6771261280159396,-0.532268778062585,-0.18483120416532214,1.232607243161449,-0.6404469175341727,0.7297195060307289,0.6711057585100004,1.3295930671583394e-05,3.353734547226749e-06,8.075692503072521e-06,6.178523462840665e-05,0.35179310507410305,0.393724243347121,3.641081127149251,13.09371213202289
91.69999999999693,-0.625561831181561,0.7308732225672909,0.6983006259694955,-0.5266880078026432,-0.1683978060200736,1.2542268693390461,-0.6268212314483678,0.7413101877411117,0.6957776854382942,1.3203072684942026e-05,3.454176806599259e-06,8.174463206875652e-06,6.18190214239915e-05,0.3471099558218721,0.4323925235519568,0.8691590424349913,16.650646930906976
91.74999999999693,-0.6119816886580363,0.7412250381523567,0.719578715769097,-0.5213577511761203,-0.1515544107699596,1.2743892875190657,-0.6127478334666524,0.7533885410443153,0.7198514546992945,1.3105488759151924e-05,3.5524297820503903e-06,8.284238235042581e-06,6.185207715446929e-05,0.3533395946409226,0.4032483636004099,2.129297976903418,21.150057610592516
91.79999999999693,-0.5986213749954532,0.751868249447437,0.7408850608105655,-0.5164032505042379,-0.13470159992227704,1.295341705892561,-0.600071745807302,0.7653916528851535,0.7461760031028479,1.3001288287488236e-05,3.649497023001121e-06,8.40445815553292e-06,6.188583951397797e-05,0.35132640039309426,0.41904836746992696,0.9193350525939823,26.47035176469239
91.84999999999692,-0.5854960701423496,0.7628021510021995,0.762155865923178,-0.5118878907707305,-0.11803944309963686,1.3169731201843877,-0.5879163549078108,0.7766995224965643,0.765648979927505,1.2888243295986082e-05,3.7457465873111365e-06,8.536261734299e-06,6.192168681050992e-05,0.3452694972710986,0.4326282858365647,1.8325973391849875,29.10960080752886
91.89999999999692,-0.5726118541602465,0.774020408552114,0.7833856155693188,-0.5076995078352876,-0.10120036529779747,1.3370536079487492,-0.5751036535187213,0.7890218983765475,0.7831755691298148,1.277393611908989e-05,3.83854799565815e-06,8.673719346693365e-06,6.19575274986622e-05,0.3470488210893357,0.40160975528725085,3.0698878015044473,33.956349708125124
91.94999999999692,-0.5599882402975449,0.7855113421893615,0.8046289064850691,-0.5038754471897295,-0.08435094173739903,1.358190159897557,-0.5624664689411295,0.8008757229751047,0.8008041725370876,1.2658031056358118e-05,3.928352842162275e-06,8.816008522847746e-06,6.199309194113486e-05,0.34556482944622663,0.4227310389761744,2.0906581959766397,36.11951705614418
91.99999999999692,-0.5476141658556292,0.7972608780086717,0.8258704318685669,-0.500394940631963,-0.06730263162728412,1.3806264194462834,-0.5512597653766985,0.8120271877171722,0.8175583961645767,1.254144722739211e-05,4.014149651521685e-06,8.963267611380334e-06,6.202738805226322e-05,0.34800661154701995,0.4487251909745629,2.9122602333306995,37.3435943011287
92.04999999999691,-0.5354767643050978,0.8092792619312796,0.8471810197996932,-0.4972859459118915,-0.05020366194597638,1.4012489152190986,-0.5398394413875807,0.8242190810505472,0.840668049257483,1.2424765206267259e-05,4.0963384968684976e-06,9.113369723441731e-06,6.205964589702371e-05,0.34759247233691526,0.4124499154563236,2.5123209410592144,38.68120986285475
92.09999999999691,-0.5236014561405425,0.8215400345091008,0.8685562109357732,-0.49450609478728186,-0.0328199463272031,1.4232063497188019,-0.5285190191673884,0.8360795705047303,0.8598329844639778,1.2304610654448926e-05,4.173775217661425e-06,9.272452168853831e-06,6.208966081553202e-05,0.35209861863892106,0.43914868999409323,3.6231072147837597,39.08489652095166
92.14999999999691,-0.5119851715889058,0.834039967564256,0.8899503466280342,-0.49212462579661753,-0.015606530490589274,1.4434325232202454,-0.5174965815894036,0.8484903412477631,0.8761233333741076,1.2181649950394014e-05,4.2478663415149e-06,9.435568171286729e-06,6.211893323640599e-05,0.347553376761561,0.40452347002888334,1.574870977461641,43.01918045562287
92.1999999999969,-0.5006540231169723,0.8467804447969144,0.911351870710693,-0.4901065131144851,0.001599657344958979,1.4646471638689729,-0.506813720432535,0.8622279317807294,0.9030743843126263,1.2058073521924145e-05,4.318089454248232e-06,9.601595044080739e-06,6.214708340642233e-05,0.3464892120233042,0.4242928129745698,0.9533398093550189,45.710209336771825
92.2499999999969,-0.4895814991299582,0.8597901113022435,0.9327998352031482,-0.48844012547090493,0.018981598857008886,1.485791878887663,-0.49610508236803885,0.8759361055232718,0.9262791413555078,1.1929030844063823e-05,4.3826747059654935e-06,9.77815105026914e-06,6.217349536938618e-05,0.349239229827536,0.4228943003738213,0.5990662795516148,48.861328398453466
92.2999999999969,-0.4787933287318963,0.8730390531159322,0.9543015428881032,-0.4871649319226302,0.03624239144662227,1.5083126309948822,-0.487277047199559,0.8892882419636555,0.9452646604336294,1.1794750589090855e-05,4.442338324768077e-06,9.96217194566536e-06,6.219950511497761e-05,0.34616397315958986,0.4504150421444085,5.758362336531707,56.73828913536947
92.3499999999969,-0.4682797159077422,0.8865598889466977,0.9754804554196671,-0.4862817100728735,0.05357800482363818,1.5314712415823166,-0.47743520166690484,0.903052233592923,0.9745590927185317,1.1659881183381438e-05,4.497073901948352e-06,1.0150007461932962e-05,6.222334463516501e-05,0.3471697214024512,0.4631722117487073,2.764288228754397,56.3751938438487
92.3999999999969,-0.4580832895869501,0.9002399196397246,0.9970485046451725,-0.485769563779938,0.07115712261788038,1.5518703128066393,-0.46599326633318056,0.9187935186176566,0.9977916621705276,1.1520776410578251e-05,4.544259642025713e-06,1.0347480050211433e-05,6.224542851088666e-05,0.3517376303964942,0.4079814244864735,3.372107243344597,61.35495294250288
92.44999999999689,-0.44816610252305233,0.9141466315080281,1.01878838578788,-0.48563062233977555,0.08867863905999207,1.573863150915968,-0.4561608566512083,0.9339715879721374,1.0200179927011286,1.1378168182145028e-05,4.585242821175645e-06,1.0551042356087302e-05,6.226627129686525e-05,0.3504484091262483,0.4398567621865933,3.02092757653798,67.61385073093973
92.49999999999689,-0.43856935781573514,0.9282346726980482,1.0405448385854537,-0.4858800265470209,0.10627290562407483,1.5960782267655471,-0.4471840963555058,0.9480036488066362,1.0395383842341763,1.1234399302782521e-05,4.619750590546459e-06,1.0758960501342253e-05,6.228527065644516e-05,0.3519279199427694,0.44430151699161813,1.716263817813098,69.65822450325128
92.54999999999688,-0.4292679521846211,0.9425280962633849,1.062321859715124,-0.48651662956682046,0.12369596401935602,1.6185578545552293,-0.4390146728598373,0.9617531551032993,1.0557309962467993,1.1089001013118761e-05,4.648765004778855e-06,1.0968835906919422e-05,6.23034275915824e-05,0.34870103413776665,0.44959255579366875,3.3403038126449998,73.16711984565157
92.59999999999688,-0.4202691940101942,0.9570511308761114,1.0841835699494253,-0.4875237555915398,0.14103321152924223,1.6390849931415055,-0.43071748898931883,0.9767389323379019,1.0733230162970333,1.0945225794556315e-05,4.673422711245716e-06,1.117743486972971e-05,6.231990350898562e-05,0.34733559814357445,0.4105427717255507,3.271156134163883,80.7409506679775
92.64999999999688,-0.4116045986682958,0.971734440485025,1.1060560491841693,-0.488877322852362,0.15818709860551675,1.6599959819301038,-0.42147846066552197,0.992856633217757,1.0955519560385838,1.0800695615126386e-05,4.692975727288637e-06,1.1386399648301083e-05,6.233489334931143e-05,0.34415041803085533,0.41821977577198494,3.34591341899809,85.02887856602382
92.69999999999688,-0.40327216263856414,0.9866022712609089,1.1279681364340888,-0.4906086632968397,0.1755185719600851,1.680727529170042,-0.41381993994075955,1.0076886191373926,1.115771977750608,1.0656463715873676e-05,4.704875610304267e-06,1.1598056072664883e-05,6.23476226245863e-05,0.34836094758447195,0.4146309447987809,3.8031547974019935,88.37610724413656
92.74999999999687,-0.3952579400433591,1.0016737315973845,1.1498724520028702,-0.49273834873790673,0.1930815661903207,1.702206468549326,-0.40672163596617583,1.0226722223681841,1.1375481267628356,1.051415057995043e-05,4.709562727757084e-06,1.1810945087269026e-05,6.235762237097087e-05,0.3538397150574447,0.429578787585706,4.1379455519623916,91.67268280266917
92.79999999999687,-0.3875663227371236,1.0169069452411241,1.1718492826767648,-0.4952370394946757,0.21046851288863552,1.7248531195993664,-0.39850636789742144,1.0391816612551397,1.1646114572114605,1.0369410443949875e-05,4.7068975961271896e-06,1.2025878598214328e-05,6.236653986030128e-05,0.35131897670912693,0.45293302100084054,2.8265632898394686,91.7820300293704
92.84999999999687,-0.3802120498342576,1.0322994808851933,1.193892105305145,-0.4981393607574032,0.22785137623926646,1.7476164479495102,-0.39050259673563076,1.0552460520628133,1.1841239022433152,1.0222122115043795e-05,4.6943558547657445e-06,1.224497816505379e-05,6.237436423538599e-05,0.35247741415672024,0.45526656700290463,2.6941707229538343,92.80593359945769
92.89999999999687,-0.37320018095808977,1.0478564613856678,1.2159461318449216,-0.5013721664799771,0.24478810168296422,1.77118979381628,-0.3838883895097043,1.0710535616303942,1.2080536609033405,1.0071960008987479e-05,4.6756094730008594e-06,1.2463541872377143e-05,6.238258623268733e-05,0.3448579241843747,0.47146691733542495,1.044213784281256,93.77725042908031
92.94999999999686,-0.36653061526228675,1.063567972356649,1.2380610503321297,-0.5050307602783046,0.26183106462384925,1.793322159864399,-0.37716343722134815,1.086535465445086,1.2271492662215326,9.923128962767604e-06,4.648325487253881e-06,1.268275608951175e-05,6.238986762866317e-05,0.3486317815699562,0.44264732096240117,3.4278494779237336,92.94537616565795
92.99999999999686,-0.3602124968807394,1.0793822855742115,1.2601728845813414,-0.5090432287648041,0.2786902066578357,1.8155757725348707,-0.3710541861992728,1.1031599734251378,1.2491181020842514,9.774883001658975e-06,4.614804572344005e-06,1.2900102923739061e-05,6.239681811480986e-05,0.34660811762475985,0.44507225340945344,2.755848336484081,97.22974696403352
93.04999999999686,-0.35424538376840375,1.0953661557604186,1.2823099679093632,-0.5135144112602558,0.2958180073615735,1.8367162572342997,-0.36655941854940066,1.11847318965044,1.2705014729661457,9.63103453867051e-06,4.573557351160502e-06,1.3116134618517926e-05,6.240129672490988e-05,0.3540422011168706,0.42280969398860296,2.9567314660331254,100.68841943940802
93.09999999999685,-0.3486287380654433,1.111465013940718,1.3044636480985907,-0.5183196246871755,0.31270075644840134,1.8594567070245276,-0.3606904999210778,1.1343604213821163,1.2891410233627498,9.486537848109676e-06,4.5245395593709704e-06,1.3331134912488848e-05,6.240568108873657e-05,0.35107296743467287,0.45480899580458334,4.304287817965903,99.65280175790555
93.14999999999685,-0.3433772202967892,1.127688242114563,1.3266474945363986,-0.5235123400883525,0.329521729020225,1.8809831801339163,-0.3564446005313402,1.1507116044253556,1.3139348496068983,9.345051452346176e-06,4.469925987151856e-06,1.3542535617220842e-05,6.240937109730655e-05,0.35209168076652414,0.43052946218779864,1.2149253268700364,102.49991012851129
93.19999999999685,-0.3384928219307931,1.1440268053187306,1.3488560471574462,-0.5290065563698364,0.34601478810932385,1.9037318446872016,-0.3517828215253001,1.1677845680278203,1.3402154656536016,9.201662455851467e-06,4.4056863557936315e-06,1.3753602317508244e-05,6.241341623507995e-05,0.34768977191736555,0.4549732910657328,2.160142949010053,103.26389700012372
93.24999999999685,-0.33396527295523626,1.160460398192288,1.3711387142230576,-0.5348871225285875,0.36243074400761516,1.9258232079714332,-0.34705276652697853,1.184626095375553,1.3609275931020512,9.059610394155325e-06,4.331493969700303e-06,1.3963577358976446e-05,6.241751883445211e-05,0.3487560939787049,0.4418272656846686,2.12062180771048,103.694710374585
93.29999999999684,-0.3298060361979152,1.176998899090346,1.3934001041161168,-0.5410981645329342,0.3786309289686172,1.9479870032501907,-0.3444999295505036,1.200287580473458,1.39044009819394,8.919399087326234e-06,4.250577814243243e-06,1.4169912171023768e-05,6.242179100821004e-05,0.34700741120489664,0.4432759055751729,2.5057194334344226,102.92783419540729
93.34999999999684,-0.32602321703563747,1.193733753966923,1.415319839328657,-0.5476457831296059,0.3946436242080638,1.969918929324157,-0.3406400895597674,1.2184570728253694,1.4123274907990622,8.779785302085018e-06,4.157854565781958e-06,1.4375431423734674e-05,6.242742884831511e-05,0.34599983508084675,0.4386385214793509,1.4285138370636208,108.11349771739589
93.39999999999684,-0.322598804758219,1.2107891829497646,1.4358335138853622,-0.5546853014382259,0.4108419011140927,1.9915949725198647,-0.3387173248257924,1.2355117739561778,1.4389352800290984,8.647169844565275e-06,4.058683101833146e-06,1.4576528352306122e-05,6.24318167167561e-05,0.3532428098416883,0.4335208639141865,1.3196160924412845,113.40666821974116
93.44999999999683,-0.31953341100309535,1.2276703274709382,1.4578278101228723,-0.5620147999015962,0.4267479375771158,2.0135950036427204,-0.33558663966445224,1.253141654723145,1.4538216790071958,8.516002739865883e-06,3.94967293954632e-06,1.4774625302490369e-05,6.243721966587745e-05,0.35027755577822994,0.4400006224571402,2.2786357486779956,117.67199691587516
93.49999999999683,-0.3168256627710499,1.244526909880142,1.4801377302717456,-0.5695428611686084,0.44218987453604475,2.0352052858157776,-0.3335254690597115,1.268438229579129,1.4735167754376288,8.38658918027348e-06,3.838516923368686e-06,1.4965900567854137e-05,6.244309241236098e-05,0.34359080845875467,0.43220564346117013,3.2648104375682347,113.73818687533922
93.54999999999683,-0.31446462142622955,1.2614180947701406,1.5025189317584067,-0.5776271821408393,0.457889130194019,2.0574581939512466,-0.3316370171915515,1.2867827448335662,1.4949259572248526,8.26622874947637e-06,3.722999056902725e-06,1.5151465609076374e-05,6.244868127956428e-05,0.35317742951427367,0.44505816270941506,1.8031664992453937,122.69387143909435
93.59999999999683,-0.31247590732994446,1.2783396902791284,1.5249206882385826,-0.5859483534843799,0.473186821641201,2.0805065290861133,-0.329317802986754,1.3049711688233359,1.513586100186627,8.1477610497955e-06,3.6010160728204575e-06,1.5331623439778256e-05,6.245420777782913e-05,0.348295668370495,0.4609667026973699,5.834261209102353,127.18710512016756
93.64999999999682,-0.31087661815449324,1.295300115812286,1.5473437344735985,-0.5944804391203911,0.4880811446208167,2.101507249081509,-0.32839300296801693,1.3198099594528512,1.5356387751458858,8.031715930112315e-06,3.475274407734151e-06,1.5505116449937466e-05,6.246061672887306e-05,0.3433063770016426,0.4200143999079375,5.936201533422232,119.91590607738149
93.69999999999682,-0.30967169546241574,1.3123034332354055,1.5698096958229155,-0.6035274502996493,0.5030861160841362,2.1252338896297154,-0.3273736389537064,1.3372578727483337,1.559756538595832,7.923902420486426e-06,3.3434810181165566e-06,1.5672879900660917e-05,6.246813895306452e-05,0.35043514801507675,0.47453281096414557,1.3702475653825075,120.10645039207847
93.74999999999682,-0.3088441914365931,1.3293255889989244,1.5922421995176896,-0.6129277232596234,0.5178998230279248,2.1472559535819684,-0.32678674151827936,1.3540827624215424,1.5806147665287664,7.821324183890422e-06,3.2054141535999753e-06,1.583453004352002e-05,6.247601326950952e-05,0.3508979825535657,0.4404412790450861,2.5123420059627017,119.99436845492204
93.79999999999681,-0.3084007688471332,1.3463774714393977,1.6146592324848161,-0.622735760141177,0.5325892178273279,2.1717652113703636,-0.32587053451970893,1.3720900938712322,1.6003057730668102,7.725213211122453e-06,3.062507873291758e-06,1.598972382636735e-05,6.248472977717139e-05,0.353265636371468,0.490185155767938,2.1594057656430543,120.99557300166212
93.84999999999681,-0.30832476517843943,1.3634312088274898,1.637107982312471,-0.6327951941867792,0.5469156036494006,2.1941775330598556,-0.3265663060017295,1.3906902303189663,1.627784063247434,7.632892025971132e-06,2.916710981231759e-06,1.6137982020260226e-05,6.24940844077876e-05,0.3501144793569025,0.44824643378985524,3.3435658434955062,127.40055237852928
93.89999999999681,-0.3086336803590023,1.3804803538832453,1.6595607596857118,-0.6430206190544385,0.5608007477221642,2.2169332027366426,-0.32803095358753276,1.4062701102108648,1.655987509275901,7.5443595945524e-06,2.7617275597756347e-06,1.6279415474927172e-05,6.250591882119677e-05,0.3448880232310428,0.4551133935357698,3.0463173178141503,123.64641144556353
93.9499999999968,-0.30933382331996684,1.3975107900884995,1.6819950997188928,-0.6537136507853605,0.5746303201112735,2.2410290807377624,-0.32995625856013655,1.42115481707523,1.6838291111184525,7.4651581001111715e-06,2.5989459676315827e-06,1.6413858136263387e-05,6.25211858610643e-05,0.3496356884713112,0.48191756002242153,5.862219562170383,119.38089290028033
93.9999999999968,-0.31041420635162115,1.4145382043509676,1.7044675287587971,-0.6647613893214852,0.5882618755374375,2.262728491939919,-0.3316230798162608,1.4378591487976435,1.7012172022152008,7.3938594835151995e-06,2.4301788888749983e-06,1.6540915350791316e-05,6.253931672942543e-05,0.35093242134358704,0.43398822404316584,2.1049986433637757,122.11196976993848
94.0499999999968,-0.3118690755863779,1.4314987662653835,1.7270320153138365,-0.6761955758824626,0.6017343866878587,2.2863476128921825,-0.33363741298665767,1.4537105475924055,1.721080084875691,7.3296875690052054e-06,2.261677562133554e-06,1.6660915133323355e-05,6.255879814422173e-05,0.3534196912641518,0.472382419045298,2.3222982199506004,121.4393381968631
94.0999999999968,-0.3137073783964589,1.4484418365127432,1.7495641974594167,-0.6877021155604051,0.6146704665099597,2.3092033552191875,-0.33605869767349733,1.4684582126384598,1.7402128841297388,7.26861433599713e-06,2.090886436164633e-06,1.6773191047947204e-05,6.25809123555171e-05,0.34626906606521185,0.4571148465401266,4.120287494372511,118.51455846913889
94.1499999999968,-0.31593085058469095,1.4653670114507027,1.7720659716740976,-0.6995268140234964,0.6273936866685142,2.3300127616709023,-0.3389063236024925,1.4845494775430241,1.762876610965474,7.2140645524560445e-06,1.9206295904872945e-06,1.687839029121511e-05,6.260507071921078e-05,0.34739874061424764,0.4161881290343215,1.9236230754945405,118.77780988859202
94.19999999999679,-0.318531753665414,1.482199274896783,1.7945608921282368,-0.7116714485542346,0.6399037507730673,2.3527345814355503,-0.3422418545714487,1.5015943656606527,1.7887889333799851,7.167453069140458e-06,1.7477781110924754e-06,1.697580138491086e-05,6.263134630673842e-05,0.34871589064991426,0.4544363952929975,1.2053644939024768,121.18062463466323
94.24999999999679,-0.3215036127278571,1.4989910604243677,1.8171275709241117,-0.7238686681809205,0.6519034766862823,2.375977891336806,-0.34616029217091715,1.5179117953830188,1.8120925851013379,7.126428248679772e-06,1.569426715519592e-06,1.7064095653724028e-05,6.266072416497094e-05,0.34221558676147523,0.464866198025131,0.23640840767360052,124.91826041696378
94.29999999999679,-0.32485020892782945,1.5156985801675198,1.839716514119789,-0.7366349831375092,0.6639031364622511,2.398303297309872,-0.34949594558101055,1.5363783494649756,1.8337954325472952,7.096325917402612e-06,1.3918507848468233e-06,1.7145305995647097e-05,6.269274617589209e-05,0.3504188252641687,0.44650811946134866,3.0496775994396534,128.4071132649114
94.34999999999678,-0.3285819001997309,1.5323242030118864,1.8623079214861615,-0.7496945082472326,0.675655000402617,2.4193963860675805,-0.3543093261295602,1.5515758771845287,1.861391806453824,7.073433199044975e-06,1.21474451183492e-06,1.7218739354446705e-05,6.272642156655293e-05,0.35137953632445956,0.421861775154187,3.0546611634254743,128.6819077154335
94.39999999999678,-0.33269474968901086,1.548878754806308,1.884807891404931,-0.7629753949912818,0.6870880702310538,2.4422511838261203,-0.35882436582890925,1.5674766992232523,1.8877375864598198,7.060064602818944e-06,1.0336772559828546e-06,1.7282549790948446e-05,6.276453257406208e-05,0.3504913158565611,0.4570959551708237,2.8707778816057,126.99262800196705
94.44999999999678,-0.33718947038023417,1.5653332228201988,1.907264700297834,-0.7765973634162849,0.6982649221179706,2.466698676197762,-0.3641155722257102,1.5844523822429302,1.9102609821099126,7.056788972365168e-06,8.512113264768296e-07,1.733724634324231e-05,6.280657227951362e-05,0.3524176535356662,0.48894984743286835,0.9913382610053645,132.65869051135778
94.49999999999677,-0.3420302685071302,1.5816680176097062,1.9298304685693835,-0.7903644481894075,0.7090213958228571,2.4899959634467503,-0.3690247792674325,1.5991928068232137,1.9300888656742599,7.059706126869803e-06,6.693216280264485e-07,1.738363352970134e-05,6.28523233148777e-05,0.3494270487126038,0.46594574497980773,3.2076806190437983,128.18554527393243
94.54999999999677,-0.34724028696413056,1.5978995881934333,1.9522947729024556,-0.8043523908937047,0.7194439197562491,2.512463978788789,-0.37539649090699184,1.6150320743791253,1.9505905706260727,7.068421425947745e-06,4.905723069326061e-07,1.7422994938051153e-05,6.290187399736963e-05,0.3488864270171809,0.4493603068407864,1.6728977893862347,135.62312331058635
94.59999999999677,-0.35285902602140523,1.6140610533512718,1.9744715056334101,-0.8186325421703349,0.7296035096383262,2.533985008847706,-0.38214805892124065,1.6305837262639225,1.9759065798949171,7.084073839203855e-06,3.1548085725206e-07,1.745569388347486e-05,6.295514594190278e-05,0.3505149593241036,0.4304206011783553,2.7531784910385104,140.81559609738136
94.64999999999677,-0.3588323570317902,1.630084677013815,1.9966100086553444,-0.8332709286265793,0.7395389439155433,2.5565921525597304,-0.3895430137811709,1.6463421985671125,1.9961330328148996,7.109991444187674e-06,1.4217219430234283e-07,1.748010319173503e-05,6.301331267487113e-05,0.3538409491299207,0.45214287424051475,0.8428486881190864,151.2653830242542
94.69999999999676,-0.36515513551198875,1.6459695940687387,2.0187771402921153,-0.8479319145230613,0.7490173728628283,2.57876172880158,-0.396642731740157,1.6620084497181495,2.0140517894043732,7.140356639619483e-06,-2.8487766810473167e-08,1.749692516481784e-05,6.307607151062345e-05,0.3491690744105887,0.443391524837021,1.6603372986971976,157.64237185093162
94.74999999999676,-0.37182632761625956,1.661720003307805,2.040966235811143,-0.8627057331354149,0.7581034469494681,2.601654397064838,-0.4037085776644756,1.6757066348751488,2.0411477248773693,7.175280138239723e-06,-1.9523047785414206e-07,1.7507017290420076e-05,6.314157460051731e-05,0.3468922580966905,0.4578533652651689,2.7929283322999443,153.72614752661542
94.79999999999676,-0.378847061345402,1.67733321876154,2.0631788782490057,-0.8776894757547817,0.7668433418256639,2.62544392455722,-0.4107503714260933,1.6898037323328516,2.064328649330072,7.220550538078376e-06,-3.6090474159980717e-07,1.750697381436478e-05,6.32117114128975e-05,0.34693659169257457,0.47579054984767255,2.9535224959236186,149.61795586938328
94.84999999999675,-0.38624378509313295,1.6928408769603114,2.0851448642360575,-0.8929864794152855,0.7753063261262283,2.6470797133778987,-0.4188384921713742,1.7050517182818523,2.0893911639547706,7.273718233450402e-06,-5.216598337571595e-07,1.7500182057745268e-05,6.328586983108287e-05,0.3496468769892951,0.43271577641360104,1.1901156240599535,152.60055089668668
94.89999999999675,-0.39400291777731783,1.7081744872776863,2.1069338146198757,-0.9086195199157341,0.7835150444230747,2.6690739924707145,-0.4265332429265735,1.7202976843057158,2.1115140599467246,7.336655389341256e-06,-6.779219276264188e-07,1.7485436302453008e-05,6.336385029690562e-05,0.3531501550649514,0.4398855818563508,6.142672944710152,149.78990336299174
94.94999999999675,-0.4020335559571276,1.7232390428001534,2.129295198918427,-0.9241511309248291,0.7912295309702086,2.6921097398307072,-0.43516580691589557,1.7347716637647406,2.133626050454465,7.4047568114688e-06,-8.31491734490579e-07,1.7461233228057257e-05,6.344655711152015e-05,0.3468472531987808,0.46071494719987316,1.385796742299708,152.6152729052825
94.99999999999675,-0.4104017609811533,1.7381698736241624,2.1515979172835804,-0.9399236125341165,0.7986180206241154,2.7149078689007764,-0.4432344326909122,1.7494254940001628,2.148930928042324,7.479656278322567e-06,-9.789726936002211e-07,1.7430447442892173e-05,6.353396282710117e-05,0.3483527495299154,0.45596258140141305,7.100991546598747,150.05354403740213
95.04999999999674,-0.4191538645939149,1.7529765438896743,2.1731391473596844,-0.9556655364351853,0.8055536450187117,2.7382869866080313,-0.45218442824667965,1.7625022223901983,2.1740736475075497,7.556036673655558e-06,-1.1209596683193485e-06,1.7394412511979778e-05,6.36221285529935e-05,0.34404914332183173,0.4675823541451123,1.8943949125400157,147.45543945261298
95.09999999999674,-0.4282883799375428,1.7676304178410063,2.194309030987217,-0.9718041544558006,0.812233641936922,2.7600119159294145,-0.4616082348425199,1.7775423192793727,2.199001945719891,7.641735975134826e-06,-1.255940642420637e-06,1.7352356574079842e-05,6.371511399834243e-05,0.3493361416957497,0.43449858642768774,3.158680884511649,147.08737623678152
95.14999999999674,-0.4377490292345829,1.782086932998006,2.215382295098869,-0.987933236053106,0.8184865562326589,2.783492700318221,-0.4708868221600389,1.7906948356229604,2.2219674159083587,7.735635510550681e-06,-1.3873745534762997e-06,1.7300240442107465e-05,6.381024485936407e-05,0.3459826352804439,0.46961568777615703,4.247122988652005,142.70076730568954
95.19999999999673,-0.4475033030786273,1.7963439215749617,2.236451885742205,-1.004185530690572,0.8243649175862093,2.805583350441956,-0.48046024618635585,1.804325848058652,2.2406058481240816,7.835700272227618e-06,-1.5125423317031814e-06,1.72415699605879e-05,6.390925586467633e-05,0.3456613141327396,0.4418130024747219,2.3351472764624015,139.51671222554083
95.24999999999673,-0.4575622141819179,1.8103951007947678,2.257567976981403,-1.020862245029519,0.8299878967122267,2.827192977646412,-0.4904767753453784,1.8169001245922367,2.2629079167652613,7.940663634610105e-06,-1.6283127609652443e-06,1.718170346448731e-05,6.401041116915182e-05,0.3519901980126051,0.4321925440891454,1.7323715452550705,137.00563409628504
95.29999999999673,-0.46789985759407343,1.82419925400891,2.278763451526878,-1.0376385437108957,0.8352435364321633,2.8488059466926217,-0.5003201799451028,1.8287279768031366,2.2830372096749905,8.05187060502595e-06,-1.7380372058149663e-06,1.711585324571748e-05,6.411285548132745e-05,0.35161227368323794,0.43225938092420785,2.9634685196689237,131.8002784464261
95.34999999999673,-0.478555070154876,1.8378140107234286,2.299757957449857,-1.05463573375528,0.8401555075136174,2.8717334061742754,-0.5108154091151811,1.8409908394397265,2.302368427800472,8.16850323954967e-06,-1.8402606414175996e-06,1.7046346050615184e-05,6.421637920220066e-05,0.3538619178454568,0.4585491896331028,3.9354066997134236,129.8679219543856
95.39999999999672,-0.48944405006877023,1.8511438460351024,2.3209009862486285,-1.0718207619650197,0.8447063180002606,2.893710827731148,-0.5210211106338928,1.852136353097291,2.3234946135431507,8.28907564547071e-06,-1.935164047383453e-06,1.6974166595459725e-05,6.431859887143705e-05,0.35555466052893747,0.43954843113746933,4.350867217776988,124.40312078498683
95.44999999999672,-0.5006368288694858,1.864290976083733,2.341906010216561,-1.08875395895965,0.8488030570871328,2.9147262222199606,-0.5313631268646933,1.8628550263643031,2.341034947831064,8.413124509816425e-06,-2.0259572118348154e-06,1.6893769712840054e-05,6.441987252680551e-05,0.34844087156365994,0.4203078897762743,4.997988804271827,120.27454390135357
95.49999999999672,-0.5121214525587833,1.8772231462368179,2.3628727692461466,-1.105892218937776,0.8525625367298642,2.936576102701302,-0.5422124791147742,1.8740582719668104,2.3639552698639754,8.54050000179836e-06,-2.1091431730567924e-06,1.681236215067356e-05,6.451966457503886e-05,0.35092215116271197,0.43699760962687034,2.9309045239029126,115.54266811326025
95.54999999999671,-0.5236836652113538,1.8897366596710412,2.3848784880249996,-1.123285105097189,0.8559632973098911,2.9604293840850513,-0.5546461962652323,1.8871371784166082,2.380782790002141,8.675191808436136e-06,-2.184098496242944e-06,1.6727294054068524e-05,6.462120777117997e-05,0.3544531302543009,0.47706562767500427,1.3372514603885235,122.36898536973438
95.59999999999671,-0.5354950458119063,1.902022643995712,2.406894631058961,-1.1404697651770588,0.8589182463707331,2.982181092566524,-0.5670989252046122,1.8991993004538954,2.406873344087191,8.810016460123524e-06,-2.25413612257049e-06,1.663854540431183e-05,6.472070111229099e-05,0.3487441779726943,0.4350341696294821,2.3749539246990645,123.90305866729628
95.64999999999671,-0.5475959074836464,1.914073079282657,2.42889479258027,-1.15770118921268,0.8614960267465276,3.0040113773283856,-0.5795077721740945,1.9087807259644036,2.4344416969063616,8.953225146836547e-06,-2.3176251434485784e-06,1.6543496601183837e-05,6.481794176681549e-05,0.3484703614006505,0.43660569523725407,4.811109528931727,126.72385299859141
95.6999999999967,-0.5599519757346846,1.925838251231675,2.450948137924841,-1.1750724986443593,0.8637114576072629,3.0254756705653696,-0.5925053562046724,1.9196287117572564,2.458791381092647,9.105605967600129e-06,-2.3735676349839793e-06,1.6443760825744692e-05,6.491349231166804e-05,0.35024694119413763,0.4292858647397038,1.237633606377197,130.98929035739692
95.7499999999967,-0.5725733770887056,1.9373254046490753,2.472935114065258,-1.1924077671189446,0.8655516091702571,3.0462002130321935,-0.6053818131131373,1.9308857092244112,2.479154366768684,9.263665002357225e-06,-2.4228123260867903e-06,1.6339452399497628e-05,6.500627611369936e-05,0.3486594718448923,0.4144908493364932,1.028448233950909,131.97812368192538
95.7999999999967,-0.5854239620541893,1.9485094833273948,2.4948646804998917,-1.209740353416825,0.8670233748607803,3.0675650640165726,-0.6179830160241719,1.9412003890517868,2.493773020709588,9.424805936326309e-06,-2.4651927871962668e-06,1.623322590213968e-05,6.509546964469122e-05,0.34790582175078993,0.42729701968760314,2.5420172595624253,133.23698660635878
95.8499999999967,-0.5985594493889946,1.959431184489251,2.516744609322066,-1.2273105728419895,0.8681354171320018,3.0892062316365063,-0.6302088883007284,1.9508087865811414,2.509132705614311,9.585235038959408e-06,-2.499825920697524e-06,1.6131759640295527e-05,6.517998092959857e-05,0.35211438241050846,0.4328233523987029,2.9005342576610214,132.23151081422395
95.8999999999967,-0.6119080102165105,1.9700348755081158,2.5384881250548093,-1.2448289569229944,0.8688662115172916,3.110595709652487,-0.6429857958516216,1.9614495019498148,2.5283586078659948,9.744734961155097e-06,-2.528663898932331e-06,1.6030810112325147e-05,6.525899996794102e-05,0.3506790911634578,0.4277895603196337,4.818649747534838,128.2595687588261
95.94999999999669,-0.6255033138753704,1.9803602187253624,2.560236300116219,-1.2625195176591506,0.8692293162177714,3.1315446891086562,-0.6579998491340533,1.9707098360743385,2.5540182527125417,9.906387746357754e-06,-2.5498128709863415e-06,1.5931859396230236e-05,6.533383349153984e-05,0.35389220650911973,0.4189795891234006,1.9572274607309588,136.57449711931835
95.99999999999669,-0.6393207535534952,1.9903795666374062,2.5819698335023777,-1.2797931045461632,0.8692170306331388,-3.1301222187622812,-0.6712886222755949,1.98031870335274,2.5729042370024056,1.0073699493938226e-05,-2.5660299149567004e-06,1.5823592518485964e-05,6.540156396201789e-05,0.34547849053448837,0.43036798617299676,2.0847373497155246,134.2263606382932
96.04999999999669,-0.6533286465371625,2.00008745119696,2.6036826026003235,-1.297196685007611,0.8688317151222148,-3.1087902938306007,-0.6854017567276606,1.9890373316280212,2.5985356014905996,1.024216159147208e-05,-2.574953944190267e-06,1.571784189521192e-05,6.546294829939862e-05,0.34816350898696596,0.4266384986336397,2.610551190505726,132.8480507832439
96.09999999999668,-0.6675708790117885,2.0095065116514723,2.6253806752924596,-1.3146678701375178,0.8680717780311769,-3.087456620403492,-0.700531197348564,1.9981351436177857,2.623458739421748,1.0415859763646878e-05,-2.5751710625353703e-06,1.561118057913676e-05,6.552129225667162e-05,0.34976072584509904,0.42667346854219573,2.582968103311432,135.87799615178022
96.14999999999668,-0.6820092932806303,2.0186064728329893,2.6470642377845515,-1.3321453111877781,0.8669369421627162,-3.0660477994168005,-0.7151884359840228,2.0068693716591284,2.643263922246578,1.0593434546994921e-05,-2.5670598015390074e-06,1.5503371068807785e-05,6.557440405069567e-05,0.350291601150593,0.4281764197338576,1.4409001270808623,137.666479582312
96.19999999999668,-0.6966821720582549,2.0273907136405063,2.6685726602736293,-1.3496829774467725,0.8654109642920366,-3.0435517875417943,-0.7280342842797081,2.0131685544238516,2.6639623101488414,1.077166312510179e-05,-2.551863285463954e-06,1.5398159616108942e-05,6.562114595977483e-05,0.3520860211974515,0.4499202375001498,4.295257762670528,131.66595512054417
96.24999999999667,-0.7115984678755657,2.0358871346314302,2.689871512324539,-1.367184860766217,0.863485659608812,-3.0205034555987833,-0.743710970615422,2.0211962868618887,2.691696853764106,1.0950155399267375e-05,-2.5294424172215994e-06,1.5293617540179214e-05,6.566277301393892e-05,0.3521570346019508,0.4609666388602459,3.1684105653398236,132.07259758072172
96.29999999999667,-0.7266782285726252,2.0440465446278666,2.7111245250433886,-1.384390893212153,0.8611979841947619,-2.9983168629979193,-0.7590190412011013,2.0290056048741567,2.7135307155978268,1.1131980936229763e-05,-2.499003123072419e-06,1.5183800812646329e-05,6.569830750756894e-05,0.34715608610811133,0.4437318520173073,2.008250285306766,132.33837377352936
96.34999999999667,-0.74194393126736,2.051894892789432,2.732393686444856,-1.4018127998751448,0.8584925605159995,-2.976752189869412,-0.7743390480709333,2.037174269198281,2.736687817109704,1.1313641521839267e-05,-2.4598122233930247e-06,1.5080304626371564e-05,6.572926578665796e-05,0.3526211538628573,0.4312934625701661,4.272100521452795,128.53273526629408
96.39999999999667,-0.7573485334747632,2.059405341430868,2.7536681217284977,-1.4189176764082057,0.8554554953530074,-2.9549847895468893,-0.7891067270635254,2.042524564059284,2.761190997951152,1.1494859166963288e-05,-2.413921017547628e-06,1.4973115993657383e-05,6.575291197152976e-05,0.3474550232108307,0.43534800645047994,4.119756253097677,128.34162086569316
96.44999999999666,-0.7729125150773528,2.0665890038324486,2.7748686739199466,-1.4360838201227708,0.8520219620071628,-2.933375274202003,-0.8044751799068321,2.0485490054176414,2.7828401456496294,1.1676055621536007e-05,-2.3588636723039535e-06,1.486937793493608e-05,6.577198380118138e-05,0.35013001438272684,0.432190306897744,0.6176043912421261,129.0167531650805
96.49999999999666,-0.7886309381905794,2.0734375763274597,2.7960367004271824,-1.4530240726682198,0.8482586893893159,-2.912610295013018,-0.8197424754925277,2.055649992595709,2.7980224143937944,1.185479334812618e-05,-2.2970785308267324e-06,1.4765731997102918e-05,6.578608660445204e-05,0.34707071193209643,0.4152995837797275,2.557988726607909,126.17050868314675
96.54999999999666,-0.8044918320376457,2.0799626709318204,2.8171273205289267,-1.4699636389946262,0.8441192384653029,-2.891237189914643,-0.8367062479896817,2.06277880883314,2.816510882406692,1.2028285365220583e-05,-2.2300760267448233e-06,1.4668385531172498e-05,6.579630477399679e-05,0.34876670554975986,0.4274621019675256,1.6475884473512887,130.15853988664432
96.59999999999665,-0.8204893068926411,2.086163815715331,2.8381625432194495,-1.487011286021662,0.839575801062406,-2.8710283188706547,-0.8528955629077056,2.0688768654632637,2.8439124590698377,1.2197600617683549e-05,-2.15650136081892e-06,1.4578741351294826e-05,6.58033637689876e-05,0.3528601344202756,0.40417742087979136,5.026199140444245,126.16863173727987
96.64999999999665,-0.8366245662528229,2.0919845260214025,2.8591358782279226,-1.5039095131269047,0.8346877165124361,-2.848996311553253,-0.8682496977187796,2.0740856262466347,2.8599849599152396,1.236645190215563e-05,-2.072502350590145e-06,1.4488860368783398e-05,6.580680855413861e-05,0.35182721179603205,0.440640146348062,3.7743289795527395,124.21346056755779
96.69999999999665,-0.8528816421649645,2.0975136344172496,2.880036915390231,-1.520836225748448,0.8293973700484506,-2.8283386590988413,-0.8851774113200712,2.0795382528636046,2.8768525322188108,1.2529377529835884e-05,-1.983852337804636e-06,1.4406703699897028e-05,6.580784927187948e-05,0.3546900338471158,0.41315304908825756,3.4153176976279456,129.0026937154247
96.74999999999665,-0.8692548745060847,2.1027009893868494,2.900872128901563,-1.537386876242567,0.8238409643187647,-2.8070503014416337,-0.9001286553729642,2.0831353686082723,2.9028759592955415,1.268677645896249e-05,-1.891479562840999e-06,1.4324167110218454e-05,6.580308467770162e-05,0.349175708041929,0.42576715314417884,3.420711285227915,121.62769382654974
96.79999999999664,-0.8857073905370513,2.1075365747366237,2.9216598946533785,-1.5537295964190745,0.8179739034808017,-2.7867923130960035,-0.9156733974577905,2.0872262495133023,2.9228280978573,1.2841230663471824e-05,-1.7901920441262297e-06,1.4242186032741266e-05,6.579428167984579e-05,0.34728502244831766,0.40515976691262706,3.1705555821362648,118.20803168256852
96.84999999999664,-0.9022932869099248,2.1120263060377367,2.9423384980818295,-1.570146736673404,0.8117089410746605,-2.7672849155776515,-0.9300472123066237,2.0898013556471384,2.9475625680248374,1.299063437433981e-05,-1.6828343511641467e-06,1.4168246844756838e-05,6.578291868896267e-05,0.3514439015902999,0.39014795036706096,5.144513850720687,110.66104040688293
96.89999999999664,-0.9189759603647383,2.116157176068419,2.9630177634390544,-1.5862208072165107,0.8052004905487887,-2.746447316293377,-0.9457488650764547,2.092394118114294,2.9695518192030033,1.3136069847781453e-05,-1.5675994877123e-06,1.409318889271519e-05,6.57678352356727e-05,0.3468409168865633,0.41675198568551197,2.7451107168514093,110.06642789785148
96.94999999999663,-0.9356996091944703,2.1199383700098293,2.9835589098165727,-1.6022407431495058,0.7983144102529207,-2.724804469668504,-0.9608154064404828,2.095065227236058,2.994293737679447,1.3276284903789316e-05,-1.4453058986228817e-06,1.402430511034314e-05,6.575130853446829e-05,0.3487510963869407,0.43285693249749285,4.221813364125776,104.13005634482285
96.99999999999663,-0.9525338247462288,2.1233696596083336,3.0040354759006354,-1.618252595214535,0.7910274668986731,-2.704212092887553,-0.9787732590872137,2.0988073716966307,3.0124286556159054,1.3411340671723866e-05,-1.3148222059759387e-06,1.3962813821221328e-05,6.573454388971173e-05,0.35184649285793274,0.4118475356190483,1.6346325367997188,106.96370254649753
97.04999999999663,-0.9694326706312182,2.1264490644673506,3.0245011595585285,-1.6338734806067376,0.7835261256424674,-2.683588206320532,-0.994974051816304,2.1015638568514756,3.025610407123084,1.3539665467635717e-05,-1.1809772669465952e-06,1.3902385128899122e-05,6.571476067321576e-05,0.34657918282795525,0.41247773134044036,1.9278923943033552,107.58507722147482
97.09999999999663,-0.9863625454758418,2.1291795935755022,3.044926384621825,-1.6495149702236531,0.7756201216968348,-2.663599580097806,-1.0108709554325532,2.1034108640149562,3.0477412157633967,1.3660668188853047e-05,-1.046282463137075e-06,1.3851947466701937e-05,6.569424201461215e-05,0.3505260749730388,0.39977252445454675,2.076970115064892,104.69357655354378
97.14999999999662,-1.003347053553632,2.131568109531773,3.065353775484828,-1.6649221368761429,0.7674431742139394,-2.6437390219697345,-1.0264798745326995,2.104254412895211,3.0686923582581045,1.3775586976590022e-05,-9.0598982442072e-07,1.3805081131499408e-05,6.56723029314135e-05,0.34885713701371796,0.39721116256145217,1.681081971445199,104.63728407840861
97.19999999999662,-1.0203632564890808,2.13361841661158,3.085693641839268,-1.6801753321555388,0.7589510726852903,-2.623436235561945,-1.042119701595899,2.1061194832282877,3.0915237031046114,1.3884060603971136e-05,-7.60531885042759e-07,1.3764161971062575e-05,6.564952823260609e-05,0.3491625546629501,0.4060557281558152,3.753971852068527,97.86286099805565
97.24999999999662,-1.0374629985746542,2.13531470916275,3.1059854704608725,-1.6953746279655473,0.7500641424439913,-2.601571621386604,-1.0592578923798746,2.1067071344612085,3.1166324309749314,1.3986102400130734e-05,-6.086294956636566e-07,1.3731603587501172e-05,6.562738060407334e-05,0.3521411491393171,0.43729228350685034,1.2257454899026163,99.62867540669627
97.29999999999661,-1.0545496478378775,2.1366581757839294,3.1260837997223376,-1.7102718516765911,0.7409294337141177,-2.5815021410152372,-1.0770889903505803,2.1072643160082882,3.1361026880982337,1.4081342100170035e-05,-4.507363132403492e-07,1.3702917932262131e-05,6.56032091685142e-05,0.34950274845034734,0.4013896074273532,1.6964107976629785,104.61750342989096
97.34999999999661,-1.0717027750161485,2.137644404794488,-3.1371671070443217,-1.725039750364205,0.7314530266053079,-2.5606613366185558,-1.0940849533860595,2.107868803539823,-3.1306141163350936,1.4169502471788274e-05,-2.895379319234479e-07,1.36822592939391e-05,6.557844195970077e-05,0.3509440227448303,0.4168160879336536,1.2053414583953619,106.0269069187551
97.39999999999661,-1.0891298145564412,2.138228395893525,-3.1185050169840234,-1.739413190449192,0.7218198464162878,-2.541624767156523,-1.1115454519556447,2.1079376191424686,-3.1093746516685115,1.425082940806788e-05,-1.2807008222021524e-07,1.366360190777507e-05,6.555184086428552e-05,0.34606530139069525,0.38073138924067945,1.8285654064488122,105.9791160398131
97.4499999999966,-1.1068066012401652,2.1384816765181087,-3.100071155974418,-1.7537986879532554,0.7117774292298916,-2.5226704425468083,-1.1289126225355914,2.106501597170038,-3.085826932991508,1.4325001129135074e-05,3.6938380560836805e-08,1.3656079581649077e-05,6.552535840470192e-05,0.3508856774023178,0.3790864921943164,1.740681427577945,109.90715861197981
97.4999999999966,-1.12448947921234,2.13838298593512,-3.0817848526295317,-1.7677944427920709,0.7015822608964137,-2.5013868211015606,-1.1440289111497948,2.105580474682781,-3.063761303663002,1.4391539229380421e-05,2.0719489019488645e-07,1.3651637583260868e-05,6.549772279861114e-05,0.3463142672370188,0.4256724289049744,3.076134193561114,104.39018843764552
97.5499999999966,-1.1422739538593158,2.1379620371045336,-3.0637930391784445,-1.7815870322981284,0.6910860941945597,-2.4807898903645698,-1.1606689744042504,2.1057100914398723,-3.0492969930763443,1.4450747284941085e-05,3.8088423410545117e-07,1.3654738450749668e-05,6.547019066428327e-05,0.34665006049285046,0.41193861473983945,3.4528033504729327,98.33592451900631
97.5999999999966,-1.1599122243593951,2.1371970802290976,-3.045851860851915,-1.795103836664965,0.6803683054631394,-2.4615735306629047,-1.1761239435494233,2.1041678892052675,-3.0301906599826083,1.4503916789836133e-05,5.525892152594186e-07,1.3662549689132388e-05,6.544213631420684e-05,0.34501255214305054,0.3843271940333179,3.2133921256773412,95.86463759665122
97.6499999999966,-1.1775455165521218,2.136127038330893,-3.0278744640848125,-1.8087863571962723,0.6690834897378145,-2.442295580832545,-1.1936461296017638,2.1035396057550684,-3.0106170019258647,1.455004241612541e-05,7.256230470361242e-07,1.3686039521171777e-05,6.54178640829404e-05,0.35472139832996313,0.3855589966072241,3.2247317075423396,92.17558670709779
97.69999999999659,-1.195131117548323,2.134766472955842,-3.0098878228168267,-1.8219920022549374,0.6577528295174451,-2.4226304568240513,-1.210000506044883,2.1014985256845113,-2.9918174664779533,1.4589158718084237e-05,9.001697512567441e-07,1.3710569091970914e-05,6.539291275308983e-05,0.3480130341941477,0.3933024801698906,1.312745535301249,92.06045218662736
97.74999999999659,-1.2127537118051823,2.133108636918707,-2.9921015295320137,-1.8349055029284025,0.6462323102562395,-2.403655068484346,-1.227618623604389,2.097984411499511,-2.9678838208954024,1.4621591616496813e-05,1.074883487638536e-06,1.3740141039273968e-05,6.536693872489328e-05,0.34611550090127946,0.3795077667941347,1.5950686718202092,99.91263441195933
97.79999999999659,-1.2303060413480402,2.131113832386945,-2.9742106276593003,-1.8478083937308365,0.6342636064849582,-2.3838194145974145,-1.2447711815716838,2.0953604668715053,-2.9539689108155867,1.4645514108725658e-05,1.2527786764289318e-06,1.3783389201514155e-05,6.534191991119718e-05,0.3519912593939729,0.39671307773865133,1.851756982942673,101.54969024392479
97.84999999999658,-1.2478108896817706,2.1288085223011977,-2.956440820409835,-1.8602483702286767,0.6222819494272919,-2.366099049150628,-1.261676780252146,2.0932225693668167,-2.9418678820032182,1.4664548328069985e-05,1.4277689696649045e-06,1.3826555716527055e-05,6.531612324067333e-05,0.3454393882458341,0.3544073089357493,2.3021171946259886,99.91475476571544
97.89999999999658,-1.265225464373709,2.1261589932316327,-2.9387133377850523,-1.872573945680737,0.6099692441887697,-2.3473346642273363,-1.2778869290937207,2.0903436262718493,-2.9283401987462954,1.467877023377522e-05,1.5991550861102883e-06,1.3877737121144997e-05,6.529129874053853e-05,0.34844306655910723,0.3752876984658624,1.6284936695950358,100.10361727833208
97.94999999999658,-1.2826188183291483,2.123198455550896,-2.921296351675894,-1.8847063976775689,0.5973843146604062,-2.328446312370124,-1.2936389849778043,2.086798193747289,-2.9074273612832116,1.468802242034714e-05,1.7676794618054089e-06,1.3935337867289847e-05,6.526779198563262e-05,0.34962032429560364,0.3777670371442701,3.531529200714081,99.37898687352745
97.99999999999658,-1.2999351966976673,2.1199735863468065,-2.9037344814203165,-1.8965152511239167,0.5846643601795795,-2.309688560546303,-1.3117109721912006,2.0838128166525567,-2.8957840182529555,1.4689940245196972e-05,1.937533271211094e-06,1.3998168125265448e-05,6.524458548160618e-05,0.3471340344824497,0.3751550364764366,2.3724231658125774,100.30936287884192
98.04999999999657,-1.3172340872048298,2.1163981418736535,-2.886256349181877,-1.9081401538408986,0.5716542600384699,-2.2903610509986887,-1.327027340295705,2.0801286038911657,-2.8761797870209445,1.4687746313761435e-05,2.103302875630738e-06,1.4067358143194513e-05,6.522202861913395e-05,0.34894729966355575,0.386550190952308,1.814863434413049,97.58269391474752
98.09999999999657,-1.3344598044938425,2.1125425882929076,-2.868962013157395,-1.9195909479354873,0.5583377299511405,-2.2716508609215307,-1.3433359701706649,2.076058573019302,-2.8572554800935728,1.4678816394408416e-05,2.2689135596303883e-06,1.4145422004258267e-05,6.520103598418907e-05,0.3512603919766509,0.37420380154318,2.5891673712389465,96.8461069804459
98.14999999999657,-1.3515960554173452,2.108371400501898,-2.8518089437998992,-1.9308447511492774,0.5447458278907186,-2.2530812648054304,-1.3604340333791043,2.071417147785862,-2.8398999101054656,1.4663362794061326e-05,2.4337048479303314e-06,1.4231645647679302e-05,6.518105914003019e-05,0.35292879538909605,0.37139192232202894,1.568119199390356,98.49633265838847
98.19999999999656,-1.3686729044077581,2.1039238792640935,-2.8345357911477405,-1.9417245337045717,0.5310921363193392,-2.2341314269479686,-1.3759901000472707,2.0660266281212394,-2.8229263739997235,1.464205317035909e-05,2.597229452888508e-06,1.4320876421040576e-05,6.516022980411063e-05,0.34917163858334094,0.3789967571492541,1.3240774241445965,102.73657888803554
98.24999999999656,-1.3856664009599966,2.0991738251928544,-2.817417480375954,-1.9522656592652061,0.5173353319750957,-2.215099366946534,-1.3924036615653148,2.0614344043023545,-2.8040630146374315,1.4615281469535255e-05,2.759254179962165e-06,1.4414022396735541e-05,6.51386509356524e-05,0.3466260581751527,0.3806412000287151,2.381192726593352,100.53490927858479
98.29999999999656,-1.4025395326857808,2.0941620165028505,-2.8004911674988504,-1.9626293110639021,0.5032571964745772,-2.1956523139563036,-1.409373660857866,2.0564484140331487,-2.7925353539548325,1.4582082906931732e-05,2.9198635685130925e-06,1.4516572438748446e-05,6.511756635680676e-05,0.3496334132294787,0.3889410598046279,2.1032477497052193,101.95705047090264
98.34999999999656,-1.4193381866855515,2.088823892044401,-2.7836036480250335,-1.9726045803465766,0.48913423954419405,-2.1758448789350706,-1.4256382325827834,2.050842292174544,-2.7693590980546943,1.4546243813481805e-05,3.076491678784271e-06,1.461976539955058e-05,6.509608562391257e-05,0.3458171102757452,0.39614870042468214,4.928031865577941,100.26844193973282
98.39999999999655,-1.4360451230665023,2.083175968844203,-2.7666064546961544,-1.9824402374295829,0.47464085598853384,-2.158227417408076,-1.4419160825878392,2.044701145365066,-2.7544634683858558,1.4502409791854666e-05,3.2323554916405655e-06,1.473472198892766e-05,6.507558774490052e-05,0.35031771435571324,0.35234923053990463,0.598762033860594,103.13423733572249
98.44999999999655,-1.4525739494221297,2.077275035867293,-2.7498644549898255,-1.992125779530562,0.4598024280661178,-2.139954405807642,-1.4580526787629666,2.038272749529383,-2.7305028472383204,1.445436588419784e-05,3.384259407882875e-06,1.4858041233915348e-05,6.505683532177331e-05,0.3543994390269039,0.36546023200870675,1.6427818417410576,103.5649444996934
98.49999999999655,-1.4690267067339133,2.071090560611081,-2.733236113054959,-2.001374212288884,0.4450402332807588,-2.1209847228212584,-1.4744497127523957,2.032081647916299,-2.718422268881513,1.4397325782898555e-05,3.5372601412707864e-06,1.4985560389469315e-05,6.50370089498022e-05,0.348404938762495,0.3793936597276959,1.6396538437290067,103.92490423049118
98.54999999999654,-1.4854267519870406,2.0646219666543115,-2.7166826133297195,-2.010361071899135,0.4301107322150914,-2.104316678444557,-1.4906649061084976,2.0252707295371573,-2.703405416009204,1.4339014427050494e-05,3.6850653206693e-06,1.511600961369397e-05,6.501720572869537e-05,0.3485172466341156,0.33336088753404847,0.7333160195921691,105.70965041907046
98.59999999999654,-1.5016613738108657,2.057913979444141,-2.7004427372161577,-2.019101245163816,0.4150135076745423,-2.086835256869638,-1.5065813474483825,2.018798492989053,-2.6899178951853555,1.4276708748891926e-05,3.8293777356332e-06,1.525169344467703e-05,6.499777648584836e-05,0.3488980180971757,0.3496284314983972,1.4014729918134063,104.97317614415657
98.64999999999654,-1.5178421253585308,2.0509307741351397,-2.6841882527859013,-2.0276497375663087,0.39961902427754176,-2.0685574194182537,-1.522508202707924,2.011203363014429,-2.6663578857392265,1.4211387782757155e-05,3.968953772623196e-06,1.5393887999371856e-05,6.497977631798664e-05,0.35217920086461485,0.36555674902770624,2.0772459067213283,105.49414008246826
98.69999999999654,-1.5339213050750513,2.0436822574229128,-2.66823051752729,-2.0359661018696182,0.38399334306349187,-2.051221929485125,-1.5383789357727284,2.0050433788335233,-2.652861723397829,1.4137529582076897e-05,4.107212698097877e-06,1.5546322777281594e-05,6.496233040485168e-05,0.35402354464012803,0.34670979866259966,5.369170360067426,99.57224647099186
98.74999999999653,-1.5497871283209912,2.036195322389549,-2.652320011515032,-2.043907140263199,0.3683969827710322,-2.0322677296994898,-1.5542390040776741,1.9973824601281158,-2.6355099331811105,1.4060965208788779e-05,4.242137796915149e-06,1.569949394122219e-05,6.494491974145083e-05,0.3500375497890911,0.3790839957127215,1.6823156913646353,99.43439547824774
98.79999999999653,-1.5655789236136752,2.0284381936323403,-2.6366528089397008,-2.051501016057467,0.3527885406543812,-2.0149419241726267,-1.5688518241615586,1.98943285939253,-2.6178579299424265,1.398014029277615e-05,4.374013631862121e-06,1.585540750352316e-05,6.492695005849851e-05,0.34715872558200983,0.34651611053728354,1.824341163039073,100.68061780614441
98.84999999999653,-1.5812164458921845,2.020429620233192,-2.6210385869258728,-2.0589035035143017,0.3368826784478388,-1.9978133280242787,-1.5835704154693988,1.9805200197036166,-2.6037476362122023,1.3894518579759886e-05,4.501447564390071e-06,1.6019436142555184e-05,6.490961203706485e-05,0.3508850515202638,0.34257192296698014,2.283466633265198,106.37565654312625
98.89999999999652,-1.5967306422224172,2.0121777571901776,-2.605615818299294,-2.065962649106314,0.320989844116231,-1.9797722537600158,-1.5987923535772328,1.9726244939420523,-2.58629323029045,1.3806137485750108e-05,4.625373061455e-06,1.6184999338657913e-05,6.489197319073988e-05,0.34780564813808806,0.3608214852852778,4.147128488527749,103.81026849975147
98.94999999999652,-1.6120672248149461,2.0036929835925923,-2.590119507000922,-2.0727414034203466,0.3049999146225343,-1.9637636123565931,-1.615167565817269,1.963879961291047,-2.5779668546279972,1.3713828261694812e-05,4.7455796201269695e-06,1.6354994208787843e-05,6.487444206658949e-05,0.34735330547332544,0.32017282806847064,2.3274317029495752,104.83093001179012
98.99999999999652,-1.6272524421874142,1.9949871358606814,-2.5749800535094214,-2.079240703640388,0.2889180078747809,-1.9459650765485872,-1.629955823348776,1.9549278537674155,-2.560244211716539,1.3622357203841094e-05,4.860429766932634e-06,1.6525395882050413e-05,6.485732570468996e-05,0.3469158807246163,0.35597071616014114,1.9633245684362262,105.15923871709595
99.04999999999652,-1.642291405216343,1.9860585628848324,-2.559953556594008,-2.085520472357406,0.27255844153106695,-1.9286572927675592,-1.6446588094816361,1.9459300341814163,-2.5454870140580144,1.3526090518760579e-05,4.970693513258175e-06,1.6703676686028154e-05,6.484164478013343e-05,0.3504731497310264,0.3461556756205809,1.8021794432234604,105.38894304142208
99.09999999999651,-1.6572133105686475,1.976891823534465,-2.5450575801683106,-2.0914306482026115,0.2563454193996894,-1.9120601248466838,-1.6595628359454038,1.9368204170898065,-2.5344092420861983,1.3427196408352409e-05,5.07792461477754e-06,1.6881401307431926e-05,6.482566897873896e-05,0.34513713287208164,0.33194335841752703,1.144898176910218,105.73971790736825
99.14999999999651,-1.6720029839168036,1.9674938016546757,-2.5302637587978465,-2.0971879270218006,0.23972609877373485,-1.8964979212488282,-1.674706525233652,1.9276690168298989,-2.5192909151360796,1.3328534167109449e-05,5.178598989176363e-06,1.7065193957419766e-05,6.481122069946496e-05,0.3517694249145601,0.31124407195712933,3.283267168166373,102.8622371892161
99.1999999999965,-1.6866499804547037,1.9578752327169044,-2.5155706730822316,-2.102669475316508,0.22304916290333607,-1.8802269068061135,-1.690014779070744,1.9176287458291026,-2.5040865581146092,1.322639775667009e-05,5.275167308329222e-06,1.7252332004734625e-05,6.479750631853584e-05,0.3510979126479999,0.3254202888543121,2.5005841430544535,102.99352393255157
99.2499999999965,-1.7011388992248342,1.948055050918389,-2.5009955840806857,-2.1078441984442216,0.20634672406232207,-1.86224574052624,-1.7051930337356134,1.907359758052252,-2.4897948015536726,1.3120454236126367e-05,5.367896206331008e-06,1.7442704582385925e-05,6.478372790323293e-05,0.34971843576361794,0.35962332559748783,2.8902951156969516,103.51184390229861
99.2999999999965,-1.7154649974910026,1.938026093724438,-2.4864528294537447,-2.1127562822435517,0.18945809577313188,-1.84543238864153,-1.7184949416375919,1.8966383915168965,-2.4786148221252184,1.3012512975877788e-05,5.4551950257314535e-06,1.7636904670695092e-05,6.47706464859171e-05,0.3517735751468092,0.3362670376942192,1.84532870892367,109.68015203384807
99.3499999999965,-1.729658007297265,1.9277767588613308,-2.4720107118752526,-2.1174041968934647,0.1724205822680614,-1.8288085914380294,-1.733029212597159,1.8871137814598042,-2.4668699109117687,1.2904638128263527e-05,5.537554817974596e-06,1.7833313541306993e-05,6.475838025357642e-05,0.3532065455112898,0.3324759440700297,3.445121695740512,105.66354299915507
99.3999999999965,-1.7437176047005216,1.9173065929116297,-2.457654567250944,-2.1217617298691005,0.15532920731124245,-1.8120576801637498,-1.7468867415792813,1.876761120728097,-2.4505688398431373,1.2796156902360354e-05,5.615539941526339e-06,1.8030866671083192e-05,6.474680358550157e-05,0.3527664757877762,0.33501822548561205,1.9671905307122632,103.39670833179683
99.44999999999649,-1.757586768710846,1.9066623938209286,-2.4434027475433853,-2.1257844228876013,0.13841988720258303,-1.796647958624435,-1.7599211844929625,1.8659143257665318,-2.4328722906256814,1.2684018323671515e-05,5.6905644340256386e-06,1.822834607255504e-05,6.473454564997579e-05,0.3476280448493099,0.30819443078631387,0.9212724624474904,103.58227039735178
99.49999999999649,-1.771321731310572,1.8957945459765468,-2.429292207067831,-2.1295299973115753,0.12148035527321077,-1.7801707115600756,-1.7721525827954108,1.8553913788502423,-2.415677815933684,1.2566692224200593e-05,5.761254413980649e-06,1.843024003611932e-05,6.472169867961478e-05,0.34697773959847816,0.3295449412872091,1.6571791239434592,103.01698864355981
99.54999999999649,-1.7849074832997947,1.8847317212897121,-2.4152774180887087,-2.1330306169727224,0.10437236260710302,-1.7650877351232253,-1.7840691730635234,1.8452314402799952,-2.399093526880932,1.2445966168586115e-05,5.82666321880353e-06,1.8637384604852677e-05,6.47089872259942e-05,0.34925264904124087,0.301659528737022,2.194702515991301,100.86812606988472
99.59999999999648,-1.79832249074003,1.873496246600172,-2.4013857230054203,-2.1363221817040148,0.08701791766361819,-1.7513858906390567,-1.7965791280881673,1.8334875346207204,-2.383430771736144,1.2322586586299587e-05,5.886017653338564e-06,1.885022234653634e-05,6.469698567567778e-05,0.35327951491771875,0.2740368896833849,2.251824879547752,104.7670135367534
99.64999999999648,-1.8115843836478374,1.86206397539268,-2.3876245008411,-2.1393799660065618,0.0693828603999999,-1.7335775200618337,-1.8086662195442993,1.821885336709874,-2.3643543486939547,1.2195352178753676e-05,5.938735219456986e-06,1.9070104258845513e-05,6.468580637817609e-05,0.3579685772839038,0.3561674115444783,1.432103741326742,107.6738661410641
99.69999999999648,-1.824674768402494,1.8504542863022384,-2.373966434161213,-2.1420781722010513,0.05211148957326579,-1.7179582586966726,-1.8215237173288705,1.8090432643222472,-2.345393885346231,1.2063645778918578e-05,5.988993003807588e-06,1.9288626192624855e-05,6.467367141918484e-05,0.3496208114314951,0.31238522730324153,1.6528366844628264,114.28379374955087
99.74999999999648,-1.8376059180258704,1.8386492017008127,-2.3604013764570286,-2.1445187107432164,0.03474664600098948,-1.702894860695413,-1.8338869649716594,1.7964871894559375,-2.3323579016575744,1.1927592288460132e-05,6.033250392920544e-06,1.9512056304252722e-05,6.466068194189738e-05,0.35071346428876504,0.3012679600252081,1.6916444121242755,119.14813238829375
99.79999999999647,-1.8503709486835345,1.826674006115389,-2.3469302707421567,-2.1467116375424578,0.017221097533141213,-1.6876587126469083,-1.8463639716982874,1.7851152750449506,-2.3248172376542438,1.1791777001413623e-05,6.071917847192343e-06,1.973826664955994e-05,6.464786727609356e-05,0.3532476818703945,0.3047229609701132,3.458779685555401,116.03644459889742
99.84999999999647,-1.8629669538493463,1.81453110238059,-2.333560224621292,-2.148624009308196,-0.00016428538059314393,-1.6730506808889205,-1.857110415587158,1.7730086573457857,-2.3061199952023683,1.1659990206349321e-05,6.107817614808117e-06,1.9959930401431584e-05,6.463576874302638e-05,0.3498080301103659,0.2921606351597715,1.2811502910797854,121.64074004119398
99.89999999999647,-1.8753911446522373,1.802224875471591,-2.3202923613879887,-2.1502691650962342,-0.017569335554893185,-1.6570254757534069,-1.8693022124184242,1.761094489793156,-2.296192181760598,1.1523339101887613e-05,6.138085073206112e-06,2.018609926283362e-05,6.462367269556208e-05,0.349656317059845,0.32050410271029317,2.0867631105505837,119.63391618872177
99.94999999999646,-1.887662530544262,1.789742598384415,-2.3071322409473343,-2.1516381200993733,-0.035078951848167686,-1.6406158176135774,-1.8793821994590536,1.7497281137907672,-2.2855027617404975,1.1388956678807115e-05,6.163514432302859e-06,2.041237915721594e-05,6.461224810052417e-05,0.35126492703341916,0.32819316279660865,2.858709452455598,122.1961129729138
99.99999999999646,-1.8997673501878538,1.7770968361232513,-2.2940820001917546,-2.152734646301312,-0.052627280704294684,-1.6257867153213983,-1.891300161919102,1.7360951585203297,-2.261828240248901,1.1256811783452319e-05,6.184701327408589e-06,2.06377176940867e-05,6.46019480859575e-05,0.3516543078534039,0.29658204584359943,3.9400542338348576,127.93821265081066
100.04999999999646,-1.9116870970536168,1.764313429717474,-2.2811493425088174,-2.1535609070489494,-0.06993265789782062,-1.6112252669954177,-1.9033864733520736,1.723656967734839,-2.2570678999876286,1.1116327294601923e-05,6.200647000637648e-06,2.08667269660495e-05,6.45904113221904e-05,0.3465048861933669,0.29122896651962915,3.0546755239514587,124.04783459267857
100.09999999999646,-1.9234678530232827,1.7513390255528911,-2.2683921842681065,-2.1541280385172126,-0.08728152974832262,-1.5957237493331222,-1.9135900654469706,1.7120919118795528,-2.244895166902048,1.0981710014960061e-05,6.213538448328623e-06,2.1092675695084836e-05,6.457934433681578e-05,0.3471662577027689,0.3100303532459265,3.6080181970845073,123.31600984714878
100.14999999999645,-1.9350505543846128,1.7382335242573745,-2.2557165631854397,-2.1544329070682444,-0.10483499450554386,-1.5806014093807503,-1.9239801327899506,1.7001010076982237,-2.2359436953102927,1.0848163377631324e-05,6.2205066701089986e-06,2.1320784346730166e-05,6.456935905390946e-05,0.35112558642528546,0.3024467990474547,3.902977476674055,123.25444448727536
100.19999999999645,-1.9464611425706935,1.72498402212041,-2.2431694662827693,-2.154486847234215,-0.12255894693340645,-1.5670779226359273,-1.9346277651663961,1.6870867451524028,-2.2240065775422653,1.071826152341211e-05,6.222688810454338e-06,2.1548543000974155e-05,6.456090908946285e-05,0.354483391367356,0.27046973489647663,0.8503357426373714,125.48614786856503
100.24999999999645,-1.9577244777933878,1.7115606967833088,-2.2307451972415966,-2.1543119305642064,-0.1399882914573217,-1.5544438903326072,-1.9453230999141682,1.6737309830544311,-2.205530801729923,1.0588349876180878e-05,6.222765944266409e-06,2.1772896450549722e-05,6.455275485542814e-05,0.3486067627516904,0.25268064606641455,3.1578282307387515,126.89685498554205
100.29999999999644,-1.968796481542919,1.6980282622428178,-2.2184267479934077,-2.1538999496960476,-0.15743219162321284,-1.5399225935432714,-1.9560001689609494,1.660700753329663,-2.1959185176335927,1.0453603489419582e-05,6.215938326985595e-06,2.2001189123683004e-05,6.454397331820336e-05,0.34897835540503885,0.29042593578673104,2.3146795599939582,126.13630457951712
100.34999999999644,-1.9796998724481605,1.684347711515508,-2.2062389910265328,-2.1532495834929875,-0.17482883564378807,-1.5269357066020484,-1.9657847225380056,1.6483825066907292,-2.183649050837919,1.0321634341510536e-05,6.20607333205993e-06,2.222745841291935e-05,6.453535601589266e-05,0.3481783789891041,0.2597377388244762,2.892705319622867,125.14537830194234
100.39999999999644,-1.990437551875992,1.6705187427622235,-2.19418876412703,-2.152371037024792,-0.19217293821250062,-1.513435656043727,-1.9761518102505224,1.6347504862275735,-2.166988425790954,1.0189770011089418e-05,6.191970181133739e-06,2.245325590733465e-05,6.452682733682067e-05,0.3473294218928328,0.2700010111664425,2.8654726004049786,125.79051125691677
100.44999999999644,-2.0010073351755655,1.656566863028812,-2.1822390568780476,-2.151246670586764,-0.20955586442642443,-1.4989724965411748,-1.9855313003458808,1.6219367227517851,-2.155804393284238,1.0055144785722939e-05,6.171148990526153e-06,2.268179571873826e-05,6.451801138924623e-05,0.3483880670015682,0.28926319005106044,2.2160278182854243,126.90144408530851
100.49999999999643,-2.011401095889302,1.642494217591923,-2.170422333710236,-2.1498700694445856,-0.22710144384217554,-1.4860238056934842,-1.9950528202902755,1.6079159204830704,-2.143957135956484,9.922961235096412e-06,6.144972224025774e-06,2.291064786352475e-05,6.450968142540622e-05,0.3519924519728395,0.25897381695382526,0.6451969262868368,131.5355739860551
100.54999999999643,-2.0216246597517884,1.6282959636523031,-2.158718481099792,-2.148305922620276,-0.24431980184197546,-1.4743825310392271,-2.0046768146257055,1.5950104167347035,-2.137607961621488,9.791198571545058e-06,6.1172831168022436e-06,2.3135876205459985e-05,6.450127525494084e-05,0.34578709246433703,0.23282549308515543,4.650484180755196,129.31246204642613
100.59999999999643,-2.0316688083085195,1.613991290381112,-2.147128303714212,-2.1465029667320072,-0.26164708144267335,-1.459850284376011,-2.0145777948157737,1.5806920969844207,-2.1222185338136814,9.663280492938411e-06,6.085689902837727e-06,2.3359728701334633e-05,6.449346424171094e-05,0.34841963741659443,0.2906449332643391,2.4733292778345195,129.66075425062402
100.64999999999642,-2.041549224027869,1.5995619209598875,-2.135651432314074,-2.14444966490101,-0.27906473677879146,-1.4470530688717378,-2.0246166153456997,1.566551467216876,-2.1202991892225853,9.534611516940488e-06,6.0475751493167944e-06,2.3585334519879643e-05,6.448592090865782e-05,0.3507677086983235,0.25594431008548174,3.206751054502039,128.66162427532984
100.69999999999642,-2.051281327268223,1.5849886478027315,-2.1242922983950048,-2.1421545360278498,-0.2965673722240394,-1.4337665268284387,-2.0349223025086802,1.5514838346519468,-2.1058870160201097,9.41320972377276e-06,6.008047022258885e-06,2.380703130154106e-05,6.447966052466794e-05,0.3530520914607638,0.2657308408659952,3.6435262637496924,125.92856288542498
100.74999999999642,-2.060823721066591,1.570332470120409,-2.113056640126074,-2.139621881310756,-0.3140693818214314,-1.4204082012565715,-2.0439699015991817,1.53746424051085,-2.094096411437407,9.290579336751073e-06,5.962616791111212e-06,2.402969555131591e-05,6.447379861620233e-05,0.35368875039850983,0.2671665114373594,1.7407442626489635,125.70841620410239
100.79999999999642,-2.0702099940565732,1.5555438344636805,-2.1019576509779725,-2.136888784836866,-0.3314053509924068,-1.4084491732448876,-2.052910965964215,1.522204944617167,-2.080495875208832,9.168508180193748e-06,5.9141479390072085e-06,2.4249881433433564e-05,6.446795715635231e-05,0.3510038827879178,0.2391805602336917,0.7708946210054994,129.8453280341983
100.84999999999641,-2.079417594696604,1.540662854296381,-2.0910146218308716,-2.133998075275262,-0.3483422825573685,-1.3950513731968928,-2.0623870256767516,1.5079869743842091,-2.0706314583094034,9.044168646859908e-06,5.863355433495355e-06,2.446738020180014e-05,6.446130399311469e-05,0.34363950215787303,0.2679560009599128,3.3778249427521314,124.9413454101608
100.89999999999641,-2.0884522758602193,1.5256739716222145,-2.08019935701042,-2.1308436786528078,-0.3654857906300051,-1.3826129085819654,-2.0713666165503883,1.4924485023012186,-2.062208866431554,8.922897623308912e-06,5.807030996341649e-06,2.4684804386134496e-05,6.445472654060877e-05,0.348628171347456,0.24876929229856173,2.4701951204122077,127.73386415863672
100.94999999999641,-2.097331138355364,1.5105672489555808,-2.0695091819890434,-2.1274477560858065,-0.3827735440323602,-1.371048767204902,-2.080563445719729,1.4773426507517713,-2.0494685626832987,8.805276797586474e-06,5.7465662886880905e-06,2.490168968715896e-05,6.444881926980654e-05,0.3523646786631191,0.23128282754128124,4.347632151777876,124.63654080032332
100.9999999999964,-2.1060302223538683,1.4953897943697494,-2.058934074138292,-2.123896347081574,-0.3997752590092483,-1.3586951364414852,-2.0890739052054883,1.4621310265693814,-2.0354347546416975,8.686521557186358e-06,5.683120237623724e-06,2.5115967652236e-05,6.444272183234928e-05,0.34737567828145394,0.24707261526834962,2.817729746871442,125.09401939523792
101.0499999999964,-2.1145905422915603,1.480084149301608,-2.048444763297608,-2.120121728015776,-0.41675699967616686,-1.3454587398665327,-2.097539379825522,1.4455276182765044,-2.0201527057636794,8.567068345535497e-06,5.613549068102776e-06,2.5330041087332016e-05,6.443624670796718e-05,0.3479262471401158,0.26472793149906404,0.9632563555480838,130.60256734872203
101.0999999999964,-2.1230767349047004,1.4645302996433078,-2.0369971500978132,-2.1160932397884316,-0.43388916486201773,-1.3342412360753722,-2.1059077006008255,1.4296164928531927,-2.0136793390704506,8.448012789377207e-06,5.53648702141889e-06,2.5545378395532305e-05,6.44295991561629e-05,0.3519903687973622,0.22435007582322497,1.7275253212535127,132.28710962217778
101.1499999999964,-2.131423445789381,1.4488765304751543,-2.025487887170672,-2.1118234569945695,-0.45118567003794496,-1.3233125716422673,-2.1133892497335687,1.4154401428056944,-2.0041597764340797,8.334090526006301e-06,5.456212526217948e-06,2.5759503614461008e-05,6.442371856660793e-05,0.3563163176181095,0.21857328866210662,3.4405842104923274,131.6793554086772
101.1999999999964,-2.1395967561003655,1.4331214107096213,-2.01401467991004,-2.107438165794261,-0.4681213842311227,-1.3115349577124724,-2.120935296329849,1.4004072725588241,-1.9934357172642037,8.220857783977011e-06,5.37557805640756e-06,2.5969245940047517e-05,6.44179121222979e-05,0.34988725721213154,0.23555227859591235,1.3521859174758177,132.74624037411863
101.24999999999639,-2.147584984793692,1.41727763475301,-2.0026695016854634,-2.102853385519082,-0.48497139514518245,-1.2987333772857679,-2.127895946484788,1.3856357374892168,-1.9808275681183143,8.10876411641062e-06,5.291286051005925e-06,2.6177283180295362e-05,6.44121527787895e-05,0.3492547737840996,0.2560316085341056,2.062491386712504,135.24600022672797
101.29999999999639,-2.155376643534383,1.4013536609859423,-1.9915226752203117,-2.0980421904210282,-0.5018688695370034,-1.2880829257845854,-2.1337670036073524,1.3711653952258656,-1.9705414937331178,7.998368211749296e-06,5.201927712287178e-06,2.6384342680351506e-05,6.440659716550432e-05,0.35138307124229334,0.21300903002366292,3.012087358138584,144.06551232182358
101.34999999999638,-2.1629928591909793,1.3853250583133312,-1.9805734984545043,-2.093093106192392,-0.518548316663706,-1.2766244612391615,-2.141090826682075,1.3559672880988667,-1.966226669628961,7.888921224584576e-06,5.110657940801154e-06,2.6588433862433322e-05,6.440100058182399e-05,0.3479659196529309,0.22916929090849028,2.7540831999553173,144.83108434582968
101.39999999999638,-2.170408434798285,1.369247025337931,-1.9697944250257318,-2.087889841914688,-0.5354044992424933,-1.2661556911639271,-2.1487504128675075,1.3395517937530657,-1.9577537220521712,7.78572724000531e-06,5.017462121115904e-06,2.6790277379949026e-05,6.439627611498516e-05,0.3528215937271547,0.2093754015046998,1.8905900125489916,144.77386476636428
101.44999999999638,-2.1776547164285662,1.3530668050546386,-1.9591662451663265,-2.0825554218094715,-0.5520535326643163,-1.2552978643207342,-2.156238658888852,1.323413384452357,-1.954427606944839,7.684117163605516e-06,4.922969254426285e-06,2.6988648011045786e-05,6.439201886964271e-05,0.3496566055658514,0.2171565368638719,2.5846358696606444,146.66274688693187
101.49999999999638,-2.1847178008835604,1.336811527795204,-1.9486717272994676,-2.0771064675450788,-0.56846712246554,-1.2452338820514828,-2.1632444006922467,1.3071076242939694,-1.9414355829013472,7.586618627334695e-06,4.830803517274325e-06,2.7181846493504096e-05,6.438852989942251e-05,0.3458898999527132,0.20127964538503898,2.774564388311233,145.1539912668392
101.54999999999637,-2.1916049898587384,1.3204697380768435,-1.9383666632231578,-2.0714394609575355,-0.5849238147390508,-1.2330779175810855,-2.1699096427393005,1.291052403398844,-1.9302410459324926,7.489129203190978e-06,4.731730181687335e-06,2.737481881841618e-05,6.438500646278005e-05,0.3481042456720128,0.24311928940795813,0.7421525752363899,144.87541545223596
101.59999999999637,-2.1983103123996965,1.3040837998576678,-1.92819194625531,-2.0655639846271683,-0.6014030627033702,-1.2235401211272616,-2.1761674350262097,1.2753213696868908,-1.9226603519575427,7.393798643931527e-06,4.628521010488782e-06,2.756621575064269e-05,6.438149859390384e-05,0.34990807705505117,0.19075592907648767,2.2638625083293347,147.48215027563296
101.64999999999637,-2.2048493887337486,1.2876294641595094,-1.91817971047965,-2.0594867680951534,-0.6179137393867828,-1.2126759655074644,-2.1830979025734742,1.259397107378789,-1.9181780722346278,7.301496733290622e-06,4.522248163848044e-06,2.7755848418749925e-05,6.437819639936717e-05,0.35187386937409043,0.2172831123959554,2.661170375404015,146.09605139373897
101.69999999999636,-2.2112100428338524,1.2711181402133633,-1.9083187151911736,-2.0531418678401803,-0.634594870964352,-1.201986779470671,-2.1894785230602807,1.24346934382888,-1.9074429008823475,7.214727007395843e-06,4.413749440578158e-06,2.7943780282121362e-05,6.43755902360082e-05,0.35694310065214063,0.2137837207358838,2.9297165130527043,142.562811253302
101.74999999999636,-2.2174142633173854,1.254517093236023,-1.8986116261710901,-2.046801703594562,-0.6507508390693069,-1.191670482774281,-2.1951135862723596,1.2271616166059447,-1.8892540649868472,7.126467110303183e-06,4.305980041521691e-06,2.812671386944174e-05,6.437296099984319e-05,0.3471113132648991,0.2063259339278098,2.6842096036648675,139.90969824870038
101.79999999999636,-2.223437740991527,1.237904777026344,-1.889053206078725,-2.040215860522394,-0.6670329806621658,-1.1811927507635318,-2.2006028812096745,1.2118926289925978,-1.8773237706042933,7.037465707551275e-06,4.187867404944084e-06,2.83102967578687e-05,6.436948730729423e-05,0.3512744146684475,0.20955464021499645,2.577548546664173,138.3023467659034
101.84999999999636,-2.229308941185738,1.2211872914784367,-1.8796482745921863,-2.033458363061497,-0.6832858554545836,-1.172342030918746,-2.2062864095320682,1.1965947438997309,-1.8656463561663308,6.950246276858522e-06,4.06582865997354e-06,2.849223928989642e-05,6.436548541998338e-05,0.35203507407273343,0.17701439689572407,4.6159892071814355,134.01957257101844
101.89999999999635,-2.235010397655567,1.2044400837070552,-1.8703934926246155,-2.0266382196969044,-0.6992937248726094,-1.1637322755172839,-2.2115431965552994,1.1804435110626565,-1.8611365098246164,6.8632854784138764e-06,3.94167423486975e-06,2.867094624832346e-05,6.436085485141185e-05,0.3480046603770024,0.1721951080292514,1.5678610086439115,137.9872379090874
101.94999999999635,-2.2405486118768514,1.187645929016328,-1.861296551546448,-2.01956203375643,-0.7155002366120911,-1.1545069792077483,-2.2161715654415715,1.162642714234596,-1.8459754895492884,6.782090213832369e-06,3.815098593314364e-06,2.8847248151256972e-05,6.435675029551348e-05,0.35368101341445035,0.18450592619072403,2.282311807593046,145.9694926019944
101.99999999999635,-2.245929480322761,1.1708050089394006,-1.852350371030892,-2.012491230179696,-0.7312929626584167,-1.1451642655260723,-2.2216188228282694,1.1448206088288964,-1.842194360151569,6.698582471501703e-06,3.6853512833326518e-06,2.9019727565683615e-05,6.435241329105621e-05,0.3460685695319531,0.18685427363352905,2.093008191202082,150.4564116034449
102.04999999999634,-2.251157518259457,1.1538918172087806,-1.843565895681895,-2.0052122840147746,-0.7471313848256793,-1.1348522277108501,-2.227181267354697,1.1268047853666137,-1.8350798637309014,6.620014321562239e-06,3.5550918820138567e-06,2.918958054499184e-05,6.43485413488426e-05,0.3486209210613498,0.20624075630445604,2.831135574132121,151.33040666972911
102.09999999999634,-2.2562270426897766,1.1369608792484098,-1.8349372700738371,-1.9977230330765885,-0.7630387817247272,-1.126703557157919,-2.232405231950073,1.11085645081479,-1.8288570429954936,6.545761243931426e-06,3.423013108026213e-06,2.9357820090687132e-05,6.434536380943858e-05,0.3516451997615985,0.16297341105864038,4.799661359068446,147.89728373844991
102.14999999999634,-2.2611373422755197,1.120000669536419,-1.826460235036384,-1.9901921722322506,-0.7787241157133005,-1.119652201524569,-2.236526388529866,1.0946164639119922,-1.8187950815479936,6.473717459687742e-06,3.2923191599438653e-06,2.9521963231417477e-05,6.434273670421486e-05,0.3479912767879776,0.1410271126670072,1.6121784497839955,151.5226984494631
102.19999999999634,-2.265904189391645,1.1029808114232607,-1.818150489167818,-1.9824053780787294,-0.7946387588838681,-1.1118628100526031,-2.242085028068916,1.0766350768543247,-1.81368424006465,6.4054598751631565e-06,3.1553602808071015e-06,2.9685079597532803e-05,6.434033538520577e-05,0.354351022370925,0.1557878294393202,2.6557515179165656,148.6581149359134
102.24999999999633,-2.2705251950924934,1.085924687859003,-1.8099921508597225,-1.974618054161792,-0.8102660532659955,-1.1051315485461277,-2.247608385656112,1.058619785326738,-1.8107241661171898,6.339078213818535e-06,3.021074827441419e-06,2.984409020628616e-05,6.433843427742293e-05,0.3492024596553131,0.13462523012951855,3.172579710306425,146.94933350165275
102.29999999999633,-2.274992974687607,1.0688523374486398,-1.8019954172512977,-1.9667330741078646,-0.8257896854741175,-1.0965118715257844,-2.2516019092653403,1.0423657626944831,-1.8012370548404624,6.275976898459324e-06,2.8879914445288594e-06,3.0000114062731246e-05,6.433725859297205e-05,0.34822862857766107,0.17239354040687282,0.7398689008221248,146.91018028470725
102.34999999999633,-2.279325464265247,1.0517211482551299,-1.7941560907894054,-1.958659633077969,-0.841375215689697,-1.0891795915976346,-2.256598903222955,1.0247171700820863,-1.7920822419632745,6.2158238161275435e-06,2.751161615262666e-06,3.015406241277133e-05,6.43363060960851e-05,0.351050185852167,0.14664559856300557,3.5005145712191204,140.5209873184925
102.39999999999633,-2.283513661990408,1.0345778937441277,-1.7864686440539517,-1.9504861810023384,-0.8568630650901874,-1.0812386336962279,-2.2602781309116025,1.0081324322587835,-1.7805439783914307,6.157216379227739e-06,2.6117129723732416e-06,3.03052866005689e-05,6.433536408106988e-05,0.35024586190660467,0.15881915802814772,2.2362161931581723,139.97183264101133
102.44999999999632,-2.287565243904428,1.0173895719335642,-1.7789396295874744,-1.9421658864492868,-0.8723340791892735,-1.073498940884492,-2.2644166972468227,0.9910579706691409,-1.777000552383706,6.100364138553638e-06,2.4676442956531134e-06,3.04540214333521e-05,6.433405689808082e-05,0.3513295427986998,0.15479385623473127,1.65435138290013,141.21443070333345
102.49999999999632,-2.291481109499487,1.0001723362970814,-1.7715769886617752,-1.9337258122497398,-0.8877451396982058,-1.0659986596947348,-2.268789584307366,0.9738589898621974,-1.7731678791405285,6.047181956742445e-06,2.3249550762167403e-06,3.060010440270243e-05,6.433298510838238e-05,0.3514183181422185,0.1500056237951566,1.1965970042926268,139.4000949178489
102.54999999999632,-2.295265251727765,0.9829155608806044,-1.7643660351366341,-1.9251386136843112,-0.9031577467789259,-1.0589554520685835,-2.2729367743900233,0.957423009651093,-1.7665335219583287,5.997945100361296e-06,2.18279435643832e-06,3.074392082017523e-05,6.433247537312317e-05,0.3528680904046622,0.14086415252303025,4.150440332360132,133.81968860811594
102.59999999999631,-2.2989189198613498,0.9656468790350378,-1.7573272331976695,-1.916488782271167,-0.9184272308522461,-1.0518243703335743,-2.2766097594694976,0.9395338518378196,-1.7535163923020258,5.950478144728059e-06,2.0404707943731234e-06,3.088446769073749e-05,6.433226577463718e-05,0.35098605810239214,0.14262163470018674,3.122533041405873,129.47628864718914
102.64999999999631,-2.302437477179815,0.9483810007790827,-1.750433666313621,-1.907725186953033,-0.9336514344618914,-1.0451444739156046,-2.279901598414379,0.9225632035160286,-1.7471658646986044,5.904056112708287e-06,1.892664502305756e-06,3.102233477972962e-05,6.433180227424794e-05,0.35132783884499663,0.13359792835940248,1.200482786841759,130.43306011809787
102.69999999999631,-2.3058343487400865,0.9310760227078821,-1.7437102048866524,-1.898825536728485,-0.9488905826545178,-1.0393059584969597,-2.283374235116573,0.9038695151756534,-1.7380641612778234,5.86099907117627e-06,1.7437677059631766e-06,3.1157527443009976e-05,6.433133488575723e-05,0.35295115608178335,0.11677030837290793,1.4404177565881715,130.60820684071294
102.7499999999963,-2.3091059307605244,0.9137432787738119,-1.7371383933562259,-1.8899171837378623,-0.9639202539329109,-1.0321912946607963,-2.286163840913519,0.8874512121529691,-1.7302774098940668,5.818380050987445e-06,1.5933314014035266e-06,3.128951527534619e-05,6.433083351555619e-05,0.3494287105267804,0.1422932767232754,1.2839100180357819,131.10760482530384
102.7999999999963,-2.312251239601144,0.8964096638308071,-1.730721444922169,-1.8808896449222583,-0.9789402247193871,-1.027039950419406,-2.2892804928838957,0.870082296862436,-1.723451249756088,5.778679626768351e-06,1.4416182574839065e-06,3.1418943965249334e-05,6.433020289363882e-05,0.350483470991276,0.10302688482780786,1.2549402614637626,130.3829350653578
102.8499999999963,-2.3152815616231543,0.8790509169622969,-1.724478803433168,-1.8718318739386604,-0.9938148431624237,-1.0206164377543514,-2.2917373561327894,0.8544494810469138,-1.7157012191128844,5.740445041888522e-06,1.2895737811892307e-06,3.1545525168959715e-05,6.432965572603657e-05,0.3483093635810456,0.12847025330110234,2.893100252089055,130.13156930896199
102.8999999999963,-2.318197109346742,0.8616746558087816,-1.7183922333919583,-1.8626959925265214,-1.0086334100947898,-1.0160260585184524,-2.2948160985304638,0.8370110699584274,-1.7091064441547184,5.704593574959816e-06,1.136873275090852e-06,3.166941778635883e-05,6.432908581220856e-05,0.34816937674584925,0.09180758471798185,1.9126286770633871,127.77456321612685
102.9499999999963,-2.321007051439195,0.8442768996052494,-1.712475279841017,-1.8535581448441623,-1.0232924924056548,-1.010732075374583,-2.297669146736176,0.8184897106349682,-1.7032839854950022,5.67003455258378e-06,9.842766039503148e-07,3.1789996073030965e-05,6.43286266649592e-05,0.34547917526678124,0.1058796628773913,2.306294447366629,128.98980061614867
102.99999999999629,-2.3237050617035937,0.8268797912200097,-1.7067206106146993,-1.8442476684756264,-1.0380282872718418,-1.003873132716183,-2.300043703241616,0.8024199842170064,-1.6959083423558847,5.639195553866323e-06,8.294318712779028e-07,3.1908601028986576e-05,6.432853408312125e-05,0.34861429212665535,0.13717885316800976,1.456104798608778,127.65001472473499
103.04999999999629,-2.32629755970504,0.8094607146271835,-1.7011334076721507,-1.8347429741032015,-1.052864492329513,-0.9981826707239376,-2.303528707911631,0.7832025678312838,-1.6922704888736204,5.612349767978526e-06,6.721399257397924e-07,3.2024860894126444e-05,6.432834608238095e-05,0.35239354895713126,0.1138092398449084,3.5788632290150044,123.4254718418038
103.09999999999629,-2.3287869171113176,0.7920324950735746,-1.6957117008856697,-1.8251287909061538,-1.0676791062964508,-0.9921137764117858,-2.30703571944112,0.7651487213493124,-1.6892533051675749,5.588713049300077e-06,5.154845631782676e-07,3.21393206186161e-05,6.432861113816068e-05,0.3532173624641699,0.12137788624304603,4.318075749335566,116.46876124810017
103.14999999999628,-2.3311767091782265,0.7745867166918845,-1.690463511781039,-1.8155026096111153,-1.082310041898283,-0.9856146656189986,-2.309433122298773,0.7485544423685019,-1.6831094287439265,5.566644035634817e-06,3.6160047975978156e-07,3.225139023650358e-05,6.432944952218637e-05,0.350273448924512,0.12998221585574965,1.3469907108344192,113.38813906090023
103.19999999999628,-2.333462458442276,0.7571474480030467,-1.685345745763375,-1.8057492039300471,-1.0969474606177694,-0.9804338534231372,-2.311499849262025,0.7314211274543394,-1.678681733311807,5.547604004423888e-06,2.0696500262554234e-07,3.236095037866649e-05,6.433060305724508e-05,0.35178609475507866,0.10361624391723054,1.7428356841124635,114.26897031660496
103.24999999999628,-2.335658314643326,0.7396684424781454,-1.6803773305861194,-1.7959623714847268,-1.1114585558287393,-0.9744319951988611,-2.3141156287779925,0.7150292452233814,-1.6806110756004906,5.530198459262457e-06,5.345024113801542e-08,3.24682572216624e-05,6.433211452726207e-05,0.35005993382138567,0.12003716448553084,2.2935212956045907,112.96452267526834
103.29999999999627,-2.337754712976599,0.7222152592046186,-1.6755995367996894,-1.7860615904137076,-1.1259856404804227,-0.9707034942473332,-2.3158221800096426,0.6973550162074316,-1.6726011670534677,5.5168897467789395e-06,-9.493386127027622e-08,3.2574044330567446e-05,6.433454403520916e-05,0.3516031924396669,0.07457001903055915,0.8801839125854056,113.38102580011862
103.34999999999627,-2.3397674501521393,0.7047367996941092,-1.6709683597334088,-1.77626343432511,-1.140233292131596,-0.9660384859050124,-2.318469040486896,0.6805891778462382,-1.672429620868671,5.502603834161101e-06,-2.4336752893689146e-07,3.2676695205370393e-05,6.433739093701478e-05,0.3458323192261585,0.09330016684641691,3.4570743916276405,109.61505390641878
103.39999999999627,-2.341689934422376,0.6872470094702016,-1.66652385660858,-1.7662133999018843,-1.1547083171247947,-0.9617714606162706,-2.3210025885173016,0.66403988999152,-1.673518676869057,5.4940401618666745e-06,-3.912047681172558e-07,3.2778517918467957e-05,6.434070264771938e-05,0.3524372350511306,0.08534050577484088,3.1033718432006006,107.49943699969035
103.44999999999627,-2.3435329476515068,0.6697470902878045,-1.6622398567382448,-1.7562140377846795,-1.168991229338041,-0.9582448831248325,-2.3237033829910705,0.646165183523872,-1.6724816115080683,5.486574743098864e-06,-5.330913756144079e-07,3.287848070525689e-05,6.434472574573916e-05,0.3487056862715255,0.07053154982876902,1.6701518365622845,103.87613940961954
103.49999999999626,-2.345291537989545,0.6522461261290232,-1.6581303312995552,-1.7463327008390102,-1.1829717634535502,-0.952807429428217,-2.326493918830719,0.6284116991195884,-1.6713487175757586,5.4783817215425e-06,-6.706617369005503e-07,3.297593697947123e-05,6.434947854650973e-05,0.342401446333147,0.10874907393231772,2.7631907407960066,98.88858501517326
103.54999999999626,-2.3469699953293808,0.6347696428917787,-1.6541816267867244,-1.736102774474523,-1.1973085496940419,-0.9492689999035662,-2.3288979382462904,0.6109695921122698,-1.6658076913159126,5.477090889595406e-06,-8.098961377660872e-07,3.307274236523438e-05,6.435482403348896e-05,0.3522471613953608,0.07076859049302232,2.1820945760485917,90.95240726933665
103.59999999999626,-2.348574413974651,0.6172705872860978,-1.650400562958426,-1.725950176461972,-1.2114283495075617,-0.9455522151531848,-2.3307383297975037,0.5938994669251063,-1.664177298515807,5.475320767300081e-06,-9.483626787714175e-07,3.316648028578131e-05,6.43601832244431e-05,0.3478185396751496,0.07433569500763221,0.5094255824527155,90.37981503405017
103.64999999999625,-2.35010364038731,0.5997727068061067,-1.6467932826996223,-1.715828907581827,-1.2253966244719117,-0.941961969631782,-2.3321478217736917,0.5778166026937197,-1.6590028009945115,5.4742385304196445e-06,-1.0838416977170634e-06,3.325808529944756e-05,6.436571210610902e-05,0.34499455580748184,0.07180491042805988,2.0773607741813738,86.84244126592853
103.69999999999625,-2.3515675438692036,0.58226015885442,-1.6433500408349624,-1.7054934313334806,-1.239564423701691,-0.939121536875688,-2.3340745391163256,0.5613945337005695,-1.6548415834554118,5.477454274226794e-06,-1.2223373266675852e-06,3.334797179358435e-05,6.437107538792665e-05,0.3507413925228885,0.05680865512188283,2.6185926664666317,80.79127772646352
103.74999999999625,-2.352966376360606,0.5647553425145329,-1.640069008973596,-1.6951883170862188,-1.253599864655396,-0.9358195708523591,-2.336353160408437,0.5438231840671024,-1.65252043340167,5.481095400098786e-06,-1.359958963704257e-06,3.343558765677296e-05,6.437613910882615e-05,0.34824661255276324,0.0660393204665828,3.631709131622023,75.32031217036491
103.79999999999625,-2.3542984665045124,0.5472598588712854,-1.6369610743441614,-1.6846817813246222,-1.2678413334182956,-0.9345530868279659,-2.337356475267789,0.5280374597421457,-1.64668465745796,5.4894586296891836e-06,-1.4983040127782525e-06,3.3521927626601956e-05,6.43812854425526e-05,0.3539529732036228,0.025329680487863587,2.9065824943605865,72.29697398194251
103.84999999999624,-2.3555724241067355,0.5297422632036513,-1.6340196411570276,-1.6743801585666904,-1.2817277052065226,-0.9305085657479122,-2.3381203475737222,0.5113884933160547,-1.6369188725240347,5.495090337356354e-06,-1.6352435779976719e-06,3.360456672314421e-05,6.43861485034383e-05,0.3458063969430672,0.08089042160107798,2.9198003237586825,68.57481615596491
103.89999999999624,-2.3567889565798366,0.512235207431778,-1.6312328210711948,-1.6640102071938423,-1.2956182734868018,-0.9285100305413545,-2.3395635567594666,0.4944735625272698,-1.6340182033750188,5.502315748625183e-06,-1.7758213505047242e-06,3.368454214262806e-05,6.439039591785988e-05,0.3466894164170696,0.039970704131161376,2.5620532533527545,65.98701826002016
103.94999999999624,-2.357950634104192,0.4947227481945345,-1.6285966606445321,-1.6534209097800705,-1.3097546056399867,-0.927253656715207,-2.3412561728606525,0.47701432534149996,-1.6342836265024923,5.514602485563307e-06,-1.918146607071199e-06,3.376313581691044e-05,6.43943449780655e-05,0.3532529674320238,0.025127476522956934,1.8260222790126095,64.242714916034
103.99999999999623,-2.3590524481114405,0.47721171082695035,-1.6261685536539128,-1.6429146734403044,-1.3237390040594745,-0.9256959579340331,-2.343191905354968,0.45997247421609594,-1.6338586769011394,5.527115347726682e-06,-2.0561012572973428e-06,3.384068234867751e-05,6.439860422653369e-05,0.34982536388583607,0.03115397562347935,3.114097134496073,59.78278328501127
104.04999999999623,-2.3601077313131604,0.4596929558809192,-1.6239006811530783,-1.6323847998643106,-1.3377012113264446,-0.9235679437351161,-2.344868929004866,0.44379259837379464,-1.633907294210069,5.541351053734006e-06,-2.191822994148724e-06,3.3917129131108076e-05,6.440317582254808e-05,0.34975510558118894,0.04256028397834517,2.3562823171193914,56.53276957245962
104.09999999999623,-2.3611164372934876,0.44217618333643466,-1.6218045438669522,-1.6219347939360091,-1.35149050475962,-0.9210316507786649,-2.3464721980856655,0.426753806302241,-1.6293897747771833,5.555382810080111e-06,-2.3233333450763164e-06,3.39921004679717e-05,6.440818074115044e-05,0.34603317630392005,0.05072585912902367,1.514558988418077,50.30591740303635
104.14999999999623,-2.362084116318987,0.4246749630407474,-1.6198581753135757,-1.611379599159837,-1.3653553122524145,-0.919180657920283,-2.3477277961462586,0.40931286423390556,-1.6237985134863797,5.572041584616639e-06,-2.456401529778701e-06,3.406512891257448e-05,6.441337059106265e-05,0.3485083128249841,0.03701985716764097,1.0498280213755247,45.70605484142928
104.19999999999622,-2.363013375371098,0.4071666455820645,-1.6180735396189376,-1.6007947455573805,-1.3792236199076051,-0.9185694093476497,-2.3479559417759943,0.39131867845603696,-1.6155262888335307,5.590271870904227e-06,-2.590710481552947e-06,3.413538622150539e-05,6.441856389625968e-05,0.3489235403243564,0.012224971452662678,2.5535968672315486,45.956577179440515
104.24999999999622,-2.3639002583909106,0.3896667964725903,-1.6164784432255361,-1.5901816528695045,-1.3930978643086027,-0.9170229006497896,-2.3487878491278256,0.373014581118905,-1.6109769079512948,5.609892572796656e-06,-2.7288599419751663e-06,3.42025925523784e-05,6.442341333941294e-05,0.34936081916280065,0.03093017395720545,1.3655130848368635,45.215716482188796
104.29999999999622,-2.364754613271776,0.3721652520238592,-1.6150467427231243,-1.5794076502067893,-1.4071390151611485,-0.9155863809572562,-2.3496064824875083,0.3562775317488936,-1.6068407523026456,5.6334356493817215e-06,-2.869618284282696e-06,3.426822175558894e-05,6.442795088864092e-05,0.35396785419330795,0.028730393850665566,1.6514703048970667,43.766996560711505
104.34999999999621,-2.3655759789558233,0.35466737105804425,-1.613791484186514,-1.5687025095661595,-1.4210662379200218,-0.9153466919032955,-2.350374979217798,0.33823317592265234,-1.6078306510477531,5.657069247642279e-06,-3.008924290836284e-06,3.433179792497172e-05,6.443217496522657e-05,0.3513218304564263,0.004793781079211161,0.8550806610389422,44.68445744316993
104.39999999999621,-2.3663695518671535,0.33717354839290153,-1.6127000785808014,-1.5578641117048693,-1.4351528057174991,-0.9146249106002671,-2.3504797173352223,0.32085034393173606,-1.6033348935879628,5.684615622265974e-06,-3.1470040818050828e-06,3.439466825466419e-05,6.443685940203462e-05,0.3554727973993156,0.014435626060575208,2.360739486612231,47.0259829067426
104.44999999999621,-2.3671418643678845,0.31966889873793,-1.6117645072441549,-1.5472309347300588,-1.4489439238696267,-0.913334888673468,-2.3509642656543877,0.3031484818814526,-1.5975758637846464,5.709609625831517e-06,-3.2827320549821105e-06,3.4455065089151755e-05,6.444172239746494e-05,0.34828691305848003,0.02580043853598031,1.0646919160848212,47.548173113432995
104.4999999999962,-2.367885857031909,0.3021797736858708,-1.6110176319208283,-1.5364758255032978,-1.4628619683968414,-0.912457464018229,-2.351986690822085,0.28484681854199284,-1.6041146950381486,5.737845119776676e-06,-3.421351867937825e-06,3.451326817210636e-05,6.444642110541337e-05,0.35178650217993856,0.017548493104784867,1.5651288545001232,47.55852631169583
104.5499999999962,-2.3686097366523864,0.284690088990725,-1.610442588463545,-1.5258533515518489,-1.4765898194470866,-0.9120278403681601,-2.353289755305802,0.2672500283143066,-1.6135782715292097,5.765274228921127e-06,-3.550916981102274e-06,3.457215549719317e-05,6.445198690716524e-05,0.3471546352512533,0.008592473001378442,3.1116793384414025,48.980114143725345
104.5999999999962,-2.3693169758601,0.2671947996813505,-1.6100428664856772,-1.515051413918767,-1.4905357963071153,-0.9114997960128703,-2.3539939028667978,0.25003094006442034,-1.60710334369622,5.797595005953547e-06,-3.674350381789988e-06,3.4632733230511074e-05,6.445907474310377e-05,0.35280143675440667,0.010560887105797888,2.1542064413522866,45.12283863609296
104.6499999999962,-2.3700092739794267,0.24970763762352427,-1.609818471693549,-1.5044946016502738,-1.5041465531205476,-0.9106948550617471,-2.3545127361470697,0.2339318360632264,-1.6072152270385638,5.8262096368876575e-06,-3.796812797691326e-06,3.4690165517061105e-05,6.446639032659127e-05,0.3444990579532162,0.016098819022469648,3.986809220082275,45.20972248556531
104.6999999999962,-2.3706934955760075,0.23223499110316953,-1.6097481519663566,-1.4938259376397387,-1.5178996030852114,-0.911364881654785,-2.35476773560662,0.21740538212055152,-1.6043838693328445,5.8580614144824165e-06,-3.918227522742043e-06,3.474693172100753e-05,6.44739549970213e-05,0.3481188224928542,-0.013400531860756465,2.2189463180867564,45.777403437165695
104.74999999999619,-2.3713725266130377,0.21473642321952413,-1.6098484466916831,-1.4830703943196186,-1.5317855031404324,-0.9121502842483666,-2.3556998987760642,0.2005829565982189,-1.6045872228029885,5.892743525118741e-06,-4.041021539527981e-06,3.4802304028887654e-05,6.448142464399332e-05,0.35128333197748285,-0.015708051871638585,1.0757792114382834,43.897936112269434
104.79999999999619,-2.372046748076671,0.19728176674804382,-1.6101054253907507,-1.4722392060233922,-1.5457740278386716,-0.911708483770834,-2.355969256725833,0.18247411442165337,-1.603279807551538,5.930066340246047e-06,-4.163351133966806e-06,3.4856274731905804e-05,6.448884926136311e-05,0.3538324282665594,0.008836009550648189,0.5025785266036875,45.44776344330664
104.84999999999619,-2.372719076099726,0.17979538251764474,-1.6105439202958514,-1.4616128389950767,-1.5594977467956914,-0.9121306569803718,-2.356285780488764,0.1644963344518332,-1.5983379776233098,5.9647209841940795e-06,-4.281704929264094e-06,3.4908687618285606e-05,6.449649360828463e-05,0.3471369428373678,-0.008443464190755638,1.79092563270715,45.96196177653379
104.89999999999618,-2.373391913313766,0.1623316564686519,-1.6111503038162927,-1.4510498788808155,-1.5731599924400206,-0.9131559961855036,-2.356722225781701,0.14657535213183034,-1.5988965137887812,5.999346511164533e-06,-4.4008491709363845e-06,3.495870410408172e-05,6.450383887419425e-05,0.3453885397923346,-0.02050678410264127,0.5043980412723628,47.03353116918529
104.94999999999618,-2.374070069722345,0.1448616524228181,-1.6119222806101117,-1.4403920134603325,-1.5869687686921217,-0.9137982933153443,-2.3579111978084915,0.12894478579070492,-1.6036486706308224,6.037135483806372e-06,-4.519615180733225e-06,3.500801814293335e-05,6.451110946832387e-05,0.34886811683629937,-0.012845942596815853,1.2012411355846138,44.76987194326726
104.99999999999618,-2.3747559284691837,0.12740955427451675,-1.6128666109744387,-1.4296666397222482,-1.600879968633765,-0.914196514375051,-2.358319551534254,0.11141523158052621,-1.6027801074635113,6.0776194813957904e-06,-4.634682855764549e-06,3.505749994864492e-05,6.451872294392558e-05,0.351314747607119,-0.007964421194131118,1.059006915354971,45.50318904360061
105.04999999999617,-2.3754527029541554,0.10994160997847317,-1.6139804326341518,-1.4188698753202988,-1.6149269209722537,-0.916772915589199,-2.3591451264071424,0.09272241755836574,-1.6068762510470846,6.120952095491105e-06,-4.749543816441893e-06,3.510585565372105e-05,6.452665833489059e-05,0.3543372208384498,-0.05152802428296678,0.930367401020666,45.58499631813346
105.09999999999617,-2.3761575176972882,0.09249626975722143,-1.6152838301086883,-1.4081867618174853,-1.6288822564650371,-0.9180971898379493,-2.359896677098586,0.0756699878412125,-1.6074125711208382,6.163801268829974e-06,-4.859579911382707e-06,3.515399135691674e-05,6.453511916757246e-05,0.3514998423729476,-0.02648548497500128,0.4919938843679738,44.611974905373074
105.14999999999617,-2.376880050409093,0.0750310562135813,-1.6167515738020142,-1.3976282122804036,-1.6427201751332239,-0.9199369358083613,-2.361041850758504,0.05793952493973911,-1.613164304015744,6.205579085037928e-06,-4.966347784728235e-06,3.5200987855847906e-05,6.454368770039848e-05,0.3481212701625883,-0.03679491940824308,1.142622377491897,43.62224741074433
105.19999999999617,-2.3776241970036147,0.05758501884492331,-1.6183719964169212,-1.3871106842710403,-1.6565540940243952,-0.9215712434982155,-2.3622133302542716,0.039902036913449825,-1.6163406883187257,6.24817151616585e-06,-5.067978879106923e-06,3.524811805842173e-05,6.455270444554359e-05,0.3475605124484256,-0.032686153797084984,2.25498222042008,41.971823534668374
105.24999999999616,-2.3783847421201445,0.04016551190365478,-1.620181112155077,-1.376594803064218,-1.6704212422381122,-0.922398741390877,-2.363628197612415,0.021694264589135075,-1.6240439828964954,6.292054169509367e-06,-5.167148917603254e-06,3.5294469463473126e-05,6.456196841048874e-05,0.3480698633438411,-0.016549957853224856,2.8247735618308343,41.97072498028565
105.29999999999616,-2.3791749049887665,0.022731071520636765,-1.6221440536997114,-1.3660812653321142,-1.6843315997973942,-0.9247801506997053,-2.3646750948678954,0.0036617161157413446,-1.6257951187582704,6.3376624965627626e-06,-5.260206797885649e-06,3.534104338633737e-05,6.457202746536256e-05,0.3487306506489126,-0.04762818617657276,0.7848837507248286,40.56676850021764
105.34999999999616,-2.379997218215629,0.005290824195403328,-1.6242632067651817,-1.355530108816384,-1.6983483644366335,-0.9262915653572765,-2.3656547643897308,-0.013577813076186086,-1.6256358163463116,6.385375901995066e-06,-5.352955877783612e-06,3.538646453190655e-05,6.458241015034785e-05,0.35088268886616103,-0.030228293151421476,0.28179807044858096,38.06678991977825
105.39999999999615,-2.3808444803180318,-0.012125298820729814,-1.6265677720672709,-1.344917380387301,-1.7124979077497238,-0.9282472227242091,-2.3672290122990947,-0.030305094884138233,-1.634038715771366,6.4355019709166665e-06,-5.446545375529034e-06,3.5430693271522415e-05,6.459262154868575e-05,0.35374549064863614,-0.039113147338651656,2.26533141605585,37.994087676494324
105.44999999999615,-2.381728541344539,-0.02954503891342245,-1.629031419931826,-1.334581937838216,-1.72632819210185,-0.9297971016038522,-2.3678403166642523,-0.04649609654126773,-1.6331167766675934,6.481651514065317e-06,-5.530173961882236e-06,3.5474362918271965e-05,6.460285719626062e-05,0.3453104097003326,-0.03099757759285833,1.1573711453047069,36.09037468085018
105.49999999999615,-2.3826444326306593,-0.04697451531863282,-1.631684972143633,-1.3242435937058215,-1.7402202702065948,-0.932251034005894,-2.3688612485724976,-0.06383691660723195,-1.6368751469574216,6.528869651791916e-06,-5.61431018048079e-06,3.551617737484287e-05,6.461282038879237e-05,0.34633587394215115,-0.04907864804084397,0.48597259027757733,35.98948053380764
105.54999999999615,-2.383601752036098,-0.06437984245496801,-1.63449216135876,-1.313771263964193,-1.7543675725473948,-0.9348971718570258,-2.3690037120840226,-0.0812468877236733,-1.6316790788329745,6.580478082859311e-06,-5.698282491294519e-06,3.5556953790787395e-05,6.462290626740934e-05,0.3520318363547511,-0.052922757022634014,3.240571634255944,35.225082126467306
105.59999999999614,-2.3846024599945608,-0.0817847317273588,-1.6374675097580575,-1.3033851287955454,-1.7684896441401412,-0.938442403803105,-2.3706910076715313,-0.09872511805960434,-1.6379142911520164,6.631360439102759e-06,-5.784759438775371e-06,3.559515706192712e-05,6.463240391474432e-05,0.3506023569115949,-0.07090463892158229,1.3944446990495838,33.351630878355884
105.64999999999614,-2.3856447903573916,-0.09917357053153855,-1.6406184736188059,-1.2929930171325206,-1.7827098768960004,-0.9409545167424649,-2.3716916084318185,-0.11619452575623965,-1.6326507169639504,6.68429973356582e-06,-5.867941266559318e-06,3.5632959773305645e-05,6.46415676681885e-05,0.35225625194470295,-0.050242258787200844,1.8945698752765583,30.429373176701652
105.69999999999614,-2.386739597182777,-0.11657736043014774,-1.6438787678553772,-1.2826982083226104,-1.7968690429188947,-0.943301171625222,-2.3729068875462365,-0.13288584194148875,-1.6324365879092035,6.735985543441671e-06,-5.953682999161184e-06,3.5667939701240957e-05,6.464983017638286e-05,0.35012295642137353,-0.04693309765514353,1.5937498029456898,29.02167673109282
105.74999999999613,-2.387883112589429,-0.13394493793477819,-1.6473035255323785,-1.2725596338596734,-1.810895503411663,-0.9465388741786458,-2.374161126223613,-0.1504010210511047,-1.6362908237538438,6.7856855199471656e-06,-6.037068015347896e-06,3.5701004593535326e-05,6.465708705947455e-05,0.3461401726209976,-0.06475405106847676,0.7722946133379889,28.43092377183959
105.79999999999613,-2.3890837417886512,-0.15134526830121287,-1.6509105618994222,-1.2624320479531357,-1.825005818951145,-0.9499831892487327,-2.3759388182075885,-0.169223566946666,-1.643707836509139,6.8370433658062614e-06,-6.118197383180481e-06,3.573316404116e-05,6.466410643225144e-05,0.3473725948608584,-0.06888630140174047,3.4515515543829407,27.058584936493386
105.84999999999613,-2.3903346184975676,-0.16868523909487862,-1.6546755119477876,-1.252332948080338,-1.8391931160864892,-0.9543518233728734,-2.3773819656147634,-0.18519119658675698,-1.6464029134858986,6.890245366987604e-06,-6.194531387614294e-06,3.576513813818386e-05,6.467147162429104e-05,0.34829395663689555,-0.08737268248281622,2.104405883352342,25.43908432349264
105.89999999999613,-2.391648524070383,-0.18604551520142384,-1.6586158140587894,-1.242288886855477,-1.8534394942687238,-0.9590590538760448,-2.3795601924414838,-0.20116413914418646,-1.6582904424676423,6.944257285596802e-06,-6.269130535714872e-06,3.5796270714416244e-05,6.467884574193279e-05,0.34862186864637934,-0.09414461006343927,3.1938664462767905,23.80298893697319
105.94999999999612,-2.393023737111453,-0.20340247456292668,-1.6627128621141927,-1.2323014700917003,-1.8677335800346733,-0.9628146309845422,-2.3806588677247946,-0.21717608686724052,-1.6569430748359053,6.999831392721928e-06,-6.336196075961247e-06,3.582737599541638e-05,6.468677036434692e-05,0.34875191118613086,-0.07511154216994928,2.7077665080951245,22.651764333374558
105.99999999999612,-2.3944651384588247,-0.22074920463144773,-1.666982906414754,-1.2223450612568774,-1.8820933026002662,-0.9662712287455233,-2.3820867493029207,-0.23464367676472447,-1.6609969086881475,7.05589669724702e-06,-6.405022298549389e-06,3.585627279563298e-05,6.469471060674343e-05,0.34947504234637683,-0.06913195521962784,1.2289788254901848,22.491637836662267
106.04999999999612,-2.395973445707134,-0.2380783367894223,-1.6714262730663572,-1.2123916702279232,-1.8965742353436286,-0.9709577852665348,-2.38334588089891,-0.2530778525117538,-1.6677871582250294,7.1140770892723215e-06,-6.472147179310689e-06,3.588360741178894e-05,6.470282211571832e-05,0.3514358952845586,-0.09373113042022937,2.1695063017492484,23.986762316490204
106.09999999999611,-2.3975515795396687,-0.255394851323246,-1.6760206904687973,-1.202426574739094,-1.9112284270860203,-0.9762586777767766,-2.3848183959723745,-0.2721396775224057,-1.672764312350197,7.1754080568459635e-06,-6.536739936369573e-06,3.590970567275472e-05,6.471153069505848e-05,0.354428666508825,-0.10601785020484421,1.6525404060986058,24.818649342873357
106.14999999999611,-2.3992049406463622,-0.2727114430955243,-1.6807850837063363,-1.1927835454933529,-1.925572093624707,-0.9815699477977864,-2.386926429313966,-0.2901716484259561,-1.680036234277364,7.231994442625895e-06,-6.594746943392585e-06,3.5933157784525046e-05,6.472000257258092e-05,0.34567585108574356,-0.10622540042019779,0.8304611210673409,24.21947647328666
106.19999999999611,-2.4009339085176356,-0.2900256253138867,-1.6857185180433774,-1.1831726899959543,-1.9400374501064646,-0.9871522757603932,-2.388560937363239,-0.3082171500240308,-1.683804763036859,7.290832085535087e-06,-6.649583058083173e-06,3.595508472872869e-05,6.472834148543277e-05,0.3473418286306768,-0.11164655925214126,0.7046923864111161,24.26964201793118
106.2499999999961,-2.4027403259196918,-0.3073089457884136,-1.690814903020132,-1.1734159956570498,-1.9549073130157792,-0.9930830995610576,-2.3912369291328095,-0.3256579943048588,-1.6884384655907383,7.355766035249347e-06,-6.707068935678045e-06,3.597622211914542e-05,6.473700781191798e-05,0.3557003427208355,-0.11861647601328826,2.9854966283808806,21.359269783670296
106.2999999999961,-2.404628696365541,-0.3245802440930156,-1.6960807575550756,-1.1638537335109544,-1.9696443766686178,-0.9973655270960036,-2.393536117860578,-0.341467176002627,-1.6945631321846157,7.418443567786542e-06,-6.760990714126165e-06,3.5995096267618595e-05,6.474505096588137e-05,0.3513507501679819,-0.08564855069892256,1.4625520170439812,19.526969710450864
106.3499999999961,-2.4066023651331636,-0.34184095115543306,-1.7015081383839625,-1.1542072451667078,-1.9846509509186263,-1.001608287660639,-2.397076146745042,-0.3595225900129019,-1.6995897532908604,7.485494677032476e-06,-6.81464131502921e-06,3.6013654926678505e-05,6.475304537957853e-05,0.35679264874835404,-0.08485521129271245,4.5179673035606625,15.79485096638457
106.3999999999961,-2.4086660777010023,-0.35909815239780835,-1.7070945804618285,-1.1448647063627357,-1.999349095313134,-1.007574770863049,-2.400211071945724,-0.37609391816734133,-1.7079219716276004,7.5478599381491e-06,-6.861551647911721e-06,3.602946541779825e-05,6.476011399665864e-05,0.34832133426749884,-0.11932966404820917,1.314337174566817,13.834468253770458
106.4499999999961,-2.4108162860613707,-0.3763192171650267,-1.7128352365875432,-1.135614536585299,-2.0140762232844307,-1.0123611244200066,-2.4025927154646425,-0.3931596986667632,-1.7086419753102544,7.610988563904955e-06,-6.904416903231964e-06,3.604344660297453e-05,6.476666706011683e-05,0.3478243905245109,-0.09572707113915677,2.3081161937683343,12.108671838236857
106.49999999999609,-2.4130643159873557,-0.3935636438178337,-1.7187408480637023,-1.1264870524950976,-2.0287626563792203,-1.0170876976242402,-2.4047676682594936,-0.41121200901543686,-1.7102822776133417,7.672695537867104e-06,-6.947308290995203e-06,3.605432221855412e-05,6.477245115776369e-05,0.3458339714488197,-0.09453146408468309,3.1273996941296334,12.423906506054612
106.54999999999609,-2.415402746907132,-0.4107601504698383,-1.7248047470073624,-1.1173943971910378,-2.0435597969803494,-1.0224971650448462,-2.407219846161438,-0.42653452023674543,-1.7133271223551916,7.73561873596396e-06,-6.991246759975285e-06,3.6063072644172514e-05,6.477767603387786e-05,0.3473513990106533,-0.10818934841212531,2.3817610355900145,11.230595125973698
106.59999999999609,-2.417842639561175,-0.4279457712414043,-1.7310539193329118,-1.1081930658366896,-2.058733577677132,-1.028876038935302,-2.410102254421589,-0.4435302576122466,-1.719929796902151,7.803852667266567e-06,-7.03787471559814e-06,3.607083337789732e-05,6.478275523764547e-05,0.35491361604231303,-0.12757747780912418,1.5952795984815222,10.386075044975923
106.64999999999608,-2.4203847669918432,-0.4451205515934632,-1.7374617313424143,-1.0992056053017198,-2.073790574205091,-1.0364486170700165,-2.4135611674252266,-0.45955209459488955,-1.732777985186349,7.870427744542615e-06,-7.079210412948994e-06,3.6076547295658484e-05,6.478748089226878e-05,0.35070731996580873,-0.15145156269429844,1.9846887077352533,8.300239390115696
106.69999999999608,-2.4230277186174263,-0.4622702556139912,-1.7440035510761767,-1.0902927818256343,-2.088973643286026,-1.0434969114650272,-2.416844031300892,-0.4772423076119127,-1.7452018782337502,7.940051168999466e-06,-7.11461944762265e-06,3.6080750517618004e-05,6.479243982194736e-05,0.35211662400209376,-0.14096588790021736,1.0321537529289029,8.752253864974234
106.74999999999608,-2.425776380855237,-0.47939596005856944,-1.7507144075041168,-1.0815216704525399,-2.1041334925134456,-1.0490619101965981,-2.4200930530796874,-0.49467680144674714,-1.7518536969687786,8.010538569598404e-06,-7.1436337032770014e-06,3.608229229713478e-05,6.4797782847803e-05,0.3502880043494928,-0.1112999746314281,0.5379613037634929,8.379908850984986
106.79999999999607,-2.4286360879291236,-0.4965152272577801,-1.757572864993886,-1.0728517325532636,-2.1193395514153255,-1.056147077920679,-2.423550226252948,-0.5115726037837109,-1.7632398566759688,8.081962238073839e-06,-7.170055904223888e-06,3.608104730496496e-05,6.480322303318001e-05,0.3500818945549164,-0.14170335448161978,0.6895910963800923,9.021471284903761
106.84999999999607,-2.4316062778882874,-0.513602752472643,-1.7646219942625372,-1.0643004355127146,-2.1345685722521726,-1.0621664388000767,-2.426636595611581,-0.5282235521585942,-1.7668466861280494,8.154731464771256e-06,-7.191515996273162e-06,3.6076936761095666e-05,6.480862568461975e-05,0.3493128556382184,-0.12038721758796524,3.014149643758786,7.501745233755706
106.89999999999607,-2.4346913402368866,-0.5306660197011732,-1.7718197810399077,-1.0557105048189503,-2.1501075467868187,-1.0694468751861703,-2.430018453077713,-0.544834630072619,-1.776117620676189,8.231533140995513e-06,-7.215828139458347e-06,3.607087858241547e-05,6.481429021498416e-05,0.3551045093377357,-0.14560872772188013,1.7006644096469583,7.5221710180795025
106.94999999999607,-2.437894376368508,-0.5477098836220663,-1.7791943346602537,-1.0473742397283288,-2.1654716785671524,-1.0778890727295907,-2.4331676427064513,-0.563180876833613,-1.7795072050953527,8.306333007763173e-06,-7.233593958951714e-06,3.606072340995981e-05,6.481939798250663e-05,0.3496007298393002,-0.1688439508684169,1.367178828786297,7.526844565795265
106.99999999999606,-2.4412155688936132,-0.5647173405702054,-1.7867054914599476,-1.0390908388330236,-2.1810539308284858,-1.0865022821314416,-2.436162611042869,-0.5804767789465594,-1.7816131404046516,8.38340869446481e-06,-7.253763957731174e-06,3.604766555922926e-05,6.48241388635267e-05,0.35294375825592456,-0.17226418803702995,3.269284984904857,7.402746896469217
107.04999999999606,-2.4446622726450067,-0.5817172048084635,-1.7943984956703718,-1.031047598215721,-2.1964834897083927,-1.094025482315839,-2.440242210967319,-0.5983614734159188,-1.7916062219323718,8.456714710365502e-06,-7.27302852532345e-06,3.603060565915571e-05,6.482745591059485e-05,0.3480036981787582,-0.15046400368796123,2.020817383275732,7.934880399233462
107.09999999999606,-2.4482295328766908,-0.5986713821900789,-1.8022721189504263,-1.0230908392605278,-2.2120478487633033,-1.1024060043701978,-2.4440430837006106,-0.6164759636630974,-1.799950967313041,8.533072373784076e-06,-7.289325581757723e-06,3.6010552633375194e-05,6.483009851671021e-05,0.34960610648754714,-0.16761044108718562,2.447043815331846,8.972619805637951
107.14999999999606,-2.4519263495680796,-0.6156066828169716,-1.810318047251109,-1.015280112875537,-2.227628038420122,-1.109773806018321,-2.4476553178294185,-0.6324558782591597,-1.8029270697551063,8.609998027809747e-06,-7.303120065537549e-06,3.598701495424544e-05,6.483210534801475e-05,0.348569149801139,-0.14735603296247998,3.5154647693917296,8.092338712974641
107.19999999999605,-2.4557472349745084,-0.6324899282351831,-1.8184939401377225,-1.0075520436015872,-2.243342609919322,-1.1177232004325255,-2.4518888577878295,-0.6497398484949313,-1.8110039552957058,8.687773924936109e-06,-7.318558853075443e-06,3.596133154538381e-05,6.483362869929096e-05,0.3502413037106481,-0.15898788828410074,2.443001481016182,8.42309324331242
107.24999999999605,-2.4597046252237282,-0.6493552969508656,-1.826812754810395,-0.9999579072321899,-2.259098780322386,-1.1256158564028231,-2.4556411775156213,-0.6644903461836892,-1.8140648918697073,8.766536320192498e-06,-7.331662546877766e-06,3.5932534431766556e-05,6.483459794668324e-05,0.34981675265493856,-0.15785311940596836,2.8408346191077642,7.634718803574337
107.29999999999605,-2.4637979770167466,-0.6661893882570364,-1.8353038388433902,-0.9925326449501967,-2.2748499486948184,-1.134946089713715,-2.460873033613852,-0.681621649070796,-1.8296547933741982,8.844049769923063e-06,-7.344420782206043e-06,3.590168381484353e-05,6.483474148152223e-05,0.34827347005113546,-0.18660466621785254,3.3493585157345147,6.695834074499797
107.34999999999604,-2.468023026758233,-0.6829720481504298,-1.8439416227464902,-0.9851901676159693,-2.290789396004611,-1.1432993948314467,-2.465655653234527,-0.6977535223228204,-1.8423948767644645,8.926840132993416e-06,-7.352457063673924e-06,3.586786248398553e-05,6.483507774735188e-05,0.3509870338257622,-0.1670661023546449,3.23852321867098,6.208942399065392
107.39999999999604,-2.4723892179797184,-0.6997206887826547,-1.8527361858014244,-0.9779999360517638,-2.3067679433492945,-1.1525973498667796,-2.471114322748004,-0.713672108947946,-1.853278610322651,9.012066635285964e-06,-7.355620208671305e-06,3.583064257912763e-05,6.48356424977659e-05,0.35043722235451036,-0.18595910070666863,1.957562425255432,5.935190529352946
107.44999999999604,-2.476895941325708,-0.7164319647058895,-1.8616576653901649,-0.9709483560557286,-2.3228472073363977,-1.1624105188329898,-2.4754034996800214,-0.7301090468269846,-1.8635292624486326,9.099804680421993e-06,-7.356042661233892e-06,3.578986529319685e-05,6.483629760246866e-05,0.3511523798137248,-0.19626337932421378,2.584143559206245,5.811935177143873
107.49999999999604,-2.4815521492264954,-0.7331214369592216,-1.8707731949584823,-0.9641200863616745,-2.3388112536913037,-1.1708240928057287,-2.4805559335824614,-0.7453094879828024,-1.872317496256542,9.186518195621534e-06,-7.352539778260509e-06,3.574479033735055e-05,6.48365803456917e-05,0.3472623339526109,-0.16827147945478804,0.9537960219071929,4.6934596966239965
107.54999999999603,-2.486351273029097,-0.7497579389036433,-1.880035069611186,-0.957433786783278,-2.3548648172183273,-1.1814713843024531,-2.48533084711931,-0.7600528413356485,-1.877015379816804,9.275091639469837e-06,-7.3473296568465365e-06,3.569665843643319e-05,6.483646546938371e-05,0.3478082005933103,-0.2129458299344993,2.38348240108951,3.141611713957375
107.59999999999603,-2.4912914606867256,-0.7663277161355458,-1.8894579983820246,-0.9509921255900262,-2.3708156951324635,-1.192490281244555,-2.4904566203665297,-0.7769788751873813,-1.8886503231638363,9.360869360492747e-06,-7.340986344637301e-06,3.56447510247737e-05,6.48351837495454e-05,0.344051449265953,-0.22037793884205087,1.631998518817359,3.4402894661769734
107.64999999999603,-2.496383252953118,-0.7828503766527896,-1.8990365469722277,-0.944580985139491,-2.3871514539031096,-1.2011224132214668,-2.495579038868535,-0.7932953173811529,-1.8941799842207216,9.453045377096638e-06,-7.3365296566652165e-06,3.559097180360212e-05,6.483418422464736e-05,0.3509767221710014,-0.17264263953824785,2.3078026813270704,3.4387913541700805
107.69999999999602,-2.5016242974475813,-0.7993257268136518,-1.9087935560615743,-0.9382670095706364,-2.4036557809884056,-1.2096975898410198,-2.5019826326725148,-0.8110187670312549,-1.905391398017047,9.54671329755529e-06,-7.3343547962921505e-06,3.5535277572364397e-05,6.483317744837807e-05,0.3534181735521379,-0.17150353239107108,1.2249366317621266,4.870683032292958
107.74999999999602,-2.507025110355124,-0.8157623409911743,-1.9187047304530829,-0.9321240164164276,-2.420133882383318,-1.2182186318855108,-2.5077412111525246,-0.8269281103143926,-1.9158931796175893,9.64153691534015e-06,-7.329110979356517e-06,3.547525749423988e-05,6.483171075588206e-05,0.35171924129286886,-0.17042084088982817,1.4128192078692834,4.685197985196172
107.79999999999602,-2.512580964991557,-0.8321399526855238,-1.928744031385001,-0.9260808876937415,-2.436809091121445,-1.2280133162638895,-2.514324816091449,-0.8432629108057123,-1.9270541543376118,9.740338366826836e-06,-7.323627417782731e-06,3.541289319387723e-05,6.483036556895343e-05,0.3547306055051812,-0.19589368756758618,2.0577554219137926,5.5032146027190425
107.84999999999602,-2.5182879361720145,-0.848447976814571,-1.9389644978278464,-0.9202870119561132,-2.453317151276591,-1.2384974206614783,-2.5206601392528887,-0.8605788989341854,-1.933844903265911,9.838260429584402e-06,-7.313495182557623e-06,3.534512974692438e-05,6.48281194558815e-05,0.34990733048211564,-0.2096820879517873,1.820153672552958,7.403066435502446
107.89999999999601,-2.524166147795318,-0.8647138487349129,-1.9493135505097368,-0.9146292813185949,-2.469974174372655,-1.2482271554924889,-2.5268923703904766,-0.8765911052584034,-1.9388913615964376,9.937450428734587e-06,-7.305453940921359e-06,3.527518368551985e-05,6.482533783829498e-05,0.3518344927799606,-0.1945946966202244,2.9513686539821737,8.949859980344023
107.94999999999601,-2.530192509122521,-0.8808946389362371,-1.9597913596842134,-0.9091715061412818,-2.486595422685532,-1.2588273071956084,-2.532823114157582,-0.8911123649122498,-1.952461994073217,1.0034949580321388e-05,-7.2976358582672165e-06,3.520263373348653e-05,6.482157535099269e-05,0.3498891659601546,-0.21200303406240256,1.8998930763485977,6.503608963530269
107.999999999996,-2.53638172509549,-0.8970261371388097,-1.9704086348062753,-0.9038625884179713,-2.5033725196795418,-1.2698276610327122,-2.538618383613263,-0.9072892838634706,-1.9610823683513823,1.0136877607726548e-05,-7.287994002072769e-06,3.512693532980684e-05,6.481782450035701e-05,0.35194244615826403,-0.22000707674208828,1.9916215680106426,6.572506000223357
108.049999999996,-2.542734707138857,-0.9130836631782182,-1.981176125477323,-0.8987644700161048,-2.5200979593317077,-1.2800333773022872,-2.5458909171410893,-0.9235957104287128,-1.970096280445849,1.0238106950029664e-05,-7.277370097766735e-06,3.5047748198850333e-05,6.481349943555233e-05,0.34970490215172895,-0.20411432539151123,1.199319369564374,8.521190809777963
108.099999999996,-2.5492595014234674,-0.9290775430527409,-1.9920722988386275,-0.8937953038553241,-2.53699426378409,-1.2894929057582227,-2.5525689954263697,-0.938605400764727,-1.9862648281446469,1.0341744933529661e-05,-7.268251524136702e-06,3.496685392826825e-05,6.480886208707845e-05,0.35223857225040284,-0.18919056911872326,1.96461100445794,6.392073090075882
108.149999999996,-2.5559445868084985,-0.944977750383934,-2.0031179383016506,-0.8890788443018965,-2.553663394398744,-1.3006233565563945,-2.5595180383081404,-0.9536679208954749,-1.9967574416381768,1.044649060373748e-05,-7.252014470790249e-06,3.487908299912258e-05,6.48035057576301e-05,0.34647251229680914,-0.2226090159634464,0.6762104789050487,6.198178142874592
108.199999999996,-2.5628104563698693,-0.9608223381683532,-2.014319125707878,-0.8844899897540182,-2.570606745011494,-1.3119891861397956,-2.5675715443707747,-0.9696330328781521,-2.0100303936909225,1.0555513448779504e-05,-7.238077482544729e-06,3.4790466227030165e-05,6.479837382362165e-05,0.351077218396928,-0.2273165916680373,1.9082634094150133,7.519167973274525
108.24999999999599,-2.569848690561456,-0.9765871081045481,-2.0256652114329037,-0.8800960663632725,-2.587542901018933,-1.321915792463418,-2.5744805756171334,-0.9838970658853244,-2.0197641218406917,1.066626538571596e-05,-7.222390724240056e-06,3.469761341087752e-05,6.479299704852156e-05,0.34993854142702296,-0.19853212647245594,3.460721271770792,6.515853944813824
108.29999999999599,-2.577062098479098,-0.9922732603909106,-2.037179186318752,-0.8758770701967746,-2.604516019612594,-1.3324135270543094,-2.5823384904356352,-1.0006695012635811,-2.029638983507305,1.0777917036564846e-05,-7.2068397505691966e-06,3.460235053735813e-05,6.478743227915029e-05,0.34979393510139434,-0.20995469181784193,1.081446828435161,8.661103155088666
108.34999999999599,-2.584438573727442,-1.0078628783091872,-2.0488969879429795,-0.8718293337345856,-2.6215857946046106,-1.3435222104687077,-2.5893451254813833,-1.0141151575662153,-2.0464630574481655,1.0891439496206643e-05,-7.19229392194918e-06,3.4504478488484336e-05,6.478159845553865e-05,0.3508643918387496,-0.22217366828797866,4.084108028309458,5.484987839872433
108.39999999999598,-2.592005173052078,-1.0233901117481112,-2.060758160586867,-0.8679903389807337,-2.638675977244727,-1.3561429458807297,-2.5970802056048594,-1.0285206694226763,-2.0639688675496406,1.1009370215357515e-05,-7.174723123364178e-06,3.440186620305113e-05,6.477599698778187e-05,0.35032344821422134,-0.2524147082404542,1.7544575202151136,4.7767433118126545
108.44999999999598,-2.5997313047278645,-1.038786487490836,-2.0727410811563978,-0.8643666861170807,-2.655748927878041,-1.367166412860607,-2.6059334419199,-1.0424150638309893,-2.0771739101126103,1.1130754373449997e-05,-7.154711498675409e-06,3.429429652928416e-05,6.477019926743651e-05,0.34906709274395537,-0.220469339597557,7.347869263672433,5.479986632912151
108.49999999999598,-2.6076476166927742,-1.0541108200714258,-2.084857582608078,-0.8608846802353217,-2.673161935130599,-1.3797008955415868,-2.615641133462267,-1.057185402036048,-2.092038494654785,1.1258093632359901e-05,-7.137957248585104e-06,3.418682943769259e-05,6.476522748195783e-05,0.3551570442541645,-0.25068965361961065,4.211407376162565,8.167747844086666
108.54999999999598,-2.6157453914718736,-1.0693451071824007,-2.0971613514103713,-0.85764595491126,-2.6904291295290905,-1.3910698263184296,-2.624069469313253,-1.072305475089411,-2.1043952594434012,1.1385842946136414e-05,-7.118868058508692e-06,3.407413899752209e-05,6.475968267550103e-05,0.3513679943168577,-0.22737861553686772,1.4117498016728136,8.5873300192929
108.59999999999597,-2.624031006164827,-1.0844850094799166,-2.109566372415349,-0.8546251828813455,-2.7076307075479815,-1.4028475407041388,-2.632389847192417,-1.086572648441342,-2.114100927663614,1.15140653108306e-05,-7.09936575682615e-06,3.395741099753191e-05,6.475338342238803e-05,0.34929808239182253,-0.2355542877141953,0.9272892848227641,7.860916676050224
108.64999999999597,-2.632489200566862,-1.099504665201201,-2.1221076315984444,-0.8518127950354354,-2.7248128917609016,-1.414261550358284,-2.641482133974062,-1.100968169709484,-2.12900665897792,1.1641484653231578e-05,-7.081108005587861e-06,3.3838909602572e-05,6.474624893029725e-05,0.34821847785059723,-0.22828019308291983,1.8877365790440512,8.738446262454424
108.69999999999597,-2.6411250151250174,-1.1144145732145412,-2.134755745129966,-0.8491802685810493,-2.742109159853664,-1.4252455311108543,-2.6508586144876976,-1.1160887454305577,-2.136362960350805,1.1772618128922349e-05,-7.064072425207455e-06,3.3717736283303914e-05,6.473872400270177e-05,0.3499109389109567,-0.21967961505141495,1.009810034742349,10.056370872032145
108.74999999999596,-2.6499458813606505,-1.129229433546328,-2.147597765262356,-0.8467735737698524,-2.7592810874095903,-1.4378553967353587,-2.6592443826396472,-1.1291573221705666,-2.1438340831344567,1.190099183672239e-05,-7.047693665920695e-06,3.3594371716104576e-05,6.473012472971358e-05,0.34679749710261265,-0.2521973124901043,1.7077105296124517,9.27888091301011
108.79999999999596,-2.6589563305192216,-1.1439377060248952,-2.1605893249634693,-0.844585958793911,-2.776493254342476,-1.4508988398833274,-2.6688500967648063,-1.1427122772928597,-2.1570361207366675,1.2028064829676486e-05,-7.033819622165299e-06,3.3471446336431836e-05,6.472094418905258e-05,0.3470150532391541,-0.2608688629593864,1.4657254948011964,9.906278537704921
108.84999999999596,-2.6681436143117496,-1.1585063955160226,-2.173697415042982,-0.8425774173328734,-2.7941364615376223,-1.4639854422779586,-2.678082640033057,-1.1559873740079174,-2.1670762747378016,1.2161313553469382e-05,-7.025320608612256e-06,3.335083385700549e-05,6.47129918524341e-05,0.3551458849809387,-0.26173204789263743,2.0204720631962005,10.585407797008024
108.89999999999596,-2.677510870126665,-1.17295198380121,-2.1868910940147623,-0.8408570251466317,-2.8114485740306505,-1.4795074912988897,-2.687374225490783,-1.169713410138262,-2.18363135706583,1.2291300042361382e-05,-7.014116702921413e-06,3.322548215579873e-05,6.470428509797871e-05,0.34795118350517873,-0.31044098041863843,3.4256591420981697,9.15791689977943
108.94999999999595,-2.6870799531521654,-1.187296668164448,-2.2002353015407925,-0.8393746459932945,-2.828806520999057,-1.491697379606699,-2.696705724963844,-1.181553604464237,-2.201886074415384,1.2424287885508364e-05,-7.0037933086607726e-06,3.309753467631249e-05,6.469520594784946e-05,0.3484247574797157,-0.24379776615619797,3.4073438320899956,7.649166415987109
108.99999999999595,-2.6968100017306877,-1.201492556510383,-2.213707483315659,-0.8381256039538401,-2.8461917585474388,-1.5064517798500763,-2.706384500505606,-1.1965383661673734,-2.2151151835093805,1.2562546611987394e-05,-6.9932419853493955e-06,3.29651471335759e-05,6.468636434472336e-05,0.34860413196268686,-0.2950880048675606,2.8652582369139026,7.490052105512711
109.04999999999595,-2.706735167462026,-1.2155576153272047,-2.227325383710228,-0.8371277517930447,-2.863473126581117,-1.519785955232219,-2.7159202471012254,-1.209592680603002,-2.2279034156697106,1.2700634357092217e-05,-6.983298040582525e-06,3.282955673850898e-05,6.46767811686817e-05,0.3462056208568356,-0.26668350764287196,2.6336968055159398,6.962059171739579
109.09999999999594,-2.716859738518994,-1.2295047826336134,-2.2410726510451333,-0.8363466995044907,-2.881096492963744,-1.5332264014653754,-2.727623798627088,-1.2227763014573518,-2.2413653695745124,1.2842890611604991e-05,-6.978911340206232e-06,3.2696977825972855e-05,6.466827582252294e-05,0.35281596903453266,-0.26880892466314205,3.6290050499223354,9.493005645412639
109.14999999999594,-2.7271536579862605,-1.2432718592941896,-2.254966127936802,-0.835813613775403,-2.8985496575535086,-1.5472976656086828,-2.738049791482087,-1.236194712813795,-2.258144602793901,1.298470035147655e-05,-6.974146922457322e-06,3.2561049655408077e-05,6.465919270144549e-05,0.3492289595417825,-0.28142528286616536,2.294688993404346,9.287029674004314
109.19999999999594,-2.7376269023303506,-1.2569100587506803,-2.2689928104236396,-0.8355209859025472,-2.9162316891798845,-1.561199112118024,-2.74889615739948,-1.2494823158645618,-2.2687488219111542,1.3131748248342882e-05,-6.973342990280708e-06,3.242503883396166e-05,6.465086127597773e-05,0.3536919054643353,-0.27802893018683994,1.2009792558775523,10.3245446016645
109.24999999999594,-2.7482836208918666,-1.2704230179911469,-2.283161172107065,-0.8354760950583899,-2.9337409755636856,-1.5752658915134037,-2.760845579865412,-1.263852317536741,-2.280833708351615,1.3276287230003689e-05,-6.973064021587359e-06,3.22875126641271e-05,6.46419061899867e-05,0.3501897658234003,-0.28133558790760993,1.584185631286057,13.004155582075015
109.29999999999593,-2.7591087316790652,-1.2837554480158904,-2.2974536916027644,-0.8356766681883468,-2.9511079999931664,-1.5894238923789656,-2.771516337283659,-1.2755090959329942,-2.2929427934088595,1.34196381354765e-05,-6.973497798292117e-06,3.2148074589435666e-05,6.46317505930344e-05,0.34736655337815814,-0.28316001731125395,2.3266575607832083,13.455539080055486
109.34999999999593,-2.770150582797783,-1.2969647600308845,-2.3118731275429942,-0.8361282900876126,-2.9686038431022053,-1.603783493796601,-2.7833799570143705,-1.289530197701523,-2.3091242013767523,1.3564186653921287e-05,-6.9775722619646485e-06,3.201064237764558e-05,6.462162627399309e-05,0.3500364277294619,-0.28719202835272317,1.7458718413050363,14.22830327130379
109.39999999999593,-2.7813574048854894,-1.3099935103863891,-2.326416883931809,-0.8368349182335992,-2.9861344478466334,-1.6183820583962898,-2.7962607817894183,-1.3025342788633043,-2.33014209370715,1.3711733454031128e-05,-6.984148599701242e-06,3.187178148310712e-05,6.461148803290079e-05,0.3508999247419999,-0.29197129199379435,1.3275993231045469,16.34024781892188
109.44999999999592,-2.792769931117888,-1.3228825236162645,-2.3410902416663335,-0.8377991022937203,-3.003560758482871,-1.6337563086164986,-2.8082677471043236,-1.3144527706103382,-2.346229408285592,1.3863806812776134e-05,-6.991480212334959e-06,3.172757637418729e-05,6.460105438834028e-05,0.34906271830572916,-0.30748500440419474,0.3653014937536459,17.392629796076353
109.49999999999592,-2.804348020227991,-1.3355841399624795,-2.3558822377607025,-0.8390310653951056,-3.0210696929071075,-1.648328738071316,-2.820524982890207,-1.3266739179301479,-2.3617061914027984,1.4018114213241761e-05,-7.0023617113467115e-06,3.158403999388283e-05,6.459092929086861e-05,0.3510475578614112,-0.2914485890963663,1.6372195337528423,18.723737754268402
109.54999999999592,-2.816107034968092,-1.3481127862993463,-2.370792316538304,-0.8405115602407812,-3.038607945039875,-1.6616949726985735,-2.83262806952996,-1.339362093290303,-2.374070151325286,1.4173565858075542e-05,-7.016362722859129e-06,3.144098186186121e-05,6.458112113403822e-05,0.3520152070262979,-0.2673246925451623,1.6863019231568641,19.51911799880993
109.59999999999592,-2.8280555147014557,-1.3604727947560518,-2.385860188345705,-0.8422330119915309,-3.0561488484399955,-1.675549730657898,-2.8456800701340668,-1.3512160710550085,-2.3868060098483155,1.4328513098525165e-05,-7.033391893501932e-06,3.1299445327798265e-05,6.457143909222928e-05,0.352506259481827,-0.2770951591865043,0.42051157185157956,22.40783535648612
109.64999999999591,-2.8401789530004438,-1.3726502478972824,-2.4010501725741564,-0.8442032344749741,-3.073589947526238,-1.691017900460136,-2.858111007381476,-1.3630383025373185,-2.400480941515709,1.448256284480103e-05,-7.052219780247469e-06,3.115783992066458e-05,6.456139740932864e-05,0.3510440750846643,-0.3093633960447803,2.2970703640804455,23.33369557936589
109.69999999999591,-2.8524896526183983,-1.3846458905295929,-2.4163633227596626,-0.846424631488644,-3.0909543312682586,-1.7050492515618116,-2.870476626848293,-1.3747795086596721,-2.414806181488124,1.4635612936842511e-05,-7.0732363752895606e-06,3.101690549326859e-05,6.455083531005902e-05,0.3501208107954549,-0.28062702203352685,2.2704666888114837,23.532687053693216
109.74999999999591,-2.864967806801644,-1.3964477698982767,-2.4317543538265345,-0.8489128473312264,-3.108420162407478,-1.719562832070526,-2.8828124314588432,-1.3858764187594208,-2.4327188998047675,1.478999537953499e-05,-7.0983771090589725e-06,3.0878391243767145e-05,6.454074042333875e-05,0.3528466743717157,-0.29027161017430414,4.295982362334589,22.405572820469537
109.7999999999959,-2.877645688165704,-1.4080816238402825,-2.4472742526553204,-0.851634201032786,-3.1256968509079175,-1.7344943522284246,-2.896125835658115,-1.3968653010057013,-2.4491216690972046,1.4945443621085904e-05,-7.124923571144939e-06,3.073661862616374e-05,6.453014062224504e-05,0.34979732117751094,-0.2986304031579875,0.6684297920652718,23.65510907584424
109.8499999999959,-2.8904663249753666,-1.4194886486390044,-2.4629276453419693,-0.8546145270856469,-3.1429167366322734,-1.7498521805862675,-2.909384735775955,-1.4086413921896608,-2.4598816074837124,1.5101836096498039e-05,-7.154339613729589e-06,3.059460329507055e-05,6.4519138516162e-05,0.34952127869786276,-0.3071565671568735,0.9750660548153905,25.756887228145356
109.8999999999959,-2.9034842975978723,-1.4306975682702259,-2.478746304829691,-0.8578656245013122,-3.1601063671785092,-1.765587261487115,-2.921920061507504,-1.4181388586507524,-2.480248448295968,1.5255955353546353e-05,-7.186475672805591e-06,3.045601642258988e-05,6.450802710973396e-05,0.34989103875938676,-0.31470161801697144,2.340854123163109,23.51965420038954
109.9499999999959,-2.9166806884366467,-1.4417174218049174,-2.4946502534142816,-0.8613454788355086,-3.1770158455229076,-1.78192461802099,-2.9357438782318246,-1.4283284299185595,-2.4951859987624534,1.5411555452573356e-05,-7.21980725069716e-06,3.0312353334262348e-05,6.449607611662887e-05,0.3452804502355925,-0.32674713067751593,1.3603564487796589,25.29018935848038
109.9999999999959,-2.9300239809508497,-1.452528841057132,-2.5106435194170307,-0.8651745100132466,-3.194219554213822,-1.7976688941246777,-2.9504714601730995,-1.4387603446498052,-2.5172413385886654,1.556887936507508e-05,-7.2597849844457275e-06,3.017622381756024e-05,6.448514365793051e-05,0.35249708604777485,-0.31488552207377307,1.7963694951971816,27.587700384755014
110.04999999999589,-2.943524526678502,-1.4631120812671496,-2.5267678065880506,-0.8692725910119408,-3.211265196977427,-1.8158042986465777,-2.9641056766967817,-1.4488843245379426,-2.532659003773694,1.5729588799640037e-05,-7.3032452228133995e-06,3.0036115976464674e-05,6.447427101513615e-05,0.350631789177763,-0.3627080904380226,1.654318560026477,27.86940563149057
110.09999999999589,-2.9572083228405694,-1.4734808777512867,-2.5430829945782625,-0.8737222703187542,-3.2284422846926875,-1.832739428857829,-2.977349140136479,-1.458609813483442,-2.5521640123952745,1.5890555360767883e-05,-7.351915839327937e-06,2.9901579366672314e-05,6.446439938262124e-05,0.3548856228961084,-0.338702604225045,2.7832577051517293,26.69576436217662
110.14999999999588,-2.9710559052411054,-1.4836289435252006,-2.5594958843478817,-0.8784002170058001,-3.2453017216923223,-1.8501708699470223,-2.9897264192600232,-1.4672782971166693,-2.5658279629253653,1.6051489197639706e-05,-7.402256902297359e-06,2.9762865211393498e-05,6.445401804482001e-05,0.349932309288608,-0.3486288217838891,3.2566200038987114,24.068732331641908
110.19999999999588,-2.9850582790805396,-1.493546717326669,-2.5759943362300115,-0.883380235161334,-3.262174827575636,-1.865415835398197,-3.0045298291061546,-1.4781897489093407,-2.576977324489703,1.6210306507029656e-05,-7.456044712214801e-06,2.962959412192451e-05,6.444387013700377e-05,0.3518569466744094,-0.3048993090235155,1.2162374862474783,25.843627404220396
110.24999999999588,-2.9992177988323805,-1.5032475022378962,-2.5926127801655157,-0.8886640663482446,-3.2790426319366714,-1.8833118901136419,-3.0188967665185,-1.4873541100405796,-2.590857587672235,1.6367068148507543e-05,-7.513187771516193e-06,2.950138163660192e-05,6.443374718915737e-05,0.3535251249255706,-0.35792109430891705,1.7348721389660384,27.178802820489143
110.29999999999588,-3.0135320549924365,-1.5127056689515563,-2.609336960668955,-0.8941367265555155,-3.2955102162843968,-1.8999740057053787,-3.033644550869659,-1.496093173102251,-2.6089730965166966,1.651962726377023e-05,-7.569760730951114e-06,2.9371757145656942e-05,6.442243207174287e-05,0.3470667433892549,-0.33324231183475655,1.6676268135494512,27.929295708351024
110.34999999999587,-3.027990991294238,-1.5219192661626353,-2.626173946072214,-0.899879274977577,-3.311838277731357,-1.9179922767291295,-3.0478915853752677,-1.5046107237465645,-2.6273748078352903,1.6672425591831232e-05,-7.629946800880797e-06,2.9242321803080462e-05,6.441033847997125e-05,0.3461736895159001,-0.3603654204750366,3.0341800098734764,27.284490576417973
110.39999999999587,-3.0426130676261205,-1.5308987371677616,-2.643112481076123,-0.9060174644426471,-3.3283480568018446,-1.935509283587744,-3.0623873385222558,-1.5130514739772578,-2.6484398409202443,1.6826795301809453e-05,-7.696911949084643e-06,2.9119327062471642e-05,6.439918292627475e-05,0.35228290235382576,-0.35034013717231355,1.7006007816425106,26.453151027168435
110.44999999999587,-3.0573770020921485,-1.5396320608403442,-2.66018857574504,-0.9123645200213581,-3.3445399848168806,-1.9532457923437692,-3.076946217388453,-1.5198618803420787,-2.672944694786717,1.6981100217160487e-05,-7.766771760053787e-06,2.899310095179664e-05,6.438758511625499e-05,0.3478341999671503,-0.35473017512052185,4.506286420278072,27.37216296697642
110.49999999999586,-3.072280164856587,-1.5481116434286732,-2.677378216081632,-0.9190001934282591,-3.3606475454179314,-1.9698951812060734,-3.091863657377429,-1.5283554209634944,-2.683533178731174,1.713732201225422e-05,-7.842777802467836e-06,2.8867158798267772e-05,6.437593665742905e-05,0.34842082644418243,-0.3329877772461037,2.9426728252501366,27.1227244174684
110.54999999999586,-3.08732688001935,-1.5563332997473582,-2.6946627805844257,-0.9258777602506751,-3.3765434117747106,-1.9883855768699514,-3.107907890525861,-1.5359071251776557,-2.6966013074113877,1.7289022990435276e-05,-7.919448078349194e-06,2.8745398753305898e-05,6.436386195682415e-05,0.34640325608142714,-0.3698079132775793,1.420052264754246,30.20508086985591
110.59999999999586,-3.102499284336438,-1.564290047576205,-2.712058239632829,-0.9331186624205741,-3.392493836060702,-2.0054963826369714,-3.1234784270891782,-1.5429345001105461,-2.717811908132769,1.743788253487977e-05,-7.999498600099399e-06,2.8632343795148006e-05,6.43524043808556e-05,0.3503450789073788,-0.3422161153404218,1.5528128704691755,30.98908676950393
110.64999999999586,-3.1178226161217446,-1.5720002430266882,-2.729547901282832,-0.9405980839587217,-3.4082469618730937,-2.022649708707926,-3.1387010994915556,-1.5498618364719432,-2.7305893032299844,1.7586458113592326e-05,-8.083991507659425e-06,2.8519358969038016e-05,6.434097199809155e-05,0.34877510004498696,-0.3430665214191115,1.6499137649566444,32.35063134270271
110.69999999999585,-3.133272762974754,-1.5794377433788438,-2.7471324321769925,-0.9484387864563281,-3.424041331647891,-2.0405082075686707,-3.1542378856017663,-1.5566253689548932,-2.750640754565802,1.7732354557221357e-05,-8.17192790496133e-06,2.8414871413565038e-05,6.433047992125426e-05,0.35267378481585493,-0.35716997721491683,1.2401047225456805,32.45485222882522
110.74999999999585,-3.1488290531070384,-1.5866068583240138,-2.7648064234673106,-0.9565249712444316,-3.4396283996199672,-2.05819390073332,-3.1697146521105433,-1.5632446247430511,-2.773817678637881,1.7877090697519843e-05,-8.263914186008233e-06,2.8311513180648977e-05,6.432008316716414e-05,0.3511985817611254,-0.35371386329300464,3.661386698668011,32.08469670199206
110.79999999999585,-3.1645227497116624,-1.5935069243244036,-2.7825873484922563,-0.9648185128426788,-3.4549637407795966,-2.07492272023301,-3.1854351850795397,-1.5696219848026098,-2.7867218547698767,1.802126884232358e-05,-8.360754055826824e-06,2.820752495675005e-05,6.430911860568847e-05,0.34869046984712043,-0.33457638999381917,1.916830834873588,33.09153248952158
110.84999999999584,-3.1803265801391176,-1.6001205945250234,-2.800475090419052,-0.9733966256850456,-3.4701980976530713,-2.0923249556369026,-3.202986281443304,-1.5768405571560418,-2.8066270305528858,1.8161863798335355e-05,-8.459466069489664e-06,2.8110055576017895e-05,6.42980151578311e-05,0.34967262599667576,-0.3480447080778669,2.387073995448595,35.20604008653142
110.89999999999584,-3.1962439235013944,-1.6064502992125245,-2.818470682751607,-0.9823850631348677,-3.4854938435208753,-2.1118354854276,-3.217976912426049,-1.5816927386201853,-2.8223322363996206,1.83021452711397e-05,-8.565273815943321e-06,2.8019809066642255e-05,6.428757587073889e-05,0.35483057033203963,-0.390210595813969,2.878855376694162,35.32324649115652
110.94999999999584,-3.212262197339508,-1.612500768494634,-2.836587250809031,-0.9915423329636995,-3.5004006259047364,-2.1314962353661553,-3.2331499893906885,-1.5860213862096542,-2.8458043099703327,1.8438388566187834e-05,-8.671550790924638e-06,2.793021254313313e-05,6.427693888193484e-05,0.34990147815097555,-0.39321499877112936,1.7186640095533507,35.3209889730904
110.99999999999584,-3.2283944317047313,-1.6182614924981071,-2.8548112677343047,-1.0009326939254555,-3.515048230278188,-2.1502616322606922,-3.248958957054489,-1.590352113910018,-2.864188907600037,1.857305609361534e-05,-8.783042928415323e-06,2.7841608770578415e-05,6.426567614578928e-05,0.3479885496274707,-0.3753079378907609,2.8906367864845537,36.76412174742101
111.04999999999583,-3.2446164738435046,-1.623728820289849,-2.8731264709752127,-1.0106467677506108,-3.5296271192691178,-2.1668436596999516,-3.2649018294128713,-1.5942539248530512,-2.885317173656478,1.870482050721811e-05,-8.898248607490023e-06,2.7760250320440955e-05,6.425461663364775e-05,0.3503793755048058,-0.3316405487852043,1.4506306829525129,38.71972830975478
111.09999999999583,-3.2609494902958778,-1.6289008267386709,-2.8914595967614347,-1.0204937993941126,-3.543864336305328,-2.184935590047823,-3.281517611137746,-1.5982387575966228,-2.90390787316655,1.8833758976608654e-05,-9.01724029841122e-06,2.7679097415552418e-05,6.424277014421914e-05,0.346219904105833,-0.36183860695744713,2.0759384674998453,41.020170514135266
111.14999999999583,-3.2773590073886174,-1.6337720805669462,-2.909885771518673,-1.0306508632701794,-3.5579848357025297,-2.2037984501887196,-3.29700702619673,-1.602714142672096,-2.918710769051767,1.895989854853896e-05,-9.140302146811908e-06,2.760407021523156e-05,6.423080344914508e-05,0.34788700515934723,-0.3772572028179542,2.0588083480845625,40.567959734552666
111.19999999999582,-3.293878181321221,-1.6383446182089685,-2.9284357411693325,-1.0412189568844508,-3.572108029531308,-2.2225921072809562,-3.3130945054555396,-1.6069188921490942,-2.933263663222544,1.908272136920884e-05,-9.266288538478113e-06,2.7539522370129284e-05,6.421984249538704e-05,0.35279363085262505,-0.3758731418447552,1.766209761687394,41.2881397352287
111.24999999999582,-3.3104585964990534,-1.6426218081461819,-2.9470691544878593,-1.0520115605860472,-3.585994330373308,-2.240382008307445,-3.3297877608081867,-1.6108668733017928,-2.9522696650388687,1.9201456850729516e-05,-9.392773747162335e-06,2.7479964376928014e-05,6.420933061286992e-05,0.3517486622033747,-0.3557980205297883,0.978344338444227,41.87242751266005
111.29999999999582,-3.327100467303424,-1.6465918520072613,-2.9658076561159135,-1.0630128176828004,-3.5996124345544365,-2.260217702248283,-3.346154171793653,-1.6135727905319666,-2.9781327362666294,1.93168127784865e-05,-9.522934252490418e-06,2.742370681886721e-05,6.419865893525372e-05,0.350137383461298,-0.3967138788167828,3.3231249041933935,43.3539010081039
111.34999999999582,-3.3438126394214103,-1.6502572364130568,-2.984658166684516,-1.0742053073547022,-3.6129155625587908,-2.28026802396833,-3.362928991135493,-1.6168003823578385,-2.99270001461724,1.9429116752775257e-05,-9.659725646293566e-06,2.736927389819188e-05,6.41872350443674e-05,0.34770974421559053,-0.40100643440096345,1.5714670961587875,44.50389256646036
111.39999999999581,-3.360604547760763,-1.6536114994118147,-3.0036129771290785,-1.0856869004995429,-3.626029986108898,-2.2995435502684085,-3.3799235902731968,-1.6195241846402535,-3.0139866973221654,1.953733172539213e-05,-9.797075777434655e-06,2.732208528071479e-05,6.41756887084482e-05,0.3486112408636305,-0.385510526001591,1.1654235331710716,45.73018328290261
111.44999999999581,-3.3774377453342295,-1.6566519680425134,-3.0226551766923393,-1.0975427862952094,-3.6390622224552636,-2.318384649588405,-3.3980818312296917,-1.6217869265109304,-3.029793475851357,1.9641840308317247e-05,-9.939768765984442e-06,2.7284059688148733e-05,6.416460571896928e-05,0.3523693486768167,-0.3768219863999508,1.1848179162347485,48.977330770072136
111.49999999999581,-3.3943313124350163,-1.6593519618638648,-3.041807350289691,-1.1095784757114011,-3.6517705356875276,-2.339651102292221,-3.416164082932694,-1.6238229990693096,-3.0523304697198492,1.97418283852289e-05,-1.0083495163783679e-05,2.7250298932636354e-05,6.415345557829721e-05,0.35006890259298623,-0.4253290540763474,5.749747112964593,51.120941352191586
111.5499999999958,-3.411242255167553,-1.6617595111244416,-3.061058977696303,-1.1218693126723402,-3.6642299649182455,-2.3591146175586224,-3.433828640840121,-1.6253220407247373,-3.074432716358082,1.9837573249987677e-05,-1.023152083916317e-05,2.7222206773655847e-05,6.414201908653236e-05,0.35003526667988905,-0.3892703053280511,1.6988953248585328,53.71699415611988
111.5999999999958,-3.428220014925967,-1.6638429110331803,-3.080378059003463,-1.1343086864625804,-3.6763620629510596,-2.378283832620903,-3.452330371101849,-1.6270070394231944,-3.0947574497280597,1.9928641871084156e-05,-1.0383230484941573e-05,2.7197996399062773e-05,6.412999902699101e-05,0.3475255780991697,-0.3833843012456374,1.0813182560872345,56.23544990208828
111.6499999999958,-3.445235639411385,-1.6655995018183334,-3.099775964698835,-1.1471415585396965,-3.6884146429031093,-2.396795313732285,-3.4702428687983122,-1.6285472410608202,-3.112539325673984,2.0015245076874035e-05,-1.053890865934655e-05,2.718460593892358e-05,6.41182537457727e-05,0.35211142573362153,-0.3702296222276644,1.1076064259291991,57.616139253223395
111.6999999999958,-3.4622587066801627,-1.6670226010765163,-3.1192426712081573,-1.1604076436984696,-3.7004024796614385,-2.4167390231011368,-3.487770218566821,-1.6292714394489392,-3.1261906873409435,2.0097388622828475e-05,-1.06976724490684e-05,2.7183099965037754e-05,6.410752667673826e-05,0.35760751807963376,-0.39887418737705804,1.4532528878516133,60.26637974335368
111.7499999999958,-3.4793232560587035,-1.6681137753472217,-3.1388208805020863,-1.1735636702717107,-3.7118390769770984,-2.4352556985876834,-3.5046746822999153,-1.6306842616416068,3.135754325841056,2.017539609798376e-05,-1.0853013540876598e-05,2.7179545760906118e-05,6.409629322450376e-05,0.34864622525180894,-0.3703335097309534,3.0406496636500053,58.733075668061176
111.79999999999579,-3.4964060586934465,-1.6688704573145412,3.124718562095148,-1.187026850883407,-3.7230822909605936,-2.456359831929105,-3.5218305140704924,-1.629701801301663,3.1125933496488862,2.024828566876992e-05,-1.1013273382561615e-05,2.7184781358156747e-05,6.408494467556381e-05,0.35081534304773265,-0.42208266682845397,1.2759274817240813,62.26533267508388
111.84999999999579,-3.5134936173355,-1.6693041277529646,3.1049420827623653,-1.2008582134083414,-3.7341524964429706,-2.476892641489883,-3.539909718189837,-1.6289902282115358,3.0967532541834872,2.03151923513194e-05,-1.1178118148891367e-05,2.720066133222239e-05,6.407394375181825e-05,0.3543258758047017,-0.41065619121558095,1.3956485741166176,66.49817219936165
111.89999999999579,-3.5306062728237158,-1.6694071804967485,3.0851218227414465,-1.2149041642424174,-3.7449422374162666,-2.4962293246123113,-3.5570855078482455,-1.6285504201590173,3.072211967530624,2.0377659114802557e-05,-1.1342168244830734e-05,2.7223147530613658e-05,6.406321278733509e-05,0.3542411721260032,-0.3867336624485924,2.1538559912363375,67.06125765876186
111.94999999999578,-3.547708339592392,-1.6691719474001452,3.0653280884227496,-1.2289599659546624,-3.7552977458706724,-2.5170314483387615,-3.573385402881222,-1.6272704145829648,3.052390402786976,2.0433837214741323e-05,-1.1510748755858324e-05,2.7248496792769415e-05,6.405166390039068e-05,0.34917795390748413,-0.41604247452902693,3.524525156437596,68.56342906895031
111.99999999999578,-3.5648003819463256,-1.6685972284681185,3.0454294668180744,-1.2434039444957594,-3.7654982781049413,-2.5363860221286885,-3.589174167796083,-1.625834659972228,3.035144936425316,2.0484807778668976e-05,-1.168116807560802e-05,2.7285203899016883e-05,6.404034320978992e-05,0.35366036528644174,-0.3870914757985654,2.004150504853494,69.74098868874592
112.04999999999578,-3.581877297581748,-1.6676846944690786,3.025393228741928,-1.2577782900332068,-3.775227665187382,-2.556749647368027,-3.6046872400578045,-1.6242356242008105,3.0151519169953147,2.053131059920059e-05,-1.1851157158715678e-05,2.7322699781727712e-05,6.402847929739621e-05,0.3471559845977133,-0.4072725047867933,1.7608053558337668,70.50480687291406
112.09999999999577,-3.5989201637772985,-1.6664403380839787,3.0052271904468544,-1.272441918016615,-3.784717853472418,-2.5776377297457054,-3.6216063334261266,-1.621364904823288,2.9971972595614202,2.0572051848088315e-05,-1.202317438990967e-05,2.7369956773152826e-05,6.401667931166042e-05,0.3493403797296123,-0.41776164755359163,3.0304504716561387,75.74244015978543
112.14999999999577,-3.615936041471733,-1.6648574055036263,2.9849795434255033,-1.2873202756530764,-3.7939168386327284,-2.598043431942521,-3.6381617667389015,-1.6190005345792127,2.9792509469122628,2.060746475689489e-05,-1.2195090393303154e-05,2.742498657036987e-05,6.400508268286993e-05,0.34985566836418763,-0.40811404393633527,0.9742836505082466,78.62413714707115
112.19999999999577,-3.632901075611948,-1.6629389880190337,2.964648261635079,-1.3021499691306095,-3.8026767279929965,-2.6180365318727388,-3.6552839879810173,-1.6163004328337356,2.9557530375314993,2.0638057655973316e-05,-1.2366481539510252e-05,2.7482141529358032e-05,6.399306994564618e-05,0.34447952167464263,-0.3998619986043822,2.4020649576675552,80.15510468098373
112.24999999999577,-3.649842473899549,-1.660663612094971,2.9442681321157096,-1.3173176423948663,-3.811225983080477,-2.6386239273132537,-3.6724676352743613,-1.6140748324376184,2.934223085622376,2.066099119613249e-05,-1.2541300431792871e-05,2.755157045311034e-05,6.398102067709705e-05,0.3482291097771674,-0.4117479088103198,2.179892715274699,79.52294261024038
112.29999999999576,-3.6667196833177145,-1.6580455601583832,2.9238755616986274,-1.3325517138778977,-3.819400969329768,-2.6595280327245145,-3.688255596156645,-1.6103390290741328,2.907501752109747,2.067768700300871e-05,-1.2717722056843646e-05,2.7627121990645753e-05,6.396858945690077e-05,0.345785030974489,-0.41808210822524006,4.035962011404772,82.39260531973581
112.34999999999576,-3.6835530639684713,-1.6550906835370491,2.9034176964623266,-1.3479590663163474,-3.8272616058183577,-2.680128785643393,-3.7043109912026475,-1.6067724999687136,2.8830948300427686,2.0685638320604743e-05,-1.2897973498238204e-05,2.7712911718638514e-05,6.395590552623662e-05,0.3459402815695081,-0.4120150583775872,3.566265128731596,84.64604731115553
112.39999999999576,-3.700316254222799,-1.651791066194691,2.882874953634869,-1.3637158459224252,-3.8348956454273773,-2.7007270750758567,-3.7228862841786587,-1.6027944050718173,2.873036623589579,2.06854018140758e-05,-1.308052965107509e-05,2.7812527450383792e-05,6.39432587217568e-05,0.3501802413221191,-0.41196578864929945,2.8271913444572396,87.1633297471004
112.44999999999575,-3.7170226262333985,-1.648149863048691,2.8622737674963155,-1.379596056322392,-3.842178514400219,-2.7224716943330165,-3.739375482252268,-1.5983876524342393,2.8553435271576255,2.0683760010169742e-05,-1.3258082954087458e-05,2.791674786414763e-05,6.39310785319049e-05,0.3494185396048437,-0.43489238514321654,1.0620433488689265,90.57132306729945
112.49999999999575,-3.7336281592444402,-1.6441735849442807,2.8416146746651703,-1.3954619845969083,-3.8490526158652814,-2.743018319845685,-3.75610627520271,-1.592660544813482,2.828300050037834,2.0677511744995316e-05,-1.3434008682625894e-05,2.8025084552210435e-05,6.391916913132907e-05,0.3458273959252856,-0.41093251025339045,2.35772438329689,95.3752345404526
112.54999999999575,-3.7501563131734743,-1.6398450580016708,2.820877435273767,-1.4119634060724757,-3.8557989598157603,-2.7639695591405333,-3.7715705091815557,-1.5869016298122605,2.8034530417796333,2.0659942542652427e-05,-1.3612544733791612e-05,2.8154131567498864e-05,6.390795790930886e-05,0.35655108638867605,-0.41902478589699027,1.8346693816704702,100.82582163121324
112.59999999999575,-3.766575199214054,-1.6351812881816972,2.800059563000307,-1.4282325376696827,-3.8620670780806146,-2.7837160474293703,-3.788360585756127,-1.5818394342996953,2.7904785135223538,2.0634742779895197e-05,-1.3792231310256003e-05,2.8286251897878197e-05,6.38962668206257e-05,0.3487026394652946,-0.3949297657767587,2.2262470627219146,103.24846492990649
112.64999999999574,-3.782923353611681,-1.6301760688212616,2.779120764816604,-1.4447116044292059,-3.868032752113642,-2.8047922551867535,-3.804175537547887,-1.5759921846948972,2.7671134309807766,2.0606972032210306e-05,-1.396813808301428e-05,2.8426000302385577e-05,6.388476266979997e-05,0.35051977289830416,-0.42152415514768765,1.8731067886959387,106.2166485177985
112.69999999999574,-3.7991229107079674,-1.6248510291295066,2.758123422207358,-1.461363818100697,-3.8736614045355235,-2.8264817252464334,-3.82195120926538,-1.5695546566936969,2.743526206867859,2.0570568631243713e-05,-1.4144282039921664e-05,2.8576880048370554e-05,6.387328047275462e-05,0.35156226266220797,-0.4337894011936233,2.2330735264300596,108.88566627243083
112.74999999999574,-3.8152388787720732,-1.6191694395589564,2.737102962412268,-1.4780209583799047,-3.8788871401555136,-2.8487054066069124,-3.838205503514385,-1.56332063349514,2.725415555907338,2.0525723056419413e-05,-1.4320356638970473e-05,2.8735915389191824e-05,6.386128124346536e-05,0.34915966486824723,-0.4444736272096099,1.719283795469261,111.31675956017844
112.79999999999573,-3.83121686339526,-1.6131537895380412,2.7160138852785,-1.4946809835572739,-3.883722075656313,-2.869574383511174,-3.8542387897564265,-1.5560435463648432,2.705293053234306,2.0476644280817216e-05,-1.4493961278630935e-05,2.8900618269373687e-05,6.384917966497526e-05,0.34695473028217694,-0.4173795380852552,1.3177870094920285,116.65811999527541
112.84999999999573,-3.8470694703813066,-1.6068121998166174,2.694869284322721,-1.5116203388047234,-3.8882619391474007,-2.889904531573099,-3.8714121067778997,-1.5474876436623612,2.6839030893170897,2.0420752328262152e-05,-1.46650695281813e-05,2.9077268688386884e-05,6.383735736826557e-05,0.3507493178472851,-0.406602961238518,4.154614140454444,124.96944690263966
112.89999999999573,-3.862787562295754,-1.6001443358722658,2.673632969572912,-1.5287238211448932,-3.892469921091945,-2.91080199932393,-3.8873745244323543,-1.5389160286140502,2.6636519793261675,2.0356876386504846e-05,-1.4833986399485626e-05,2.9264685537653852e-05,6.382573644296791e-05,0.35227688574375676,-0.4179493550166463,0.8500690146891738,133.490329523729
112.94999999999573,-3.8783533986722425,-1.5931439891056922,2.6523822919929323,-1.5458011033454349,-3.896292107966653,-2.9320068960379895,-3.9034391651990443,-1.5311481011907435,2.639896570013998,2.028656388752773e-05,-1.5000608214503711e-05,2.9458908162404617e-05,6.38141115131258e-05,0.3500023744082094,-0.42409793428121745,3.0883794511673486,135.15183124644682
112.99999999999572,-3.8937855530980476,-1.58581512226642,2.631063130538803,-1.5627323662238195,-3.899697991057771,-2.954158127524337,-3.9189190457481407,-1.5232309624990112,2.617586533799585,2.0207744489858672e-05,-1.5166285365367582e-05,2.966011448150626e-05,6.380192115801778e-05,0.3454156329292389,-0.4430246297269705,1.3874484110179586,136.96536540341822
113.04999999999572,-3.909055090008265,-1.5781677696873977,2.6097401044679156,-1.5799774222808918,-3.9027740634428763,-2.9759918259448073,-3.932906005945869,-1.5155389603688083,2.5954658381504387,2.012123924338085e-05,-1.532886905569696e-05,2.9874934421158727e-05,6.378956496611855e-05,0.3503520344273517,-0.4366739684094349,2.773699879844791,137.87345655734424
113.09999999999572,-3.9241497641894947,-1.5702005274705129,2.5883623864453242,-1.597291046162479,-3.90547914453142,-2.9972194651478876,-3.947023987757409,-1.5072100846411263,2.5709495685911063,2.002800385409728e-05,-1.5488847458445932e-05,3.0099541181960815e-05,6.377720430550995e-05,0.3504799948701305,-0.42455278406163005,2.5779823842701806,139.76857500698603
113.14999999999571,-3.9390871565732524,-1.5619105381482572,2.5669205183846877,-1.6146055434134887,-3.907808464874172,-3.018511502139893,-3.9617788286533417,-1.4981850986583658,2.550685928904585,1.992603942251367e-05,-1.564638132852834e-05,3.033437141026526e-05,6.376459161770138e-05,0.3494161298290474,-0.4258407398401324,1.9573392443588884,143.29017940388024
113.19999999999571,-3.9538081981243742,-1.553316360425599,2.5453269199218744,-1.6319270078765244,-3.9097724953113846,-3.0388640485656477,-3.975940204701159,-1.4894243536430305,2.527119939906168,1.981888637719465e-05,-1.5800190659450275e-05,3.0576918015821306e-05,6.375193224871935e-05,0.34865515161582494,-0.4070509285151175,3.3176346764197646,144.0194216307177
113.24999999999571,-3.9683619016875844,-1.5443900086338138,2.523743059833354,-1.649508025356264,-3.911395090164774,-3.060257824457324,-3.990799458294204,-1.4800693479779279,2.5093479536049283,1.970292919125967e-05,-1.59497140554772e-05,3.083377695667217e-05,6.3739216018443e-05,0.3531214405832028,-0.4278755178335528,2.5412335704826328,145.6247017838201
113.2999999999957,-3.9827212145324262,-1.5351479013487748,2.502077994294773,-1.6671359338940006,-3.9126468239035397,-3.081148185823612,-4.004567273122347,-1.4693836744991116,2.488406197334461,1.958356026990415e-05,-1.6094598627433402e-05,3.1097860782755266e-05,6.372674433017481e-05,0.3534523192037799,-0.41780722732577735,0.703245136714547,153.94702259461138
113.3499999999957,-3.996850693235026,-1.5256088794992348,2.480443841221376,-1.6846385338076686,-3.9135208908427073,-3.102241501477231,-4.019321382258657,-1.4595671071537086,2.4701927955721485,1.9458138971633408e-05,-1.6235542607538663e-05,3.136857940273689e-05,6.371451760145775e-05,0.35049472671575477,-0.4218663130724126,3.8314154031112335,154.400270711944
113.3999999999957,-4.010768345501096,-1.515767897672808,2.4587595858682016,-1.7022074785549808,-3.9140205582724423,-3.1240783783535298,-4.033603818981362,-1.4493338660313921,2.451153648486743,1.932836733954281e-05,-1.637145463330632e-05,3.1647433462980547e-05,6.370241559930319e-05,0.35152795789524294,-0.43673753752599753,2.3112394385240065,155.95389223624105
113.4499999999957,-4.024499072996938,-1.50561366327401,2.437052033831198,-1.7196184407997266,-3.914134963219183,3.1372199036354793,-4.047408387448402,-1.4389630483921592,2.4297573716214433,1.9194234577506714e-05,-1.6503206946492103e-05,3.1931462308085724e-05,6.369050743736201e-05,0.3482337129299309,-0.4377405038115698,3.01638436429109,156.01261955185402
113.4999999999957,-4.03800353809353,-1.495166177296462,2.4152805576691234,-1.7373255764031033,-3.913859523270214,3.114857296336413,-4.060202378654419,-1.427463771548063,2.402740659956015,1.9052919876189577e-05,-1.662826101022989e-05,3.222864832040519e-05,6.367866804147077e-05,0.35419293525418116,-0.4472521459813532,0.8874060237503705,159.9744777074101
113.54999999999569,-4.051270859088664,-1.4844470121644016,2.393408479394507,-1.7546964849004174,-3.9131988513238483,3.0922981747940606,-4.073117805225288,-1.4169559771083522,2.3829195538660137,1.8901468884272403e-05,-1.6749135422745966e-05,3.2533131168335066e-05,6.366652727353779e-05,0.3476767264460692,-0.4511824308470715,4.1869002114366936,159.30483725563857
113.59999999999569,-4.064303157729824,-1.4734291325540432,2.3715024156647018,-1.7721038881952595,-3.9121536349725905,3.070942425070717,-4.085800746009087,-1.4056651389952715,2.362109667328099,1.874590826997767e-05,-1.6864147758350416e-05,3.2845659344407456e-05,6.365425158290044e-05,0.34878172249394646,-0.4271149944668889,1.7741041361053551,161.02276359099096
113.64999999999569,-4.077071974853767,-1.4621447192834338,2.3495949368251328,-1.7894696184373402,-3.910730730943234,3.0487332069732114,-4.097391943458892,-1.3939875457100999,2.338092672027021,1.8584693899750248e-05,-1.6973083036273476e-05,3.3166107080564183e-05,6.364194893989665e-05,0.348485708146859,-0.44418436195013317,4.672757254304421,164.42478413138113
113.69999999999568,-4.089618819357542,-1.4505640396379575,2.3276564815375824,-1.8068470297203971,-3.9089282210090532,3.02773698933356,-4.108326670217149,-1.3825708791564644,2.3178917317513656,1.8416292264775618e-05,-1.7075072696877708e-05,3.349641359900142e-05,6.362952520032383e-05,0.3494193344007228,-0.41992435279305595,2.300208971886015,168.20797996163842
113.74999999999568,-4.101893955635129,-1.4387437621155361,2.305669212889432,-1.82432289483957,-3.9067463179474973,3.007029064685028,-4.121050045025164,-1.3693713784019819,2.296994196417389,1.8243335575685923e-05,-1.7169799834248113e-05,3.383601725088325e-05,6.361718325681657e-05,0.35223721928572505,-0.4141584929706636,3.365628856778309,174.0518724825141
113.79999999999568,-4.113919648067734,-1.4266501782781422,2.283624197996177,-1.8417936818091778,-3.904195767028414,2.9862254836759536,-4.131997580397629,-1.3565477300524191,2.2743294270101977,1.80651322571363e-05,-1.7256976455438044e-05,3.4183320776195375e-05,6.360485337232195e-05,0.3531260117754521,-0.416071620181523,1.815262104797231,180.6646888777211
113.84999999999567,-4.125665681093667,-1.4142942814276283,2.2615456420851197,-1.8593005196043644,-3.9012570176752166,2.9643350278926697,-4.14396945192143,-1.3438167345602157,2.254757950942519,1.7880197535949842e-05,-1.73356361460734e-05,3.454013784562194e-05,6.35923983310986e-05,0.35504264614668485,-0.43780911566569203,2.154388313137377,181.94594220982424
113.89999999999567,-4.137130339140624,-1.4016728463487917,2.239455191633719,-1.8765645928514283,-3.8979773093019023,2.943378439478076,-4.155902736638521,-1.3300762939901376,2.228264904382087,1.769231441108848e-05,-1.7408452921048258e-05,3.490091286246346e-05,6.358011103862045e-05,0.3514632350866308,-0.4191317682918972,4.624700554591071,182.67128986887386
113.94999999999567,-4.148315434277256,-1.3888069820146667,2.2173301563411005,-1.893763064284925,-3.8943233106400226,2.921111355203653,-4.166844848319061,-1.3169350491358855,2.2074679697200574,1.7495109719344945e-05,-1.747124830123284e-05,3.527135721889621e-05,6.356748500248385e-05,0.3516543185449829,-0.44534168548848985,2.6843745413899116,184.1234021780335
113.99999999999567,-4.159231227554284,-1.3756938739438067,2.195108511952182,-1.910891810365077,-3.8902864800055768,2.899169393113249,-4.1771703840357555,-1.303543784116686,2.1843406139127914,1.7294185476368856e-05,-1.752595101258088e-05,3.564811184145462e-05,6.355474584685123e-05,0.3519672536811075,-0.4388392418080945,2.251830984904022,185.79068130458148
114.04999999999566,-4.169848873831539,-1.362348415004159,2.1728692550130826,-1.9280113549775886,-3.8858494569444453,2.8768185047898642,-4.187118316095984,-1.2898262159445997,2.160314691118094,1.7087686190166124e-05,-1.7570770293341946e-05,3.603282737648284e-05,6.354177509864826e-05,0.3537111828684159,-0.44701776646772645,1.759589533314077,187.98269552027162
114.09999999999566,-4.1801650703947875,-1.3487720697748413,2.150606219228079,-1.9447146785078184,-3.881117332197269,2.8542263641217485,-4.197475935598037,-1.2753123029955726,2.1349536512509655,1.6875698486880084e-05,-1.760807716927315e-05,3.6421385774201553e-05,6.352892095727815e-05,0.3472214517100065,-0.4518428133623443,2.313274463000977,190.08940018662824
114.14999999999566,-4.190178370288007,-1.334968055072433,2.128384523560673,-1.961361418979595,-3.8759880901262753,2.831174458038692,-4.206279211351218,-1.2616721190523401,2.1141934314106363,1.665724025159231e-05,-1.7633892918266496e-05,3.68174665261672e-05,6.351576427183671e-05,0.3483885929574231,-0.46103812166115604,3.252027951405147,192.93671547723758
114.19999999999565,-4.199886436015857,-1.3209349162021975,2.1061222219896796,-1.9778654259219393,-3.8704841066110105,2.8082209660722173,-4.215286130418487,-1.245697760845823,2.0848837550932116,1.643621512917656e-05,-1.765079321479362e-05,3.721808776723786e-05,6.350265111206019e-05,0.3479594051627954,-0.4590698393295245,3.3857189196096504,204.0222452998268
114.24999999999565,-4.20926917743269,-1.3067107129110167,2.0837740778275764,-1.9943751298501022,-3.86455284138512,2.7851648681301615,-4.223142687509502,-1.2315912041822488,2.0674870187349406,1.620693126631188e-05,-1.7652729823321514e-05,3.762721405249331e-05,6.348897345483906e-05,0.3508639988678457,-0.46112195884114426,3.1396206412013603,210.36882960298425
114.29999999999565,-4.2183435872475945,-1.292257653407001,2.0613670415974745,-2.0107486181488663,-3.8582538112809908,2.7635094825312567,-4.232339554181076,-1.2159514505159663,2.0461064535489992,1.5978557172059245e-05,-1.7647261714396515e-05,3.8038631197185736e-05,6.347542176461409e-05,0.350873724923091,-0.43310771197811565,2.5377037456064455,215.24848627488817
114.34999999999565,-4.227079063507096,-1.2776255238842862,2.0390143405802066,-2.0269742555871533,-3.851602884253608,2.741648551124678,-4.239935286279904,-1.2017543591090523,2.022904869632531,1.574790761609484e-05,-1.7631400153815032e-05,3.845291017946165e-05,6.346196678882137e-05,0.35072404384945,-0.4372186281316122,3.498510111344181,215.51019263304175
114.39999999999564,-4.2354954633003175,-1.26279259871055,2.016645997740221,-2.042989476513029,-3.844612442616052,2.718416397706143,-4.2475182257142405,-1.1870390165440894,2.0002849167886634,1.551407267346167e-05,-1.7604411101155182e-05,3.88704294029051e-05,6.34485373998335e-05,0.34949524178674735,-0.4646430683707239,3.1409108789707947,216.47152922506567
114.44999999999564,-4.243576640063905,-1.247784999702851,1.9942180665786546,-2.0589118229490877,-3.837229099466433,2.6963767667957548,-4.255752686142015,-1.1712272888718656,1.9810497106037417,1.527842668302643e-05,-1.756585878205289e-05,3.92910155654439e-05,6.343506720137641e-05,0.3510255496529225,-0.4407926182077974,2.5357682471882015,219.23713009070224
114.49999999999564,-4.251327818859037,-1.2325779396111178,1.971745075502961,-2.0746152942262777,-3.8295093487742884,2.6730062023662624,-4.261752483719717,-1.1562178050598142,1.9540650177966388,1.5042428994909501e-05,-1.7517655874968738e-05,3.971187666913163e-05,6.342177267404943e-05,0.34997571216682904,-0.4674112885898723,2.0117303338352563,223.43483008062353
114.54999999999563,-4.258722151349363,-1.2172305110136927,1.949285976276505,-2.0899552833775488,-3.821531847973051,2.6510680216410236,-4.268425888792805,-1.140334204152094,1.9327109398096507,1.480293408682564e-05,-1.7457188165438396e-05,4.013358339866663e-05,6.340877920704458e-05,0.3458136935967127,-0.4387636145048028,3.9598630927572556,228.8004378157603
114.59999999999563,-4.265776496864392,-1.2016855979472312,1.926848113184804,-2.105242318858825,-3.8131583860783356,2.6298902267873565,-4.275342320844964,-1.124556719211327,1.918578511632293,1.456319097054631e-05,-1.738452367539451e-05,4.055622503678892e-05,6.33957440899627e-05,0.3486084754983205,-0.42355589707335795,3.1385933182566945,232.5105063825236
114.64999999999563,-4.272469929197831,-1.1860227347065755,1.9043460743454401,-2.120461629040321,-3.8044049861860545,2.60939973037242,-4.281452791349472,-1.1080076934187335,1.8983106550414464,1.4327052512307528e-05,-1.730439128619339e-05,4.097741880279216e-05,6.338291153119872e-05,0.35114680545081406,-0.4098099282987483,1.3734952254755803,240.6184115271972
114.69999999999563,-4.27881802615659,-1.1702046510902075,1.8818593173230975,-2.1355093956611646,-3.7953154014060364,2.5870031500585915,-4.28784321787582,-1.0922611226662544,1.8770074570809152,1.409080595663264e-05,-1.721242254907746e-05,4.13973590289621e-05,6.337021487339624e-05,0.3516070254029133,-0.4479316062765959,3.3357352559070685,236.5402279409762
114.74999999999562,-4.284807075111003,-1.1542185735581896,1.8594484429986644,-2.150147797655255,-3.7860212927138126,2.5647903979304214,-4.293513708635616,-1.0771634222644835,1.8541973828911704,1.3854752805198653e-05,-1.711096059296152e-05,4.1813984674250904e-05,6.33579776147093e-05,0.34680001848858105,-0.4442550425634391,5.541660383456353,228.07726574661362
114.79999999999562,-4.29043006010175,-1.1381171306445057,1.8369908486364814,-2.164730606550715,-3.7762998794424627,2.5424333150529526,-4.298503005650096,-1.0607012082325429,1.8312085872025126,1.361900312390555e-05,-1.69952403412518e-05,4.2229079004895675e-05,6.334541472939167e-05,0.350529306041298,-0.44714165754939833,1.4780300726812374,230.2350033117194
114.84999999999562,-4.295686985990671,-1.1219146110753333,1.8144878974610195,-2.1793140093890737,-3.7660940003786636,2.5195304553349924,-4.302549361489631,-1.0436437504859115,1.8049824667914853,1.33839330951228e-05,-1.6863919702637504e-05,4.2641620297994515e-05,6.333203499772941e-05,0.35600531210214736,-0.45805719435923137,0.9639177515525076,237.54288306003852
114.89999999999561,-4.300585264568417,-1.1055790580573608,1.7920384045351934,-2.1936287382467916,-3.7556033638329005,2.498777985706564,-4.306209237531198,-1.0268349694254297,1.782119397087313,1.3149093174259348e-05,-1.6718420078676185e-05,4.3049391207592214e-05,6.331825605243366e-05,0.35495138897927314,-0.4150493925685837,1.1921618090502861,245.0961284560408
114.94999999999561,-4.305109832360226,-1.0891447303246207,1.769592636222647,-2.2073874492558185,-3.745041480424716,2.4750030180003986,-4.310831406928694,-1.010610802537831,1.7625779004356836,1.2914799768031988e-05,-1.6562318897570157e-05,4.345031827988395e-05,6.330514074857426e-05,0.34691190909728936,-0.47549935412332867,3.2189734655654827,239.8646422704291
114.99999999999561,-4.309274459913216,-1.072593643926005,1.7471278271986694,-2.221011304753315,-3.734080100993938,2.453136613723985,-4.313225817237208,-0.9944233229755558,1.731552366675304,1.268410522918727e-05,-1.6395362792463336e-05,4.3844790804948105e-05,6.329203356187069e-05,0.34972758597644454,-0.437328085528292,4.250487182980411,240.70886314613722
115.0499999999956,-4.313073775011489,-1.0559547111510117,1.7246160404245656,-2.234160265847026,-3.7230226029120304,2.431626345891572,-4.317401755522514,-0.9769039405083955,1.7149542293098108,1.2453502360960762e-05,-1.6212229930014972e-05,4.423115385306425e-05,6.327934465251752e-05,0.34361305140693726,-0.43020535664829407,3.0835082376906646,241.61339207219157
115.0999999999956,-4.316495419839056,-1.039289955705472,1.7020745131561614,-2.2472736511377414,-3.7114877732592912,2.4086747577950636,-4.320373443784115,-0.9600226269591439,1.6971079552261834,1.2227688636122804e-05,-1.6018040068050333e-05,4.4609503353144165e-05,6.326624604212648e-05,0.3493001910711718,-0.459031761930191,1.2402111877844473,244.6288206886402
115.1499999999956,-4.319529855922119,-1.0225186934388437,1.6795650813124432,-2.260268287985049,-3.6995452052485893,2.3880416618493943,-4.3220845620612875,-0.9426902344825709,1.671746764736893,1.2006967187263428e-05,-1.5814393505278568e-05,4.497898664109074e-05,6.325269729634296e-05,0.3529853075171528,-0.41266191891342213,2.8431445193603606,251.200655520597
115.1999999999956,-4.322187668828822,-1.0056878015846535,1.6570515979917335,-2.273003948519338,-3.6873262789529497,2.365755369584207,-4.324019443774608,-0.9264766115280924,1.6504296275928763,1.1789697548882458e-05,-1.5595621107469946e-05,4.533721714645427e-05,6.323873914235262e-05,0.3529941089054307,-0.44572584530377485,2.339693149301704,248.10222330962736
115.2499999999956,-4.3244691839271425,-0.9887811460528007,1.6344950788128387,-2.2852447385614565,-3.675050205060096,2.3437552796673735,-4.325568578522071,-0.9096118879734014,1.631188031075883,1.1576536932610309e-05,-1.5368597715447652e-05,4.568344043665808e-05,6.322539678140293e-05,0.34672816626711267,-0.4400017983366984,0.7096894237900262,250.6951923123359
115.29999999999559,-4.326366142626864,-0.9718349392680468,1.6119426745369543,-2.297391284611239,-3.6623311945903585,2.3225970628072865,-4.326499363525105,-0.8921661287494486,1.6005389139755577,1.1369211368635611e-05,-1.5130573504720499e-05,4.6017894582348516e-05,6.32118583706897e-05,0.3517518145883653,-0.42316433720175906,3.184110021648321,249.86863334198466
115.34999999999559,-4.32788501273569,-0.954857258972069,1.5894564947388368,-2.3092502596216042,-3.649362545914131,2.3004611262291235,-4.327276674096826,-0.877089785754837,1.5793477675871586,1.1166882786957075e-05,-1.487449426185075e-05,4.633606616205161e-05,6.319776411055743e-05,0.3514733260327274,-0.44271873156327374,5.771049276844245,238.76132324509612
115.39999999999559,-4.329022837499623,-0.9378611265678003,1.5669874403610862,-2.3206802061190372,-3.6363060864923136,2.279272451607529,-4.327740018764075,-0.8602328443919006,1.5558954803455611,1.0970268151555388e-05,-1.4610938692603752e-05,4.6639748288751016e-05,6.31839569115893e-05,0.3470596925761989,-0.4237734924319211,2.7964923912309407,236.82657596935482
115.44999999999558,-4.3297777595300255,-0.9208223779984962,1.5445180574780575,-2.3319804141391387,-3.622820703348262,2.2572450096500454,-4.326481717218685,-0.8430106148038822,1.5297475437539223,1.0780845047398925e-05,-1.4333808848608974e-05,4.6926249587580994e-05,6.316953314993276e-05,0.35188792335257885,-0.440548839149695,3.355953416545949,246.86320802384176
115.49999999999558,-4.330159928787085,-0.9037803829245293,1.522036549327712,-2.3430752889588664,-3.6089636155972067,2.234639331175636,-4.325930195772816,-0.8264193882689662,1.5078275424434366,1.0599121118789834e-05,-1.4042436544152407e-05,4.7193730489749e-05,6.315421774104028e-05,0.35503720798802535,-0.4521135694882135,2.4819300490552356,246.00129615943322
115.54999999999558,-4.330155245969283,-0.8867333033465666,1.4995206960167968,-2.3537155703539745,-3.595026751472812,2.2110772331614594,-4.324090125373612,-0.8112230562783423,1.4775049048346878,1.0424336195521545e-05,-1.3743442131601872e-05,4.74424779300026e-05,6.313906126342785e-05,0.3506941654757519,-0.471241960283568,4.198802819333645,242.03474039363783
115.59999999999557,-4.329769092645007,-0.8696994909239525,1.4769312242308374,-2.3638041986903153,-3.581145294299504,2.1874503752504317,-4.3218783367480045,-0.7960974876971716,1.4544713330673016,1.0257571924442042e-05,-1.3432781168561372e-05,4.766834545671883e-05,6.312480485530316e-05,0.3432136209715924,-0.47253715822059017,2.165263707639594,240.82058826274923
115.64999999999557,-4.328986779865017,-0.8526720805453205,1.4543760235653023,-2.3737581492611675,-3.5667599672787897,2.164750137622045,-4.3211389971440175,-0.7783587889854289,1.4359492697153042,1.010033122706249e-05,-1.3111825613169072e-05,4.78734325414808e-05,6.310996567837028e-05,0.3498753531041662,-0.4540047525677584,2.800656329575668,238.8911199551679
115.69999999999557,-4.327815754582323,-0.8356493367446367,1.431941275642941,-2.383284195270327,-3.5523043755526937,2.1421765180502854,-4.319598484197256,-0.7622404712973087,1.4213931020578663,9.950316221471488e-06,-1.2787388378760475e-05,4.8059167000036326e-05,6.309561398036865e-05,0.346249858873075,-0.4514723914352204,3.00670612955283,234.010776585156
115.74999999999557,-4.326271489428466,-0.8186686145435372,1.4094930272288513,-2.3925747104006114,-3.5374623706063555,2.117996172472882,-4.317087774392116,-0.7461842841639008,1.3951798788448588,9.808301351224377e-06,-1.2459572546970853e-05,4.822561529535516e-05,6.308101958434122e-05,0.350207779124008,-0.48360691154809704,3.064186392005791,229.49268868709294
115.79999999999556,-4.324348858509121,-0.8017463358849797,1.387054603486633,-2.4014971994696337,-3.5224355293373475,2.0952486812151463,-4.3140876116456,-0.7315117031527112,1.3718943572195368,9.676236727414725e-06,-1.2123489005513038e-05,4.836714590647581e-05,6.306625185834452e-05,0.3495310800689457,-0.45494982515472954,3.718350884188806,220.6995149637898
115.84999999999556,-4.32204461615138,-0.7848460987278779,1.3645927480988178,-2.4101160351895796,-3.5071497529314946,2.0731678533487443,-4.310880564212405,-0.7167359343836442,1.3485136844318717,9.554245504684958e-06,-1.178125843621468e-05,4.848406504090783e-05,6.305101546793253e-05,0.3509711107492883,-0.44161655732805527,4.483544581416126,211.648057078128
115.89999999999556,-4.319363139416618,-0.7680107267209444,1.3421210448989012,-2.418344508202285,-3.49177987227894,2.0514979378531724,-4.3078333903834345,-0.6997481973061789,1.3307188997038297,9.441950819815399e-06,-1.1434734383533534e-05,4.857655079066676e-05,6.303593718366366e-05,0.3486848970198897,-0.4333983099114738,2.491983755855278,211.40409505174267
115.94999999999555,-4.316292754789116,-0.7512294142135975,1.319743965538152,-2.426237203392537,-3.4762312814883756,2.0295365060336827,-4.304531508045608,-0.6843600512560368,1.3040128377599318,9.337931448003436e-06,-1.108683876811111e-05,4.8647050630418115e-05,6.302121378058042e-05,0.3487494996449464,-0.43922863638981136,5.427244099955216,199.8497561738425
115.99999999999555,-4.312851867984593,-0.7345463535568958,1.2973666662026635,-2.4338048009021938,-3.460479132555369,2.0077735452261916,-4.300971149329079,-0.6681227343587143,1.2832558543218386,9.245769820643482e-06,-1.0732910714069845e-05,4.8689282731101187e-05,6.300625676064333e-05,0.34952011793574905,-0.43525921614983787,2.968792950346217,193.98567797446495
116.04999999999555,-4.309040642156601,-0.7179169741747286,1.2750464053944137,-2.4409962819802726,-3.4445970990793664,1.9841891080330658,-4.295469001952354,-0.653133350484996,1.2520847482838393,9.163388871598871e-06,-1.0377253317851154e-05,4.8705756419045044e-05,6.299135137012633e-05,0.3486949823843705,-0.4716887438625339,2.529152236756919,193.9662404505211
116.09999999999555,-4.304859455957083,-0.7013887183862402,1.2526969140093154,-2.447858374965528,-3.4284676830736105,1.9618894854958366,-4.290473092331733,-0.6365526997911239,1.2314114480452494,9.095319034717444e-06,-1.0015265534772579e-05,4.868999614807016e-05,6.297588775998733e-05,0.35057616191444596,-0.4459924507446159,0.9829464730697417,195.58327749461077
116.14999999999554,-4.300313751857596,-0.6849573702418266,1.2303970236922221,-2.4543354300219336,-3.412286409798759,1.941200231214852,-4.285368788796023,-0.6233935316147315,1.2088888858147335,9.036035511140626e-06,-9.654819981217303e-06,4.8649792147724594e-05,6.296064675977277e-05,0.3485952859147576,-0.4137850856197258,5.7708188887470016,181.54497312580386
116.19999999999554,-4.295396740029066,-0.6686366864903477,1.2081457654818684,-2.4604813500416696,-3.395940221332773,1.9196601497047805,-4.28108042394153,-0.6071131505958073,1.1931314005942468,8.987692742221834e-06,-9.294824816957606e-06,4.858273228623661e-05,6.294522141498597e-05,0.3492746781987184,-0.43080163020145634,5.233478580749132,172.65760985431578
116.24999999999554,-4.2901203463278,-0.6524223328878889,1.1859501265509094,-2.466368660842549,-3.379194566233399,1.8980824403749228,-4.275012070398659,-0.5935103047976957,1.1746539066581008,8.947402170052224e-06,-8.937856786950858e-06,4.849244805163e-05,6.292891774499186e-05,0.35501527764097085,-0.431554186597171,4.963433692163333,164.87854987480728
116.29999999999553,-4.28447308655445,-0.6363208700396308,1.1637765866639012,-2.471813378998786,-3.362564952364651,1.8763322117768109,-4.269144646439365,-0.5772340688900277,1.1620478229450075,8.91459870058053e-06,-8.586011964170908e-06,4.83800257362239e-05,6.291324999216773e-05,0.34997204706022195,-0.435004571962262,1.8501959736942282,166.90525363799375
116.34999999999553,-4.278473287717547,-0.6203599819050971,1.141626431624693,-2.4769699989960396,-3.345587663045511,1.8550226607403193,-4.261326990208946,-0.5628454291127178,1.1331861694971117,8.887565904905327e-06,-8.239722266804033e-06,4.824792185855553e-05,6.289741569254815e-05,0.3548695511827111,-0.4261910207298481,3.481890028100865,167.40745465249546
116.39999999999553,-4.272113345974724,-0.604527264681216,1.1195052246333368,-2.48174607646562,-3.3285506819753947,1.8332103098420038,-4.253936171596896,-0.5479273550781566,1.1088748683283374,8.874482396385028e-06,-7.893960023531885e-06,4.808464612117923e-05,6.288155125691728e-05,0.3538824962772402,-0.43624701796633497,1.1871062633709575,167.09278174023908
116.44999999999553,-4.26542281887963,-0.5888487626608826,1.0973695288053424,-2.486063236259158,-3.3117046504860066,1.8101275420527303,-4.247125091394785,-0.5333082871952337,1.0923594443426845,8.871785289403918e-06,-7.552601133735524e-06,4.7895501509689484e-05,6.286686687511494e-05,0.3478160859318219,-0.46165535578550365,2.7540991998040982,162.1904017438088
116.49999999999552,-4.258373069795043,-0.5733129280825591,1.0752969017648533,-2.4900091410883394,-3.294697876442648,1.787436443770349,-4.239845006234107,-0.5177229835009604,1.0706657107105109,8.875517679556775e-06,-7.21798122167502e-06,4.768635644711431e-05,6.285264859693696e-05,0.3491782391530822,-0.4538219656476552,1.8663193548676567,160.5178281852002
116.54999999999552,-4.250982555513024,-0.55794639811953,1.053295382254699,-2.4935929519405304,-3.2775148992832155,1.7653958485100096,-4.23287772064157,-0.5042501811842078,1.0528247876559318,8.888647067220675e-06,-6.888553446471796e-06,4.745359923525306e-05,6.283835676468489e-05,0.3510617479173893,-0.44081190520681407,3.9960237849168236,149.6623968603328
116.59999999999552,-4.243244481596955,-0.5427333247856062,1.031319699551152,-2.496762586841363,-3.2604424790690687,1.743333035354456,-4.2246935019721565,-0.4904340455258769,1.0286615161933454,8.90784912312806e-06,-6.567367551642357e-06,4.720153129326856e-05,6.282467482594929e-05,0.34729028105170795,-0.44125626311110216,2.083547826969969,143.99556597664258
116.64999999999552,-4.235175274798711,-0.5276930797042907,1.0093784157411017,-2.4995581497801105,-3.243277661940104,1.7211563078109018,-4.216312718417974,-0.47763675278558065,1.0041313822667837,8.937746741741729e-06,-6.25220423259748e-06,4.692442713863626e-05,6.281114477211403e-05,0.3478266895756293,-0.44353455087110427,2.8102512428252524,135.23929465686632
116.69999999999551,-4.226778602732031,-0.5128353109516508,0.9874590495297227,-2.5019489319520742,-3.2262357174787377,1.6991933487312156,-4.207575106790557,-0.4638334111311829,0.9788897921704978,8.977462699496861e-06,-5.944700656243144e-06,4.6623976950305434e-05,6.279823918001415e-05,0.3441834481672858,-0.43925918159375904,2.558988729515415,130.7895882749953
116.74999999999551,-4.218050936868441,-0.498170275775939,0.9655739838644402,-2.5039914562035333,-3.2088279594799007,1.675999470706273,-4.198963412701727,-0.4517063974020884,0.9577847837335884,9.029312973953233e-06,-5.643741432843354e-06,4.6297103588768206e-05,6.278426633543214e-05,0.35055140336020696,-0.46387756049887463,4.112449512641895,120.53925553791102
116.7999999999955,-4.209012372446682,-0.48371423673406183,0.9437084282026085,-2.505674381601414,-3.191232693502534,1.6563060081512484,-4.19011467104954,-0.43869315132438125,0.9410251042400404,9.087917998832398e-06,-5.352123061201985e-06,4.595151131227675e-05,6.276910842812113e-05,0.353517026636612,-0.39386925110051746,2.4237166662917113,114.50735332625537
116.8499999999955,-4.19965092525706,-0.4694462491546747,0.9219315990584254,-2.506973522449354,-3.17371480711964,1.6333372680598117,-4.180478404242746,-0.42608629931708747,0.9132386548556921,9.151404196728445e-06,-5.070826469168198e-06,4.55904605142581e-05,6.275395513698243e-05,0.3513275828677086,-0.4593748018287549,3.754799224789191,108.4518139283794
116.8999999999955,-4.189985128822432,-0.4553968088462379,0.9001718394948321,-2.5078514945900734,-3.156513029170639,1.610246115540587,-4.1705211753745095,-0.41342746081417026,0.8925460884958696,9.225307509043972e-06,-4.799623239092605e-06,4.520766648473127e-05,6.274016062158184e-05,0.34449103454034413,-0.46182305038452165,1.4970456997814892,104.83358810332608
116.9499999999955,-4.180017541266187,-0.4415566032626721,0.8783840769223872,-2.5083372733015263,-3.1391225726056815,1.5871992891994315,-4.159765238438433,-0.3999008588071848,0.8703629629456424,9.305709007687005e-06,-4.538530302765554e-06,4.480798163721568e-05,6.272642285617635e-05,0.3479525011664947,-0.46093652682314007,0.9652088960870717,106.57998852197073
116.9999999999955,-4.169745374251179,-0.42793148371661793,0.8566797593141281,-2.508437313774672,-3.1216671685011224,1.5658556458975639,-4.149204546961887,-0.38836561323323926,0.8479164937223405,9.392317446181405e-06,-4.287991260129937e-06,4.4392723395279494e-05,6.271255556918593e-05,0.34912044228802364,-0.42687286603738706,3.756153259268378,101.42535309969605
117.04999999999549,-4.159168658492243,-0.4145269943562392,0.8350482902432176,-2.508167191292927,-3.1040823710344108,1.5450171499489356,-4.138369583451512,-0.3775468640910764,0.8253606161457605,9.485692829180973e-06,-4.048585980346571e-06,4.3960971032354126e-05,6.269801981419717e-05,0.35174380499712893,-0.416769918972592,2.8669259600227472,95.39965973858493
117.09999999999549,-4.1483116295498945,-0.4013734773947319,0.8134688883769655,-2.507523649380668,-3.086555159668935,1.5231750131332653,-4.127755621597289,-0.36552106117990363,0.8081602362955707,9.585447167468542e-06,-3.821039367558629e-06,4.3514729087549317e-05,6.268340658336924e-05,0.3507874082947356,-0.43684273631342485,5.085096660949164,90.55677446813606
117.14999999999549,-4.137169087027496,-0.388457410796813,0.7918945806615247,-2.5065043599608563,-3.069088879313482,1.501834755155838,-4.115215418052108,-0.35495654505080915,0.7851038556226659,9.686804131927919e-06,-3.6050086583635364e-06,4.306000383404277e-05,6.266911284143753e-05,0.34992657382973574,-0.4268051595485722,3.5006601341271506,91.46927614602441
117.19999999999548,-4.125740087764629,-0.37576538767629086,0.7704084400163831,-2.5051198102432375,-3.0518046130263676,1.4798900038710059,-4.1044651611603085,-0.3440476598965251,0.7677253217452411,9.793827621591396e-06,-3.401217060627695e-06,4.2593368894992194e-05,6.265571027093452e-05,0.3467995993066441,-0.438895025696674,3.1952804600462166,83.68382583908898
117.24999999999548,-4.114042027616036,-0.36332114848946806,0.7489857678455423,-2.503322447967645,-3.034288623937966,1.4571931052364597,-4.091820399155228,-0.33349524358309846,0.7421719040784467,9.903226238897382e-06,-3.208617524212804e-06,4.2118138010460365e-05,6.26417261851824e-05,0.35216683261913784,-0.45393797269094915,1.504850664498632,83.26556482563606
117.29999999999548,-4.102093722384387,-0.3511456246780779,0.7275873490608329,-2.501174243257045,-3.017034325860008,1.4366691443565598,-4.079624667770299,-0.3247179897883179,0.7198032361627336,1.0018292871694866e-05,-3.028855566925501e-06,4.163181949674241e-05,6.26284112727549e-05,0.3477563505237079,-0.4104792175980271,3.2409202488394113,77.49955726212416
117.34999999999548,-4.089879790038349,-0.3392142095211948,0.7061909387745903,-2.4986302343105486,-2.9995659601490168,1.4156865369466534,-4.0671563040623155,-0.31446388075277926,0.6992227828378161,1.0138371699641493e-05,-2.8615286340404576e-06,4.113489825500993e-05,6.261435739014491e-05,0.35305932379873217,-0.4196521481981457,1.6883555413995333,75.01448397609646
117.39999999999547,-4.077417275952081,-0.3275514570729213,0.6847778867994494,-2.4957492099116734,-2.9823264120854422,1.3947321804334152,-4.055681315445779,-0.3056561510157748,0.6756901079294169,1.0260459526701465e-05,-2.706353377167552e-06,4.063309230223968e-05,6.260083126681832e-05,0.349578888222534,-0.4190871302647782,5.162094288765761,65.28221019357004
117.44999999999547,-4.064700639011867,-0.3161688209275479,0.6634247748418481,-2.4925017868372743,-2.965124678468804,1.373683131958881,-4.042906297222224,-0.29567682968644865,0.6630666308080415,1.038682448098956e-05,-2.5640428348889904e-06,4.012362230089622e-05,6.258749503676477e-05,0.35011810054878817,-0.4209809694907156,2.5982452942938914,63.20162189211616
117.49999999999547,-4.051718338547922,-0.30505338512330615,0.6421783194644691,-2.4888944888747377,-2.9480485213761094,1.3515358392946455,-4.029497271304687,-0.28683875269412534,0.6395329965252259,1.050971604650078e-05,-2.4315795111048216e-06,3.961637686794311e-05,6.25746726543819e-05,0.34906743810155605,-0.4429458532847389,1.432304273374355,61.0989247263291
117.54999999999546,-4.038533324455257,-0.29424284416719526,0.6210424846366681,-2.4849233323219644,-2.93100430314828,1.3322415213422296,-4.016039782433602,-0.2764759384819707,0.6230805143493905,1.0635539141185839e-05,-2.3112579518040395e-06,3.9104341053479156e-05,6.256198634407482e-05,0.3500199771383538,-0.38588635904834906,1.4282667183070492,61.772759352868206
117.59999999999546,-4.025088201630563,-0.2836916100885637,0.5999964488360656,-2.4805998902531883,-2.9140590752514157,1.3097262160094099,-4.003581308857582,-0.26734827120118904,0.6070999992784465,1.0760983830824434e-05,-2.201343734581674e-06,3.8592452392660434e-05,6.254959078722154e-05,0.34976896375233624,-0.4503061066564267,2.50819422059458,56.60179342355959
117.64999999999546,-4.011431397147618,-0.27342534669002216,0.5790056993438699,-2.475940083207489,-2.8972935761255476,1.289671078901847,-3.989174898293532,-0.25693221311856407,0.5825018429096249,1.0883702258621914e-05,-2.1006678596406894e-06,3.808393230045032e-05,6.253777700615232e-05,0.34802638507246353,-0.401102742151272,1.146251957368469,58.10937441023688
117.69999999999546,-3.9975679559330546,-0.2634467911836772,0.558093498451494,-2.470874866633168,-2.8804235405297645,1.2685505646482813,-3.9747189319568927,-0.24945303675625627,0.5564123334251048,1.1010960678674138e-05,-2.0124713684838423e-06,3.756987444816945e-05,6.252547935968339e-05,0.35228741294543936,-0.42241028507134065,2.3355205875865996,56.42118683056091
117.74999999999545,-3.983500589239071,-0.2537733650387241,0.5372023139678246,-2.4654886512230956,-2.86375370876092,1.2479962368072988,-3.960577837404941,-0.24230601909511346,0.5351460820692244,1.1142112368353713e-05,-1.9377049140975866e-06,3.705201755266874e-05,6.251336164947191e-05,0.3503743213306406,-0.41108655681967055,3.298074429787638,53.73422784901207
117.79999999999545,-3.9692465344820596,-0.24440050004457392,0.5163540696146837,-2.459728164550365,-2.84711179508651,1.2271266763001991,-3.9463134933657256,-0.23365172862130462,0.5188827589264502,1.1274052036955156e-05,-1.8743750423402706e-06,3.6534295790202335e-05,6.25010645010705e-05,0.3522202459060176,-0.41739121014201996,1.7335258898985164,53.16462242018923
117.84999999999545,-3.954778551178374,-0.23530444099260617,0.4956196366335485,-2.4536663971982344,-2.830682907202604,1.207518627717807,-3.933893937484859,-0.2268700577163101,0.49969168952133636,1.1402682355823038e-05,-1.8193168136712162e-06,3.6022537684648455e-05,6.248926830849871e-05,0.35023603799912284,-0.3921609716478743,4.891546860592866,42.9908931251434
117.89999999999544,-3.940133530219793,-0.22652006052833965,0.4749688489632025,-2.4472546220181197,-2.8143030083414926,1.187860395375404,-3.920311223857484,-0.21926843182986366,0.47422000935493047,1.1530500961054999e-05,-1.7741774020898133e-06,3.5513812488672584e-05,6.247745327817341e-05,0.3518078521616525,-0.39316464684807284,4.51497947616395,37.16130841678467
117.94999999999544,-3.9252968886944757,-0.21803196069261493,0.4544033679743375,-2.4405569560234306,-2.7981510040652653,1.1675640789357438,-3.906485556268887,-0.21277524041466092,0.4585563664859702,1.1660855901743075e-05,-1.741797844045061e-06,3.500512233148466e-05,6.246620586459673e-05,0.3497178679411658,-0.4059263287932339,2.653968439600522,32.92300950840689
117.99999999999544,-3.9102861030592897,-0.20985690481821934,0.43391177999298336,-2.433540924094496,-2.782160277151002,1.1470997541431416,-3.89104129973427,-0.20559058060050223,0.4376606590842016,1.178774617581733e-05,-1.7169512258786152e-06,3.450313555581938e-05,6.245543064246198e-05,0.3492498779935549,-0.4092864958520621,1.5418347877378513,33.46557790861968
118.04999999999544,-3.8951039633771436,-0.20199250166781493,0.41349995091574687,-2.4262033560584744,-2.766350018082728,1.125455262556848,-3.8754038694687205,-0.1984030581467917,0.4102274668820547,1.1914346653578323e-05,-1.7022908438520738e-06,3.4004747410343294e-05,6.244514776183988e-05,0.3486064011945629,-0.4328898317259028,1.3496698429627352,33.808824436144555
118.09999999999543,-3.8797746145923724,-0.1944535330058852,0.39308313616057644,-2.4185823879711883,-2.7507827350005725,1.1056314791993156,-3.860714494373,-0.19311701035273707,0.39000793596826977,1.2042903979690043e-05,-1.700351861180781e-06,3.350796925594905e-05,6.24356184846082e-05,0.34665792685990143,-0.3964756671506775,3.699995344775756,30.680156903525134
118.14999999999543,-3.8642745535397034,-0.18722785049706347,0.3727208822233487,-2.410589712007839,-2.7352691365520436,1.0844869696219401,-3.846121930323891,-0.18849757139171458,0.36387102483991685,1.217023566204169e-05,-1.7080442449076144e-06,3.30160045206854e-05,6.242596608908548e-05,0.3490363609032545,-0.4228901915475387,4.058016690763129,28.0104295853649
118.19999999999543,-3.8486526463955726,-0.18033066794337752,0.3524286194876952,-2.402306269783074,-2.7199951941999743,1.063242325685942,-3.831019711430688,-0.18322162739915954,0.3429780657855601,1.2298498206227637e-05,-1.7283731540529748e-06,3.252743898992746e-05,6.241662890860447e-05,0.34751695526045995,-0.4248928787199861,1.4149440801826767,26.390025294559994
118.24999999999542,-3.8328616144955965,-0.17373655733071738,0.3321742406703479,-2.393656307364301,-2.7047958333249977,1.0435717793771317,-3.816252202594971,-0.17790199873951165,0.33062538556315024,1.242443245338552e-05,-1.756965672384679e-06,3.20459442093215e-05,6.240705776314672e-05,0.34977265913090094,-0.3934109261762173,2.2802807363658273,22.314562092588986
118.29999999999542,-3.8169578083386946,-0.16747197490580062,0.31199916805907757,-2.384728979725792,-2.689832033620222,1.0221967934930554,-3.800113194919792,-0.17334918526251164,0.3147492199650759,1.254495219844225e-05,-1.78911991747746e-06,3.157515137603033e-05,6.239770092521669e-05,0.348496221171344,-0.4274997176815588,2.4821858990001364,23.19748482323674
118.34999999999542,-3.800929212344009,-0.16152464887708823,0.2919005221436536,-2.3754327581346852,-2.6749658542586308,1.0017271756934605,-3.7858816857614377,-0.16948090614298605,0.29236025559352363,1.2661382480501443e-05,-1.8262223416219746e-06,3.1113520438525986e-05,6.238806739024346e-05,0.35067578144419553,-0.40939235599193086,5.645861509003629,18.981502835801813
118.39999999999542,-3.7847924334882608,-0.15590316099504925,0.27187173901840017,-2.3658033937401015,-2.6602277097816924,0.982393424450458,-3.7695117207630093,-0.16418509520741606,0.2758367599167717,1.277641750559709e-05,-1.8723366405491645e-06,3.065851272004706e-05,6.237811761227236e-05,0.352106356571816,-0.38667502486006716,1.1457711328828957,19.77745136701558
118.44999999999541,-3.7685365383434783,-0.15060970222043107,0.2518802948479529,-2.3560010143739616,-2.645853608542473,0.9621851828671835,-3.753644874883952,-0.1599713728329247,0.255668028090402,1.2887870306205868e-05,-1.923517469501634e-06,3.0213123693063672e-05,6.236907085037925e-05,0.3479722570215302,-0.4041648316655198,0.9943744748501007,19.167017976805116
118.49999999999541,-3.752163047864067,-0.14563371823449645,0.23195227124152096,-2.3458291605518657,-2.6315593292740878,0.942465624179813,-3.7371395019064098,-0.15620038986575235,0.23920569536995107,1.2997057440931255e-05,-1.9818957480935995e-06,2.9775212058392952e-05,6.235998770223448e-05,0.35088630878579,-0.39439117374743793,1.2271742448875695,20.556665624253817
118.5499999999954,-3.7357180856437777,-0.14099681760531438,0.21214077908568219,-2.335340237167391,-2.6174321657495954,0.9218046449009076,-3.721004382038954,-0.1524508263011593,0.22408614740940758,1.3102814798378264e-05,-2.045028876135068e-06,2.9346477695556688e-05,6.235081625587608e-05,0.3519120779095924,-0.413219585578131,1.8405685189018213,21.69638177823325
118.5999999999954,-3.7191441786833552,-0.13669022137583586,0.19240578936596595,-2.3245255186180236,-2.6034655179921757,0.9020121031857702,-3.704507457341845,-0.14882616812168914,0.2011623963951248,1.3204546735967114e-05,-2.1111669336439615e-06,2.892755032662771e-05,6.234145198175236e-05,0.3532905734788824,-0.3958508343027711,1.224994864570728,20.78358359355863
118.6499999999954,-3.70252985244536,-0.13273237593769838,0.172848893154612,-2.313447812920174,-2.5897312625634257,0.8821061720842494,-3.689657431900239,-0.14602368597864093,0.18080794424507562,1.330478160152029e-05,-2.1860812790132134e-06,2.8516298877667206e-05,6.233231446745732e-05,0.35290543588622725,-0.39811862203044013,2.5285993078259112,17.85069211555086
118.6999999999954,-3.6858133432727938,-0.12909582025850078,0.15339242084740495,-2.3021825435760883,-2.5763279836375563,0.8615969889582145,-3.6728511584531276,-0.142980263871242,0.164611455579458,1.340272186296184e-05,-2.267923323351689e-06,2.8113733874577847e-05,6.23240886563101e-05,0.3501799108965531,-0.41018366252072336,2.2922999311133787,19.380385415242007
118.7499999999954,-3.6690320849903673,-0.1257881622128965,0.13396477669312432,-2.2907580852753773,-2.5632716001124893,0.8423250188412998,-3.6560220274642226,-0.14089448676280944,0.1434624191557754,1.349702465471746e-05,-2.3526021191577945e-06,2.7721141237546833e-05,6.231714226621685e-05,0.34698513753350596,-0.38543940233831014,0.5488291985712765,19.90917321884071
118.79999999999539,-3.6521652405611333,-0.12280356159971532,0.11463371225636514,-2.278926449988556,-2.550271512786073,0.8225115663384113,-3.6395198004245306,-0.13940671488454975,0.12125361110364352,1.3589134262978415e-05,-2.4444318332401796e-06,2.7336681367145127e-05,6.230997583954296e-05,0.3515679010796302,-0.3962690500577967,1.1734916249234697,20.008534612092483
118.84999999999539,-3.6352776133336624,-0.12014543912351676,0.09536406899726386,-2.266826173018083,-2.5374895476515182,0.8030642040376201,-3.623340895584052,-0.13754879976242657,0.0968961786113991,1.3678982832235187e-05,-2.543634346819042e-06,2.696113528800098e-05,6.230276851829219e-05,0.3520256237046147,-0.38894724601584335,3.607138002375295,19.136683680232025
118.89999999999539,-3.61834701923395,-0.11782167899840963,0.07616867589017595,-2.254677222062737,-2.5251401454083173,0.784096227974854,-3.605373371001511,-0.13682189402284037,0.08221060852438411,1.3766790625139539e-05,-2.651471634994515e-06,2.6594607920221612e-05,6.229696632976484e-05,0.3464758248334423,-0.37935952125534544,3.0826555632543675,23.13863213792091
118.94999999999538,-3.601360538362047,-0.11582850505460422,0.0571161060013809,-2.2421276615534964,-2.512847382883217,0.7660266024186106,-3.5899249471183112,-0.1359391756708047,0.06740662887054238,1.3850910065761894e-05,-2.759960345589565e-06,2.6238156786545137e-05,6.229085733158311e-05,0.3513470514971782,-0.36139251112488974,3.2046618391244404,23.319632078264203
118.99999999999538,-3.5843210285174374,-0.11416093897923271,0.03814447284955158,-2.229387483085823,-2.500819833843831,0.7472405970861526,-3.5742881766846692,-0.1351560243380585,0.04552969515339145,1.3931555756262145e-05,-2.8698619589636886e-06,2.5892004852683822e-05,6.228486784107517e-05,0.3504186703910304,-0.3757201066491783,3.6754400041825854,22.12260509227083
119.04999999999538,-3.567248500282715,-0.11281516562475018,0.01928446322192119,-2.216548789077502,-2.489155394045695,0.7277837738112449,-3.557362120866253,-0.13562678337581266,0.026784356007780286,1.4009681708968815e-05,-2.9867117173337324e-06,2.5555267278353934e-05,6.227988358944698e-05,0.34692979816571445,-0.38913646549817144,1.4885218643966176,24.933271114258186
119.09999999999538,-3.55015766693269,-0.1117904593745983,0.0005307799592405497,-2.2034145538010588,-2.477672797101231,0.7090256403882718,-3.541003397866236,-0.13517556275363612,0.007944504874993985,1.408482897379972e-05,-3.107164566314505e-06,2.5228346657609227e-05,6.227506416605793e-05,0.3489223945371175,-0.37516266845948226,1.4361927411742321,25.290124457226877
119.14999999999537,-3.533055418624283,-0.11110136539826646,-0.018148974810964936,-2.1900968113557773,-2.4664578794400907,0.6907580477777668,-3.523862298050021,-0.1345552925668615,-0.00887762402867276,1.4156953939184921e-05,-3.2311009799102887e-06,2.491136120217428e-05,6.227059043692927e-05,0.3482212354094885,-0.3653518522101163,2.548799807490807,26.036579803255666
119.19999999999537,-3.515937229704155,-0.11072576822097054,-0.036721036865750886,-2.1764322445807016,-2.4553758240564374,0.6720747750137379,-3.5076251779872343,-0.13535282011206465,-0.02855732700018887,1.422602315727381e-05,-3.356914012312593e-06,2.4604054201887845e-05,6.226558719514184e-05,0.3518757398483596,-0.3736654552805971,1.2297010430328363,27.35896991816995
119.24999999999537,-3.4988004057846345,-0.11066688821997284,-0.05519130638782176,-2.1627329480505737,-2.4446720967385778,0.6544356366012334,-3.489722188655467,-0.13629909566405668,-0.05424097155932994,1.4292225566360937e-05,-3.4867725443823076e-06,2.430668553357064e-05,6.226144175029295e-05,0.3477058185362443,-0.35278276825010774,3.7504376410098965,29.147151164455103
119.29999999999536,-3.4816925876217804,-0.11093141486089012,-0.07353681568211932,-2.1485434279497215,-2.4339985192536835,0.6353994540295824,-3.4707658913421406,-0.13752954562460026,-0.0741978908244505,1.4355428752679148e-05,-3.6254070474117697e-06,2.4019631175692578e-05,6.225642143251284e-05,0.35512096961609096,-0.3807236514330365,2.5341186046492203,32.94429128418348
119.34999999999536,-3.4645480342750554,-0.11151560799326596,-0.09183108789379839,-2.13434138714707,-2.4237244481298483,0.6171469368279077,-3.4532880140342743,-0.1393321282092264,-0.09392412328099153,1.4415675817080856e-05,-3.767587291708477e-06,2.3742965645879262e-05,6.225225353932152e-05,0.35057839683885317,-0.36505034403351067,0.806643246537597,36.110305390371714
119.39999999999536,-3.447445766393829,-0.11242071099802989,-0.11002260873224777,-2.119926730767276,-2.413692992049579,0.5988187645994798,-3.436470996666721,-0.14012408877030702,-0.10714431933397739,1.4472884690215088e-05,-3.9129966952167625e-06,2.347684699031313e-05,6.224863958827761e-05,0.3512384166481012,-0.36656344456858064,1.989923241960638,35.69031520568283
119.44999999999536,-3.430370598101021,-0.11362926618328133,-0.1281073135223875,-2.105225687981718,-2.403863752504575,0.5798724793080838,-3.4191076685985218,-0.14142548319220152,-0.1201824104145226,1.4527706722176467e-05,-4.056541466840284e-06,2.321998193419862e-05,6.224488522813881e-05,0.353691370640232,-0.37892570582793944,1.370172859862149,37.078678004657476
119.49999999999535,-3.4132937235603023,-0.11515352629570204,-0.14607822025321202,-2.0905308301255032,-2.394424646825046,0.5620714964454878,-3.402516002340491,-0.1441976962428668,-0.14502392477893622,1.4580258377160104e-05,-4.198166252671293e-06,2.2971909915743054e-05,6.224216868922805e-05,0.34930995887117144,-0.3560196572519433,3.0834652885396956,38.89013712587333
119.54999999999535,-3.396249916572214,-0.11698959340569148,-0.16393840757661446,-2.0758069415483944,-2.3853478963317816,0.5428038362950729,-3.384358879689794,-0.1465278577895965,-0.165669533656994,1.462889134185708e-05,-4.347894302746724e-06,2.273530689927239e-05,6.224113093504971e-05,0.3459419316758078,-0.38535320300832104,2.4203105306735795,41.30181108958456
119.59999999999535,-3.3792428613367127,-0.11913805951896954,-0.18169709477825322,-2.0607680560534045,-2.3764687006000114,0.5238811519360915,-3.3668975423279814,-0.1497649229620761,-0.18448687628264127,1.4674473688650044e-05,-4.5008072958017184e-06,2.2509220108338163e-05,6.224037638779006e-05,0.3492948869230988,-0.37845368717964967,2.6644217663012313,44.68943159606459
119.64999999999534,-3.3622855030359995,-0.1215915978454319,-0.1993356981063887,-2.045597786165391,-2.3678856327774875,0.5058772962681912,-3.350751971103889,-0.1526438377438688,-0.2022287013892159,1.4717295185992025e-05,-4.65551398542744e-06,2.2293359830768028e-05,6.224007936769311e-05,0.3486054205743661,-0.36007711335802906,1.7735178331825314,45.31265535852258
119.69999999999534,-3.345358985630155,-0.12435851658559552,-0.2168840004019883,-2.030033936359868,-2.3594330012034113,0.4891738033305879,-3.3333121369008247,-0.1555440847531922,-0.2130759127457682,1.4757889130183837e-05,-4.810371681897604e-06,2.2087147409863003e-05,6.223890814890472e-05,0.3542246149784566,-0.33406985875208217,2.027305886793118,46.200828774718765
119.74999999999534,-3.32850988046395,-0.127420820680407,-0.23430116444720342,-2.0146870817740066,-2.351430964474013,0.4720866826154775,-3.3157634221735313,-0.15897740886496775,-0.23112500620485354,1.4797171472697094e-05,-4.962368173568791e-06,2.188837162566982e-05,6.22391652619228e-05,0.3461594003379754,-0.3417424143022265,1.6063373120447302,47.874140252563315
119.79999999999534,-3.3116897742800653,-0.13079092768777803,-0.2515926471205961,-1.999103735333019,-2.3436429942712085,0.45482829668279745,-3.299027477488351,-0.16263595321080132,-0.2446937281118724,1.483368963984163e-05,-5.115796044233675e-06,2.1699398218435742e-05,6.223982985322991e-05,0.3484254292056156,-0.34516771865361695,0.7667080478014658,49.29250009964398
119.84999999999533,-3.2949550118939532,-0.1344485417673284,-0.26882487626156704,-1.983228679282786,-2.3360665342037152,0.4357459600009559,-3.280974723435456,-0.16662397445889587,-0.2611659966019344,1.4868640613904452e-05,-5.2679577109120185e-06,2.1518773420146903e-05,6.224006746875446e-05,0.35181218919400864,-0.3816467336368539,1.287830913152085,51.58447720204775
119.89999999999533,-3.2782545922224138,-0.13840353072441874,-0.2859862300186488,-1.9672598938081698,-2.328783300400451,0.4200708286379493,-3.2637859028237552,-0.17058299891290032,-0.2721852960808513,1.4901736106960856e-05,-5.419563406069055e-06,2.134651950725719e-05,6.224044232109414e-05,0.3510292932332943,-0.3135026272601535,1.5723863058534282,54.09400368614172
119.94999999999533,-3.2616343828093184,-0.1426440080098659,-0.3030410145568876,-1.9510666363354265,-2.3217216503738287,0.4023748610341342,-3.247232304952829,-0.17535297445306683,-0.2948523368091833,1.4933926154439093e-05,-5.5684992182994495e-06,2.1181417956607257e-05,6.2240492216488e-05,0.3533251380486657,-0.35391935207632097,1.2200168664088968,53.861263101292245
119.99999999999532,-3.2450873183965783,-0.1471732777232251,-0.3199551198539669,-1.9349028775651282,-2.3149953941004844,0.3862959529625214,-3.231052543815578,-0.18060329065780925,-0.3124223497160905,1.496183296010827e-05,-5.722068632252922e-06,2.1027680622517805e-05,6.224158566550186e-05,0.35015209532526,-0.3215781614322741,0.7472764914314924,55.69543941227241
120.04999999999532,-3.2286307127986573,-0.15198390704591816,-0.3367289793528031,-1.918650976292307,-2.3085426537767804,0.36961723263460833,-3.2155469895304254,-0.18605041814607406,-0.3338733041424087,1.498708675649231e-05,-5.877096192789891e-06,2.0883681486736884e-05,6.224361118807943e-05,0.34972517257656194,-0.33357440655827764,1.748998471621776,56.571317119687855
120.09999999999532,-3.212242330134574,-0.1570770239521413,-0.3534167773764236,-1.9020477752857365,-2.3022732311156187,0.35248479947859135,-3.1995433640397293,-0.19147908437255257,-0.34150698864391504,1.5008879329336465e-05,-6.035111717277452e-06,2.0751342154557316e-05,6.224537101868155e-05,0.3549533200310774,-0.34264866312036163,3.4059095489735345,59.70941716903693
120.14999999999532,-3.19594965790154,-0.16244004563325187,-0.3700035121055396,-1.885436676496547,-2.2963218640705745,0.3355732400784759,-3.182977716001723,-0.1976248298658644,-0.35640171047072666,1.5032084809263664e-05,-6.188080248486791e-06,2.0623315773906144e-05,6.224748767847112e-05,0.3529049692269887,-0.3382311880023319,2.2350382806989346,63.29262240875556
