t,x_true,y_true,theta_true,x_odom,y_odom,theta_odom,x_ekf,y_ekf,theta_ekf,Pxx,Pxy,Pyy,Ptt,v_meas,w_meas,nis,nees
0.05,0.008664088663084152,0.15014519829677817,-0.0016250474586231936,0.08026626787426605,0.10001863197353138,0.06990817269859839,0.03387771897844276,0.15460584388494664,0.045838691694594313,0.0006697164616817775,0.0006012350836094912,0.0009447617308594522,0.002334168633568448,0.005338379205617706,0.0019000523765039313,1.4682310334206163,4.155799184224915
0.1,0.01951843351301104,0.15019476772694168,-0.0034900879886467597,0.09156347537269599,0.10079587721830688,0.06747487110281458,0.03533132989426868,0.14047573905445443,-0.018705520141543364,0.0002899096500419033,0.0002784661688842044,0.0006044179706995107,0.0013810509799576526,0.2264783174645915,-0.04866603191568,2.4647303981435584,2.7795517057181813
0.15000000000000002,0.03466771550854196,0.15022259374816335,-0.006206553698804385,0.10730939938764197,0.10183763393583581,0.06465338048102298,0.05110731306571317,0.14333710919874135,-0.03261933983988374,0.0001935314038136623,0.00020395812942330951,0.0004952444671781862,0.0009897313882556195,0.3156070628757761,-0.05642981243582878,0.8593558335804423,3.4900816707571196
0.2,0.05210881684329871,0.15008439707327276,-0.0065942234725776434,0.12480520379874609,0.10297724525706917,0.0654353763554476,0.05971058364297056,0.14512125191156025,-0.01705274465119011,0.00015853242291107987,0.0001737490027831223,0.0004234535245242334,0.0007748290788022348,0.35065761170705123,0.015639917488493582,1.4189475936809808,1.1323840712547124
0.25,0.06963593456775183,0.14993567197340257,-0.00574403523442711,0.14245092426275785,0.10413019143915386,0.06505628390282059,0.07175758692245127,0.14744596687734104,0.004369186458515362,0.0001375104349904791,0.000152430926702236,0.0003673510849290365,0.0006401945802540401,0.35366692768067526,-0.007581849052536534,1.7985773068508342,0.5583242944451083
0.3,0.08713539024955201,0.14978787474066496,-0.004797447364107082,0.1599915937286226,0.10529067214351744,0.06707002643081417,0.09311476376198898,0.14909645683212555,0.00923683328123115,0.00012366851894123144,0.00013579406832769567,0.00032111180041037585,0.0005485464336380954,0.3515803778390664,0.040274850559875966,1.5098053239922953,1.7222428423116913
0.35,0.10464305677709,0.14965179526576572,-0.0036765826149472917,0.17761622132204719,0.10648778218484317,0.06856678836995833,0.11492174123435413,0.151505247684707,0.00749590605474193,0.00011401464149017406,0.00012114453475706508,0.0002793560143428795,0.0004824726164297436,0.35330475712447523,0.029935238782886835,1.5772010666659646,2.8305669906838995
0.39999999999999997,0.12216079168247315,0.14953081461890766,-0.0024187606772380055,0.19505100981130705,0.10769828905802245,0.07007181424052122,0.13820837989179252,0.1643708781741325,0.00676013579231638,0.0001063452540364828,0.00010801662791308991,0.00024387126316883213,0.0004329143151008309,0.3495352538495267,0.03010051741125363,3.001534612273425,3.385933023947457
0.44999999999999996,0.13968928700555733,0.14942820065960655,-0.000986107964505123,0.21240222616295795,0.10892218618808067,0.07076826768391475,0.1587967690293992,0.166531483492119,0.004285281519833539,0.00010004170049102751,9.710373336319853e-05,0.00021720534837959217,0.0003944399979344042,0.3478865592669758,0.013929068867872057,2.0523995328297153,4.385982795914683
0.49999999999999994,0.15721262059923394,0.14934741264669332,0.0006636400895347125,0.22986381459198665,0.11017409741178968,0.07237710509939355,0.17397646519768237,0.16263512891687856,0.01696154263040306,9.471588571242855e-05,8.764467248550786e-05,0.00019517403982516487,0.00036414207635049816,0.35012821553384715,0.0321767483095776,1.9446254576665307,5.198840849334073
0.5499999999999999,0.17476365474889097,0.14928776309889324,0.002472050306240799,0.24756880384913535,0.1114679995815135,0.07352594922436184,0.19375926825761422,0.16452034716290784,0.01546244497948912,9.017715156140305e-05,7.94053245177825e-05,0.00017650676569226824,0.0003399897284522336,0.3550441449070372,0.02297688249936175,0.9524089387500257,5.772936115390564
0.6,0.1923093003273787,0.1492561101817885,0.004487543793099641,0.2648679185368714,0.11276045761968428,0.07562171248289218,0.2080523784375901,0.16223829221889205,0.021941889426034145,8.629346989833764e-05,7.237973627806954e-05,0.00016127060691699724,0.00032033927021694116,0.34694663964697764,0.04191526517060871,2.323327953245002,5.060518065860255
0.65,0.20983253172690533,0.14925006974743085,0.006634952389984909,0.28249527333993874,0.11412579830247456,0.07898118472833815,0.22337615637315145,0.15837191588009059,0.023304246036489396,8.294607014286552e-05,6.628596259509599e-05,0.00014849567846780473,0.0003042432603790959,0.353603216344924,0.06718944490892112,0.8748738960038054,4.400690426708285
0.7000000000000001,0.22738126767714348,0.14927835933418318,0.008988206453428519,0.29994812232548795,0.11553056708257531,0.08165126019596247,0.24170568888589752,0.16093826259675365,0.021957625931206426,8.002109147162908e-05,6.093844181177501e-05,0.00013759140291062924,0.0002909300914322914,0.350185947848866,0.05340150935248629,1.2540401207461236,3.8408356779025943
0.7500000000000001,0.24491003872415384,0.1493405902371559,0.011485638544625712,0.31749673013417573,0.11698462240573848,0.08368850245977999,0.25866643559213504,0.16178813134539818,0.023131915171418438,7.748906343711131e-05,5.63456421151935e-05,0.00012866481751013008,0.00027975174907753715,0.3521749679616638,0.040744845276349674,2.292203575775754,3.3877246433151083
0.8000000000000002,0.2624548156774865,0.14943648546280905,0.014089619205142371,0.3349534623907185,0.11847180905374767,0.08628653199597736,0.2763354288480736,0.16158967079002048,0.01617749925941636,7.527967084677403e-05,5.234940761563761e-05,0.00012118205691816515,0.00027031921370344035,0.3503994279992072,0.05196059072394703,3.6315720480368094,2.7079217981961152
0.8500000000000002,0.28002364260813933,0.14958125972182545,0.016936132107507818,0.3523089513865781,0.11999033921482814,0.0882603023534747,0.29498600481528564,0.16267875711573043,0.01056376639597767,7.332650383965038e-05,4.88255030418431e-05,0.00011481801757177024,0.0002623119189365016,0.34843595145862,0.03947540714994653,1.45013356869285,3.294952833173351
0.9000000000000002,0.2975722847860856,0.14976145957522408,0.019926085598603097,0.3698934072900971,0.1215606590709743,0.08987036145221561,0.312233476484152,0.16292672267719557,0.007386034118286311,7.159825950881715e-05,4.570774069331053e-05,0.00010944763544620699,0.00025546129612919345,0.3530886920894633,0.032201181974815966,2.5127978108228026,3.9148663946788163
0.9500000000000003,0.3151181057801917,0.1499918813320011,0.023093497138667044,0.3873204781497541,0.12315711465437972,0.09283528497318727,0.3281245191110646,0.16029493440865614,0.02108770455623077,7.006252097250275e-05,4.2932160938503926e-05,0.00010481947599536431,0.00024958484417515156,0.3500009677279653,0.059298470419437324,4.265608473854738,2.488861702568242
1.0000000000000002,0.3326855792664033,0.15027368861657614,0.026448083135583524,0.4047385570475427,0.1248150990513111,0.09696796147505182,0.3468736675787547,0.16059663615241376,0.01776773722975422,6.869447689857055e-05,4.042631704382057e-05,0.00010077310373858638,0.0002445377528058975,0.34993646306852205,0.08265353003728763,1.3562380604186692,3.263237346508658
1.0500000000000003,0.350248893164731,0.15060793480573112,0.029953998576132172,0.4222365249001267,0.1265625581911853,0.10210479496068192,0.3636902137098774,0.15803457555934103,0.019612498110825438,6.74688733735834e-05,3.816984314149535e-05,9.728544203702985e-05,0.0002401582949260735,0.3517005387510656,0.10273666971259836,1.1279750165524574,2.9876460000906655
1.1000000000000003,0.3678173442317618,0.15099723444574048,0.033616510791027135,0.43939269086693405,0.12834823589329084,0.10531578663932839,0.38130521663463807,0.16004612732657242,0.023956605041388634,6.636339006579068e-05,3.6119826632891116e-05,9.41795196154098e-05,0.00023636374850822476,0.3449770607850462,0.06421983357292531,3.477133261489564,3.185956841052366
1.1500000000000004,0.3853896687610562,0.15144642089707613,0.03746525078106295,0.4568724468952324,0.13022898892527404,0.10905165159065522,0.3987672701881576,0.16102576724757733,0.03220761013970819,6.537399739128214e-05,3.426281664780086e-05,9.15160771545986e-05,0.00023304194103613497,0.3516131182155108,0.07471729902654099,1.0277423594590696,2.9730250179643107
1.2000000000000004,0.40295368699905304,0.15195667092664905,0.041468706946530855,0.474256024981911,0.13215772931513556,0.11194817490474263,0.41546663161870506,0.15853318352739948,0.031209377641833402,6.44840754810949e-05,3.25710935747847e-05,8.917136373898705e-05,0.00023012823319354262,0.34980511172056317,0.05793046628174663,2.5588667369746205,2.8365842720634333
1.2500000000000004,0.4205349515547378,0.15253000978660253,0.04561163228566522,0.49150944589071244,0.13412229823288405,0.11480615201721234,0.4317121806647361,0.16013532596661886,0.03589285101573747,6.36731802029168e-05,3.1013267624164376e-05,8.706918722442703e-05,0.00022757771341277522,0.34729829791580386,0.0571595422493916,1.0632787572250535,2.5771099847555505
1.3000000000000005,0.43809810105058056,0.15317276571096033,0.04993852333876168,0.5089075390528635,0.1361575476669787,0.11809765531435579,0.44956642318842643,0.15969635821113956,0.03777479592807964,6.293983106931576e-05,2.958155147338889e-05,8.522438819633483e-05,0.00022532638445711792,0.35033479014196145,0.06583006594287165,1.0776214654696294,2.8681344529479063
1.3500000000000005,0.4556694573771424,0.15388594936305572,0.05441362408030293,0.5265643653341565,0.1382920893996223,0.12251563691112688,0.4671091774848863,0.15902405156814806,0.03847657836992946,6.227138127241569e-05,2.8255478675267067e-05,8.361279600398365e-05,0.0002233302679135189,0.3557079123357168,0.0883596319354229,1.0765706698080069,3.3036619068298685
1.4000000000000006,0.47324325839072134,0.15467249906185762,0.05906753672447983,0.5442253588779903,0.14050651154920005,0.12695229994304302,0.4829425830540658,0.1585745224808463,0.038361032568968945,6.166012948915783e-05,2.7025251679451412e-05,8.217672221087168e-05,0.00022155737721083737,0.3559858862893207,0.0887332606383249,2.6907143305958776,3.6744714211714093
1.4500000000000006,0.490823199624739,0.15553557080546257,0.06390942780634903,0.5615953738203239,0.14276592481624764,0.1317461845960115,0.49977973133035286,0.15955714065114301,0.04796797754237048,6.110038159174233e-05,2.5883641913491203e-05,8.085767145006466e-05,0.00021998426768178939,0.35032724987229963,0.09587769305937262,2.470833742001938,2.648690884709944
1.5000000000000007,0.5083978388282567,0.15647834837541297,0.06893490469748088,0.5789747065237194,0.14511036643594577,0.13643141687729976,0.516538013948732,0.1615789892562692,0.05321441861892673,6.058855113019175e-05,2.4819365279164162e-05,7.96769444578989e-05,0.00021857466304159306,0.35073532716142,0.09370464562576843,1.780151961977198,2.69261189663849
1.5500000000000007,0.5259717494881901,0.15750410470461848,0.07409430923304251,0.5963467458681998,0.1475462278923772,0.14218681231479025,0.5328106731930269,0.16359287400934638,0.06340897959587011,6.0119251134665037e-05,2.38256252911747e-05,7.861703412818687e-05,0.00021730583547789557,0.3508401467621989,0.11510790874980573,1.3706284390003056,1.8968955042957956
1.6000000000000008,0.5435394457958067,0.1586149164632445,0.07941895253848168,0.6137121811878391,0.15008553216210765,0.1482100660108232,0.550474033144765,0.16703211248197125,0.0691792719324198,5.968792294294642e-05,2.2894118622156204e-05,7.766198855117926e-05,0.00021616133539988203,0.35100275851447776,0.12046507392065613,1.78371306978141,2.478805995889763
1.6500000000000008,0.5610993397934807,0.15981358493511552,0.08488851675579323,0.6310321210069066,0.15272133022522472,0.15383811848614082,0.5685400478132431,0.166692695448743,0.0698078105314659,5.929063360725899e-05,2.2020646239612373e-05,7.679922439918227e-05,0.0002151187534410184,0.35038753227113995,0.11256104950634856,1.2066152000035555,3.0361256620707797
1.7000000000000008,0.5786834270412604,0.16110583202067028,0.09052418760611429,0.6481316706995616,0.15543327063814186,0.16073620633166685,0.5853741653130056,0.17013619855667458,0.08359191886326034,5.8922437307049116e-05,2.1199459862350366e-05,7.599544660491344e-05,0.00021417161288679907,0.34626603015230756,0.1379617569105214,2.689815884387484,2.2084092102246617
1.7500000000000009,0.5962355963635503,0.1624879946930258,0.09633840806140974,0.665358624236492,0.15827189002745146,0.16588438098433267,0.6025694203245,0.17223060070392918,0.09012774239430987,5.8581740962004014e-05,2.0423259887043788e-05,7.528009919528213e-05,0.00021330410786243862,0.3491855446335586,0.1029634930533195,0.6141180843476496,2.3305041413430385
1.800000000000001,0.6137954376380909,0.16396887545602717,0.10226890969099317,0.6827125411094531,0.16124588004068427,0.173563884500179,0.6199347204825358,0.17452471833526884,0.1049666708000574,5.826517778920273e-05,1.9687516707504816e-05,7.464359330607794e-05,0.0002125080278429964,0.3521389333583715,0.15359007031692298,2.1455586085234857,1.7818008247418424
1.850000000000001,0.6313365011334268,0.16554553966864075,0.10839738213735896,0.699769960333756,0.1642849163808493,0.17906617570443428,0.6355283260175416,0.1773907449835415,0.11394943463214569,5.7969898007393056e-05,1.8991957546070374e-05,7.403449162583689e-05,0.00021177534409948142,0.34652102379765537,0.11004582408510331,1.5214934695299394,1.9548710822774638
1.900000000000001,0.6488911655840076,0.16722693724700624,0.11470644773171823,0.7169620392818996,0.1674596328287404,0.1861428738446005,0.6533751464880316,0.18013057251896553,0.12173996627078543,5.7694219633996876e-05,1.83299743933614e-05,7.349093952272922e-05,0.00021110198436156063,0.34965564696854295,0.14153396280331926,0.3131426975808605,2.3126015836070493
1.950000000000001,0.6664361180773783,0.16901458876101472,0.12116117370835752,0.7342530992506306,0.1707740490492315,0.19263029403178367,0.672157041284954,0.18206243003443578,0.12767074777345577,5.743663617426624e-05,1.7699423817340148e-05,7.300553766508759e-05,0.0002104751061117447,0.352117705800793,0.12974840374366392,1.062105990523632,2.477749014317797
2.000000000000001,0.6839732584371304,0.17090854610005726,0.12780221210528442,0.7512739532509237,0.174151538071303,0.199145316249707,0.6893230955431734,0.18292333044102574,0.13219783103162186,5.719507782631348e-05,1.7101500944836046e-05,7.253550389306837e-05,0.0002098896690097134,0.3470550204703907,0.13030044435846475,1.6298217737045784,2.176993185172507
2.0500000000000007,0.70150914021753,0.17291341584995196,0.13462446523451685,0.7684788207920833,0.17766848546886418,0.20413054135127817,0.7059394321038966,0.18521837796250545,0.1328104152746028,5.696861196949398e-05,1.653003570914872e-05,7.21225697065318e-05,0.00020934542873230372,0.35121333959085915,0.09970450203142053,2.2324808464819927,2.749199497385143
2.1000000000000005,0.7190304077640708,0.1750347083379672,0.14157231746335155,0.7856095485740392,0.1812706569172529,0.21038144429149153,0.7219612891863691,0.18642551302553914,0.14482757149730574,5.6756492788774674e-05,1.598552974071426e-05,7.173565407739351e-05,0.0002088387878302645,0.3501076813159503,0.1250180588042672,3.3733261826714003,1.9427647958280656
2.1500000000000004,0.736503406507081,0.17726449596191063,0.14871769058231266,0.8028006348799887,0.1849974004612098,0.21657898887120197,0.739355472072301,0.1894359446854127,0.15106128296184407,5.655631742648842e-05,1.5463966146937618e-05,7.138503464002362e-05,0.00020836690840188616,0.35180850258060337,0.12395089159421348,1.1726748169386874,2.3052584501386946
2.2,0.7540082939700755,0.1796230906392729,0.15598150371826586,0.8199026181382176,0.1888346351879275,0.22485743383359047,0.7556365982966139,0.19072868841933113,0.15365731996097898,5.6367423359543966e-05,1.4965871724275202e-05,7.105433493213774e-05,0.00020792161687413266,0.35054469396476534,0.1655688992477688,4.34581535592668,2.381923849927451
2.25,0.7714752415891849,0.18210002977454848,0.1633987033870883,0.836984425255255,0.19280515474833493,0.23191438379275864,0.7731189070524983,0.1945060324372567,0.16596018282014136,5.618959470767556e-05,1.4489677829965826e-05,7.074803389504285e-05,0.00020750500993645945,0.3507446001442916,0.14113899918336015,3.0741217907389946,2.435860248107887
2.3,0.7889495369700431,0.18470363209317434,0.17097451291380777,0.853938718010621,0.1968701619032106,0.23872681802565188,0.7899202565266057,0.1967991781997665,0.1698407531181818,5.602090809155114e-05,1.4034210254636535e-05,7.045279113148406e-05,0.00020710904259101608,0.34869671727781315,0.13624868465786708,1.6965694606909032,2.7106796440842706
2.3499999999999996,0.8063935557628481,0.18743105881307182,0.17874397307010317,0.8710374174028075,0.20110157511200077,0.24646511491626155,0.8072478701471706,0.20127319186736412,0.17760206335428785,5.5861612737529016e-05,1.3596059289230125e-05,7.0194462007284e-05,0.0002067342469114551,0.35229074749912764,0.1547659378121961,1.0887572517473103,3.5535121811956256
2.3999999999999995,0.8238238489773091,0.19029024530925093,0.18665355689647686,0.8879695406274377,0.20542782768060555,0.2538422228083901,0.8242196259544835,0.20367752580005244,0.18101584904194468,5.571053138766372e-05,1.317735459070006e-05,6.993997115323851e-05,0.0002063768019925948,0.3495223273429691,0.14754215784256897,2.1479513965701087,4.079872454204794
2.4499999999999993,0.8412395107906494,0.1932844908002637,0.19470600402572374,0.9049891997185782,0.20990913493212598,0.26107440902495416,0.8398693522233542,0.20589603854235394,0.18757868635859998,5.5567528140015396e-05,1.2774373665345844e-05,6.971323752013465e-05,0.0002060369046809924,0.3519956024606133,0.14464372433128303,2.4008991984499075,4.213465325920162
2.499999999999999,0.8586189595947925,0.19640963707488623,0.2029484195528268,0.922097127259979,0.21455495579877978,0.2692552589190682,0.8564086318947051,0.21027482013807214,0.2019314553719167,5.543165587369764e-05,1.238570419856991e-05,6.951203699164734e-05,0.00020571530844602987,0.35455131589550537,0.16361699788228537,4.0907244422701625,4.001028610616702
2.549999999999999,0.8760012910924038,0.1996738084503428,0.21139740888770622,0.9388549542305644,0.21926010622391054,0.2781960258961904,0.873805979945945,0.21392683063277804,0.21123922457258004,5.5300679485310095e-05,1.2015834421911222e-05,6.929239510664956e-05,0.00020540791170407447,0.3481179245481801,0.1788153395424434,1.1342543972732793,4.077669627257193
2.5999999999999988,0.8933441861695876,0.20308161832444607,0.21994353548938475,0.9555298909427183,0.2241077916799975,0.2876410859568801,0.8891928178502891,0.21897446004534618,0.22490326182641684,5.517496284643653e-05,1.1660780465936667e-05,6.908087987370933e-05,0.0002051120108084965,0.3473072475050666,0.18890120121379186,1.5175704875683529,4.877165749525858
2.6499999999999986,0.9106541003181329,0.20663012379097861,0.22864380863474681,0.9723851216872054,0.22916778351092126,0.29564506763293386,0.9072189767134227,0.22585043862596194,0.24129733786035734,5.5053872119136046e-05,1.1315619329798449e-05,6.8901275566782e-05,0.00020482894542514762,0.35196816570509065,0.1600796335210727,2.667329597287644,6.205118812669286
2.6999999999999984,0.9279481972055642,0.21032099825134803,0.2374849233385479,0.9891033318179862,0.2343414043876819,0.3045812001896726,0.9235210657762375,0.22960199039381712,0.24940081474359754,5.4935987960873764e-05,1.0983867623848449e-05,6.872157462096239e-05,0.00020455266300372778,0.35000968044509856,0.17872265113477595,2.606052645585293,6.524864862115021
2.7499999999999982,0.9452208070572627,0.21416144849528962,0.24648346875885987,1.0056242751643103,0.23962625285406766,0.3146211533386536,0.9390432951245963,0.2339599363377559,0.2647907288897855,5.482219856853812e-05,1.066686626645987e-05,6.853630272721536e-05,0.0002042878102606543,0.34691423707446767,0.2007990629796184,1.9067532460559793,7.373669333666653
2.799999999999998,0.9624684464568898,0.2181521261265425,0.255643709062379,1.0222034344164943,0.2450929906327001,0.32239692557011423,0.956134867483473,0.23881273969192796,0.27615494711567834,5.471167583820115e-05,1.0359334578659581e-05,6.836838117831407e-05,0.0002040332708027119,0.3491448289590334,0.15551544462921732,1.6474056989014338,8.037479411945304
2.849999999999998,0.9796505555195658,0.22228994320559786,0.2649613682623543,1.0387385034933285,0.2506938956266011,0.33080034899807575,0.9737671875499857,0.24359295064227263,0.28285710251207874,5.460446880284093e-05,1.0062953545134433e-05,6.820752816033577e-05,0.00020378635317871123,0.34915924143129623,0.16806846855923266,0.9668655611903139,8.198666579869455
2.8999999999999977,0.9968344507133322,0.22658736308758737,0.27441849375669486,1.055025910468216,0.25638619336116975,0.34164175836089106,0.9903530527670962,0.2482708382451923,0.29578829732223433,5.4500638889456845e-05,9.781206388049846e-06,6.803515381296927e-05,0.0002035465272024946,0.34507088847389245,0.2168281872563102,0.9529635560185741,8.76803482120272
2.9499999999999975,1.0138056861216331,0.23099945405548147,0.2836749013083802,1.071719200362377,0.2624082378759701,0.3507906478947569,1.0080773557807303,0.2531653434102249,0.30455714394917344,5.440117929141957e-05,9.500598547695237e-06,6.791122652319868e-05,0.00020331286134100154,0.3549271160892026,0.1829777906773177,2.3278488762382086,8.795781865027
2.9999999999999973,1.0307440887725037,0.23557933089521188,0.2928038155112157,1.088229147129401,0.2685498705062566,0.3614780474657717,1.0247387972482527,0.2550786412027556,0.303916991826378,5.4304632248707585e-05,9.232293996176076e-06,6.778007968278731e-05,0.00020308409814289626,0.3523072222734848,0.2137479914202998,3.5622102800020587,7.114937285990346
3.049999999999997,1.0476167603196516,0.24032090346885795,0.30191574450036146,1.1043528878674775,0.274730561471202,0.3706267305156823,1.0425697855421876,0.2618583867630579,0.31341563733556876,5.4212457461385655e-05,8.981663155239807e-06,6.762400235855274e-05,0.00020286445179669218,0.34535664808377275,0.18297366099821633,1.9789813713675157,8.167182382368516
3.099999999999997,1.0644163793811852,0.24521129009366285,0.3113332190464985,1.1205545520016902,0.28112049414073653,0.3807118546722923,1.0590435528061009,0.2685378543979917,0.3262878289335891,5.412330720168338e-05,8.737168960701514e-06,6.748475772505442e-05,0.00020264931257356323,0.3483261294699288,0.20170248313220274,0.9256984984175141,9.427597628170869
3.149999999999997,1.0811531665919507,0.25022997329560237,0.3209289922708487,1.1369689184138028,0.2877888945349166,0.3910601815987471,1.0747797262647012,0.2719449328705295,0.33004734980623907,5.403724531617834e-05,8.494837866568234e-06,6.737388745397576e-05,0.00020243969479103694,0.35434547536232325,0.20696653852909638,1.976710432041349,8.882576048631295
3.1999999999999966,1.0979179342185137,0.2554475018069336,0.33053192903026674,1.1530717536195405,0.29452875885480856,0.4017317711978001,1.0923171126801823,0.2793214265653,0.3449248072476969,5.3953767162595524e-05,8.26712201075633e-06,6.724442454191303e-05,0.00020223854823077844,0.3491303279073939,0.2134317919810627,1.7879142475288385,9.915926984428843
3.2499999999999964,1.114570853920739,0.26078565763631484,0.3400693307778148,1.1692374813246174,0.3014880022431986,0.4112974585442335,1.1085068770933009,0.2838364389169916,0.34746215750247744,5.387211700071368e-05,8.043885317423152e-06,6.712889835717063e-05,0.00020204080010882176,0.35200237657124933,0.19131374692866732,2.0725968208623833,9.946651608120224
3.2999999999999963,1.1311775147799483,0.26629624677682157,0.3497642850359304,1.1853270106789082,0.30861001292696477,0.42215027319798093,1.1258881960291063,0.29172583779940114,0.36445575676212405,5.379414327562295e-05,7.829323650346484e-06,6.701531619110967e-05,0.00020184907196852037,0.35190852778376114,0.21705629307494997,1.6081645259486965,11.025404313618111
3.349999999999996,1.147765197718267,0.2719833980087754,0.359701443457301,1.2012777233618213,0.31587664242907443,0.43279846847267134,1.1430648814235216,0.2984053397755789,0.37566819457638756,5.3715837236177505e-05,7.623171349107545e-06,6.689779313271245e-05,0.00020166112238130852,0.3505607179006616,0.21296390549380692,3.469486150959187,11.613034312699895
3.399999999999996,1.1643207458507947,0.277815614916161,0.36954541129280477,1.21707623433234,0.32327786490473026,0.44342524507745606,1.1590756708401413,0.3019756387108123,0.37977415621541066,5.363875108287127e-05,7.4261060889226366e-06,6.677519765500639e-05,0.00020147803899100918,0.3489263001724116,0.21253553209569603,1.5416878787124053,10.239941583789772
3.4499999999999957,1.180789071078658,0.28381906898079523,0.3797129740801134,1.23278855773658,0.3308311089767095,0.4527863782766053,1.1754861990835215,0.3080343060855972,0.3874895253245261,5.356491930905398e-05,7.237162282579485e-06,6.665345291538998e-05,0.00020130114778120297,0.3486722370589908,0.18722266398298334,0.16363928503303474,10.535836796157957
3.4999999999999956,1.1971970191922774,0.2899868523376432,0.39001570226906485,1.2482776342808055,0.33847374324281904,0.46395462091751405,1.1905162829344549,0.3165166848325899,0.40804738357680614,5.3491724316324434e-05,7.058948377488715e-06,6.652088093224944e-05,0.00020113007067868984,0.3454414286276112,0.22336485281817595,2.6867512367164754,12.298560372384062
3.5499999999999954,1.2135551748217952,0.29630129357249235,0.4004592905094627,1.2641489857803736,0.34652146282495033,0.47460387508648605,1.2073697575552822,0.3234458316797466,0.4181654782458857,5.342080156381411e-05,6.8735323382366616e-06,6.642954062934789e-05,0.00020096331015560632,0.3559036844860056,0.2129850833794396,0.9410068593317198,12.64400529103968
3.599999999999995,1.2298298265087677,0.30279092163075433,0.41084283345807127,1.2798889333799677,0.35473134870662937,0.4869448799149767,1.2232777970635442,0.33015002968657436,0.4287343504651191,5.335097614514693e-05,6.695304599670607e-06,6.633515422695518e-05,0.00020079925601998398,0.35505051833492013,0.2468200965698182,3.812771774856838,12.947585116781449
3.649999999999995,1.2460190340772603,0.30943749096228046,0.4213970689810318,1.2955731118585567,0.3631566958459148,0.498961712106365,1.2409685109525954,0.3370913617122803,0.4393755022557375,5.3283477415061055e-05,6.521768215556197e-06,6.624418030982372e-05,0.00020063854755511626,0.3560807455793183,0.24033664382776546,3.575995897756354,12.702552052024721
3.699999999999995,1.262145862431084,0.3162560916797232,0.43197354500525154,1.3110189238028596,0.3716878455331325,0.5102953899703033,1.257549141576838,0.34333021532759234,0.44702019702635987,5.321642362202912e-05,6.3583712918422516e-06,6.614122224737521e-05,0.0002004807015591563,0.3529061940320298,0.22667355727877325,0.9867008766956669,12.147323878512708
3.7499999999999947,1.278228800254441,0.32322385885660004,0.4428581283314819,1.3262156570120236,0.3803111371497962,0.521978675093814,1.273880312327565,0.3508322178486503,0.45945503334476046,5.3149935277609167e-05,6.205687654624125e-06,6.602571838405859e-05,0.00020032730207623732,0.34945977241867304,0.23366570247021148,2.207278546595705,12.492760957160103
3.7999999999999945,1.2941943961352975,0.33035310574608945,0.45362989204490217,1.3413821044570036,0.3891657583458895,0.5349106294860797,1.2895089323431967,0.35814761839079845,0.47190356812279655,5.3084835734370524e-05,6.0557850377331785e-06,6.591683311590543e-05,0.00020017789353305758,0.35124335892319203,0.2586390878453125,2.2775345310691777,12.720751597240787
3.8499999999999943,1.3101058231601583,0.337664128125097,0.46451741235824295,1.3562556585951953,0.3981011130831043,0.5470375761336461,1.3045383222865286,0.36823004718406993,0.48862706777308107,5.3018214671394626e-05,5.916967861788196e-06,6.579327649765578e-05,0.0002000337838186591,0.3470255705904582,0.2425389329513267,1.9395517027470857,15.577217694520161
3.899999999999994,1.3259265018603674,0.3451399634169863,0.4755242457276027,1.371254253652785,0.4073656893315605,0.5596223191987191,1.3209552203234252,0.374412600989998,0.49666566217539154,5.2954459667690096e-05,5.774519408071817e-06,6.568929538888052e-05,0.00019989488698656524,0.35258719693184526,0.2516948613014597,2.0074882997434793,14.139784213123107
3.949999999999994,1.3416836872946047,0.35279685134891453,0.48664904589743485,1.38607256700292,0.41678553156694964,0.5728757883497293,1.3379812365083257,0.38064967003504063,0.49997545107968566,5.289200651011987e-05,5.639465623780258e-06,6.5580193080921e-05,0.0001997591092699296,0.3511810652124208,0.26506938302020716,2.976914420408971,12.693392375605786
3.999999999999994,1.357450982701726,0.3606623174201258,0.4986149682201138,1.4010206384545287,0.4265537656322315,0.5847567004896184,1.3501490865792298,0.38883096487846475,0.5180300867713763,5.2836470676716115e-05,5.501161199101973e-06,6.549086628025362e-05,0.00019962433736760493,0.357136941630636,0.23761824279778257,4.9022884834390235,13.900776313160096
4.049999999999994,1.3732040030318888,0.36873187763412074,0.5109737147504341,1.4156902026753897,0.43640168233171417,0.5976725698761154,1.3629989019263342,0.3971690357670585,0.5373529092015397,5.277771444977825e-05,5.371910564112119e-06,6.538893120961367e-05,0.00019949720460744652,0.35337341018615054,0.25831738772994406,3.5046121655056077,15.565743558782364
4.099999999999993,1.3888830849059792,0.37699761064318815,0.5233085619935103,1.4300682001864338,0.44633630260245555,0.6115934441447513,1.377976017750674,0.40576433905670245,0.5511932964196893,5.2715385293958453e-05,5.251957802721805e-06,6.527400169437832e-05,0.00019937644000836877,0.34953021314498195,0.278417485372721,0.9546245309873207,16.30005162491297
4.149999999999993,1.404403961953559,0.38542997429904063,0.5355753150189833,1.4442797032787267,0.456456313986751,0.6260079427857073,1.3940571130836579,0.4148513066493623,0.5640200573793974,5.2653241107658496e-05,5.136917903705527e-06,6.515727555510736e-05,0.00019926017994121052,0.3489336446509888,0.2882899728191214,0.8147774757151267,16.66938215454883
4.199999999999993,1.4196607830830674,0.3939830574101191,0.547492011426989,1.4584340447970776,0.46683270013403266,0.639171371345796,1.4086970156245295,0.42210367958644385,0.5749010086031516,5.2594077709060335e-05,5.022613512329486e-06,6.50465997384733e-05,0.0001991465406151081,0.35100952748379616,0.263268571201782,2.743724435033252,15.74420530718715
4.249999999999993,1.434860552157864,0.40276139003636596,0.5594542957232032,1.4725264746865114,0.4774705024144012,0.6540363032821053,1.4211640784184798,0.4310417705419201,0.5939377947781357,5.253754328285035e-05,4.908790049086126e-06,6.494278150187827e-05,0.00019903605136996924,0.35313745669324975,0.2972986387261873,2.0602069720031264,18.12069433396143
4.299999999999993,1.4499117579868126,0.4116835006678682,0.5714451217692879,1.4861860449208837,0.48807936636353616,0.6666583777983055,1.4360976916963748,0.4397047060287694,0.6026692036468644,5.24751363713481e-05,4.809598058090717e-06,6.48169393832927e-05,0.00019893269487236294,0.34591086985170777,0.2524414903240083,1.738850399113265,17.545650883235414
4.3499999999999925,1.4648569129842492,0.4207708805821472,0.5835719061859704,1.4998817442098156,0.498991208212076,0.6788353524617072,1.4506856976083145,0.4493313593550115,0.6131031066088566,5.24186428596442e-05,4.707367129804556e-06,6.470433227773032e-05,0.00019883253548693883,0.35022521930305084,0.2435394932680405,0.5139745234409733,18.044042404172107
4.399999999999992,1.479701506385194,0.43004540029173927,0.5958094383724356,1.513516060326271,0.5101463883808353,0.6926087860881385,1.4652719324085408,0.46078469431104996,0.6288839462200686,5.236581937706595e-05,4.605118956881488e-06,6.459759843431353e-05,0.00019873557170428834,0.35232798733126114,0.2754686725286215,1.4187530158891335,20.53767787175854
4.449999999999992,1.4944230040501731,0.4394798445331138,0.6082028838374508,1.5268251250740257,0.5213247730385342,0.7046025118498216,1.479597597939277,0.47183154096558205,0.6379815578401837,5.230968828645203e-05,4.513524240567492e-06,6.447749085258514e-05,0.0001986440358551854,0.34761536749779215,0.2398745152336616,2.74973499915404,22.05071313799085
4.499999999999992,1.5090515966438196,0.44910365500467675,0.6207175877378713,1.5402199754883577,0.5328793897424889,0.7189435825397594,1.4946180519537893,0.4826093389060414,0.6500272295054854,5.226172792073669e-05,4.414844575418212e-06,6.437468544033744e-05,0.00019855586106097358,0.3538002533273605,0.2868214137987578,2.800566461237588,22.968354263764354
4.549999999999992,1.5235706657556407,0.458907001191903,0.633341419981716,1.5533520876019768,0.5445162116516636,0.7312599368872017,1.5104011521872203,0.49280486154502673,0.6580133228592495,5.221327069239322e-05,4.32415063434654e-06,6.426361793347708e-05,0.00019847169098118062,0.35092556732978225,0.24632708694884564,2.2282817570487485,22.480241482006097
4.599999999999992,1.53794338086004,0.4688765853951665,0.6460670148780436,1.5662664970155562,0.5562751627417436,0.7459443745780665,1.5246905407463214,0.5029862101223053,0.6664207809055949,5.216571491441304e-05,4.2394475369158375e-06,6.414792989823595e-05,0.00019839093001908665,0.34931955739741033,0.29368875381730025,1.5930009093953867,22.85401485945887
4.6499999999999915,1.5522028355407986,0.47903278900601104,0.6589076578351944,1.5790896284649871,0.5682917508732322,0.7599349510644382,1.5374667421447252,0.5141656792451544,0.6850989804423255,5.2123115264189736e-05,4.154137759718938e-06,6.403833520939728e-05,0.00019831424364946188,0.3514746807343669,0.2798115297274319,1.2920723459146264,24.863973627253866
4.699999999999991,1.5663328479832963,0.48936974419503054,0.6718522470695513,1.5917827957548394,0.5805184623641577,0.7734293049866969,1.5525452618787268,0.5257080793018063,0.6954714736620313,5.2081728377894605e-05,4.068854985963719e-06,6.393162627378169e-05,0.00019824284246016332,0.35248471354207506,0.2698870784451745,1.8585913484700067,25.67500851581948
4.749999999999991,1.5803434667692922,0.49989396156644206,0.6849053740564872,1.6041818906431142,0.5928198906019444,0.7894589996979615,1.5680929557333585,0.5376805420448925,0.7107346532126613,5.203861557022166e-05,3.991770057885735e-06,6.381712073357519e-05,0.0001981757757691272,0.349324618660026,0.3205938942252897,4.586218081092579,26.498234660352573
4.799999999999991,1.5941977256571476,0.5105852672496269,0.6980624617348677,1.6164401618247373,0.6053588295315808,0.8039734028754446,1.5821601867232686,0.5491075912398193,0.7226497962160177,5.1998656628308705e-05,3.914322050430462e-06,6.37061567848663e-05,0.0001981126538363269,0.350711049208967,0.29028806354966336,1.2705407636015593,27.309880266019654
4.849999999999991,1.6079159377076127,0.5214632872270168,0.7113199671035787,1.6284786723489193,0.6180231769580569,0.8174812776216234,1.5960460666452625,0.558838543985252,0.7307762146003509,5.195963009353106e-05,3.8414737673673605e-06,6.359235179861133e-05,0.0001980545453112918,0.34946592037003327,0.27015749492357544,1.5296359642776747,25.99579740015433
4.899999999999991,1.6214933431864373,0.5325201997564659,0.7246828617291755,1.6403491709106395,0.6308687834703381,0.8321788107166666,1.6080441126767617,0.5689840069212002,0.7377010123992651,5.192374931370429e-05,3.7705814810710957e-06,6.3479836808906e-05,0.00019800010514200886,0.34981357881444014,0.2939506619008658,2.8527142561961463,26.48469435614483
4.94999999999999,1.6349141006294752,0.5437431531667352,0.7381497302155591,1.6518920932055845,0.6437578275148359,0.8486997000369954,1.6200928377929482,0.5797901785891109,0.754873134687303,5.188567771577772e-05,3.7088841116265145e-06,6.33596107563468e-05,0.00019795183244012646,0.3460481588836937,0.33041778640657954,0.9415897437920797,26.471089691319925
4.99999999999999,1.6481975692002773,0.5551483473588483,0.7517322319607964,1.6634458756876656,0.6570520355643072,0.8619540315372767,1.6345500620865785,0.5898061906523626,0.7605338969115549,5.185717114720282e-05,3.6374508356646388e-06,6.325466991038604e-05,0.00019790812670016444,0.3522671707568582,0.2650866300056264,2.4148117522672385,25.04253529472447
5.04999999999999,1.6613311070626673,0.5667350692218172,0.7654225635760403,1.6747205820841031,0.6704134606331529,0.8778420232574549,1.6482301714201617,0.6019487094265445,0.7746821126496175,5.182810949308179e-05,3.5733227783885234e-06,6.314415218245563e-05,0.0001978674482177052,0.3496587557984622,0.31775983440357136,2.7768841520979755,25.28181793223785
5.09999999999999,1.6742939370348455,0.5784884943634011,0.7792207162918522,1.6858626200988909,0.6840620257263014,0.8944853288949872,1.662025427323799,0.6118981574669399,0.7811203889820675,5.180467101030599e-05,3.5056133312303664e-06,6.304026511453274e-05,0.00019783101098293026,0.35238360122753853,0.33286611275064343,2.354922849474651,24.022156981232392
5.14999999999999,1.687100905724569,0.5904215635477913,0.7931289313755354,1.6966153698047464,0.6976713401362805,0.9097543000580641,1.6751893528708166,0.6243378783918607,0.7988875458674962,5.177639792903577e-05,3.4502974480558083e-06,6.292521851379507e-05,0.00019779882394735574,0.3468953212573566,0.30537942326153766,2.3280383782443117,23.572045877799574
5.1999999999999895,1.6997486005338172,0.6025259572245873,0.8071661086590126,1.7072585212345088,0.7115871593152377,0.9259961302584294,1.686688822642891,0.6371085401295107,0.8159451350461833,5.175391463754151e-05,3.3892152717146414e-06,6.281891888381898e-05,0.00019777141793628805,0.3503903212496898,0.32483660400730213,0.8938897280381723,24.565537702468028
5.249999999999989,1.7122236231664736,0.6148122372634133,0.821312943965049,1.7177557198521511,0.7257869573497892,0.942425644498674,1.6994314647269495,0.6492599719232554,0.829243550601384,5.173686858096584e-05,3.3237574136058435e-06,6.271982425839864e-05,0.0001977488039178576,0.3531755695745922,0.32859028480489205,1.0398285306858335,24.369391798722205
5.299999999999989,1.7245122533423853,0.6272692900463326,0.8355664876232384,1.7277156650232581,0.7397160364351509,0.9576603098714154,1.711812981295765,0.6605315903846409,0.8372335185980027,5.1704265460742e-05,3.279042169861955e-06,6.260123850545592e-05,0.00019773212947728796,0.3424765237389411,0.3046933074548291,1.4141909831549557,24.157833910527444
5.349999999999989,1.7366293297087754,0.6398984594454536,0.8499476657501916,1.7376484180867289,0.7540773691268752,0.9737572360057509,1.7241041273626652,0.6729582437852077,0.8495811547390044,5.168615635220076e-05,3.2236314633892636e-06,6.249688746947683e-05,0.00019771950845568555,0.34923576215966246,0.32193852268671314,0.95101328726082,24.291361120860213
5.399999999999989,1.7485623422513559,0.652688588134885,0.8644499879623306,1.7473268066888623,0.768597197773174,0.9919729871245542,1.7347910422106323,0.6859299511710404,0.870496458512144,5.1669312907908944e-05,3.169560254412607e-06,6.239402381361055e-05,0.00019771068541843618,0.3490014611247998,0.36431502237606733,0.7177247371597221,23.91805722757384
5.449999999999989,1.7603170423685826,0.665651820305745,0.8790661019220637,1.7567404112098015,0.7832464969825391,1.0073120447611945,1.7456813469514942,0.700752067517571,0.8916499788861465,5.165158432296011e-05,3.1166876305577995e-06,6.229215957634433e-05,0.00019770706750360843,0.3482664857454705,0.30678115273281614,1.2987913153098556,25.71213859996666
5.4999999999999885,1.771890965339154,0.6787910459771771,0.893754530965091,1.765899708576987,0.7980194691652346,1.024283813390845,1.757531262458715,0.7136805190671937,0.9066486544321428,5.1633053584370656e-05,3.0643662175047346e-06,6.219162705224493e-05,0.00019770919848934764,0.347643891192502,0.33943537259300555,1.1358379947648383,25.228171169887638
5.549999999999988,1.7832756253618456,0.6920994760728909,0.9084949916998537,1.7748200298236567,0.8129671507799133,1.0412272711767692,1.7693261883094744,0.7268320943957177,0.9201061614491843,5.161760094309533e-05,3.011758897749428e-06,6.209373397994212e-05,0.00019771489409290508,0.3481451225096081,0.33886915571848514,1.448424309868855,24.922048129249408
5.599999999999988,1.7944565338572083,0.705564812117139,0.9233460117853627,1.7834113950704256,0.8279443426734305,1.0587573591064032,1.778739259372955,0.7400685265102639,0.9404086853087419,5.1598728347529407e-05,2.9648326103837596e-06,6.199357882074775e-05,0.00019772452080521057,0.3453319959643655,0.35060175859267406,0.8931506607076553,25.315153545114082
5.649999999999988,1.8054052326833343,0.7191481998753433,0.9385568329152576,1.791865187458392,0.8432758915504825,1.0750027985742037,1.7917071211476758,0.7520147907095069,0.9487818737855118,5.159092819239624e-05,2.908960129251362e-06,6.190311465042914e-05,0.0001977379214021376,0.35015981386456274,0.32490878935599926,4.108218458152355,22.733833226781947
5.699999999999988,1.8161288525877146,0.7328370012740676,0.9541446385011128,1.800153012738675,0.8589129913510765,1.0918564814442124,1.802345847435579,0.765398244525602,0.9647647326511857,5.159448522812638e-05,2.8479488341551334e-06,6.181961075087737e-05,0.0001977518390791845,0.35395725840089665,0.3370736574001704,3.317113811167259,22.382709051270496
5.749999999999988,1.8267955243127632,0.7468434962061546,0.9702100302719703,1.8080625763181972,0.8744863102005005,1.1098537052000754,1.8129973367373688,0.7814024117631628,0.9825147766298166,5.1589982838386547e-05,2.7953617072994876e-06,6.173143228489013e-05,0.00019776870273873027,0.34934091716384874,0.35994447511725225,2.164781586915621,24.51417595146418
5.799999999999987,1.8372681167734057,0.7611046862731202,0.9861180720104646,1.8157724208578685,0.8903426191192174,1.1265936399449883,1.8242373143528927,0.7963698657480782,0.9964791761195162,5.159505815726738e-05,2.7368381285605656e-06,6.164973780222725e-05,0.00019778966085780663,0.3526309656236564,0.33479869489825864,0.9340084668571791,25.107340626395512
5.849999999999987,1.8474926526003892,0.7755240539062318,1.0019919377435624,1.823238018866173,0.906423966966802,1.1457345074380205,1.8354920501201315,0.8115897430416008,1.012893722032274,5.16069431616175e-05,2.675301196470345e-06,6.157246238583684e-05,0.00019781236905656708,0.3546009022424026,0.38281734986064986,2.6429959989238583,25.378156337034902
5.899999999999987,1.8574547605463638,0.7900499618203519,1.0178925299512613,1.8303120628416192,0.9224305593196911,1.1635865871653497,1.844769563527518,0.8239535175955678,1.027310127902803,5.161097536047144e-05,2.6220774172492144e-06,6.149097476329852e-05,0.00019783820559649882,0.35000641739066785,0.3570415945465933,4.17449001079161,23.35354253745628
5.949999999999987,1.8671842370286265,0.8047258702942701,1.0338839867680492,1.837151579866906,0.9386672270958288,1.1806446594452336,1.8530181746551904,0.8395160647849838,1.0471646666028303,5.162253045830524e-05,2.5653025130277106e-06,6.141457651042553e-05,0.00019786488408597784,0.3523724736984715,0.3411614455976758,0.7404084257622187,24.894179599294397
5.999999999999987,1.8766728861693465,0.8195370408693178,1.0498686061661846,1.8435609816347653,0.954638304934459,1.1976724067791817,1.8609220118775356,0.8528997452032845,1.0645755029456287,5.161565534099954e-05,2.521726990053035e-06,6.133109122965237e-05,0.00019789619926956854,0.3441876895956732,0.3405549466789738,3.9796599073075205,24.170528109332903
6.0499999999999865,1.8859161898928538,0.8344929044897613,1.065963753947668,1.849773136740783,0.9709680832806945,1.216894371512721,1.8698535406793755,0.8675956921047246,1.0810368446242213,5.1623098142566174e-05,2.4689307605944896e-06,6.125573103261009e-05,0.0001979288105069474,0.34943493294026917,0.3844392946707954,1.8178990900055185,24.0567060273068
6.099999999999986,1.8948955174267215,0.8495397752323676,1.0820430671481618,1.8556531128023261,0.9873509446814224,1.2355173233217815,1.8764902876968932,0.8819172511602379,1.1017908673901218,5.162907898601638e-05,2.41840384222919e-06,6.118140898718292e-05,0.00019796279535101366,0.34812700129235336,0.3724590361812071,2.2299334187956115,24.72037055236189
6.149999999999986,1.903642768062122,0.8647783890277964,1.09812533723217,1.861302567107299,1.0040478084437972,1.2535502803133358,1.8837148335934777,0.8973184295496124,1.1216180263462787,5.164773371147288e-05,2.360006958522295e-06,6.111359869326831e-05,0.00019799742371026758,0.3525393670333577,0.3606591398310922,0.6933544535952926,26.03207276666546
6.199999999999986,1.912139616822916,0.8801237438106029,1.114190025372215,1.8667175566365755,1.0210685291679362,1.2720108988993335,1.8900544796974195,0.9134496626201908,1.1455483963491897,5.168054719589484e-05,2.2938264273921134e-06,6.105186403487308e-05,0.00019803172763505056,0.3572316368665811,0.3692123717199574,2.2959207864194693,28.94921762445626
6.249999999999986,1.9203706477880857,0.895556755153365,1.130265653887354,1.8717155679355888,1.0378371060754712,1.2902330632475358,1.8960767239423288,0.9305315809667699,1.171145676213695,5.169445179086049e-05,2.2381230678397363e-06,6.098538197226602e-05,0.00019806695306892236,0.3499564317847276,0.3644432869640541,3.0922344006464053,33.81247986442829
6.299999999999986,1.9283633113863385,0.9111540020459724,1.1464456556164198,1.8764230267064743,1.054736694782432,1.3080237612116399,1.9033655035023311,0.944815329270541,1.1883116016470705,5.1712095089772836e-05,2.1796357178007927e-06,6.0921025880503864e-05,0.00019810344287366947,0.3508642951188646,0.3558139592820862,2.795955264002122,33.1676461495189
6.349999999999985,1.9360939421631713,0.9268466086779753,1.1627363173838583,1.8807727416886373,1.0715125512871386,1.3261739103781789,1.910365127207052,0.9612215031994988,1.198946746725519,5.171930541458193e-05,2.1277382740910574e-06,6.085537628353661e-05,0.00019814085634934148,0.3466165762438884,0.36300298333078934,2.067604710571494,33.89120662076776
6.399999999999985,1.9435814680120376,0.9426761315511907,1.1791052505850028,1.8848727149889324,1.0885877407967994,1.344115281750728,1.9180711806281134,0.9768285894700266,1.21083511080744,5.17428931939031e-05,2.070660739246537e-06,6.0795250760304295e-05,0.0001981787197583065,0.3512151191949842,0.3588274274509825,3.2615553072446044,33.07150262648862
6.449999999999985,1.9508105163024407,0.9586141000572687,1.1955421814087923,1.8886518581521579,1.1057343343365744,1.3636099822443573,1.9253394658879086,0.9913389951125143,1.22168493853916,5.176854953268906e-05,2.0149151403855925e-06,6.073708047306163e-05,0.00019821498733086504,0.3511679693855967,0.38989400987258666,2.2594112212113378,31.274221221208343
6.499999999999985,1.957782387543747,0.9746771824620749,1.2120729421697816,1.8920892171727404,1.1228995915553064,1.382708983770807,1.9304267893770313,1.0069293884485142,1.2431569291821551,5.1793150528938324e-05,1.9620780264100664e-06,6.0680411744417575e-05,0.00019825010991092698,0.35012615343742826,0.3819800305289979,1.6123098378383325,32.80589636356769
6.549999999999985,1.9644932848002399,0.9908549071267284,1.2286979742761253,1.8951975609979288,1.140138200435791,1.4020916361519244,1.937447019078462,1.0229164629478487,1.2555413874650592,5.1819342679419095e-05,1.908252794540128e-06,6.062472511030147e-05,0.00019828443406577365,0.3503375764626657,0.3876530476223417,1.570949716663325,32.16342737837592
6.5999999999999845,1.9709292863450956,1.007116196721352,1.245406067707252,1.8979448091449957,1.157325217015153,1.4224939559233523,1.9425635526160558,1.0382651390310473,1.2749996988291166,5.1840407247827344e-05,1.8582434859565839e-06,6.0569746402528505e-05,0.00019831837541092355,0.34810999404202014,0.40804639542855764,0.6881748652279485,32.64533674030882
6.649999999999984,1.9770861186701996,1.02349050988865,1.2622366025417853,1.9003580589148914,1.1745579843054308,1.4408314218964442,1.9484365120016671,1.0539413124076789,1.2894929088678815,5.18620320611634e-05,1.8081023894536702e-06,6.0516050718702006e-05,0.00019835120532795623,0.3480232911057572,0.3667493194618367,1.4832385737802876,32.18786693548761
6.699999999999984,1.9829865654678502,1.0399909998758472,1.2791197676530834,1.902418336820541,1.1915375281566494,1.4592641593261044,1.9538178085722082,1.0681963295901709,1.2966624988428412,5.1865942939591127e-05,1.7655538937993029e-06,6.0461353947728754e-05,0.00019838416021801693,0.3420865023833521,0.3686547485932089,3.2582928520714143,31.03447871787004
6.749999999999984,1.9886051138903855,1.0565142889990833,1.2963382462430688,1.9042109256779278,1.2090880557131027,1.4787569537723755,1.9590952730300506,1.083404019912751,1.3124567016792907,5.1906297166120305e-05,1.7120269184770734e-06,6.041320849062571e-05,0.00019841464324167482,0.35284231461736104,0.38985588892541806,2.7497829675154652,30.296218962942053
6.799999999999984,1.9939103503845985,1.0728856863514613,1.3150192377326986,1.905648587705014,1.2266300325585142,1.4992901469130056,1.9642473134264486,1.1001733003192822,1.3289092634991162,5.1944765061195456e-05,1.6598121990519857e-06,6.0365713581603585e-05,0.00019844284333542348,0.3520219925900776,0.41066386281260725,2.0193418517024155,31.134838690787632
6.849999999999984,1.9989255006297246,1.0892371218835957,1.334307534694741,1.9067495625975286,1.2443949889388557,1.5185117636841348,1.9700534110942323,1.1151044596829172,1.3438595695591689,5.199736186637267e-05,1.6040045724066737e-06,6.0320189563995637e-05,0.0001984672769439422,0.35598627798911686,0.3844323354225859,3.583648419833696,29.461975495276448
6.8999999999999835,2.003634359774987,1.10564918483866,1.3537833695914077,1.9074990520959432,1.2619706325728517,1.5378452423919517,1.9744917859699977,1.1324757272023918,1.3644531225486354,5.203662712838587e-05,1.5534186228072764e-06,6.027417539524061e-05,0.00019848981962541218,0.35183781675296993,0.3866695741563386,2.60181715709978,30.45716642823623
6.949999999999983,2.0080219651952005,1.1221612661226215,1.37333355773663,1.90789122376555,1.2792701383241827,1.5584161149227622,1.9807829241533117,1.1479212647607226,1.3785603898405778,5.205649666114336e-05,1.5078226410359661e-06,6.022673498707552e-05,0.0001985119587774421,0.3460851091194332,0.41141745061621593,3.040379403512284,28.12110943240162
6.999999999999983,2.0120774423243617,1.138754324920232,1.3929265254777332,1.907935102017083,1.296749108286593,1.5781558584488593,1.9856536679718633,1.1642602901932457,1.3953413565494905,5.208898192574815e-05,1.4596136879012136e-06,6.018119373368599e-05,0.00019853275128511186,0.3495861765005998,0.394794870521943,2.6801390224033383,27.499862207837467
7.049999999999983,2.015805069737812,1.1554307424862027,1.4125705760319989,1.9076280876531517,1.3142012479542386,1.5986167449890178,1.9904285033678344,1.1816249343407823,1.4106227727877618,5.211986976313333e-05,1.412050678845214e-06,6.0136246563061683e-05,0.00019855185946787213,0.34910288809578494,0.4092177308031773,2.0736085305828613,27.99833352387166
7.099999999999983,2.0192060406443573,1.1722124075503768,1.4322857928724804,1.9069735911443426,1.3318363119379282,1.6171685802009392,1.9950165740089436,1.1982362770628618,1.425544758411795,5.216459902805673e-05,1.3620978486774356e-06,6.0092531375153216e-05,0.0001985684174048506,0.35294916316849273,0.37103670423843066,2.7386885297506347,27.84909093823319
7.149999999999983,2.0222660903840928,1.1890204941555766,1.4520358313091979,1.9059860362682182,1.3494489260206326,1.6364485440589451,1.998610417378458,1.214369654637743,1.44552012128064,5.220918981772944e-05,1.3130906315801578e-06,6.004939163786135e-05,0.00019858309067766146,0.35281104226649795,0.38559927716012043,5.2117801493472315,26.441883945120228
7.199999999999982,2.024999090933956,1.2059006434567807,1.471852611885707,1.9046706459566791,1.3669280467462661,1.6553708380690741,2.0010587149194756,1.2328120997972958,1.4647841552070338,5.224505685553196e-05,1.2659887608955342e-06,6.000614026856698e-05,0.00019859533198305414,0.3505761434145665,0.37844588020258213,1.0741342149104702,28.360525462697556
7.249999999999982,2.02740796017035,1.2228313292958088,1.4918409990090347,1.9030404986420681,1.3840872320689694,1.6756561617062706,2.0016248338661957,1.2518766872987896,1.4851074279122969,5.2259701314842065e-05,1.2227601320956645e-06,5.996234076751955e-05,0.00019860701549901692,0.34473480193302647,0.4057064727439321,4.622823182964355,32.54488963883369
7.299999999999982,2.029478472183718,1.239803538689364,1.511875881145352,1.901015076271133,1.4016494180435133,1.6955791487489957,2.003695460447689,1.270378591134331,1.505063982243744,5.2306276949858e-05,1.173954883513147e-06,5.9919157629073456e-05,0.00019861696062130273,0.3535777424395515,0.39845974085449737,2.128801643509308,34.10582993081487
7.349999999999982,2.03120996334858,1.2567956736068875,1.5319831562190516,1.8986996713514002,1.418725095890437,1.71556283311131,2.006144672889101,1.2860085978680444,1.5190267629304879,5.232008701643647e-05,1.130438835925258e-06,5.987539798918041e-05,0.0001986258827013156,0.34464460298965227,0.3996736872462866,1.8962998414921735,33.93393763188815
7.399999999999982,2.032604585534308,1.2738423410070412,1.5521435015776233,1.895990345313787,1.4360788993917155,1.735775147425482,2.006142794561278,1.3041099642242122,1.545359001389384,5.23578062365735e-05,1.0847748369458122e-06,5.983312480259548e-05,0.00019863382406197947,0.35128646225185284,0.4042462862834426,3.6616732563051486,34.38942560514458
7.4499999999999815,2.033659505279894,1.2909272496476072,1.5724373401266813,1.892987018297118,1.4530587963766488,1.7559471295482991,2.0081477929580496,1.3196503851799002,1.5579118421556206,5.237209052501975e-05,1.041210149518998e-06,5.9789064468772036e-05,0.0001986417667526943,0.3448750251384429,0.40343964245634617,3.7550741095488203,34.38026886080196
7.499999999999981,2.03437045831423,1.308298210692582,1.5929230125362497,1.8895818667700934,1.470259689770891,1.7765190443136243,2.008657933886811,1.3372375473857177,1.5748637956476,5.240740057754798e-05,9.972739059675635e-07,5.9746436006589184e-05,0.00019864803376093838,0.3507002333043429,0.41143829530651016,0.899243907988066,36.2903268918496
7.549999999999981,2.034731031504384,1.3256862323435707,1.6134434876683654,1.8858531635965743,1.4873531251854335,1.7946180030356853,2.0095004331485495,1.353566387030101,1.5906096332853767,5.2439750716680854e-05,9.548720008019566e-07,5.97046152747428e-05,0.000198653843335639,0.3499126275406568,0.3619791744412191,1.8691010597445874,36.7322861318488
7.599999999999981,2.034738325701901,1.3430684475026937,1.6340144415865274,1.8818016978361192,1.5043518994565244,1.814921788193062,2.0073809750939446,1.3709609609772384,1.6137763285985312,5.2470196126946475e-05,9.137641966454031e-07,5.966351833483183e-05,0.00019865975597606748,0.349504330392651,0.4060757031475349,1.2236437474137278,38.211463363701306
7.649999999999981,2.0343908673486117,1.3604437805776235,1.6546545989770665,1.877388707853818,1.5213396615142418,1.8349848018347874,2.006871044438548,1.386991123194652,1.632043731260861,5.250605881890198e-05,8.729313329565546e-07,5.962148508468783e-05,0.00019866480348066897,0.35103781787593086,0.40126027283451554,2.0414540438960214,38.16968985136675
7.699999999999981,2.0336878767492608,1.377813948303746,1.6753760883327455,1.8726040906965502,1.5382637431713897,1.8576487755908149,2.0063333855600316,1.403703438752652,1.6545874642611906,5.2544384491362736e-05,8.33234417377822e-07,5.9579637610729745e-05,0.0001986700132659685,0.3517557913253647,0.4532794751205535,0.8551724170670296,36.239311200561964
7.7499999999999805,2.0326319895942504,1.3951572896819915,1.6961851542828859,1.8674367175038598,1.5551654050494155,1.8773576188722583,2.0062317535893257,1.4227133879384808,1.6712342648842187,5.258870484530448e-05,7.948109136790809e-07,5.953727742940934e-05,0.0001986749752315581,0.3534843880335534,0.3941768656288674,1.3124163957564923,38.43195545235533
7.79999999999998,2.031219886732511,1.4124775210644738,1.7170903692372628,1.861980032360708,1.571769083273991,1.8992819715487563,2.0049352543203356,1.439648017269101,1.6950727640766683,5.2618268409667915e-05,7.578153331373806e-07,5.9495606309396405e-05,0.00019868102488400895,0.34955387520184344,0.4384870535299737,0.9924864237254764,36.222934998072795
7.84999999999998,2.0294150835196065,1.4298848790029062,1.7376085018700254,1.8561478213216291,1.5883218489494653,1.9198275698421883,2.0010467367599287,1.4560480384924475,1.7209445789562494,5.2653297999908765e-05,7.220000455193149e-07,5.9453585883847576e-05,0.0001986889713289356,0.35100972755875803,0.41091196586863793,1.4951741599507662,35.50722169675947
7.89999999999998,2.02718105978115,1.4474110892166914,1.7570428651836645,1.8500756998392294,1.604497655357016,1.939977765428626,1.9983559347766537,1.4737184653637425,1.7457134593827197,5.266861905383142e-05,6.858484154067116e-07,5.941031809334199e-05,0.00019869964756905238,0.34556473973400487,0.4030039117287595,2.2839073954490425,33.92251273474255
7.94999999999998,2.0246006157702987,1.4648962345428647,1.7764319682621097,1.8436045232937166,1.6207379111084836,1.9599800134359207,1.9935641548153564,1.4905491396419508,1.7706509782531459,5.2699586428178124e-05,6.517779323079476e-07,5.936659650155064e-05,0.00019871321879165506,0.34964680616386445,0.40004496014589014,2.0761670039637217,34.326731172037505
7.99999999999998,2.021686902729272,1.4823187620165883,1.795865136629634,1.8367581174143903,1.6369226390880105,1.9819913369061233,1.9892261441093475,1.5083101346135444,1.7937989253742916,5.273757558672212e-05,6.198734776516904e-07,5.9321917426044994e-05,0.0001987290296089081,0.35147185494737443,0.4402264694040543,1.254254830469101,35.38188706467863
8.04999999999998,2.0184430593212515,1.499687418452662,1.8153629909033269,1.82965099824215,1.652764726051474,2.0030171921898283,1.9860715145183372,1.5235779762894108,1.8123382215788038,5.2760836105358976e-05,5.877216804848469e-07,5.927731061655053e-05,0.00019874728411845228,0.34727163392715876,0.42051710567410117,2.5213907981109136,33.61619197933304
8.09999999999998,2.0148656648192054,1.516994565146003,1.8349189145846194,1.8221161914346256,1.6686653529271414,2.0236249815477283,1.980802446744479,1.5392650214983086,1.8358160760900217,5.280117420848805e-05,5.601596955656649e-07,5.9234964328888405e-05,0.0001987686752052963,0.3519171526270786,0.4121557871579984,1.5016248573693185,33.604763389772764
8.14999999999998,2.010954053208788,1.5342216139026703,1.8545276838713398,1.8141995791894847,1.68450772556614,2.044800878177103,1.976126723488782,1.556374326093042,1.8560153783241802,5.285039320802338e-05,5.360963910305027e-07,5.9193014020562564e-05,0.000198792915018499,0.3542119372399781,0.42351793258748516,2.4257309069572366,34.38946333784344
8.199999999999982,2.006707144362745,1.551372404516215,1.874221081173537,1.8061037657682208,1.6998802920476879,2.0662558415871466,1.973069964035322,1.5712725826708211,1.8713751568909505,5.287602718140149e-05,5.097247615392988e-07,5.9151895713105524e-05,0.0001988209169059201,0.3474878844543456,0.4290992682008653,2.54439651607676,32.09542157222441
8.249999999999982,2.0021227886110338,1.5684328860983703,1.8939518857983082,1.7977121007526033,1.7150190214783847,2.0876409426543807,1.9688897799937972,1.5877012802899126,1.8915463232877796,5.289697279874691e-05,4.846931051420373e-07,5.911310691696423e-05,0.00019885089457680451,0.3461864172006051,0.4277020213446743,3.8248234516512833,30.8420825637554
8.299999999999983,1.9972056562670164,1.58539605517282,1.9137228427328188,1.7888331117994083,1.7302761472265626,2.108045361320455,1.9628681716622045,1.6045716943939425,1.9106710169623886,5.29431135635798e-05,4.672798816970805e-07,5.9077183696564515e-05,0.00019888542651504075,0.35305928266406233,0.4080883733214893,0.7974963702277194,32.4993914991833
8.349999999999984,1.9919536627725296,1.6022806297023444,1.9335354325114447,1.779674986253818,1.745265045589137,2.1304754154308325,1.9575226225581686,1.6193735003309622,1.9327756945745938,5.298389785994964e-05,4.505914450911178e-07,5.904263081629466e-05,0.0001989231821625098,0.3513125523609859,0.4486010822075394,1.2461369408173482,30.63297442878666
8.399999999999984,1.9863691013215452,1.6190465184636278,1.953408172119576,1.7703246699107904,1.7598213881978007,2.1530791736873436,1.9511599590972255,1.6349983668613972,1.9561075670840022,5.30074519378507e-05,4.309311753096185e-07,5.9008056117734274e-05,0.00019896580114474544,0.34602212084492207,0.4520751651302091,1.3286145948399068,30.207212125120506
8.449999999999985,1.9804530152165536,1.6356758743260513,1.973193066311337,1.7605735938629135,1.7742857101238492,2.1748400416907305,1.9464457246420013,1.6514029997707156,1.9776678667482974,5.304203457487841e-05,4.161585810287154e-07,5.897460101188714e-05,0.00019901152648290623,0.3488908718941995,0.43521736006773415,3.201819672202772,27.86190176300816
8.499999999999986,1.9742285010442093,1.6520695998243604,1.992328054774241,1.7504113134255141,1.78868845789327,2.195673897452993,1.9403548471907346,1.6682017617488936,1.9960149565700185,5.308993953776858e-05,4.077375170277093e-07,5.8944126249076945e-05,0.00019906106308470255,0.35254635207813256,0.41667711524523426,0.5138616791261214,27.95819725973545
8.549999999999986,1.9677157031655248,1.6682922604203447,2.011432864095021,1.7399757704226397,1.8028267620055878,2.2176073301584456,1.9338076340475199,1.683718519829665,2.016820020604828,5.313506464531114e-05,4.005556783940099e-07,5.89157406534729e-05,0.00019911421569947978,0.35145672882888884,0.43866865410905137,1.0146160946037943,27.234302857444206
8.599999999999987,1.9608711757191695,1.6844271380028304,2.030578238832569,1.7294228596301107,1.8164929317912357,2.239092407076715,1.9266222281383905,1.6978803973012015,2.037919588036724,5.316153214226323e-05,3.8781136618626674e-07,5.8886852718213035e-05,0.00019917226845780645,0.3453343836208459,0.42970153836539143,2.290200372524189,26.377778124563104
8.649999999999988,1.953727764742729,1.7004147633645061,2.0498001503121666,1.7184059486267533,1.8301403409835793,2.260795922149623,1.919103253968712,1.7121753967273134,2.059927290985934,5.32070725715179e-05,3.8409220734456607e-07,5.886208635865521e-05,0.0001992328295115254,0.35079120932025526,0.43407030145816416,1.3936872443512338,25.735737640243862
8.699999999999989,1.9462822659383399,1.7162673867116756,2.069091073989485,1.7071554525634118,1.8434781131257252,2.2822209105250435,1.912663004594493,1.7283140483008341,2.076526423823463,5.324786513787578e-05,3.8054781923888995e-07,5.883800400515416e-05,0.0001992968265082671,0.3489879507316327,0.42849976750839774,1.6196508815853838,24.779372134293393
8.74999999999999,1.9385221509154842,1.7319992176943877,2.088906702070606,1.6955423092755975,1.8566524741108605,2.304366122716768,1.9035385166324186,1.743937918909709,2.0995911297500998,5.329716536886941e-05,3.8206801836925823e-07,5.881888350591612e-05,0.00019936515165207744,0.35125004736076093,0.44290424383449595,1.8608798232301438,26.122172354041677
8.79999999999999,1.9304331879637417,1.7477035088344948,2.1098041643354963,1.683549754295195,1.8696552872416525,2.3272312033639455,1.8957729027854258,1.7588632525166135,2.123895946465363,5.335518529053528e-05,3.8999551298808574e-07,5.880231887599844e-05,0.00019943464328428032,0.3537842035539127,0.4573016129435379,2.8554238294643586,24.991019036715077
8.84999999999999,1.9220957042996076,1.7631478095580628,2.1308569022144193,1.6713513130966076,1.8823253675633151,2.3472317114877264,1.8868197510241358,1.7732198528042407,2.142871369871008,5.3408299505928496e-05,3.9736119631019533e-07,5.8786451174306e-05,0.00019950740662394128,0.3517631105501042,0.40001016247560733,0.8952809270589391,25.59999516105614
8.899999999999991,1.9135149148782797,1.7783024063061244,2.152493127999888,1.6588221601528135,1.8948023703153671,2.3693282511759852,1.8773588134624313,1.7877419268872488,2.1640373810353015,5.346802281210764e-05,4.098590468451682e-07,5.877484392074029e-05,0.00019958284225354812,0.35364840891467814,0.44193079376516764,1.4576197123682322,26.641097912743952
8.949999999999992,1.9047905048399225,1.7930023358024765,2.174967164065187,1.64603893701604,1.9069746947463582,2.392009903498834,1.8664187199103088,1.802747392576144,2.18465995952421,5.3527029214362474e-05,4.2375960425324096e-07,5.876515692214894e-05,0.00019966087474440915,0.35303803414755086,0.4536330464569612,2.7072492294649555,30.201449796429657
8.999999999999993,1.895785136686134,1.8074783718110214,2.1975904064724605,1.6331372662794876,1.9187234975462388,2.4138481520263007,1.8566992976317767,1.8181806576077475,2.2026920634125364,5.357546847268097e-05,4.332545473055931e-07,5.875428953102784e-05,0.00019974135111548288,0.34899832457136654,0.4367649705493372,1.4106598639741963,32.34179769662492
9.049999999999994,1.886409917075748,1.821872281022302,2.2199772026418203,1.6199599568941987,1.930224418397687,2.4341921362676064,1.8480360080110523,1.8316215228967032,2.2224264066421373,5.362715516127863e-05,4.459260028441391e-07,5.8747029304508295e-05,0.0001998222220649745,0.3498132153902836,0.4068796848261123,2.9641705441262,31.39814459893891
9.099999999999994,1.8767232428298921,1.835972834884768,2.2424750987833653,1.6068079407599412,1.9412195552636444,2.456368603835932,1.8372045189255117,1.8451597090280705,2.242594617767047,5.366139141742931e-05,4.484296143713951e-07,5.873443810700031e-05,0.0001999058603646346,0.34285892550806546,0.44352935136650007,1.6387887524308473,33.55435708482544
9.149999999999995,1.8667501460825975,1.849800074970751,2.2645704277027505,1.5931493871328954,1.9521346386788014,2.4783852127855655,1.8288307516673727,1.8583396042304587,2.257307233564183,5.3715214131056904e-05,4.6477083143664193e-07,5.873096352524973e-05,0.0001999886171494604,0.3496898521658287,0.44033217899266475,2.1200812976571877,32.8567260485414
9.199999999999996,1.856473115029105,1.8634060696380907,2.286682153780684,1.57922500851241,1.9627788587726607,2.4994543786057335,1.8186140434097178,1.8711549537086547,2.2793332512153732,5.377194674262279e-05,4.838680208058034e-07,5.873216439346549e-05,0.00020007072034290804,0.35054192631492637,0.4213833164033483,2.372635040418119,32.5125700210871
9.249999999999996,1.8458865431054527,1.8767964760998066,2.3088476764399277,1.5651106648409199,1.973089811268977,2.5218839952042664,1.8082733046207138,1.8851575004888477,2.295914929642363,5.3826933699712926e-05,5.036437285237703e-07,5.873315823055893e-05,0.00020015292485802699,0.3495959084605658,0.4485923319706538,1.0994628304755552,34.08161276227318
9.299999999999997,1.8350124547328517,1.889943663975814,2.331042777989834,1.5509229258488337,1.9829757533686156,2.5441582085919414,1.7962622728830728,1.8982275099884571,2.3208893606378647,5.387354092335412e-05,5.179059715530676e-07,5.8731702063920695e-05,0.0002002344336653949,0.34585323613620833,0.44548426775348404,1.0899370686487444,34.75459974656699
9.349999999999998,1.823882244507463,1.9028130274502597,2.353219151113939,1.5363338033597016,1.9926682029316412,2.566217222674859,1.7845317875957951,1.9115660773513063,2.3393449370114014,5.393197281032111e-05,5.428994407201891e-07,5.873664465735077e-05,0.0002003147344719622,0.3503132963592745,0.44118028165834133,0.45189562731027283,37.101755724535714
9.399999999999999,1.8124571646001375,1.9154571986379587,2.3754702712018183,1.5214756211679215,2.00205878696251,2.5897132191192815,1.7710812248427017,1.9210831060352758,2.3704003109885745,5.3993493631511375e-05,5.714622139821084e-07,5.87452700445064e-05,0.00020039011286980825,0.3515467878433011,0.4699199288884434,4.501920766343374,36.835791501415784
9.45,1.800732611137128,1.9278707614591473,2.3977662361178753,1.506315445854131,2.0111667286427934,2.611485303280756,1.759552134561251,1.9342956944516596,2.3861035334359357,5.4059408462295324e-05,6.076402977591248e-07,5.8756452867995265e-05,0.00020046349618341728,0.3537218529486059,0.43544168322948473,1.156842929006374,38.752222150162346
9.5,1.7887519085738472,1.9400021881486935,2.4200908610709497,1.4913050529834908,2.019725248832547,2.635301869385785,1.7483238478459624,1.946464926394963,2.4054617978365247,5.4107625066508036e-05,6.289125630213425e-07,5.8756326954275446e-05,0.0002005345717540233,0.34558603850871067,0.4763313221005797,1.5092679566566591,38.44843109630595
9.55,1.7765061023464348,1.9518475006057856,2.4423063297887597,1.4760543852909143,2.027956985792447,2.6579848667674755,1.7357861363326008,1.9578813064007734,2.4292690349151176,5.415816508234209e-05,6.536485388794358e-07,5.875913947965601e-05,0.0002006020899923156,0.3466163507405967,0.45365994763380524,2.3404178525646406,38.0976312874503
9.600000000000001,1.7639892342969443,1.9634238858765207,2.46462056108986,1.4604865707078099,2.035904162249074,2.681195535013158,1.7233836998260637,1.9694647886258037,2.4506496647572718,5.421445758565974e-05,6.865898570208981e-07,5.876699815178195e-05,0.0002006665238776623,0.34958728858114824,0.46421336491364307,3.5497733041473136,38.08786682011287
9.650000000000002,1.7511027948953561,1.9747973795585074,2.4864896934218317,1.4449039203371796,2.043412472511529,2.7039646129426806,1.7122798920698608,1.9802049720748758,2.4761731018772313,5.426315891620002e-05,7.137835084944453e-07,5.876817546784739e-05,0.00020072609729347143,0.34595181273976766,0.4553815585904597,3.3199495811537973,33.523369739192866
9.700000000000003,1.7379304007324585,1.9858927362127148,2.5078929678051605,1.4288092812522877,2.050722129218805,2.7265928146594387,1.6985544688385257,1.9911323484680576,2.501584819297923,5.432519112884871e-05,7.581620826727255e-07,5.8783972581127284e-05,0.00020078115197529468,0.35354310724779076,0.45256403433514336,1.7477288088705318,32.968777669409
9.750000000000004,1.724514804948375,1.9967103387019343,2.529310579173166,1.412799570947954,2.057568563768319,2.7483788043234325,1.683233905701737,2.0017518502876754,2.526523188870275,5.437613571274976e-05,7.941707604015288e-07,5.8788628840052825e-05,0.00020083089668069805,0.3482507614016395,0.4357197932798694,3.5131077933958346,34.943266917313586
9.800000000000004,1.7108717561112097,2.007243369460862,2.550750423981593,1.3964938631749744,2.0641233662195595,2.77035757493264,1.671005249033265,2.0103946460684865,2.5497408044715337,5.44304810570704e-05,8.385469945164628e-07,5.879906609532639e-05,0.0002008728050255791,0.35148483553788856,0.4395754121841414,3.9490158101193025,31.96373972788312
9.850000000000005,1.6970130893701565,2.017472928778631,2.572160292686558,1.3800415122696068,2.0703219334337097,2.792204335044646,1.6577168713038062,2.021001779167828,2.5682839894197933,5.448303251295835e-05,8.847961051324115e-07,5.881011271763357e-05,0.0002009096046454439,0.35163297920373726,0.4369352022401058,2.3186370526814604,31.659551287817163
9.900000000000006,1.6829394500277104,2.0274173974510243,2.593633582745008,1.3633597229443948,2.076185754939238,2.814941565462214,1.6433745989569304,2.0307279110050467,2.592739571251494,5.453680296902284e-05,9.356561978012774e-07,5.882634364914068e-05,0.00020094003821428686,0.3536551813981468,0.45474460835134795,0.9170784499476056,31.217997935378392
9.950000000000006,1.6686571326419273,2.037066204361482,2.615135993563948,1.3467267123862363,2.081602448621304,2.838587643277809,1.6280308292349783,2.038620087060184,2.6162962757437525,5.458201657818595e-05,9.808611076575956e-07,5.8832654213525565e-05,0.00020096305938276703,0.34986389865421946,0.47292155631189825,2.620623078588591,32.32419741954053
10.000000000000007,1.6541825865855422,2.0464015081703835,2.636675568005402,1.3298388284622376,2.086676131800409,2.8608890715846993,1.6134823125739233,2.046099245857899,2.637478116482466,5.462820968308411e-05,1.032451597530383e-06,5.884480828041352e-05,0.00020097728284133932,0.3526787615583469,0.4460285661377876,1.5863762774959662,32.5129860742648
10.050000000000008,1.6395066668901965,2.055419695366991,2.658225929442924,1.312994196090998,2.091311914713278,2.8851764944832112,1.5982995473478123,2.0530855188928303,2.6665104732758156,5.46671539269664e-05,1.078533246123927e-06,5.884764473889562e-05,0.00020098333812584008,0.349426460100556,0.48574845797024035,0.7698272718050752,32.04407360330385
10.100000000000009,1.624641425701779,2.064109421100459,2.67979463891679,1.2959882033159353,2.0955722534666137,2.9070730656614456,1.5832946811630129,2.0610322413676725,2.6897838966067305,5.4703492766930445e-05,1.1290986263184524e-06,5.885141077235366e-05,0.0002009821512771273,0.3506374521860408,0.4379314235646791,1.166518009430197,32.04249907283192
10.15000000000001,1.6095907974088064,2.072474011168869,2.7013235871210983,1.2789825720335095,2.099430704421588,2.929882117834577,1.566992439682456,2.068156833412053,2.7110473235332435,5.4734305946172423e-05,1.1772066163214026e-06,5.8848391309094526e-05,0.00020097297989905052,0.34876486210561575,0.4561810434626223,2.407641932319552,34.19239726223918
10.20000000000001,1.5944287887658866,2.080497079432698,2.723126619391488,1.2619305221066424,2.1028951970448033,2.9524165354109817,1.5525463610148709,2.0744441634145536,2.732217175876337,5.4761395118349944e-05,1.2244824506185223e-06,5.884159202447193e-05,0.00020095625045019952,0.3480160505511294,0.45068835152808934,1.657153027777197,33.426172461658304
10.25000000000001,1.5791991169776045,2.0881489567232157,2.7455376864928356,1.2447066795606088,2.1059861008315477,2.975638886567168,1.5374105041083344,2.080579412758199,2.75660428413582,5.4787189982396455e-05,1.2755385665880681e-06,5.8838595978115154e-05,0.0002009314830516346,0.34998754255314074,0.464447023123734,0.9283883512908371,33.331103405761766
10.300000000000011,1.5637791904638505,2.0954958728047144,2.768045717573022,1.2274754304242732,2.1086766509691586,2.997760570632728,1.5201229218926555,2.086061305323793,2.7824925408928856,5.480785105092303e-05,1.3254363912847632e-06,5.882989005034431e-05,0.00020089896463688242,0.3488079189536102,0.44243368131120486,1.8600569794549298,36.444917137240786
10.350000000000012,1.5482544064023598,2.1024749225525676,2.7905315900029897,1.210307298853805,2.110962133879818,3.020733888172746,1.5045726110051594,2.0915876500080506,2.8071823073686613,5.4821925450712655e-05,1.3726990219216533e-06,5.881068690563866e-05,0.00020085793054841326,0.34639940360063354,0.45946635080035986,1.0241249639528984,36.73542716425404
10.400000000000013,1.532415299718105,2.1091389512276306,2.812355215835096,1.1928444824450064,2.112880640694824,3.04360429145736,1.4874240388622768,2.0960945312874277,2.836172726218651,5.4835350453836143e-05,1.4286085297191112e-06,5.880358658501282e-05,0.00020080807790219074,0.3513653814782188,0.45740806569226866,1.3271980724265646,39.321779872360864
10.450000000000014,1.5163961009835292,2.1154586895212963,2.834011077149887,1.1753948868702924,2.114388181445279,3.0672209484291653,1.4721099582323551,2.101520342654507,2.8595333672444303,5.484185044717141e-05,1.4844332646140818e-06,5.878968655209068e-05,0.0002007499759090395,0.35030005603301123,0.47233313943611477,2.3772442460915673,38.52804752386627
10.500000000000014,1.5002500775369145,2.1214119854567053,2.855605108724568,1.1580131763028996,2.11548806537754,3.089576404352119,1.4549324487266972,2.1056830043599417,2.881641823286988,5.484321451868429e-05,1.5370384238525768e-06,5.8766580793023964e-05,0.0002006844418855151,0.34833675673082143,0.4471091184590759,2.160355327341409,41.00759672954929
10.550000000000015,1.4839733633247265,2.127008721899874,2.877178475349789,1.140664252791959,2.116195106545044,3.112145621908839,1.4399023836310352,2.1095596506146506,2.8998003085398576,5.48400993276612e-05,1.5883025436699733e-06,5.87371953140499e-05,0.00020061282695458515,0.3472738699086046,0.45138435113439174,2.0909644565753,39.92427763841219
10.600000000000016,1.4675527450433097,2.1322622534630677,2.8988001785617286,1.1234856662106265,2.1165210092771045,3.133101332222095,1.422088644231843,2.112274629647086,2.9234025088516873,5.4833071166615103e-05,1.6334404056856514e-06,5.8693265755543726e-05,0.00020053516167767827,0.34363984228620986,0.4191142062651279,1.693952320670164,43.64960452236895
10.650000000000016,1.4510607599447014,2.137152915033064,2.9204297569029674,1.1059169668296458,2.1164704517467774,-3.127345938533269,1.4052690700920758,2.1167003531657866,2.943804497774191,5.482452623509583e-05,1.689277626465365e-06,5.8670799424817175e-05,0.00020044850834501562,0.351383012107798,0.4547607284844433,0.4850405882937463,44.50213664051624
10.700000000000017,1.4344496239055742,2.141701462079943,2.9420290293605,1.0885282963616743,2.1160369605554257,-3.1059906555485077,1.3906834392505825,2.121685746733185,2.958260489797241,5.48114977527661e-05,1.7400112054076202e-06,5.8633144049802386e-05,0.0002003561074433609,0.3478880703762941,0.4271056596952195,2.787425616034073,41.353398815626
10.750000000000018,1.4177531364081932,2.1458679547875934,2.9636145124269677,1.0708827835129193,2.115211791153246,-3.08373534649586,1.3737430579106236,2.1241030985772142,2.979737264881213,5.479869403659552e-05,1.7951611236923502e-06,5.861076293563341e-05,0.00020025776289338355,0.35330321718528257,0.44510618105295285,0.5641228211817135,42.9612650184698
10.800000000000018,1.4009595787980547,2.1496877325858184,2.985213806915665,1.0536629870231207,2.114011572229747,-3.0602751472924314,1.3569560654017645,2.126632238163672,3.0048417605486364,5.477939840106547e-05,1.8408017171440712e-06,5.855671958683303e-05,0.00020015399031644146,0.3452393853761763,0.4692039840685639,0.1984166355246597,43.55737327546107
10.85000000000002,1.3840820827890752,2.15314309823144,3.0067666261854686,1.0363556851428959,2.1124169699828617,-3.039159622997853,1.3401781194061653,2.1270884502297767,3.0317489435155736,5.47560397496424e-05,1.8888520809150345e-06,5.850641135515158e-05,0.00020004336556973633,0.34761857204089736,0.42231048589156384,2.9211032903332934,45.54264815289847
10.90000000000002,1.3671633742713873,2.156225972496428,3.0282943617472786,1.0190430167559652,2.1104417570714236,-3.0168268543995365,1.323216594197255,2.1300619395129794,3.0502264298769095,5.472656981484762e-05,1.938676031831903e-06,5.845502584505128e-05,0.0001999279309881793,0.34850685658710073,0.44665537196632615,1.0712287322947114,45.80753497889953
10.95000000000002,1.3501636666422439,2.1589402295593234,3.049790112397586,1.0016845359472601,2.1080655940581723,-2.994274047451531,1.307714802160204,2.131009961523673,3.0735083374417194,5.469480444472854e-05,1.988662140223614e-06,5.840606444134167e-05,0.00019980733064005053,0.3504146217511182,0.45105613896009894,2.028137615886992,44.947560661267076
11.000000000000021,1.3331203635936082,2.161301296518284,3.071359986062673,0.984488110605259,2.1053041841812057,-2.9704688973714592,1.2913165861788733,2.13090138255906,3.098766413305169,5.465810848612604e-05,2.036127330924327e-06,5.834555666388025e-05,0.00019968205692052555,0.3483427934830021,0.4761030016014261,2.197293965166268,46.250774904101085
11.050000000000022,1.316020509435135,2.1632913590700538,3.092906937605082,0.9673801982639021,2.1021399515557677,-2.946935525335555,1.2752913508599688,2.1324844268795324,3.1146095647794727,5.4616260739294014e-05,2.0832695714529067e-06,5.827989987294713e-05,0.00019955389610275408,0.34796954059349655,0.47066744071808325,2.419779790871475,45.26229328594843
11.100000000000023,1.2988812428328445,2.1649001254475553,3.1143988198314463,0.9501942116566666,2.0985536918833696,-2.9248070483817115,1.2585521451420247,2.132047829416714,3.1374724533345635,5.457378887655087e-05,2.129891352952324e-06,5.8220571943679376e-05,0.00019942013302758784,0.3511307286729873,0.4425695390768616,2.545081821552706,46.77182351514769
11.150000000000023,1.2816944489192217,2.1661443011055845,3.1358495011423444,0.9332080607286288,2.094612253508908,-2.9023713398910203,1.2397350946597545,2.132037966550281,-3.1215414861509414,5.4526939812554764e-05,2.174139372983906e-06,5.814847282482388e-05,0.0001992831745576266,0.3487560836106801,0.44871416981381906,1.0279824922498748,50.44976632352006
11.200000000000024,1.2645833974587244,2.1670336078385333,-3.1254359604938884,0.9163877340681089,2.0903003715043336,-2.878922648551321,1.222779812360427,2.1313940739984503,-3.1009428339948495,5.4475548141925515e-05,2.2170024533287953e-06,5.806634927881857e-05,0.0001991431421908285,0.34729211407467203,0.46897382679397837,2.110120767659916,52.05714580318248
11.250000000000025,1.2475617625824038,2.1675735276269963,-3.1030852180212,0.8993477264587317,2.085514795399974,-2.856681161583191,1.2064394869443458,2.1335047620513126,-3.0838290156256702,5.4421263868288926e-05,2.2612151138232357e-06,5.800293026322997e-05,0.00019899829104772434,0.3539923796722658,0.4448297393625963,2.4454503373698477,49.52199765535506
11.300000000000026,1.2305086771698843,2.167723196987711,-3.080694494107012,0.8826148994934043,2.080408411730488,-2.8341149306407143,1.1912859381632093,2.1349045244578218,-3.07185936730238,5.436607108519778e-05,2.301844458727131e-06,5.7920365143129445e-05,0.0001988529284645522,0.34990035204776654,0.451324618849526,5.961883350378232,46.69986653152409
11.350000000000026,1.213454789342186,2.1674939439983687,-3.058356111424137,0.8660963882093182,2.07495190081891,-2.810985470171726,1.1750759696175013,2.1339988446769156,-3.048275132707477,5.431205952525022e-05,2.339107208196725e-06,5.7825785144887815e-05,0.0001987065176523464,0.34793575182139563,0.4625892093797586,1.4284423085032936,46.025947016638696
11.400000000000027,1.1963945241463505,2.166888692418734,-3.0360407442233472,0.8497342242792595,2.0691403075831607,-2.7896270804813312,1.157627951619345,2.1314848948856358,-3.0265216712370138,5.425439857053302e-05,2.375039977275253e-06,5.772460027553393e-05,0.0001985599041697048,0.34727884244627294,0.42716779380789416,0.7154792021557217,48.98265860624537
11.450000000000028,1.1793747543784028,2.1659045642107975,-3.0137834189537562,0.8332148922290886,2.062877545465496,-2.7688075602454023,1.1389908474942545,2.1295731093653814,-3.00587819371927,5.4193137835415676e-05,2.4101436692584305e-06,5.763988634315568e-05,0.000198410547241201,0.3533393806105961,0.41639040471857086,3.669057738935045,52.744578260196356
11.500000000000028,1.1623883326480586,2.164534450211456,-2.991610713016738,0.816811054349566,2.056262372616441,-2.7477337258009826,1.1235732051027973,2.128784693831002,-2.9888302990656728,5.412916341422045e-05,2.4428039691111447e-06,5.755061761726814e-05,0.00019825801599676355,0.35375584085706424,0.42147668888838485,4.566342354880071,50.81816817424538
11.55000000000003,1.1454184681875113,2.162786815618396,-2.9694133492519286,0.8007742143521615,2.0493880605799144,-2.725522551191017,1.105739502887858,2.125881199869927,-2.970649309485777,5.406487686544168e-05,2.4731456516469652e-06,5.744010491487127e-05,0.0001981074274823531,0.3489692933082186,0.4442234921993036,1.9261683815093924,54.63384479587849
11.60000000000003,1.1284853497770444,2.160658224221595,-2.9472173223449993,0.7850256888093573,2.04221814504092,-2.7031982693679395,1.0892085909878113,2.1214648404447756,-2.943264213387574,5.3999587062909525e-05,2.501433487868686e-06,5.7315537713235574e-05,0.00019796023113721078,0.3460844875604947,0.4464856364615468,2.188654330493117,55.795595468283686
11.65000000000003,1.1116070121715163,2.158152328621517,-2.925046295351439,0.7692082250056794,2.0345894948269443,-2.681223370230951,1.0730108453504408,2.1196051914943745,-2.9262843619841923,5.3928838056395543e-05,2.5278189460123807e-06,5.7204641078474726e-05,0.00019781335343898004,0.35122692125487526,0.4394979827397643,1.756910926971606,55.21859151563843
11.700000000000031,1.094804472936475,2.15528106829767,-2.9029110206611324,0.7535972642587216,2.0266191421426476,-2.6578400943982783,1.0566376226195513,2.118038549808278,-2.9127405006402842,5.385773771808731e-05,2.551719074666896e-06,5.708683124623175e-05,0.00019766831537148917,0.3505667505899903,0.4676655166534467,3.008100303434459,55.478765647486625
11.750000000000032,1.0780683832302107,2.152035964461883,-2.880852320853415,0.7380614579189754,2.0182435050216165,-2.6364445105674448,1.0402497290639743,2.11506144662436,-2.8976425518073134,5.37886562466318e-05,2.571868105508903e-06,5.697253717112401e-05,0.00019752541841675273,0.35300111021549413,0.42791167661666724,2.2378429247109897,57.318126151008784
11.800000000000033,1.0613844679592381,2.1484226894758374,-2.8588464437057617,0.7228790641135769,2.0096359732142095,-2.615226498680452,1.0252749178209724,2.1104723541637935,-2.8806283963888424,5.3720560986620066e-05,2.590327028553706e-06,5.684052691382206e-05,0.0001973866127646808,0.3490593721500641,0.42436023773985293,3.4680536342409445,58.77495160120995
11.850000000000033,1.0447932087489902,2.144444408389416,-2.836866833826675,0.7078398992377998,2.000657541512788,-2.5915324836580433,1.0085714291716965,2.1059828031100056,-2.8608061903260613,5.365168350681633e-05,2.605629831340575e-06,5.6709298888445375e-05,0.00019725216801780873,0.35031589695121756,0.473880300448163,1.1004363810389501,60.629812613129076
11.900000000000034,1.0283108871970532,2.140106995923971,-2.814908108744672,0.6929871722288513,1.991338704191841,-2.570983389163517,0.9934542588493666,2.10081211118359,-2.833460052361729,5.3582438106344114e-05,2.6179978445630202e-06,5.657604796345708e-05,0.00019712311210326865,0.3506879224783283,0.41098188989051687,3.624111276630796,57.37768120762964
11.950000000000035,1.0119068419278252,2.135392523280368,-2.7929833044911554,0.6783676063294306,1.9817249707494218,-2.5488120346374163,0.9771808910941985,2.094004487863234,-2.8032776552655756,5.350883322722127e-05,2.628569039553779e-06,5.643912380157097e-05,0.00019700136542738926,0.3499532080031606,0.4434270905220086,1.7132975265688104,56.94359762532841
12.000000000000036,0.9956213320237512,2.1303136546222783,-2.7710716267525264,0.6640182307251774,1.9718192701135857,-2.5259700613852707,0.9623413201284816,2.0899937282088907,-2.7811754220117626,5.343007339705936e-05,2.637914083742946e-06,5.629739433593798e-05,0.00019688717125400195,0.34873526043162484,0.45683946504291084,2.852011850275791,53.2848265402846
12.050000000000036,0.9794399761425024,2.124871342065612,-2.749180155438144,0.6498990419577877,1.9615883572735966,-2.5031095283027494,0.947401694883441,2.083150274347769,-2.7588131007262566,5.335077040798291e-05,2.6444042321461536e-06,5.615460546433354e-05,0.00019678180482814986,0.3487327398681769,0.4572106616504211,2.623211917658754,53.86037653720991
12.100000000000037,0.9634079484148268,2.1190871115304106,-2.7273160756248394,0.6360354138643871,1.9510628171477626,-2.4813244245047534,0.9316010725396141,2.0782922882359416,-2.7470264826534203,5.327078997444724e-05,2.6484691485143426e-06,5.6008135306926074e-05,0.0001966830796037882,0.348137422318439,0.4357020759599109,2.345402158823967,56.08752778653403
12.150000000000038,0.9474809670065897,2.112948004809056,-2.705489979878225,0.6224656740904297,1.940304824057745,-2.4611991193584357,0.9169161466162324,2.070105714604725,-2.718171224777799,5.319527449854397e-05,2.65074967419623e-06,5.5854870074738126e-05,0.00019659483421402354,0.34634224371201555,0.4025061029263528,2.1724704006734656,55.07978303763021
12.200000000000038,0.9316848625421494,2.1064650358580037,-2.683713015857454,0.6090267993309763,1.929193215870453,-2.440215298235892,0.9025206112717834,2.0612432441899373,-2.6906180124857553,5.3116819415360134e-05,2.647786839288531e-06,5.571016499457187e-05,0.00019651670131907797,0.3487591426519815,0.4196764224508732,2.8621531046615583,55.59969948155947
12.250000000000039,0.9160565692825434,2.0996372302747455,-2.661957475457233,0.5957631940775692,1.9177397879687959,-2.418384710831199,0.8875386225887576,2.054242954424913,-2.6671804480182155,5.303661888516992e-05,2.6399782628014595e-06,5.5572527011682926e-05,0.00019645002681248277,0.35049475420463333,0.4366117480938501,1.5535768788105162,54.639200037762706
12.30000000000004,0.9005644907969241,2.0924581156205226,-2.6403339326265605,0.5827350952333158,1.9059875484232414,-2.3968869406794235,0.8714577251791944,2.0464450346517156,-2.645200224193113,5.2957223375295855e-05,2.628366910724237e-06,5.543685074946045e-05,0.00019639286724894045,0.350917853720512,0.4299554030355032,1.4875545968627184,56.111463504845254
12.35000000000004,0.8852399338509389,2.084956075229895,-2.6187267247875483,0.5702025360645239,1.8941828893357744,-2.3753020664699176,0.8547397469544971,2.0389103367772066,-2.624938894051813,5.287645937949107e-05,2.620188109437938e-06,5.528282282031518e-05,0.00019634698085681327,0.34434083361662665,0.431697484190109,1.7107081136087072,57.8811679513849
12.400000000000041,0.8700865777538839,2.077122276268035,-2.5971473105935754,0.5577038447168886,1.8818823560987326,-2.3530675662729448,0.8402160220804228,2.03194067211265,-2.603635502424908,5.280042566307363e-05,2.6011310134880546e-06,5.514780554165897e-05,0.00019631229081300023,0.35073241810864575,0.44469000393944647,2.104535804401632,55.70826800425754
12.450000000000042,0.8551056968111451,2.068967851032403,-2.5755923007545687,0.5454539594206924,1.869284511067726,-2.3313158789926,0.8253377618145953,2.0239962195416883,-2.5831809863812834,5.272731793577442e-05,2.5775366084915003e-06,5.501741543856352e-05,0.0001962911517022762,0.3514413541303297,0.43503374560689173,3.1915529294616816,55.48850914977384
12.500000000000043,0.8402802142337722,2.0604720654372466,-2.5540907092158,0.5333942637327493,1.8563234161089377,-2.309052227266226,0.8101036623284328,2.015397876907375,-2.562373192153326,5.2658570087772667e-05,2.5468230447608766e-06,5.4895310897241865e-05,0.0001962791639632199,0.3540842776935626,0.44527303452746936,1.5422308916577154,56.201472039369804
12.550000000000043,0.8256392572241422,2.0516752173618977,-2.532638260982703,0.521692686649134,1.843185806937107,-2.2878389778683528,0.7965288688242751,2.004831652211402,-2.5388993617521787,5.2592029874381344e-05,2.5149393651448416e-06,5.4770457793291494e-05,0.00019628170008099266,0.3518722998163101,0.42426498795745765,0.9146623537608587,57.66477691303968
12.600000000000044,0.8112001763986042,2.0425686395310714,-2.5112765305325557,0.5102914682469012,1.8298179345454786,-2.2660834050694056,0.7816560154721107,1.994086619592812,-2.516723265532966,5.2527488977403036e-05,2.4802716349352506e-06,5.465028861188082e-05,0.00019630082107875794,0.3513971934496503,0.43511145597893625,1.5888194648308782,60.82381802549334
12.650000000000045,0.7969694839856867,2.0331500277336585,-2.4899670673157552,0.499208574871482,1.8162445122637554,-2.2449689156758903,0.7675138244960251,1.9846564045719273,-2.5007988034615405,5.246520767433362e-05,2.443261500574116e-06,5.453169968770547e-05,0.00019633248753045596,0.35047380866793243,0.4222897878702994,1.5625281662218735,62.351200844056194
12.700000000000045,0.782942902280256,2.0234156861507264,-2.4687158884638407,0.48856016998007973,1.8026239563647681,-2.2236993424262015,0.7540799380350705,1.9752596523158474,-2.4776900548080243,5.2404268452612335e-05,2.4101758593853284e-06,5.4407102818244725e-05,0.0001963802420770873,0.3457856785275664,0.4253914649937669,2.3681439472545605,60.45672758469862
12.750000000000046,0.7691255259217256,2.0133850492403296,-2.447526780952577,0.47804202887566905,1.7885691658979677,-2.2028036249253367,0.7401695454235192,1.9653158903753707,-2.4566957784719268,5.2350826373062703e-05,2.3660161682111535e-06,5.4300730291063325e-05,0.00019644025416817694,0.35110092030281825,0.4179143500172876,0.6128142239981069,60.353592642274606
12.800000000000047,0.7555129406941676,2.003055437684666,-2.4263384593553834,0.46779278966159393,1.7742444088567004,-2.180883693200915,0.7291171938012442,1.9555163487685903,-2.4367681089896736,5.2302605372381606e-05,2.317136293241848e-06,5.42037564674048e-05,0.00019651433721602513,0.3522828360154651,0.4383986344884226,2.9035718487526543,57.40320939928067
12.850000000000048,0.7421308687917751,1.9924500179194087,-2.4051542703381212,0.45790409022997497,1.7597745316142845,-2.159703436426424,0.717269535145175,1.9443832343442606,-2.4134907524134457,5.225717247278712e-05,2.2682727097878947e-06,5.410876920002696e-05,0.00019659900127084125,0.3505282910150369,0.4236051354898184,2.389276269324203,56.45679955723211
12.900000000000048,0.7289880027114303,1.9815617163469703,-2.3840557333627115,0.448334910578398,1.7451224595797177,-2.1389835327743194,0.7046722230065305,1.9330382635707664,-2.3956750741660753,5.221502544192624e-05,2.218101035246763e-06,5.402214444557783e-05,0.00019669879180332297,0.350007640427055,0.41439807304208487,0.7924550872035396,57.84892250812676
12.950000000000049,0.7160707735112452,1.9703941341871611,-2.363073415102115,0.4389828227286697,1.730155792004431,-2.1196079232739846,0.6911380089730831,1.9225737274189647,-2.3799251452501036,5.21819720693047e-05,2.1606659553762162e-06,5.394768741404919e-05,0.00019680837009484738,0.3529716303624233,0.3875121900066874,1.3402924346267402,58.66027745558917
13.00000000000005,0.7033998971340907,1.9589609188786217,-2.3421962002748526,0.42988347616045186,1.7149313462662088,-2.0994084583063195,0.6801697249538513,1.9106698666147215,-2.3559971396287485,5.215765819076278e-05,2.098160528204084e-06,5.388395444390713e-05,0.00019692969630431104,0.3547351420357916,0.4039892993532936,2.122690521611854,57.149763830063506
13.05000000000005,0.690962837702199,1.947245158255689,-2.3214093532016786,0.42123898287687184,1.6997877524259684,-2.0795812612958793,0.6692441406944714,1.8988678214414032,-2.3324874454958837,5.212877692275098e-05,2.0437597597081e-06,5.38176982581928e-05,0.0001970609897888586,0.3487495717739418,0.3965439402088026,2.8893047862739736,55.32053977276215
13.100000000000051,0.6787720983075118,1.935276349730818,-2.3006348667476306,0.41292608752986937,1.6845035365729608,-2.058287939825097,0.6580609987932917,1.8860304989736583,-2.3063564334189723,5.210226580842164e-05,1.9887498173348697e-06,5.37595206268497e-05,0.0001972022292141849,0.34797868965754003,0.42586642941564273,1.5625211180341676,54.76488866681664
13.150000000000052,0.6668187761194806,1.9230474802845179,-2.2799410518223224,0.40490015715631805,1.6689567227774513,-2.0364191853967046,0.6481502895854518,1.874022718822701,-2.2846153069561335,5.2081988769858645e-05,1.928389884797231e-06,5.371458318836847e-05,0.00019735241313595067,0.34993209499470335,0.43737508856783897,2.2742040187224313,52.817237121745904
13.200000000000053,0.655139309327181,1.9105800780717843,-2.259281183399076,0.3972792235587006,1.6534182381832414,-2.0171390911041516,0.636859395406852,1.861500911704535,-2.261544332735228,5.206042093281594e-05,1.8734528142678916e-06,5.3672585426435685e-05,0.0001975107939964029,0.34614009350855385,0.38560188585105376,2.6160398287904356,52.09246956416545
13.250000000000053,0.6437249296561379,1.8978866129111691,-2.2386660082133654,0.38998775091012977,1.6377638730943278,-1.9962493434515778,0.6258850413741229,1.8484698356212157,-2.2400302031547765,5.2041093140456446e-05,1.817770733731725e-06,5.363767019470484e-05,0.00019767537164443194,0.34538996218136114,0.4177949530514719,1.5536901123369653,52.255170171382126
13.300000000000054,0.632572476981779,1.8849528669555808,-2.2181134399549287,0.38290301831358636,1.6217043821456048,-1.9762923768955258,0.6144868238436242,1.8355728783935035,-2.2205613467587306,5.20371630812863e-05,1.7511088905310131e-06,5.362053741582832e-05,0.00019784544539972412,0.3510617675425401,0.3991393311210348,0.891494762020465,52.46261888378688
13.350000000000055,0.6216851884555904,1.8717783729686552,-2.197640504615179,0.376173006402649,1.6055475417590748,-1.9546710382703196,0.6051804119979154,1.8215930374896026,-2.1915564993381245,5.203685927242104e-05,1.6858115767365317e-06,5.361053335922618e-05,0.0001980185157556661,0.350056273067826,0.4324267725041194,2.1786696829540966,51.79006774041142
13.400000000000055,0.611087000439325,1.858395464906905,-2.1772393111769444,0.3697786179193062,1.5892451195611943,-1.9345115377954725,0.5935496022448664,1.8076801784973917,-2.1736886846366907,5.20402836952605e-05,1.6185469470006052e-06,5.360949105830597e-05,0.00019819358912502238,0.3502385240950413,0.40319000949693823,1.7349782220415233,53.62382812461015
13.450000000000056,0.6007490645106197,1.8447760464265657,-2.156973034912019,0.36363649060560876,1.5725670028242384,-1.9128040370909531,0.58226710620773,1.7938792466047384,-2.155827555904493,5.2060887039610756e-05,1.5415992909586104e-06,5.3623246049346416e-05,0.00019837185517892854,0.355470229580345,0.4341500140903808,1.2638660740548564,54.78222224070567
13.500000000000057,0.5906851339351812,1.830960583618183,-2.1367541601424915,0.35794231653178094,1.556031524339629,-1.8920734455399844,0.5729916289383334,1.779715523152214,-2.1330048254053597,5.207465996700998e-05,1.4748281395009774e-06,5.3636144370865305e-05,0.00019854816013265212,0.34977513955146616,0.4146118310193717,1.3101134559919116,54.61802628988345
13.550000000000058,0.5809021054117786,1.816937221088935,-2.116626760950107,0.35255203760848275,1.5392947957757155,-1.8726653698381635,0.5651157589126263,1.7659769157019853,-2.1133745951307823,5.20973408884594e-05,1.404851503872437e-06,5.365898853224313e-05,0.00019872118473655845,0.3516719464798356,0.3881615140364129,2.7564821625531013,53.064232448019794
13.600000000000058,0.5714121531247615,1.802741644904066,-2.096560195388089,0.3474417830159593,1.522298011573591,-1.85305181873329,0.556988845836606,1.7514086584165516,-2.094175796694036,5.213300155849896e-05,1.3296579952493287e-06,5.369208756095039e-05,0.00019888892030268823,0.35497350533776845,0.3922710220974641,1.6723009676765033,53.20857501871232
13.650000000000059,0.5622131366406419,1.7883475190234726,-2.076502820989645,0.3426865276494451,1.5052996984022542,-1.834092079374598,0.5488658128366805,1.737015031107694,-2.075037885089256,5.2168532301489046e-05,1.2583291060310419e-06,5.372856219935859e-05,0.00019905050487435105,0.3530237597537491,0.3791947871738331,2.1385245654408402,52.818589914526996
13.70000000000006,0.5533004914809624,1.7737579982768132,-2.056560272890765,0.3382858300389797,1.4883473943988776,-1.8154739542562401,0.5402431064839904,1.721538727070018,-2.0552629549122523,5.220122246455056e-05,1.1920854594875738e-06,5.376737481329753e-05,0.0001992057225523802,0.350288801641091,0.37236250236715285,0.8575594348692079,54.39459893826755
13.75000000000006,0.5446666611149649,1.7589729899845814,-2.036700823819376,0.3342122986653865,1.471311431848793,-1.795532191169947,0.5330614113317392,1.7072722224772274,-2.036142593810305,5.223741153398494e-05,1.125856492498137e-06,5.381149361173074e-05,0.00019935518064832482,0.35033004201407597,0.3988352617258578,1.386528236157646,52.88278429786028
13.800000000000061,0.5363580399147525,1.7440591637853184,-2.016944749917123,0.33048470029761084,1.4542401161868654,-1.7760208961196478,0.525129245733913,1.6926673919001638,-2.014411926657256,5.227446097222363e-05,1.0618908236832411e-06,5.3858966834980916e-05,0.0001994946686776733,0.34947646238121693,0.39022590100597565,1.9455617749527325,51.7694003553573
13.850000000000062,0.528337918481667,1.7289529797616843,-1.9972831508665043,0.32707072210978705,1.4370248911945633,-1.7571148325191959,0.5179147021555564,1.6793281671850901,-1.998099012098897,5.2318364322924195e-05,9.955959492739398e-07,5.391164858552735e-05,0.00019962600878239395,0.35101475388524,0.37812127200903095,2.9529118262569494,48.517562848670494
13.900000000000063,0.5206093512994893,1.7136685431337955,-1.9776960561986598,0.32399218430615184,1.4197481157843252,-1.7371549888659226,0.5114384475014927,1.6663088554999028,-1.9757868309905977,5.2365004106860804e-05,9.302762008757369e-07,5.396705543333504e-05,0.0001997478144931296,0.3509840954149565,0.39919687306545965,6.585402272048933,43.53146116943388
13.950000000000063,0.5131929138955686,1.6982655457402314,-1.958186306364917,0.32123042373461025,1.402247686934912,-1.7174780605568547,0.5035253032554948,1.6512889181748713,-1.9615408547007482,5.242395605843662e-05,8.598530812221212e-07,5.4027564167752957e-05,0.00019986050207658864,0.3543458532786633,0.3935385661813521,2.8294140798752374,43.62979484891195
14.000000000000064,0.5060706679371928,1.6827041829653901,-1.9387038671904995,0.31884565796682673,1.3849818322303113,-1.6986184797619117,0.49707710621884477,1.6353089442751687,-1.9432486537581035,5.2468269746835904e-05,7.999242720205477e-07,5.408661649325278e-05,0.00019996285734902295,0.34860054574950383,0.377191615898856,0.5720836312007705,44.33440214728198
14.050000000000065,0.4992545579977488,1.667022218916987,-1.9193168972262462,0.31675100490226155,1.367309730501438,-1.6789308980104218,0.4904633567065873,1.6167512383423968,-1.9245938015633084,5.2537201472759125e-05,7.296676796175921e-07,5.415303914960059e-05,0.00020005459793109542,0.3559218904811203,0.39375163502979127,1.9269366964009709,49.681033875277166
14.100000000000065,0.49269289560221735,1.6510336470792866,-1.9009264194850417,0.3150344391242822,1.350074125375214,-1.66119540351494,0.48536681257582903,1.600188028213031,-1.9040649139803976,5.257712098359004e-05,6.74240677965804e-07,5.421547705941338e-05,0.0002001347043714748,0.34642202371527825,0.3547098899096305,0.6154320722683957,50.003635291205164
14.150000000000066,0.4864565850743318,1.6348912700653901,-1.8826917249875437,0.31363229553827116,1.332726740897341,-1.6417013440161845,0.4799449474176441,1.5852688443262604,-1.8895670301565703,5.2622181115655275e-05,6.167534955812661e-07,5.4279570199174775e-05,0.00020020179792102998,0.3480846720364232,0.3898811899751058,2.761244442938948,48.18221238680456
14.200000000000067,0.48053949194715617,1.618643771116321,-1.8646457140639126,0.31256448031705797,1.3151805038296183,-1.62145582335419,0.4748165144675585,1.5687401699787267,-1.863731901328843,5.267944949823143e-05,5.557792686010883e-07,5.4346512511833236e-05,0.00020025726956295338,0.35157998782777833,0.40491041323988414,2.5481635616435003,47.10900372313261
14.250000000000068,0.47492302093920447,1.6022968786332548,-1.8466829877403121,0.31185610566456207,1.2977679305226604,-1.6014555691754224,0.4691859364498765,1.5522008037921482,-1.839513018479282,5.272590246889291e-05,4.983701417589487e-07,5.4411439873896515e-05,0.0002003012929378007,0.3485453356997111,0.40000508357534703,2.5026008203944734,46.78161743477959
14.300000000000068,0.469592354707317,1.5858266922631077,-1.8287685846696615,0.3114968158053346,1.2803640697847107,-1.581419744199159,0.46562928147053456,1.5351531385764827,-1.8133187502891404,5.27702472152472e-05,4.412601138845423e-07,5.447543590641146e-05,0.0002003338054530136,0.3481572029946864,0.4007164995252589,1.7732576382083,47.4202950757644
14.350000000000069,0.46455739804706103,1.5692926371672904,-1.810891696421629,0.3114779358466575,1.2630950691763603,-1.5623594807601164,0.46065149707376235,1.5193424077005075,-1.7947212426562353,5.280378158361068e-05,3.8643406427666004e-07,5.453677289897207e-05,0.00020035773804754644,0.3453854467358758,0.3812052687808492,3.0446742041885813,46.093063497526
14.40000000000007,0.4598049124814022,1.5526485735238897,-1.793131116220822,0.31179476407081913,1.2454255915518002,-1.5433753752755262,0.4574596654880561,1.5027799077845387,-1.774175327667701,5.2864516700218426e-05,3.2366489262845036e-07,5.460000449904583e-05,0.00020036771233795022,0.35345166541133083,0.37968210969180105,2.868311556629414,45.877067667767626
14.45000000000007,0.455328858708306,1.5358118717906264,-1.7748310648311028,0.3124406307989812,1.227956672071439,-1.5243062753934113,0.4533536045051103,1.486876094363553,-1.7568046497046912,5.291038172957213e-05,2.656678706351962e-07,5.4660180392120426e-05,0.00020036834848653453,0.34962239726399413,0.3813819976422895,2.9228479797452342,44.091957497608064
14.500000000000071,0.4511293312917455,1.5188382501810285,-1.7562086703151474,0.31339891212518256,1.210824843289478,-1.5055313770187422,0.45087118211482297,1.4704006428544392,-1.7350150587526512,5.293175067817456e-05,2.1560227474666885e-07,5.471760886549522e-05,0.00020035819019369338,0.343177219006947,0.37549796749337616,1.2533077453686219,43.33718418267658
14.550000000000072,0.4472320520379037,1.501797379478913,-1.7375865424022443,0.31471013523460895,1.193312144340015,-1.4865947532148864,0.45023323120586617,1.4537399135124458,-1.7166190442072538,5.298004110963193e-05,1.5804784209493023e-07,5.477434577920479e-05,0.0002003358400616181,0.35123960313653196,0.3787324760771089,3.2091027792324103,42.6372932853873
14.600000000000072,0.44365258232997834,1.4846849053363047,-1.7190348800865787,0.31634458199885007,1.1758407087729013,-1.4684415450559172,0.4472788618593051,1.437024748345585,-1.6998270468135042,5.3025172019769626e-05,1.020041588308465e-07,5.482903227837861e-05,0.00020030313290779697,0.35095921881505,0.3630641631793819,1.0683656683289198,41.86264763346871
14.650000000000073,0.44039900964298784,1.4675121136327545,-1.7005966514603696,0.3182687985750244,1.158509256798615,-1.452007687918759,0.4449023295420047,1.4217792006906027,-1.681573962192978,5.305958520890926e-05,4.953103568313279e-08,5.488177391922238e-05,0.00020026050900678714,0.3487627736548935,0.3286771427431627,2.3926686127455454,38.68319582483229
14.700000000000074,0.4374736669593804,1.4502759521070625,-1.6822992929410687,0.32048793802004144,1.141191705060348,-1.4346862324204732,0.443419544452689,1.4028139974777487,-1.6597963032255678,5.3093495270658816e-05,-2.772939093130159e-09,5.4932082081474743e-05,0.00020021070555942012,0.34918751385836566,0.3464291099657078,1.4277748253379456,42.06968395800311
14.750000000000075,0.4348711911959401,1.432988612778839,-1.6641203846170687,0.3230326268010347,1.1237378823459305,-1.4173555192446756,0.4407150527639141,1.3861446205960861,-1.6445992459900416,5.31369248519573e-05,-5.696393444390897e-08,5.497945137323836e-05,0.00020014973099836394,0.35277140213315616,0.3466142635159458,2.032846182166209,40.75522486279671
14.800000000000075,0.4325883563058682,1.4156506472829395,-1.6460499423204533,0.3258420828051399,1.1065490159871554,-1.4002097611150461,0.4371967817237476,1.370109039197994,-1.6311394740674334,5.316066184162871e-05,-1.0691487379436005e-07,5.502460252268507e-05,0.00020008351602979955,0.3483432797378757,0.342915162592583,4.473576392704917,38.132157948018126
14.850000000000076,0.4306231642993234,1.398289496368859,-1.6280725053148013,0.3289797324272733,1.089321058140817,-1.3810810486184955,0.4351414011823709,1.3544287847900056,-1.619436974193238,5.318799308473781e-05,-1.5655102453320406e-07,5.506822147082757e-05,0.00020000958301106045,0.3502323384625783,0.3825742499310072,3.0873158451311724,35.32871823928442
14.900000000000077,0.42897353605655475,1.380905314997346,-1.6101792675298998,0.33245150928932743,1.072070564978247,-1.3633043914324263,0.4352694864964269,1.337215801339208,-1.6022342090349888,5.321846475272379e-05,-2.0542224105403808e-07,5.511079379055693e-05,0.00019992958691210976,0.3519323247268845,0.35553314372137984,1.3610505771386143,35.425310641242895
14.950000000000077,0.42763719503405523,1.3634722225445906,-1.5923884841066622,0.336216611045303,1.0549349935830967,-1.3457135906132145,0.43354657003463504,1.3201240810521058,-1.590665846877177,5.3241069120651355e-05,-2.527343242703577e-07,5.515055480472172e-05,0.00019984325159058734,0.3508912854616367,0.35181601638423354,1.67080783756031,35.17640637579341
15.000000000000078,0.4266163223263457,1.3460232519096635,-1.5747043221375343,0.3403008408162138,1.0377492050572021,-1.329232501374557,0.431487947534085,1.3044777072987537,-1.5810016257096144,5.326835654409043e-05,-2.9933145607264473e-07,5.5189149749028115e-05,0.0001997507636904148,0.3532926963232482,0.32962178477314785,2.2823037393401178,33.12517278647737
15.050000000000079,0.4259096830425061,1.3285478760406138,-1.5571315485469963,0.34456991459900344,1.021034526461263,-1.3122348331427938,0.43241686414546876,1.2867723619928098,-1.557962544608953,5.326037382350684e-05,-3.407926317110422e-07,5.522653971048396e-05,0.00019965424322412894,0.3450290637019869,0.33995336463525727,1.4512854252301897,33.04315269948931
15.10000000000008,0.4255143683609159,1.3110695434377564,-1.539665594213356,0.34921657956156965,1.0040637044866527,-1.294851433621691,0.4345040810046228,1.2693852947761024,-1.5354207427876116,5.327389289340798e-05,-3.8432559279873343e-07,5.525904993809168e-05,0.00019955107260985624,0.35191367703116194,0.3476679904220515,3.106211132323579,33.171923803341464
15.15000000000008,0.42542889010280743,1.2935990655909606,-1.5223134101299922,0.35419652222395337,0.9870797155367432,-1.2763022174600158,0.43452194692961443,1.252405808540785,-1.5155302506653454,5.329063348731239e-05,-4.276296561168869e-07,5.528694039386124e-05,0.00019944251311919737,0.35398570120241063,0.3709843232334969,2.515382531405269,32.24237418411047
15.200000000000081,0.425652850940081,1.2761147535194264,-1.5050809153227127,0.359432822732734,0.9703535346344094,-1.2585002540887325,0.43717852817303027,1.2342261844229263,-1.4947501875674356,5.328972497768097e-05,-4.6907131298753125e-07,5.531130651758467e-05,0.0001993299575417478,0.3505379198857105,0.3560392674256609,1.2096242905887913,34.08869821949267
15.250000000000082,0.4262119379552768,1.258529064525674,-1.488446762004435,0.3650211804020455,0.9535209071330215,-1.2420002402317885,0.44057131963177787,1.2177139456086863,-1.474977771467783,5.329964894298532e-05,-5.096982784223828e-07,5.533192105898411e-05,0.00019921243303454503,0.35472480989669447,0.33000027713887503,1.9366326902919364,33.77642737945954
15.300000000000082,0.4270969950612401,1.2408902306557381,-1.472493744396413,0.37088762505795286,0.9367996982576615,-1.224749091830438,0.4423032278421451,1.2005542897396408,-1.4566395801773933,5.3303813539528334e-05,-5.484443909470974e-07,5.5349037465389184e-05,0.00019909290347880758,0.354413197763738,0.3450229680270029,1.1858298121392319,33.53210649510215
15.350000000000083,0.4282726479184502,1.2232531684510264,-1.4568224723635594,0.3769419446713513,0.9204153019111722,-1.2089328240648285,0.44552071166313034,1.1827766550937493,-1.4390582278506692,5.3284311069255444e-05,-5.856099470015811e-07,5.536366353425614e-05,0.00019897293734952044,0.3493477293131537,0.3163253553121844,1.9152146209182817,34.95419703019465
15.400000000000084,0.42972425701409006,1.205660240639989,-1.4413193569992013,0.38330647210196034,0.9040383487413901,-1.1913321299147606,0.4471391794898054,1.1664726591856938,-1.4223669149912415,5.326761385657008e-05,-6.21003048201572e-07,5.537555094689774e-05,0.00019885160923853974,0.3514084655627772,0.3520138830013552,1.083584584539664,33.26779966459236
15.450000000000085,0.43145435764736834,1.1880948455059677,-1.425915175376047,0.3899415258010765,0.8878063320559462,-1.174184331163688,0.44842517078217103,1.1496826971905152,-1.4099924139129505,5.3243993187840176e-05,-6.550918099556819e-07,5.538549178735108e-05,0.00019873129759295457,0.3507191687879775,0.34295597502144765,2.2776520102312583,31.800244896165484
15.500000000000085,0.4334580369635493,1.1705269174398334,-1.4105552496981841,0.3968877029708513,0.8715977513351822,-1.1576620097221233,0.45185414375446203,1.1314863810783369,-1.3925378088807816,5.322258732028263e-05,-6.864240536348305e-07,5.5394667951446167e-05,0.00019860954681344563,0.3526894047332226,0.3304464288312874,2.7803651996238123,33.63895072736742
15.550000000000086,0.4357198954128201,1.1530199759174387,-1.3952666134082852,0.40406688500116716,0.8555636430583482,-1.1419774907477587,0.4543427436901878,1.114605526804564,-1.3771605680378876,5.319132960188355e-05,-7.162514382718935e-07,5.540182148154212e-05,0.0001984881826184634,0.35136283811702407,0.3136903794872883,0.963041190558871,32.93093961226318
15.600000000000087,0.43824937000536773,1.135558425366154,-1.3800823784079943,0.4115161534200328,0.8396231688870045,-1.1252916174359915,0.456014394839358,1.09617606403536,-1.366775068946184,5.3157598308995114e-05,-7.441370202941452e-07,5.5407235351194764e-05,0.00019836860057569793,0.3519076582587011,0.33371746623534115,1.555266732492614,33.585759316429616
15.650000000000087,0.4410546013518501,1.1181291808917082,-1.3650342901115926,0.41909612509042876,0.8240512893726033,-1.1102806606606594,0.4601361156540232,1.079819034959074,-1.353144745475735,5.3098108505258576e-05,-7.715698877795935e-07,5.54130005217895e-05,0.0001982500096512335,0.34637842558750426,0.30021913550663853,1.83725676389752,32.97280304231673
15.700000000000088,0.4441175499064583,1.1007569618037305,-1.3500978496315605,0.4269088890616656,0.8086042041104622,-1.0947966484293756,0.46225844855290193,1.0648859832916524,-1.3395178407580193,5.303433752152917e-05,-7.973920727123998e-07,5.541780068486345e-05,0.00019813687957547584,0.34621248443425434,0.309680244625677,5.070623369432337,29.08627432972477
15.750000000000089,0.44745269355196876,1.0834123718126474,-1.3352828277712636,0.435031119632853,0.7931548792399775,-1.0787520271073543,0.46727657768376457,1.048238759543043,-1.3234305393830679,5.297734030336279e-05,-8.197563325076567e-07,5.5421483712541196e-05,0.00019802698048591036,0.3490895610235259,0.32089242644041727,2.6510375649571554,29.361571979306447
15.80000000000009,0.4510473063058952,1.066132620721293,-1.3205851368028287,0.44350529237977954,0.7776317568168263,-1.0634507400809325,0.4727646376448425,1.0321039543134596,-1.3046081642495793,5.2933199117602936e-05,-8.375488744545531e-07,5.542400106119011e-05,0.00019792048705033586,0.35371459463354216,0.3060257405284301,1.009300068840959,29.42360950822807
15.85000000000009,0.4548927229667362,1.048913128358358,-1.3059981744472766,0.4520713903834748,0.762495012121188,-1.0481834845820375,0.47619434561700935,1.0157403141017796,-1.293514965841244,5.286559704824917e-05,-8.568204824798502e-07,5.542405783754432e-05,0.0001978207752988445,0.34785338913274133,0.30534510997789177,0.4524986840790923,28.032381005038438
15.900000000000091,0.4589979491919641,1.0317589280069064,-1.2915269444056698,0.4609194658261717,0.7474061096393163,-1.0326958333651053,0.4801627023105639,0.9988036332071469,-1.2813605383790478,5.280130985030658e-05,-8.725365382086428e-07,5.542444911408993e-05,0.00019772511454446017,0.3498396964933251,0.30975302433864227,1.9366810981261278,27.695566800864324
15.950000000000092,0.4633548546104257,1.0146514811501621,-1.277170478934154,0.4699132747143222,0.7326087405075188,-1.016629858143658,0.48299377671038124,0.9832048571383357,-1.2696813452859372,5.272115982192785e-05,-8.880909110580229e-07,5.542447908155006e-05,0.00019763450737086873,0.34632769528339297,0.321319504428943,2.2286229484768025,24.856144283657787
16.000000000000092,0.4679627244561025,0.9976158394796506,-1.2629340328512022,0.47937645986652744,0.7175602670207853,-1.0022411790520187,0.48670860987014875,0.9670069420985322,-1.257201860487211,5.2669073657678915e-05,-8.944798103176003e-07,5.5425996130121415e-05,0.0001975465910257934,0.35553558449486805,0.2877735818327806,1.655210964697177,23.33367934919636
16.050000000000093,0.47280521351201577,0.9806623674569537,-1.248810305514964,0.4890049061257202,0.7027454876032403,-0.9867111598083658,0.4928299898373752,0.9504933905762859,-1.2405563883679436,5.260617582162985e-05,-8.9961303827977e-07,5.54269879597663e-05,0.00019746315919478614,0.35337851720939933,0.3106003848730555,0.4808690567436317,23.70596843980943
16.100000000000094,0.4778935611388963,0.9637842936613502,-1.2348072625913298,0.4986859538005786,0.6883262442137377,-0.9723398418714901,0.4968296014251884,0.9349357650419822,-1.232858070044575,5.2521000162372354e-05,-9.072372101266648e-07,5.542617156235979e-05,0.0001973889857759987,0.3473571393312701,0.28742635873750977,1.5383435129452234,21.837308764386623
16.150000000000095,0.4832273424338335,0.94696686341581,-1.220923857750441,0.5085436881407012,0.6740948949696339,-0.9576636932130809,0.503332022318456,0.9193509248065371,-1.2104164167868605,5.242958182633465e-05,-9.130489673516048e-07,5.542645845748072e-05,0.0001973217655598703,0.34624361778756013,0.29352297316818654,2.8240634118979773,21.12720217191895
16.200000000000095,0.488773338960735,0.9303295859999595,-1.2074979772733272,0.5187983590380219,0.6597673873991076,-0.9415145393942739,0.5084966147712803,0.9031029863628751,-1.200136376103434,5.2358173440174877e-05,-9.111184321360014e-07,5.542537938378236e-05,0.0001972631000877106,0.3523875679773259,0.322983076376131,2.3705518022173617,20.498721789591677
16.250000000000096,0.4945541572084379,0.9138028715742283,-1.1945287970162486,0.5291577852360763,0.6457552323660138,-0.926820237104395,0.5146908902945662,0.8877478413156139,-1.1852630759691805,5.2271922494246513e-05,-9.09559799984536e-07,5.5424691744258076e-05,0.00019721221588732982,0.3485189600411105,0.29388604579757444,0.44903796153320386,19.682367486087248
16.300000000000097,0.5005483114922675,0.8973723697080203,-1.1816853763745208,0.5396548510611758,0.631974867137489,-0.9128265270757092,0.522143872135047,0.8729090065742366,-1.169132747792213,5.217865522574269e-05,-9.073539314869863e-07,5.5423350472994065e-05,0.00019717111955452101,0.3464631315631412,0.27987420057371365,1.7037155653889893,19.436002971666642
16.350000000000097,0.5067682159724034,0.8809904749069059,-1.1689503386512996,0.5504298262708969,0.6182483446813091,-0.897742333971979,0.5299154817660535,0.8572426113554934,-1.1495757314488009,5.209445831868254e-05,-8.997684976668441e-07,5.5422525606139035e-05,0.00019714168224634998,0.3490119101432907,0.30168386207460113,0.8690374578486708,20.50800453163754
16.400000000000098,0.5131761013837064,0.8647282405573031,-1.1562928182825265,0.5614328252402055,0.6046420926059519,-0.8838371258897362,0.535562863182793,0.8414196510161709,-1.1425212961504532,5.201436256500696e-05,-8.88481724524409e-07,5.5421367409496886e-05,0.00019712277675525806,0.34997200780154175,0.27810416164485247,1.6266664040993382,19.18554187333031
16.4500000000001,0.5198020585248522,0.8483832025551236,-1.1431443455995904,0.5726503737865674,0.5911736654968444,-0.8688172473674198,0.5447538875525773,0.8257409474742052,-1.1265635109982384,5.1935078625838265e-05,-8.728165559869647e-07,5.54229329265064e-05,0.0001971114108209083,0.35056394573626787,0.30039757044632037,2.646728550770014,21.026081977018556
16.5000000000001,0.5266932203216979,0.8321514552765101,-1.1301358363583882,0.5840112487409336,0.5779233011691249,-0.8552253347317968,0.5517835593974298,0.8106904532890419,-1.1159210785922644,5.1853235951980264e-05,-8.557637881129314e-07,5.5424701112582016e-05,0.0001971138508168963,0.34908241121522227,0.27183825271245615,1.3558285160956474,20.165175206871556
16.5500000000001,0.5338674623921894,0.8159463205259796,-1.1168281659427997,0.5957272946493377,0.5646314750482813,-0.8414273348308492,0.5595680279213686,0.794752052198887,-1.103919484121798,5.178821787746525e-05,-8.28974807284511e-07,5.5431021782110734e-05,0.00019712513849158876,0.3543689343945813,0.2759599980189483,0.9531188733244109,20.552367069885406
16.6000000000001,0.541245838422771,0.7998330021734934,-1.1035525006700997,0.6074679417754506,0.5516954747135964,-0.8261746508333783,0.5665509910620049,0.7791543563653114,-1.0919355830845046,5.1709815865447096e-05,-8.05094707427347e-07,5.543626000139978e-05,0.00019714758723933428,0.3493930830786164,0.30505367994941235,0.9047014469585263,19.807573112058527
16.6500000000001,0.5488017154134561,0.7837386002089638,-1.0899778502931543,0.6194680412281153,0.5388381005095435,-0.8135695607021085,0.5762730458204666,0.7658132844749996,-1.0756928639377765,5.163954324043675e-05,-7.743964969406458e-07,5.5444787978968845e-05,0.0001971797300618636,0.35174908890668816,0.2521018026253883,2.855722545813733,20.15221207834843
16.700000000000102,0.5565829304743882,0.7677501874708994,-1.0765422884868547,0.6314800409118618,0.5263025405313353,-0.799877109669838,0.5849463260756709,0.7502263059942661,-1.0587358306246748,5.156114808068958e-05,-7.476981922055895e-07,5.54514500678146e-05,0.00019722632049663276,0.34723658206523184,0.2738490206454046,2.207480543917127,20.980064832104485
16.750000000000103,0.5645693272181278,0.7518835370315679,-1.0632455691619487,0.6437665054164903,0.5138326662049693,-0.7857361468393584,0.5943993101195514,0.7337103296123265,-1.0410365729573696,5.149495912771382e-05,-7.138249684773759e-07,5.5460658889504014e-05,0.0001972855572801912,0.35012002657702174,0.28281925660958857,5.019011849211144,23.33863171495211
16.800000000000104,0.5727942686941118,0.7361044514260098,-1.0502537136021153,0.6561471032662876,0.50161773985844,-0.7715887047046972,0.601080290640799,0.7183504771421763,-1.033668728168894,5.142688455568161e-05,-6.803449039778684e-07,5.546898090544516e-05,0.00019735798275978824,0.3478440305642051,0.28294884269321907,1.486177118630665,21.077863061713174
16.850000000000104,0.581214485791226,0.7204752781764682,-1.0373391490721198,0.6688804231399331,0.4894070850932522,-0.7573066304618488,0.6094897072828349,0.7030134398274183,-1.0211364519100865,5.137482011019152e-05,-6.360275655596572e-07,5.548432978751144e-05,0.00019743870948301187,0.3528415028373128,0.2856414848569655,0.7629149073976819,20.90669417477668
16.900000000000105,0.5898547314680144,0.7049349581381514,-1.0245003698425057,0.6815940741144868,0.477538059853837,-0.7447995667894398,0.6159479935561233,0.6882992456780159,-1.0150762265277535,5.1313168274944734e-05,-5.963833394235438e-07,5.549801443741884e-05,0.00019753080293369844,0.3478589511061322,0.2501412734481809,1.9466749978330455,18.09825968134386
16.950000000000106,0.5986921281804064,0.6895142172477755,-1.011774421624769,0.6943404659968692,0.4659200662650294,-0.7334360383990983,0.6247441464601545,0.6740776058263294,-1.0029192350407117,5.124648082567372e-05,-5.581111901539648e-07,5.551232107851863e-05,0.0001976312499407357,0.3449356356512653,0.22727056780683036,1.1496394097566571,17.42038529942552
17.000000000000107,0.6077174038367112,0.6742248142599256,-0.9991760939487819,0.7073259256993967,0.4543883863822854,-0.7189060506347253,0.6350936584719097,0.6602950334219672,-0.9840464762688419,5.11920312899221e-05,-5.136044666059173e-07,5.5530463204540925e-05,0.00019774323005021042,0.3473367880630057,0.29059975528745674,1.5831166793999638,18.0375114864828
17.050000000000107,0.6169550051719251,0.6590277151175961,-0.9867098317576157,0.7205534506891988,0.44295154252216073,-0.7069407093036442,0.6441611068028672,0.6467030123386134,-0.9732986062916167,5.115120092937072e-05,-4.634281782031725e-07,5.555226680408784e-05,0.0001978669524268915,0.34972701521279353,0.2393068266216199,1.0668983871532798,17.0993314486763
17.100000000000108,0.6262501423734463,0.644155642712098,-0.9751066732327162,0.7340084900558677,0.43158344410919897,-0.6961052896430551,0.6531665597531755,0.6299946890992651,-0.971359679720377,5.112273836064315e-05,-4.0684571993433145e-07,5.55797543775656e-05,0.00019799967656994037,0.3522923681026893,0.2167083932117781,3.474527914781124,18.03826308974675
17.15000000000011,0.6356981074030121,0.6294875594605951,-0.9641160395612552,0.7475483940404735,0.42042174164359725,-0.6827282970080124,0.6639705746066096,0.6166190908125794,-0.9524216428142687,5.1095131206997766e-05,-3.4903732454904595e-07,5.560988255103259e-05,0.00019814283952639009,0.3509513889273046,0.2675398527008517,1.48048261066839,18.539906689666196
17.20000000000011,0.6453821906136403,0.6148053363795343,-0.9528885227656164,0.7613750817273919,0.40931484461139905,-0.6707643667517544,0.6750174183402932,0.6037886026547241,-0.9391483862916545,5.108501912483669e-05,-2.8333767854332694e-07,5.564612199887768e-05,0.0001982952625108193,0.35470788315516333,0.23927860512515392,0.9990472787382865,19.30898890973932
17.25000000000011,0.6551906007381325,0.6003100871596867,-0.9421061696113034,0.7752830309013674,0.3984135491934913,-0.6588265242996512,0.6846001423677663,0.5882822024524783,-0.9290059413566358,5.1079257583435406e-05,-2.187157739169949e-07,5.568385374074392e-05,0.00019845545389686836,0.3534249569869416,0.23875684904205702,2.3699805406990384,19.477258741925827
17.30000000000011,0.6652744900493816,0.5857669584181957,-0.9304075817422931,0.7891574277215806,0.3878181173667524,-0.6455561701232626,0.6940193312648253,0.5756205367624179,-0.9198307949228233,5.106920679679373e-05,-1.5927246190956754e-07,5.571937117312404e-05,0.0001986247883175119,0.34915127678464286,0.26540708352776937,1.650102918170836,18.042524423312813
17.35000000000011,0.6755032598559058,0.5713304320003428,-0.9187570388393395,0.8031009458561473,0.3774278877327898,-0.6352436035444757,0.7045655371501341,0.5624568138509397,-0.9122788241588471,5.1062096376943806e-05,-1.009602681438378e-07,5.575662658376095e-05,0.0001987995214222095,0.34778225925732714,0.2062513315757377,3.3242783937381395,18.259850901024585
17.400000000000112,0.6858811228264605,0.5570139706393574,-0.9071837173907016,0.8172644812790738,0.36711022155438805,-0.6239101371156335,0.713955142143455,0.5490289563591574,-0.8990999846857273,5.1068473928489484e-05,-3.683465266379397e-08,5.580075321253523e-05,0.00019897970784635416,0.3504644106454625,0.2266693285768447,2.767658200050196,16.744278321322447
17.450000000000113,0.6964283722355702,0.5428258208206599,-0.8958070485095108,0.8314513969867579,0.35701513418034797,-0.6129974378236156,0.7241413488297688,0.5359317464748228,-0.8921172960422332,5.1076498493135195e-05,2.4353772788938942e-08,5.584401468400244e-05,0.00019916397498890187,0.348242659725231,0.21825398584035666,1.6593820071463614,16.46584467703829
17.500000000000114,0.7071637148941805,0.5287571369243806,-0.8847213509322799,0.8458740480262682,0.3469981175478962,-0.6010982653253016,0.7345584254409235,0.5226188807201693,-0.8808578695866678,5.1098176203351285e-05,9.191352142442563e-08,5.589489962411998e-05,0.00019935218933615298,0.3512020065831555,0.23798344996627838,1.3497599487135896,15.926497795347784
17.550000000000114,0.7180794828251933,0.5147834327525261,-0.873744253796693,0.860377369571694,0.33716417065697335,-0.5905829223618815,0.7479286844604799,0.5084648531870398,-0.8699459330422821,5.112522441953276e-05,1.589968691822244e-07,5.5947314525712236e-05,0.0001995434299576669,0.35046008424219954,0.21030685926839768,3.875203302717459,18.875296628576276
17.600000000000115,0.7291627307045404,0.5009330021556176,-0.862920463738371,0.8750258659953147,0.32745911311379966,-0.5796826277474869,0.7583571503247194,0.4949703513723205,-0.8636351982982333,5.116289090101706e-05,2.2829261316272402e-07,5.600487435609936e-05,0.0001997409037955804,0.3514368487333702,0.21800589228788475,1.9106972231849648,18.671811769734415
17.650000000000116,0.7403824081895611,0.4872195112011298,-0.8522395881478421,0.8897940701643472,0.3178984852914983,-0.5693785832091214,0.7688165196001532,0.48130261276348435,-0.8549085613826866,5.120787297980047e-05,2.988456475584293e-07,5.6066298471303386e-05,0.000199939234650628,0.3518569011316109,0.20608089076731126,2.0078804668877304,18.062028570990346
17.700000000000117,0.7517515297203887,0.47363585573452677,-0.8416578337103523,0.9046087921592177,0.30852944194233883,-0.5584479217478027,0.7788877639075478,0.46892931538037275,-0.846272732159187,5.12563353511718e-05,3.6755864005543564e-07,5.612858674952418e-05,0.00020013854600965005,0.3505755383941319,0.21861322922636733,2.6529564836061175,16.738947520767358
17.750000000000117,0.7632677216013037,0.4601695628676121,-0.8312028477059779,0.9194705280768058,0.2993408609306649,-0.5490438322028424,0.7909639225079365,0.4567912392891302,-0.8311645630184339,5.1308358974259535e-05,4.3435604529354904e-07,5.619159217382585e-05,0.000200336249364759,0.34945870456651057,0.1880817908992007,1.1072347689002067,16.397943824912456
17.800000000000118,0.7749203395355673,0.4468399128415837,-0.8209415914401432,0.9342114380027995,0.2904124568670069,-0.5401400603855029,0.8015286304599033,0.44470851063997907,-0.8248525579140851,5.135714998460748e-05,4.915529648526826e-07,5.624862989776172e-05,0.00020053294878221708,0.3446811783425425,0.17807543634678888,1.4496677876284771,15.825147339270046
17.85000000000012,0.7867189570826719,0.43362670694078265,-0.8108183118813673,0.9492769219600179,0.2814859672778009,-0.5296517287943074,0.8131402344189541,0.4324496524219819,-0.812577096721856,5.142380663718158e-05,5.594020617484511e-07,5.6318035737779176e-05,0.00020072626647055914,0.3502306864710089,0.20976663182390518,2.3952109707974167,15.170339867388062
17.90000000000012,0.7986633921078927,0.42052949627819897,-0.8008382646699708,0.9644593387586943,0.27271596261190284,-0.5179836657322134,0.824532776041619,0.41969595303837115,-0.7990894313161121,5.1497661206496095e-05,6.279989445586315e-07,5.639076691783575e-05,0.00020091768737778734,0.350669217053828,0.2333612612418714,1.6195922835055934,13.944951676674458
17.95000000000012,0.8107030334508176,0.4075878453865446,-0.7909862810069919,0.9798676486816646,0.2640296439353129,-0.5086819204750341,0.8350038623266024,0.4065433774368229,-0.7951306776117808,5.1583884919445146e-05,7.025560072057026e-07,5.647174014041495e-05,0.00020110619969260232,0.35376285994261136,0.18603490514358859,2.2593865092225185,13.256539375778674
18.00000000000012,0.8228118663570003,0.39484184636711606,-0.7813155131126797,0.9952314216956618,0.25557235969031805,-0.49772485974881375,0.8466568327997549,0.3941591117396683,-0.7873462630949581,5.1668617087424495e-05,7.709572087212385e-07,5.654951341359649e-05,0.00020129203396591347,0.3507559010035787,0.21914121452440147,0.8223036377646169,13.171252806733019
18.05000000000012,0.8349483964780535,0.3823294467162693,-0.7718446976844402,1.0104973800493375,0.24736540658941444,-0.48881896418322945,0.8570095672598094,0.381778137330223,-0.7830121767564169,5.174976894857813e-05,8.305784300796768e-07,5.6621540348939914e-05,0.00020147361760419023,0.34664422637986486,0.17811791131168198,2.201693705145366,12.593358772933549
18.100000000000122,0.8472327047875872,0.3698953932436915,-0.7624718199918287,1.0258422853809865,0.23929961243981457,-0.47906779932451204,0.8685585404247403,0.3702134607991042,-0.7712592630817134,5.183556549694576e-05,8.900674412298897e-07,5.6695676097523404e-05,0.00020165090442041236,0.34671344720853325,0.19502329717434636,2.4318409818707654,11.323746453197344
18.150000000000123,0.8596498628594171,0.3575673368876294,-0.7532472160282621,1.0413487198804718,0.23133665056717087,-0.46975219646653255,0.8819690411130945,0.3591591603261125,-0.7571600152544473,5.1929945481259444e-05,9.531106432199189e-07,5.677529322027357e-05,0.00020182178028382134,0.34863188040960086,0.1863120571595878,1.4123945611587407,11.33742225807483
18.200000000000124,0.8722746059048827,0.3452690078511541,-0.7444503598131746,1.0569169701307588,0.2235187039245494,-0.46101594809051427,0.8945015962194807,0.3473426823791797,-0.7495345330290268,5.2028666669138795e-05,1.0148764285077777e-06,5.68562928149805e-05,0.00020198544302096278,0.34842080065470254,0.17472496752036365,0.8193397390079002,11.536949404832937
18.250000000000124,0.8850261356055764,0.3330922385723633,-0.7356014859163991,1.0723894671483147,0.21593199534313184,-0.4507557488428344,0.9069078324662633,0.3351536785762734,-0.7388611535370231,5.2124049965925777e-05,1.068071623176936e-06,5.693067384593384e-05,0.00020214259175970308,0.34464991870729733,0.2052039849535917,1.8475647600204992,10.80100142106026
18.300000000000125,0.8978984667491581,0.32101862862863034,-0.7268669344363762,1.0884230930587955,0.20825444330214138,-0.4423988593044905,0.9190495019982132,0.3237704610496304,-0.7303148818453575,5.224475076223807e-05,1.1434017892918322e-06,5.7030739120534844e-05,0.00020229413048802842,0.35554116744505165,0.1671377907668791,0.8831865302170875,10.246545004249334
18.350000000000126,0.9108720218535298,0.30906146825401976,-0.7182768585114468,1.1044176448349705,0.20077906826427047,-0.4320103994678721,0.9334410349922755,0.3112902806935646,-0.7199992671329811,5.2363763866693755e-05,1.2131806644087462e-06,5.712658393356601e-05,0.00020243795734160977,0.3531060587299232,0.2077691967323655,2.2380486159712207,11.134651886330632
18.400000000000126,0.9239428226538141,0.2972253716164353,-0.7098432808467333,1.12031585548486,0.1935349136954421,-0.4230886980835491,0.9456763341801073,0.2995461383248797,-0.7115191934609264,5.247906968546901e-05,1.2744370749021003e-06,5.721550173950897e-05,0.00020257508316217222,0.3494183177276256,0.1784340276864553,2.8820868842166645,10.32428320366364
18.450000000000127,0.9371119827671899,0.2855086826852741,-0.7015734517383521,1.136218353453763,0.18646135497172922,-0.41396709714930857,0.9597621719326599,0.28719222555921564,-0.7000001962649307,5.259471626515743e-05,1.3324886132964618e-06,5.73020106634301e-05,0.0002027053482400022,0.3480958345319418,0.1824320186848076,2.270562974590151,10.557472772098645
18.500000000000128,0.9504009461399591,0.273905101135531,-0.693452136588743,1.1523616750351557,0.17944943971966387,-0.4055664266934098,0.9760230431719857,0.27781215485519006,-0.6844990329160279,5.2720219965502596e-05,1.3985455438963662e-06,5.739864832498369e-05,0.00020282809488284825,0.3520088686095706,0.16801340911797272,4.303788850509094,12.912766993394445
18.55000000000013,0.9637837469826817,0.2623981357428071,-0.685515585268077,1.168474443452895,0.1726051349317378,-0.3977940600578771,0.9886505552523256,0.2665669862123732,-0.6800086983243894,5.2844173582926764e-05,1.4593687297937526e-06,5.749134887402882e-05,0.00020293827588986678,0.35012418191851263,0.1554473327106496,1.3854726354606386,12.50049734517334
18.60000000000013,0.9772674683737053,0.2510045396810966,-0.6777441868051286,1.1845164294567727,0.16593432968176294,-0.3903689947801907,1.0004379479862289,0.25730260143451494,-0.6698643661061578,5.296479596314834e-05,1.513835880344464e-06,5.7578259999937965e-05,0.00020304150969234773,0.3474745138289493,0.14850130555372307,3.9855679086111295,11.048228211599117
18.65000000000013,0.9908448930740319,0.23971925691755,-0.6701402428158124,1.2008665012944453,0.15927561218726072,-0.38312824158326464,1.0133958389946738,0.2454099785843357,-0.6659158810601324,5.309624414564805e-05,1.5796070279225712e-06,5.7678716509436376e-05,0.00020313455891890923,0.35308057405788973,0.14481506393852225,1.415649173839844,10.6969738471449
18.70000000000013,1.004529446324002,0.22853596575957189,-0.6626571078137309,1.2173220875249977,0.15271501180219899,-0.3756167668609973,1.0263617014760351,0.23440656962389234,-0.6600516087558765,5.323113281405503e-05,1.6473692363587518e-06,5.778264549764245e-05,0.00020322181314299633,0.35430454198633426,0.1502294944453474,1.2148747683695174,10.27823166734373
18.75000000000013,1.0182376251004666,0.21750159039180947,-0.6553379590128953,1.2334895221195215,0.14642141919945373,-0.36683805852990314,1.0415707661809932,0.2233256891372603,-0.6446636275502913,5.3354104308835716e-05,1.6991094265502665e-06,5.786687906749695e-05,0.00020330127317634865,0.34698540733558364,0.17557416662187983,2.3475597399326515,10.780177894906418
18.800000000000132,1.0320368408908558,0.20656409246932256,-0.6481711910339566,1.249589077377861,0.14029539181279582,-0.36034554618035575,1.0537164918215907,0.2119843138211449,-0.6395275162246188,5.347383685795796e-05,1.745275522734702e-06,5.794373991424697e-05,0.0002033726380757536,0.3445141119724674,0.12985024699094658,2.3226093467748354,9.355338148840008
18.850000000000133,1.0459141721678953,0.19572586367913608,-0.6411550653038235,1.2659415332584765,0.13419105617535504,-0.35420942791569976,1.0680529782600159,0.20083451889010934,-0.6388254787095731,5.360217060105383e-05,1.80088502402938e-06,5.803169837643947e-05,0.00020343786448422566,0.3490940749092974,0.12272236529311985,1.3680008585525976,10.302611409332046
18.900000000000134,1.0598669613927474,0.18499924847435897,-0.6343128095036769,1.282522726698315,0.1281291251921004,-0.3467826879774507,1.0808374633354856,0.1901776392075607,-0.636179073346562,5.373802985498682e-05,1.8640547856898404e-06,5.8129664126790676e-05,0.00020349533150670204,0.35309172505172903,0.14853479876497835,1.9030570515188971,9.93294637370821
18.950000000000134,1.0738948852999521,0.17437161235082216,-0.6276328256594474,1.2988079257781961,0.12230214765787482,-0.34044507412163494,1.0962991722382622,0.18064055330922205,-0.6288926917280806,5.3862175847954904e-05,1.9116837965506662e-06,5.820716780229664e-05,0.00020354685158170403,0.3459262219517362,0.1267522771163116,1.4186989089352964,11.369087438175486
19.000000000000135,1.0879987330399468,0.1638511994216745,-0.6211274681296722,1.3153911786272348,0.116482912025844,-0.3345261697497284,1.1095904101762797,0.16944576839901432,-0.6211141492324463,5.399565391112458e-05,1.9704728483136633e-06,5.8298171058075273e-05,0.00020358858025788475,0.3514932034179903,0.11837808743813259,2.9096116875844023,10.190171101331655
19.050000000000136,1.1021601821799611,0.153432625396911,-0.6147816396404322,1.3319976477870306,0.1107831658289859,-0.32672580371125015,1.1228893770975938,0.15933632388592736,-0.6159669823012792,5.4128495520484224e-05,2.0283238690540007e-06,5.8386016242406305e-05,0.00020362423918170793,0.3511486794525881,0.1560073207695597,1.1600267988496238,9.700463305182081
19.100000000000136,1.1164111196483322,0.14309010635346261,-0.6085941506851075,1.3486017606846608,0.10521211437710697,-0.32071299531108144,1.1381435285421744,0.14963647233061914,-0.6063723450564247,5.425987718584563e-05,2.083894511112347e-06,5.846942718186378e-05,0.00020365382902628646,0.3502765213547068,0.12025616800336941,2.1716235126212555,10.158620540212613
19.150000000000137,1.1307067848502264,0.1328605961173797,-0.6025736658599419,1.3652202810012295,0.09975082590574713,-0.3143041344614752,1.1523026161100398,0.13879829194494783,-0.6022062069220588,5.4389900585185016e-05,2.138319712513079e-06,5.854908535692859e-05,0.00020367508156715646,0.34985822080322193,0.1281772169921217,1.1098863234960736,10.124818315746904
19.200000000000138,1.1450844315993987,0.12271204786111807,-0.5967178698110263,1.3818048975792374,0.09441525029202331,-0.3082176833898105,1.1673371650499758,0.12840252417418058,-0.5991316198772241,5.4517641822659676e-05,2.1893417941923215e-06,5.862211758184093e-05,0.00020369080132684377,0.3484358254560689,0.12172902143329771,1.6123808142449918,11.101218249356812
19.25000000000014,1.1595309790629797,0.1126430625031353,-0.5910507453278314,1.3987399992456575,0.08906924972871391,-0.3033331919547968,1.1823083996323183,0.11982033083142787,-0.594105283172508,5.46556007852394e-05,2.254227377114026e-06,5.871203565899487e-05,0.00020370051518571952,0.3551777118599554,0.09768982870027511,2.6438536967908055,12.1322459684447
19.30000000000014,1.1740253633136701,0.10267782890204442,-0.5855563486897772,1.4155101039784672,0.08388168792670563,-0.29666250850587916,1.196928316633931,0.1091425332028285,-0.5890426947260305,5.478621683428365e-05,2.309700254286864e-06,5.8786948876620393e-05,0.00020370218051633118,0.3510830972082066,0.13341366897834891,1.2920670806289718,12.071465612696409
19.35000000000014,1.1885868113243896,0.09279258389004562,-0.580228678089709,1.4322115192528087,0.07882568435222256,-0.2912547423032419,1.211191605669494,0.09947576927563125,-0.5808928762798393,5.491324394470628e-05,2.360495137346263e-06,5.885298964195493e-05,0.0002037001779422424,0.34899924720733155,0.10815532405274314,1.6928981226567565,11.264786734878395
19.40000000000014,1.2032153096857634,0.082981838543498,-0.5750655668324269,1.448751082097262,0.07390929018854504,-0.2866101757715125,1.2260851534575734,0.08974637183887135,-0.5762907018657106,5.503334541729285e-05,2.403102997958355e-06,5.890414601734629e-05,0.0002036932976119701,0.3450962798261465,0.09289133063458868,0.5252077267041351,11.596316880191662
19.45000000000014,1.2178786801160515,0.07326256501276045,-0.5700372380329178,1.4658356964945312,0.06892178959405985,-0.2814622099393911,1.2411922218976157,0.0820997875358932,-0.5656136373613005,5.516904970208174e-05,2.4682805067335966e-06,5.898374473757705e-05,0.0002036812512327851,0.3559550032434901,0.10295931664242892,1.7267980310420015,11.706078431118057
19.500000000000142,1.2325903075972255,0.06362363624025938,-0.5651645447062659,1.482697139119417,0.06409390212507224,-0.2762699980848713,1.2551022403884655,0.07210087466200145,-0.5591970974608218,5.5294880286678826e-05,2.522219944364333e-06,5.904400830509565e-05,0.00020366197689548757,0.35078052163410295,0.10384423709039553,1.1884412581436135,10.65186635993058
19.550000000000143,1.2473579444207608,0.05405869262357673,-0.5604565088288237,1.49934503876299,0.059415674641458124,-0.27162019599936915,1.2685684793609553,0.06342806507949368,-0.5546987992439876,5.5412566398341996e-05,2.5656740925017513e-06,5.908602305027883e-05,0.00020364004423464673,0.3458548329663215,0.09299604171004425,2.1019555432658956,9.85997950726468
19.600000000000144,1.26217197520984,0.044567722077954945,-0.5559175760608356,1.5161235216644375,0.05477403879682945,-0.2681643585131761,1.2830308139565165,0.05471828215829109,-0.5486416235041163,5.553251353393492e-05,2.613804252364152e-06,5.913149883778939e-05,0.00020361516002566734,0.34817384933764167,0.06911674972385672,0.4047731883659786,9.670098260719781
19.650000000000144,1.277016851077533,0.03515902215951386,-0.5515351903978674,1.5330608208567469,0.0501584676820476,-0.2639339052401697,1.2959827920647677,0.04551337296668299,-0.5460657474868906,5.565531466108584e-05,2.6675550645909073e-06,5.918137648207508e-05,0.00020358509809456553,0.35109888080552965,0.08460906546012657,4.870601703873015,8.486367750709567
19.700000000000145,1.291923859253326,0.025809031141840532,-0.5473113925483838,1.5498527894609824,0.04563956777565669,-0.2618318074335684,1.3100600994436449,0.03522785854257692,-0.547474975101327,5.577273244619769e-05,2.7142676399226836e-06,5.9218289521441246e-05,0.00020355498422516382,0.3477877383234395,0.0420419561320233,1.8092124579904776,8.280075600736108
19.750000000000146,1.3068584779053793,0.01653688894195997,-0.5432718777734812,1.5669899089157824,0.04108578303625423,-0.2576168459292574,1.3242760185595204,0.024572902110436504,-0.5484434053755667,5.589985378424507e-05,2.7745927493912826e-06,5.927173105503377e-05,0.00020352269460054967,0.35463687577818237,0.08429923008621938,2.8817210824065937,8.163456881856222
19.800000000000146,1.3218472983338494,0.0073169327023329496,-0.5393885948101123,1.5838383494434551,0.036671911053883996,-0.2548175730095621,1.3391542241232637,0.0139731889344939,-0.5476711458741357,5.601823274948537e-05,2.8214496686402468e-06,5.930243772041544e-05,0.00020349007231299315,0.3483403003837161,0.05598545839390803,3.171992184309921,8.272291047097532
19.850000000000147,1.3368486944736806,-0.0018257566795300145,-0.5356628143835153,1.6008434888776926,0.032276287182177,-0.2510849137614053,1.3518847832283756,0.005073318689509264,-0.5481832963237445,5.614045572863074e-05,2.8740658502053705e-06,5.933777253091694e-05,0.0002034553763341192,0.3512814453300675,0.07465318496313421,3.4422808574311015,7.861733888143895
19.900000000000148,1.351891341055207,-0.010909912379286742,-0.5320965167163826,1.617704116049327,0.027982471908877548,-0.24764431176740143,1.3676127152982283,-0.005326791651500937,-0.5460608260870776,5.625787791635524e-05,2.9195896643182766e-06,5.9359265918216224e-05,0.0002034209954864471,0.3479758019441287,0.06881203988007858,1.8609242032270787,8.245696706174689
19.95000000000015,1.3669596838512743,-0.019926401493985915,-0.5287183471968989,1.6345705789188865,0.02374759073154824,-0.24435098011834544,1.381998846836713,-0.014994491056698915,-0.5464957885256596,5.6374895999266866e-05,2.964543355142017e-06,5.937547428595724e-05,0.00020338404223046026,0.3477999779454594,0.06586663298111994,2.965621865284174,8.707233032658799
20.00000000000015,1.3820587702444784,-0.02888517262009178,-0.525503722886809,1.6517980758419768,0.019464535939436832,-0.2430028828116817,1.3968198160823528,-0.02343455076765584,-0.5415194163853991,5.6502166588178916e-05,3.0240776122900292e-06,5.9409249612406374e-05,0.00020334633043043996,0.3550387338379,0.026961946133270867,0.8725783823937179,8.126674473649153
20.05000000000015,1.3972042921472139,-0.037798687046848155,-0.5224657229976202,1.6687983132244313,0.015276492197869657,-0.2400818877083153,1.4114604863624418,-0.03353397176189276,-0.5398115261582088,5.6621557233115796e-05,3.0734856003595627e-06,5.9423465745838804e-05,0.00020330655260589694,0.35017024396830854,0.05841990206732988,1.2034303065065954,7.81832049763565
20.10000000000015,1.4123671425836801,-0.04665313346846134,-0.5195903123583039,1.6856978831497484,0.011155784104655935,-0.23825416849981185,1.4268253552331973,-0.04060363143275947,-0.5310420921657357,5.673759723930505e-05,3.1181602887896448e-06,5.942624141291431e-05,0.00020326659199488263,0.3478941120979997,0.036554384170072354,3.2141171926571044,6.830375764143146
20.15000000000015,1.4275478161335997,-0.055452149857001844,-0.5168849422807013,1.7027449914382682,0.0070389302776785335,-0.23566890673373164,1.4424686318327022,-0.04899174829334596,-0.526072635455658,5.685579152804794e-05,3.168928520738927e-06,5.9432609049107435e-05,0.0002032233524801055,0.35074352893767885,0.0517052353216031,2.4828089401649813,6.685631313860973
20.200000000000152,1.442748811864576,-0.06420230795260565,-0.5143435386885373,1.719768878762698,0.002978573558898915,-0.23260121956426216,1.4577197227539918,-0.05675078466952413,-0.5143133135771665,5.697174861133453e-05,3.218216448472773e-06,5.943137323348187e-05,0.00020317701924674517,0.35002827115897506,0.06135374338938851,2.4603860662672092,5.3629240775663884
20.250000000000153,1.4579938956271998,-0.07291840304291967,-0.5119846172814326,1.7368793876141477,-0.0010399632974793021,-0.22875322000200216,1.4725202815252205,-0.06786700054505763,-0.5161329024900612,5.708757784194742e-05,3.2710698066583088e-06,5.9428728549863986e-05,0.00020312725350716133,0.3515215685011268,0.07695999124519662,3.7295670170177884,5.056287830369044
20.300000000000153,1.4732268620427165,-0.08157402993003066,-0.5097871827574675,1.7537995289645985,-0.004961662117143463,-0.2267575945580429,1.4900614616438246,-0.07439834428374308,-0.5027637890114267,5.7198593444342695e-05,3.3154790789137635e-06,5.940923438067525e-05,0.00020307982830989718,0.34737357704290484,0.03991250887918466,3.7846044578369997,5.721045223764292
20.350000000000154,1.4884997133981182,-0.09019821802999946,-0.5077693705752054,1.7708577546209936,-0.008886369149852413,-0.22552562521938624,1.5055633579867536,-0.08123527761001167,-0.4948063380019314,5.73101991374429e-05,3.3660139338615728e-06,5.939204552560632e-05,0.00020302695357291858,0.35007794937045617,0.024639386773135298,4.100121374305134,6.152062036933969
20.400000000000155,1.5037829143144308,-0.09877796512019182,-0.5059314530438106,1.7878700448530578,-0.01277263402346698,-0.22364436134299792,1.5185942187277237,-0.09038308264313971,-0.49683462309112425,5.7418321256002606e-05,3.4144806197346645e-06,5.936649189770073e-05,0.0002029714619684653,0.3490106952058216,0.03762527752776473,4.543769311745774,4.801130062543843
20.450000000000156,1.5191010011498647,-0.1073374190922128,-0.5042488825597217,1.8047250377145894,-0.01658528552457823,-0.22127417301216257,1.5341350537131277,-0.09763339862568166,-0.49340609039049355,5.752244170198591e-05,3.455979594698798e-06,5.932694810757531e-05,0.00020291931314426215,0.3456166868849522,0.047403766616710225,2.065622746159922,5.247280932181512
20.500000000000156,1.534414478314059,-0.11585452001811844,-0.5027268005478344,1.821781881381951,-0.020416264049748858,-0.22059447166757584,1.5491066576107744,-0.10556653552808677,-0.49178673653807037,5.763083880058761e-05,3.5053240955436503e-06,5.9294855680470204e-05,0.00020286527530403095,0.3496354239026962,0.013594026891734461,1.0124404721696936,5.247806020215955
20.550000000000157,1.5497468596699422,-0.12434448541856435,-0.5013791387417895,1.8387267354111705,-0.024190772932987843,-0.21775398574765825,1.5649027654976713,-0.1145858076284541,-0.4904173152450113,5.773558851173683e-05,3.5499414113924813e-06,5.925062129866604e-05,0.00020281139829805722,0.34720322464791475,0.056809718398348585,0.5600551141420163,5.3046782762964595
20.600000000000158,1.5650921245174576,-0.13280269105880999,-0.5002153471412386,1.8557864500450374,-0.027949620464289903,-0.2159851236571071,1.5792255755979172,-0.12457427174964289,-0.4934264950949361,5.784332837067257e-05,3.5986892798447838e-06,5.9208015539409447e-05,0.00020275726390665217,0.34937823499498605,0.03537724181102372,1.9969772059096007,4.456802133016592
20.65000000000016,1.5804500457526705,-0.14124274690066843,-0.4992051672419825,1.8729129758105596,-0.03169471219448548,-0.21458140707310713,1.593851911480016,-0.13364849277619703,-0.4908917026791073,5.795377026985568e-05,3.6497718704563195e-06,5.91654758370085e-05,0.00020270694227085548,0.35062438439504573,0.028074331680001115,2.4359505899846936,3.8884269874142836
20.70000000000016,1.595808857116858,-0.14965903046172438,-0.4983475633193338,1.8899669522274813,-0.035409757723754834,-0.2143975935647906,1.608910581268367,-0.14342124695891573,-0.4947526630209178,5.806241520145568e-05,3.6981592824262345e-06,5.911369446052043e-05,0.00020265859624744027,0.3490786019057623,0.0036762701663266245,1.9073192178966614,3.626120670022203
20.75000000000016,1.6111692601033762,-0.15804911115555145,-0.4976722609979427,1.90708733029375,-0.03913313656181058,-0.21389750875006985,1.6239335807941166,-0.15128166808356697,-0.49080889391069826,5.817405315333071e-05,3.7489188828520214e-06,5.906146516835924e-05,0.0002026122599443604,0.3504117015746244,0.010001696294418298,0.6676167204281308,3.433146790878261
20.80000000000016,1.6265477951268434,-0.16643108753500666,-0.4971585596618305,1.9239529239334947,-0.04278278319457042,-0.21232264462781814,1.6377914370931201,-0.15906466070406097,-0.4878725658400507,5.82784972046548e-05,3.7896889361650626e-06,5.898842967555735e-05,0.0002025670691636553,0.3451192436875466,0.031497282445036884,1.689379665442715,2.9197913109908837
20.85000000000016,1.6419113330753141,-0.17478847115365945,-0.49680666103927984,1.941090631662373,-0.04647679384510506,-0.21227847419887746,1.6524641758519127,-0.16527469154850818,-0.48562658448851126,5.838964161501677e-05,3.84175235739361e-06,5.892749220626472e-05,0.00020252290994722847,0.3506261490172863,0.0008834085788113297,3.6986509277972246,3.2448752424215312
20.900000000000162,1.6573003584010781,-0.18314309333095752,-0.496636966135904,1.9581449218712481,-0.050154729003953534,-0.21253613031756524,1.6675857873737898,-0.1725972955972053,-0.47955218386300835,5.849812047917851e-05,3.890583928885438e-06,5.88569719207566e-05,0.0002024786705565365,0.3489275129565541,-0.005153122373757944,1.8140325043133299,3.7448114555722833
20.950000000000163,1.6726893404532526,-0.1914847438867858,-0.49664955993079657,1.9752554311048252,-0.05384085679046974,-0.21183932438021502,1.682082245257089,-0.18282122865928796,-0.4860847700558617,5.860708338418569e-05,3.942648337661807e-06,5.878498470677422e-05,0.00020243476064860054,0.35006118133064973,0.013936118747005899,2.06449954562447,2.6269835858913044
21.000000000000163,1.6880580484916863,-0.1998079676517664,-0.4968303616405263,1.9921561113449864,-0.05747815123755153,-0.21212562446625016,1.6969018714195225,-0.19098293307316264,-0.486545467187399,5.871317405021139e-05,3.98603431627721e-06,5.869691989022479e-05,0.000202396254591845,0.3457530364386482,-0.005726001720703992,0.9162797668961477,2.506747011679205
21.050000000000164,1.7034413029688356,-0.20813511676528088,-0.4971886431239823,2.009110923427045,-0.06113403635429889,-0.21262173767786718,1.7123496665230507,-0.20050960485707972,-0.4864311023825145,5.882172897482685e-05,4.032033737916129e-06,5.8607219687462005e-05,0.00020235881488432585,0.346889697105584,-0.009922264232337346,2.371188009991613,2.239218572293753
21.100000000000165,1.718808117725611,-0.21645985631687914,-0.497685836344216,2.0261779466802685,-0.06481591623646209,-0.2123270928994785,1.727317308943255,-0.20820301474161,-0.48632803808765157,5.893431858783538e-05,4.083460259883008e-06,5.852060864411525e-05,0.00020232536454691221,0.34919308377924646,0.005892895567773109,1.253976877553499,2.2997336295283985
21.150000000000166,1.7341767438064533,-0.2247865673253202,-0.4983599917605972,2.043372638550032,-0.06853168608237274,-0.21332720845165554,1.7422128044037886,-0.21857520460878516,-0.49454474218375744,5.905112586089568e-05,4.140475665387389e-06,5.8437513559316577e-05,0.00020229321026190883,0.3518320052744136,-0.020002311043538796,1.9887881406371413,1.6925909210858605
21.200000000000166,1.7495472867439594,-0.23311579333523036,-0.4992272751590196,2.060357740275051,-0.07221382285451401,-0.2136385423675975,1.7585188415882855,-0.22780659053518587,-0.49804719704376144,5.916582515264374e-05,4.189322956907257e-06,5.833835190427248e-05,0.0002022668687372497,0.3475927584157802,-0.006226678318841856,1.3850803557271054,1.910140935305056
21.250000000000167,1.7649215690796443,-0.2414618823929496,-0.5002451709866338,2.0774335656571514,-0.07592609476237291,-0.21449802986421895,1.7747483944492473,-0.23515808789648973,-0.5001137812893606,5.928515927048896e-05,4.24248206569618e-06,5.824065181901871e-05,0.00020224394004691082,0.34949380194568014,-0.017189749932426647,1.2955728961305006,2.4887656170275494
21.300000000000168,1.7802533353352548,-0.24979858563417304,-0.5014259915821712,2.0945526676014983,-0.07968010573924114,-0.21724382169972278,1.7900340567274573,-0.24621608723278224,-0.5099564596859794,5.940745862511211e-05,4.2980557412754516e-06,5.814144272315033e-05,0.00020222261358397012,0.3505175845950691,-0.054915836710076674,2.3168915404040313,2.9829878686356026
21.35000000000017,1.7956031819856744,-0.2581526530485149,-0.502812468381072,2.111708629232296,-0.08347491865040622,-0.21813587758561326,1.8048970270160278,-0.2551851924467469,-0.5111231217892684,5.9535036327276214e-05,4.355795298782141e-06,5.804156243329643e-05,0.0002022087572774866,0.35141294511216103,-0.017841117717813826,0.5844530411836896,2.6474400306676236
21.40000000000017,1.810903838448224,-0.2665040117070344,-0.5043512198672689,2.128741880582535,-0.08725845725683565,-0.21901981019565175,1.821234852475569,-0.26292439851169697,-0.5095240290742287,5.96616189618271e-05,4.409994437335371e-06,5.793047406967203e-05,0.00020220034426648504,0.34896809926967787,-0.017678652200765987,1.7152041098703033,2.6860271686707327
21.45000000000017,1.826234995836416,-0.2748935172840121,-0.5060748722520694,2.1458731438513134,-0.09108267030274272,-0.22023850451712956,1.8359551946826127,-0.27180072080104045,-0.5087842389467352,5.979241574734867e-05,4.469617451041377e-06,5.782080501043265e-05,0.00020219404078472477,0.3510582998524335,-0.024373886429554854,3.2409886736174434,2.09331888518167
21.50000000000017,1.8415316847003314,-0.2832900963449946,-0.5079636602485984,2.162867789024346,-0.09489749132294707,-0.22138504179558538,1.8525202963505123,-0.28049692466510534,-0.5104199113928827,5.992160110586465e-05,4.525821608706562e-06,5.7699644464994375e-05,0.00020219380586127708,0.34835089045755396,-0.022930745569113294,1.9022130100245107,2.5102278698567666
21.55000000000017,1.856819676456824,-0.29172000901842443,-0.5099969385522363,2.180019475744279,-0.0987605975009741,-0.22168518258349001,1.8680258613838774,-0.287488037735675,-0.507536768549556,6.0057439806507786e-05,4.590054823015902e-06,5.7583979455644615e-05,0.00020219725929798636,0.3516270461735913,-0.006002815758091617,1.142723118648478,2.410120565690762
21.600000000000172,1.8720750510307407,-0.30015776538841316,-0.5122262539494293,2.1970702891015055,-0.10262705383423211,-0.22429437358883364,1.8824937597943978,-0.29663143653718094,-0.5130402876119788,6.01916507263571e-05,4.6519835019426366e-06,5.745931617473945e-05,0.00020220358489830498,0.34967407346796514,-0.05218382010687245,2.3921888627956718,2.226498803848231
21.650000000000173,1.8873297642896154,-0.30863771163639336,-0.5146040422465685,2.214052549749132,-0.10652580850280621,-0.227040870956702,1.8989888058734805,-0.3052920731771384,-0.5171068408791957,6.032772645350418e-05,4.713080100895316e-06,5.732879932712391e-05,0.00020221725792691814,0.3484810786899631,-0.05492994735737092,2.565091420459774,2.851961087383901
21.700000000000173,1.9025898653084592,-0.31714947558216616,-0.5171596912351578,2.2309590962985055,-0.11045519888227245,-0.22968702216538306,1.9127888416333065,-0.3117153182085946,-0.5185181076813383,6.046494855543049e-05,4.7727333771757885e-06,5.719164320556e-05,0.00020223594079800413,0.3471435442437105,-0.052923024173624385,2.236151459416415,2.5251288987206264
21.750000000000174,1.917784598371263,-0.32568527694025484,-0.5198636475054192,2.247809854818654,-0.11441910159488962,-0.23238391232852296,1.9266025877819697,-0.31980871155913454,-0.5199101119494713,6.060260888175186e-05,4.831978727281515e-06,5.70496799268432e-05,0.0002022589813395511,0.3462142510320464,-0.05393780326279615,0.7195990587782967,2.033297750725763
21.800000000000175,1.932960605714762,-0.3342541386556277,-0.5227317644830788,2.2647868172490533,-0.11846643434893138,-0.23568201063960847,1.940850121991315,-0.32906229502325407,-0.5253561389295616,6.0747007017920295e-05,4.899087513948076e-06,5.691331611898536e-05,0.00020228809276828477,0.3490549709656623,-0.065961966221706,0.9448990935654227,1.8348506764786647
21.850000000000176,1.9481174298697828,-0.3428622649468304,-0.5257680783498567,2.281754046185437,-0.12255342629628768,-0.23706350135434917,1.9550085837101,-0.3391216216966102,-0.532673106642434,6.089531336235291e-05,4.968127304361694e-06,5.6775458853370926e-05,0.0002023250496025302,0.3490503742444007,-0.027629814294813662,1.4307649984010087,1.7699840176315678
21.900000000000176,1.9632535694000197,-0.35151309265164093,-0.5289685265470254,2.2989299758453896,-0.12673161006943373,-0.2401831706534443,1.969490516004526,-0.3502783078552462,-0.5384887343374585,6.10553007075875e-05,5.048316135437264e-06,5.664910226304762e-05,0.00020237167420996926,0.3535364381489947,-0.06239338598190149,1.836795327859257,1.6039951717580998
21.950000000000177,1.9783477688923583,-0.36019484767548543,-0.5323425448266073,2.3156894305164415,-0.13085150714582408,-0.2419081098891427,1.9846355795125812,-0.3584966572868887,-0.5402012601372554,6.120795211973058e-05,5.114105285975735e-06,5.6499298518222114e-05,0.0002024299568405047,0.34516833379908474,-0.03449878471397047,1.3837832322516799,1.4326113614575564
22.000000000000178,1.9934273655517962,-0.3689272647729262,-0.5358909965571197,2.332352469159277,-0.13499366449420788,-0.24538207572081783,1.9996298623951438,-0.36793246342263064,-0.5371585014024527,6.136156481696707e-05,5.1790383275029e-06,5.63431454988367e-05,0.00020249506864162954,0.34340333184596616,-0.06947931663350553,2.4815032014940437,0.7478142414249852
22.05000000000018,2.008458304594008,-0.3776979937534418,-0.5396007703973036,2.3494818229055014,-0.13931694084064997,-0.2490714012610895,2.0154684205256617,-0.3768959166688213,-0.5348599174447366,6.153336497751277e-05,5.268649453014831e-06,5.621249442678365e-05,0.00020256770476539246,0.3533303452238817,-0.07378651080542896,4.821261518703233,0.8082576838085114
22.10000000000018,2.023471250617106,-0.3865212798189252,-0.54348634304447,2.366553512079325,-0.14369595953861386,-0.2531167193628958,2.0298516471529227,-0.38575256167164146,-0.5392125722300305,6.170691653014665e-05,5.360666953790123e-06,5.607753234531739e-05,0.00020264640699514707,0.35248761657710365,-0.08090636203612495,0.9501022691549399,0.6669978312117899
22.15000000000018,2.038441660728027,-0.3953930816117349,-0.5475315988153852,2.3835188586087135,-0.1481157740939906,-0.25659369544542043,2.0445204212474772,-0.3958932338646902,-0.5465758212839154,6.188214555060748e-05,5.451953015069144e-06,5.5936897690266564e-05,0.00020273214481279092,0.35063260157204285,-0.06953952165049365,0.7203988409611571,0.6291913078925713
22.20000000000018,2.0533765933276062,-0.4043221459502398,-0.5517356022745462,2.400211731215055,-0.15253348858212804,-0.2608375667778122,2.0607687303227293,-0.405028455629533,-0.5447317981067776,6.20550857609145e-05,5.535708249081211e-06,5.5782571894948426e-05,0.0002028292208439979,0.34535120944478276,-0.08487742664783175,3.323750113565568,1.009969310830159
22.25000000000018,2.068285156248236,-0.41331431962825976,-0.5561032302876725,2.4171024292750305,-0.15708264178122427,-0.2653348968100917,2.0754414869526596,-0.4145127366640114,-0.5473626392741449,6.223857925135827e-05,5.633367257302325e-06,5.564026927599461e-05,0.00020293382509514407,0.3498519638527118,-0.08994660064558521,1.1130515395807885,1.1029545907729987
22.300000000000182,2.083159314103473,-0.42236512214817934,-0.5606430553802525,2.4339313506603655,-0.16170270209501283,-0.2705253358552544,2.0906465599938353,-0.4240469823484512,-0.5489567696707591,6.242562464278456e-05,5.733602908864603e-06,5.549628610252411e-05,0.00020304778250557258,0.3490319389661244,-0.10380878090325268,2.515418328336766,1.4862077781330498
22.350000000000183,2.0979733917769012,-0.4314625329701959,-0.5653540277480005,2.4509612657674236,-0.16647876854546728,-0.27632945590629854,2.107638774041258,-0.4324632214488267,-0.5493455779052518,6.262493393357744e-05,5.84871839972202e-06,5.5365865001647176e-05,0.00020317131175099322,0.35373984649967594,-0.1160824010208787,3.769907644348054,2.4091685186949796
22.400000000000183,2.112746910240068,-0.4406280885713915,-0.5702192063460807,2.4678373868326817,-0.1713119837076989,-0.2815259567539794,2.1204654702284054,-0.44209240041657577,-0.5583562370223132,6.282396301045583e-05,5.9629707868610565e-06,5.52279491294533e-05,0.000203301161651951,0.35109208163973565,-0.10393001695361956,3.3646269382761735,1.5144160038351269
22.450000000000184,2.127473492469192,-0.44985570643224015,-0.5752469479853427,2.4846499665953687,-0.17622380481144512,-0.28695586746822066,2.135546828219035,-0.45196585748073126,-0.566687652780637,6.302803690467882e-05,6.079001806520744e-06,5.5091698837720885e-05,0.00020344244787367765,0.350308194943469,-0.10859821428481913,0.47451603943318166,1.3906938780469407
22.500000000000185,2.142174906590854,-0.4591628560961517,-0.5804455640728425,2.5013551179139895,-0.18119274194113277,-0.29127443061635283,2.149081983633516,-0.4623798311780765,-0.5702966072625069,6.323559169132282e-05,6.195324861360738e-06,5.4953998734297155e-05,0.00020359557511427637,0.34857015871058383,-0.08637126296264433,2.5417885715260806,1.4604790182398522
22.550000000000185,2.156814362416161,-0.46853375309290807,-0.5858039038276496,2.5179996322242455,-0.18622476361608098,-0.2958990532466119,2.1641414819773637,-0.47164219824004194,-0.5729153448471402,6.344772780515726e-05,6.3152209540923254e-06,5.4817876624638426e-05,0.00020376256387309643,0.347770980760895,-0.09249245260517769,0.7110841656930118,1.8249141509705022
22.600000000000186,2.1714283468274527,-0.4779907078843377,-0.5913307225441414,2.5347280895730484,-0.19137015912806155,-0.3008997963791695,2.178594666631808,-0.4804071591553706,-0.5735000127435659,6.366901621978034e-05,6.44507983575773e-06,5.46909198602276e-05,0.00020393954771024555,0.35003829424510496,-0.10001486265115007,1.5908190609550212,2.4142366547867677
22.650000000000187,2.185939004230916,-0.48748670597533444,-0.5970170976313987,2.5513050591431368,-0.1965590015045164,-0.30580841257896907,2.1932724719152703,-0.48858409368341843,-0.5785801153798431,6.388992915143334e-05,6.5748858534133205e-06,5.456042412141961e-05,0.00020412630165239108,0.3474021365233264,-0.09817232399598981,1.4276970500880812,2.301368544037959
22.700000000000188,2.200431094716685,-0.49708148503683447,-0.6028648407006221,2.5677143397489868,-0.20179150307770433,-0.31155494831136954,2.2067607212055784,-0.4987690115365834,-0.5868925915617416,6.411083034667092e-05,6.7027769820398454e-06,5.442635474538669e-05,0.00020432164698844276,0.34446734477831975,-0.1149307146480053,0.6098300162512588,1.8320997921734758
22.75000000000019,2.2148610061104317,-0.5067465589065072,-0.6088839135682791,2.5844323697973537,-0.20722660504933535,-0.3170973550084044,2.2220752548287326,-0.5085357031679038,-0.5923169847761751,6.435228978679333e-05,6.851828754747084e-06,5.43160877908168e-05,0.00020453147680145204,0.3515870607522143,-0.11084813394069748,0.8452480061000813,2.0679246001793015
22.80000000000019,2.229235018286121,-0.5164918924961317,-0.6150644948273982,2.6010906838583367,-0.2127491274255637,-0.32313344757750384,2.2363966011630314,-0.5168812358916711,-0.5959614699813502,6.459928688038572e-05,7.005024175880178e-06,5.420967792167591e-05,0.00020475388217861923,0.3509977868277154,-0.12072185138198727,3.908626180929562,2.273798683156619
22.85000000000019,2.243548605052375,-0.5263189600033434,-0.6214085360713046,2.6176633936831633,-0.21835370615831506,-0.32908107587933877,2.250531018971771,-0.5267562678797444,-0.6027286098217606,6.484931055953846e-05,7.16120239456047e-06,5.4105553739196895e-05,0.00020498553081535665,0.34989536490208073,-0.118952566036695,0.9309150176115568,2.1726775159278136
22.90000000000019,2.257796275120603,-0.536228497207461,-0.6279149448201283,2.6342441107438797,-0.2240808199380071,-0.33607529756074683,2.264265298712583,-0.5374550401332668,-0.6098079468416713,6.510826497827228e-05,7.324498024827722e-06,5.401056388343963e-05,0.00020522934372675352,0.3508397155088916,-0.1398844336281573,1.8577834696149103,2.116355122807143
22.95000000000019,2.271987279518359,-0.5462292466771564,-0.6345785146726547,2.650757958131057,-0.2299092311019433,-0.3425093324598327,2.279903639481128,-0.5470682374451925,-0.6134143548121971,6.537384182243605e-05,7.492549477167748e-06,5.392154681800602e-05,0.00020548929670141793,0.35024482304862276,-0.12868069798171758,1.649606448264804,2.8280846773175443
23.000000000000192,2.286110342486654,-0.5563183126066621,-0.6414002750295362,2.6673340173516324,-0.23588378067712978,-0.34936738590227545,2.2931016198298346,-0.5581241453960663,-0.6243155064722155,6.565041391340836e-05,7.672026858571347e-06,5.3844208901894225e-05,0.0002057620092698764,0.3523987506995512,-0.13716106884885354,0.6546521983392224,2.095240681470752
23.050000000000193,2.300157928399272,-0.566488021707701,-0.64839020878647,2.683746787784925,-0.2419205719565542,-0.3555382210964053,2.306779700665931,-0.5683712501193876,-0.631714588755949,6.593009586758401e-05,7.849806092904895e-06,5.3769691418512904e-05,0.00020604831504513667,0.34975583066116733,-0.12341670388259442,1.406786698358291,1.98509406147631
23.100000000000193,2.3141317277085713,-0.5767481274611541,-0.6555448116077256,2.7000692976931515,-0.24805165837366808,-0.3630927319218542,2.320694911999632,-0.5786054760352569,-0.6407042866934565,6.621543844781888e-05,8.03020139970401e-06,5.370096773356772e-05,0.00020634681106295534,0.3487210898245019,-0.151090216508978,2.1656901148068077,1.682856389898391
23.150000000000194,2.3280437425325458,-0.5871169021193472,-0.6628532734879565,2.716431871363517,-0.2543427807542103,-0.37102331420172385,2.3358955241448687,-0.5890924994212173,-0.6490106823121877,6.651384504015412e-05,8.221705008819256e-06,5.3645453783165536e-05,0.00020666290735413042,0.3506072723759308,-0.15861164559739416,1.2374943182208258,1.7718905716794116
23.200000000000195,2.3418695084042613,-0.5975642046965361,-0.6703263484551579,2.7327640441957395,-0.2607684056079214,-0.378642415382501,2.3487129562899676,-0.5993529959717598,-0.6513007552251047,6.682163573674045e-05,8.419760183524312e-06,5.359981036009994e-05,0.00020699255704913756,0.35101567730946537,-0.1523820236155408,2.548228692293514,2.394197147545963
23.250000000000195,2.355631753332129,-0.6081181976643958,-0.6779620639760365,2.748814490073291,-0.26723175994524445,-0.38700399425281784,2.3635814020579806,-0.6098578757578526,-0.6594124467717828,6.712438188809914e-05,8.61191471970623e-06,5.355092820261646e-05,0.0002073320663374811,0.34605982518653533,-0.16723157740633476,1.0411104615873246,2.4443051229228363
23.300000000000196,2.3692962711772063,-0.6187540011883395,-0.6857558799933814,2.765060872117168,-0.27392524853406797,-0.3946102362754078,2.3739472710080953,-0.6210704206344698,-0.6767373844720899,6.744788033335253e-05,8.821847159202945e-06,5.352444458234616e-05,0.00020768137245873855,0.3514252168279494,-0.15212484045179572,4.240159354067285,0.8305046466931036
23.350000000000197,2.3828950571956122,-0.6295080216565907,-0.6936961218332488,2.781088560452948,-0.2806788836456031,-0.4029788415124065,2.38885063175794,-0.6327354422055873,-0.6857740095788216,6.777419833772418e-05,9.025873303385674e-06,5.35005548628527e-05,0.00020804116811185474,0.3478506265824714,-0.16737210473996605,3.3252733681564624,1.0673868775675106
23.400000000000198,2.3963888310375068,-0.6403451998560139,-0.701789933117572,2.797184861041837,-0.2876211151133656,-0.41139972931075697,2.4001067861308045,-0.6439757914029546,-0.7008258211058944,6.81168563380681e-05,9.241410242957181e-06,5.349343128236611e-05,0.00020841327674390843,0.3505922339367832,-0.16841775596701003,3.8241024488015216,0.533486852840084
23.4500000000002,2.40981811323934,-0.6513024349478728,-0.710039411164645,2.8132457420597223,-0.29472107429008093,-0.42107211030158354,2.412562437640857,-0.6554352361463818,-0.7123980352807959,6.847271723539176e-05,9.461503082117697e-06,5.349829001715204e-05,0.0002087957092288404,0.35120576501742523,-0.1934476198165297,0.7153767945127568,0.5197579777193588
23.5000000000002,2.423140541635057,-0.6623535579809698,-0.7184385552210538,2.8290931869768485,-0.30191091679625737,-0.43076606700331066,2.425402797763016,-0.6658117027770739,-0.7226146198096206,6.883073362471059e-05,9.677841068063325e-06,5.35059874170781e-05,0.00020918959855928523,0.34804466219138763,-0.19387913403454038,2.760139400603009,0.4293149428767641
23.5500000000002,2.436385192052012,-0.6735256576026314,-0.7269923898700377,2.845119839546505,-0.3093655288338405,-0.4399769078429081,2.4390100249373727,-0.6756562694190786,-0.7278371877162693,6.921330772262985e-05,9.91214087381481e-06,5.3535687165991564e-05,0.00020959124483195177,0.3535121169417473,-0.1842168167919438,1.789450814195571,0.2293251028007766
23.6000000000002,2.449518825255267,-0.6847905365071025,-0.7356959062058687,2.8610609406022434,-0.31695951951552387,-0.4491672986374704,2.452774048498361,-0.6881757690530789,-0.7358413806539308,6.960327532579113e-05,1.0151765252282317e-05,5.357314348344261e-05,0.0002100035410710229,0.35315129443395454,-0.18380781589124426,2.0107324167262166,0.438906706212119
23.6500000000002,2.462566796355701,-0.6961717484832814,-0.7445475650861824,2.8765622273111577,-0.3245218787213335,-0.45859948748202584,2.46428023245503,-0.7001577502592758,-0.7438784251158226,6.99797289484318e-05,1.0373738739756129e-05,5.360189543538195e-05,0.00021042099947855556,0.34495296599104364,-0.18864377689111048,2.581805210432845,0.40197231953492796
23.700000000000202,2.475531282230349,-0.7076802902908774,-0.7535650632742061,2.892130781567545,-0.33229097317911893,-0.46713477970288686,2.4767977136358392,-0.7131609141112621,-0.7576279414723928,7.037465703201953e-05,1.0608574418361994e-05,5.3647473484292386e-05,0.00021084601366996045,0.34798882064894987,-0.17070584441721892,2.7180813806697106,0.6692999325348744
23.750000000000203,2.4883721165290025,-0.719280841093522,-0.7627479820416454,2.907699153102949,-0.34022994390616934,-0.4760047268525054,2.487631641129805,-0.7256229920760284,-0.7690654600816753,7.078607573329122e-05,1.0848836557594166e-05,5.3705898542442886e-05,0.0002112700577533501,0.3495159228361095,-0.17739894299236822,1.864758571521792,0.8043359365608258
23.800000000000203,2.501084049992977,-0.7309631868642683,-0.7720743758290344,2.9231623353250127,-0.34829156870548894,-0.4851472935220045,2.5023641567457977,-0.736736444350219,-0.7721099319228477,7.120680134826458e-05,1.1091398495834664e-05,5.377244883548504e-05,0.00021170186902802964,0.34877036403172285,-0.1828513333899806,2.8281581286131656,0.7294121180133627
23.850000000000204,2.513716750688112,-0.7427921371141831,-0.7815848679212277,2.9386286983444876,-0.35653882172040813,-0.49461896368022895,2.5147587282932196,-0.748480998004991,-0.7794383818013548,7.164117815372284e-05,1.1343836143973432e-05,5.3851120360870044e-05,0.00021213664143517315,0.3505583341953923,-0.18943340316449142,1.9792509546071542,0.7741248650418517
23.900000000000205,2.526249794373938,-0.7547458996641628,-0.7912418436621949,2.9541104393120388,-0.3649606039874536,-0.5018026784134944,2.526576026847399,-0.7612587590753055,-0.7880932136216927,7.209097527951478e-05,1.1605436568582393e-05,5.394231747258332e-05,0.0002125713287889636,0.3524837901058356,-0.14367429466530482,2.008287047643264,1.0340490138512353
23.950000000000205,2.5386420904865563,-0.7667816820759376,-0.8010535964488711,2.9694055566139235,-0.37345708820811824,-0.5123140751856718,2.541011784090007,-0.7740044538780223,-0.79923038438013,7.254352204030325e-05,1.1863553919154617e-05,5.4036484991779344e-05,0.00021300564741817349,0.3499335228823462,-0.21022793544355173,2.6410605980432975,1.2700889268655688
24.000000000000206,2.5509254228656064,-0.7789452139551278,-0.8110515009831523,2.9845966323481035,-0.3821105942076948,-0.5232855852658407,2.552371503140041,-0.7854590422021108,-0.8085653183429811,7.300658877361234e-05,1.2123848067341598e-05,5.413818868809089e-05,0.00021343988749048833,0.3496598427679288,-0.21943020160337182,0.6859642315813161,1.0259958918919776
24.050000000000207,2.5630963758137435,-0.791232654920376,-0.8211611513960955,2.999692593251288,-0.39092121897109405,-0.5333226599229266,2.562780803823192,-0.7987781982008467,-0.8205086239819117,7.347892858965426e-05,1.2386471888181027e-05,5.424652506883182e-05,0.0002138687767411877,0.34958129766763607,-0.20074149314171838,1.9691128783260519,1.1810919781010416
24.100000000000207,2.5751399816312466,-0.8036249440645526,-0.8314012550070013,3.014651317549055,-0.3998633171411261,-0.5442555251628334,2.575456562466073,-0.8129366668347517,-0.8319712364470493,7.396009372761894e-05,1.2648885060319533e-05,5.435999439033672e-05,0.0002142956571831832,0.3485556355043471,-0.21865730479813142,2.416731112541449,1.7485386776698129
24.150000000000208,2.587070219274746,-0.8161477211822227,-0.8417850793003795,3.029600367808634,-0.4090085528360966,-0.5537883641685188,2.5870018892255406,-0.8263923350021762,-0.8394711109536543,7.44599977523458e-05,1.2918501804426015e-05,5.4484042067140673e-05,0.00021471546232321832,0.35049209138309456,-0.19065678011370366,0.6118791859210206,2.2800088817475865
24.20000000000021,2.598861749298955,-0.8287770283119873,-0.8523283608137912,3.044313439874138,-0.4182091100638432,-0.5638879175304652,2.5988096132938927,-0.8376468169108774,-0.8526317294816197,7.495741539852829e-05,1.3181298882471308e-05,5.460720103163024e-05,0.0002151291552851457,0.34706039964458507,-0.20199106723892638,3.1677914701275927,1.5775504727393415
24.25000000000021,2.610529082719828,-0.8415302081846019,-0.8630293921337788,3.05915903511509,-0.4277168351722679,-0.575363785777482,2.609360774462188,-0.8513592620287913,-0.8689780154358364,7.54869019727304e-05,1.346121118616883e-05,5.474679495796639e-05,0.0002155371695868944,0.35258584521048303,-0.22951736494033423,1.4957870534556177,1.7918910407715607
24.30000000000021,2.622061142740887,-0.8544016134691953,-0.8739019625651718,3.073747700948997,-0.4372971740792412,-0.5867742353340577,2.621927937707731,-0.86486207223804,-0.8803976093849006,7.601629589458085e-05,1.3731810166078496e-05,5.488361026516914e-05,0.0002159370975181171,0.34906467561563487,-0.22820899113151194,1.6544192816112235,2.1001231898261357
24.35000000000021,2.6334579240702,-0.8673887480300808,-0.8849192088597515,3.0883244105994163,-0.4471072524993839,-0.5979701335298868,2.6309668041565475,-0.8808511489424558,-0.8953558214296473,7.65663267199182e-05,1.4010076312629047e-05,5.502901978516208e-05,0.00021632757659953823,0.3514093496946708,-0.22391796391658275,3.3915759390586535,3.36499170360291
24.40000000000021,2.6446990388251743,-0.8804785247900172,-0.8960844458029195,3.1026209263212197,-0.45695364873882854,-0.6082699673588525,2.6421821990612693,-0.8938962926478025,-0.9024968277270333,7.71129565013069e-05,1.4276603308679284e-05,5.51692856787355e-05,0.0002167063935398963,0.34718556694045927,-0.20599667657931034,1.1199768414746254,3.279298578510005
24.450000000000212,2.655804609534821,-0.8936962475744272,-0.9073968124804725,3.1169894485784724,-0.46707628728167516,-0.6192108281892463,2.6547816189097717,-0.9084920049633536,-0.9126079686425776,7.768740687878051e-05,1.4558573600598457e-05,5.532210974354818e-05,0.0002170796242731162,0.3515254326541952,-0.21881721660787445,2.469083141987287,4.083474506032045
24.500000000000213,2.666760459533103,-0.907033609607306,-0.9188568798686066,3.1313277717198926,-0.477403139230497,-0.6291346566920257,2.664645480184515,-0.9216410743897889,-0.9264413423862656,7.82803134392831e-05,1.4846822993738454e-05,5.548110132565258e-05,0.0002174401066314431,0.3534028546199805,-0.19847657005559025,1.7160691804860169,3.8896311502665597
24.550000000000214,2.6775665633640093,-0.920487193439615,-0.9304651802723974,3.1455280369881846,-0.4878572119008207,-0.6400713893596524,2.673128294616349,-0.9347770967390885,-0.935497989790707,7.888169157350358e-05,1.5132950250059456e-05,5.5639907971772645e-05,0.00021778994895394803,0.3526688352582658,-0.21873465335252928,2.405767688185234,3.7476423136965256
24.600000000000215,2.6882222817304027,-0.9340729761856357,-0.9422156894505577,3.1594937035490362,-0.49837330791069256,-0.6507606491854339,2.684170872636291,-0.9479395957734127,-0.9404790543554391,7.947895993255413e-05,1.5411125957926833e-05,5.579438431599523e-05,0.00021812616493753283,0.3496461227529498,-0.21378519651562458,1.9810344528760133,4.014224772769036
24.650000000000215,2.6987002760505394,-0.9477677204487085,-0.9540886733288819,3.173506359576552,-0.5091762761082924,-0.6627810677954433,2.6954822825826215,-0.9613176797661649,-0.9477555765296968,8.010325377099596e-05,1.5704313024423226e-05,5.595924628513792e-05,0.00021845456439638125,0.3538714005681586,-0.24040837220018815,2.2224055293075784,4.391769083970676
24.700000000000216,2.7090278004753134,-0.9615937455379167,-0.9661182861903427,3.1872885591982514,-0.5200639635564076,-0.6744237075417132,2.7053774641913972,-0.9749771687579276,-0.9572536979361135,8.072414264020467e-05,1.599212711287765e-05,5.6121301884707906e-05,0.00021877309015090718,0.35128008716199455,-0.23285279492539832,1.0882933351500241,4.771886774952993
24.750000000000217,2.719186901693522,-0.9755259438140195,-0.9783020164741875,3.2008749653033486,-0.5310517583968045,-0.6856646695086157,2.714214256397865,-0.9897725423912693,-0.9736906101590455,8.134515831350624e-05,1.6275019680660126e-05,5.628046146493761e-05,0.00021907572596967687,0.3494711898564699,-0.22481923933804815,1.7808656718998606,4.648532038418693
24.800000000000217,2.7291870964165925,-0.9895863612101129,-0.9906228703163954,3.21421080465702,-0.5421031884782244,-0.6983323329193398,2.7230422624206256,-1.0029581120528688,-0.9872999304896046,8.196314389939503e-05,1.6547427774860235e-05,5.643269178323408e-05,0.00021936130420918936,0.3464001903010125,-0.25335326821447396,1.4967529256675358,4.1211438421551465
24.850000000000218,2.7390055003271225,-1.0037452598797727,-1.003065062921024,3.22769503866796,-0.5535748788749656,-0.7115244344809653,2.733630667527434,-1.016541370368659,-0.9974088836737955,8.262817328411784e-05,1.6842433344848604e-05,5.659786277698173e-05,0.00021963826577991227,0.35407840540506175,-0.26384203123250666,1.0827761106213298,4.054869347043419
24.90000000000022,2.7486536790587297,-1.018024326981065,-1.0156940192219275,3.240844673855575,-0.5650299211817814,-0.7217434838158194,2.7410472974537634,-1.0308047851405162,-1.013060607657172,8.327435900973264e-05,1.712141330058042e-05,5.6752870864537975e-05,0.00021989818966732408,0.3487885012469028,-0.20438098669707896,1.598466328842103,3.9303420594535816
24.95000000000022,2.758123704281881,-1.0324168525143027,-1.0284443900269322,3.2536377076272096,-0.5764369983428135,-0.7346364827117968,2.7525870144697966,-1.0443004581851725,-1.019647306412542,8.39017149998038e-05,1.738227554156962e-05,5.689577100832346e-05,0.0002201449120793729,0.34280442942894473,-0.2578599779195467,3.3997265989383423,4.152914015912543
25.00000000000022,2.7674197690856026,-1.0469373900354824,-1.041311163994208,3.266502793343937,-0.5882270744280151,-0.7490114265435674,2.761457260435856,-1.0611513705398437,-1.03435304509774,8.456680936959369e-05,1.7662225338142475e-05,5.704892550266497e-05,0.00022038089348705125,0.34901092727520344,-0.2874988766354116,2.6211887970929517,5.047378103330271
25.05000000000022,2.776533131936343,-1.0615733033716397,-1.05430028206865,3.279169861188204,-0.6001658783715241,-0.7626078576606936,2.770604482299508,-1.0755553633584725,-1.0487015498297354,8.523818699458111e-05,1.7939365654100503e-05,5.719861870933445e-05,0.000220603923673001,0.3481346377743408,-0.2719286223425159,1.1012396748726034,4.650063147363369
25.10000000000022,2.785443171731746,-1.0763011646914094,-1.067443603648752,3.291568902178347,-0.6121562638915461,-0.7746807330025818,2.7787716264627176,-1.090786081901061,-1.0679475561412688,8.590129808212856e-05,1.8206393318153693e-05,5.734078105446933e-05,0.00022081283489754983,0.34496908613983235,-0.24145750683776201,1.9395319844008165,4.165455354383888
25.150000000000222,2.794156073564632,-1.0911434492860905,-1.080729683991559,3.3040275243401136,-0.6245082798893948,-0.7875220616816407,2.7864695293738966,-1.1063853684700984,-1.0807235013433818,8.660624973125857e-05,1.8486961937774602e-05,5.7486775994498075e-05,0.0002210078319257636,0.3508810595914915,-0.2568265735811742,1.2478590247361283,4.736810105084472
25.200000000000223,2.802692223159903,-1.106114463303991,-1.0941115141681028,3.316406681251594,-0.6371142922234034,-0.8014329725193594,2.792879774008813,-1.1228869229054805,-1.1014139985082019,8.733308872530497e-05,1.877264372560023e-05,5.76326332653551e-05,0.00022119095660588117,0.3533610655989684,-0.27821821675436775,1.4003100584914248,5.237546431998587
25.250000000000224,2.811018358283511,-1.1211739456860048,-1.10762894541784,3.3286352537159853,-0.6499081304506039,-0.8145364307421281,2.800349744240018,-1.1387844516426295,-1.1138190985889498,8.807416804880458e-05,1.9055443479725456e-05,5.777219968335586e-05,0.0002213602175669801,0.3539631409146538,-0.2620691644553708,0.7766112499287943,5.8978260915259435
25.300000000000225,2.819151579542262,-1.1363584490575909,-1.1212959288706539,3.3405389692714738,-0.6627041776410112,-0.8284827536612651,2.8057223681677264,-1.154408499158619,-1.1361777914348519,8.879778775431256e-05,1.932350878395862e-05,5.79014530888558e-05,0.00022151624110613126,0.3495381057340286,-0.27892645838273256,3.967597628026182,6.294198785071571
25.350000000000225,2.8270771307593905,-1.1516324444639183,-1.1350941501759773,3.3522490713332997,-0.6756433645891494,-0.8419568346290096,2.814217077638533,-1.16944131871172,-1.1438197848620106,8.95283039777476e-05,1.9585155714368696e-05,5.8022043564743536e-05,0.00022165958421885575,0.34902931499469575,-0.26948161935488385,1.605948163423139,6.183265944764078
25.400000000000226,2.834795969199682,-1.1670171642735805,-1.1490222996866826,3.363893660837464,-0.6888615300492242,-0.8552518635797237,2.8212020829908844,-1.1874444063357126,-1.160367791913235,9.02828826046796e-05,1.9854988182487508e-05,5.8144607429448514e-05,0.00022179384536334912,0.3523185682269895,-0.2659005790142777,2.4454158823903733,7.7774578860451085
25.450000000000227,2.842298082017342,-1.1825012214166413,-1.1630600680311114,3.375187775602992,-0.7020233729365836,-0.8679907179384712,2.8284582893309484,-1.2028101890890395,-1.1707828306834842,9.101385221678174e-05,2.0107171471024197e-05,5.8254734628121174e-05,0.0002219145503416804,0.3468689690476258,-0.25477708717494285,1.2223225206812414,7.937623432733276
25.500000000000227,2.849578030631736,-1.19807600820269,-1.1772322563470325,3.386378309087259,-0.715414819831522,-0.8813966308696761,2.8347940619953014,-1.2190965858324323,-1.1855330612082917,9.176281549562569e-05,2.0363472446315222e-05,5.836400885621717e-05,0.00022202550911613954,0.3490349271247088,-0.26811825862409827,1.4263517377425836,8.535475146325739
25.550000000000228,2.8566564529785845,-1.2137839207166077,-1.191561236734677,3.3973725797427834,-0.7289572745052751,-0.8963614577366719,2.8409362289982125,-1.2341878621564641,-1.1986501940557772,9.251702042936907e-05,2.0615498938877987e-05,5.84669725051068e-05,0.00022212453633737396,0.34887117638363857,-0.29929653733991074,2.5994752690294542,8.419870697173973
25.60000000000023,2.8634999413043127,-1.2295379063212144,-1.2060486599200813,3.408135580802623,-0.7426050961508259,-0.909699548338188,2.8469241870852695,-1.252047180415495,-1.213767920508588,9.326836661764724e-05,2.086153489368952e-05,5.856396023663656e-05,0.00022221331001006818,0.3476260671181251,-0.26676181203031407,1.566336483763618,9.98524768145059
25.65000000000023,2.870127634488715,-1.2454025887415079,-1.2206845759532023,3.4186869567437226,-0.7563822691426878,-0.9247450410580997,2.851768638083432,-1.269968435040555,-1.2311969500265787,9.402193901957388e-05,2.1101300739264512e-05,5.8653389256964636e-05,0.0002222870891114298,0.34707216003408775,-0.3009098543982288,1.9030325815871283,11.691392469344402
25.70000000000023,2.876522009855225,-1.2613503302154232,-1.2354670236629288,3.429054822356493,-0.7703322144034204,-0.938553248412676,2.856472038967149,-1.2867953306969215,-1.2421858842140514,9.478491411383928e-05,2.1337653983207902e-05,5.873614358724175e-05,0.0002223487762130893,0.3476195679863456,-0.2761641470915172,2.7382951865334726,13.301249237433217
25.75000000000023,2.8826880751075095,-1.2774138473384737,-1.2503573571096709,3.4392560224155124,-0.7844603714407903,-0.9522990370136544,2.8618584336146347,-1.30317046216378,-1.2540445105706441,9.555713515069682e-05,2.1573065809448404e-05,5.881529296792905e-05,0.0002224003614080076,0.348524940516304,-0.2749157720195635,0.6930132942399877,14.260994172698362
25.80000000000023,2.8886026789338506,-1.2935410538581942,-1.2653618054813274,3.4493687143872416,-0.7988776221281723,-0.9659235304940363,2.8676629679869454,-1.3199010208667072,-1.2683352241071404,9.63566354678429e-05,2.1814198389113607e-05,5.889299958438758e-05,0.00022244475454520827,0.35220928642772675,-0.2724898696076398,0.830328190857484,14.85211705579161
25.850000000000232,2.8942836789971507,-1.3097700998887103,-1.2804610948672055,3.459188035387525,-0.8132989770529474,-0.9801024833103114,2.8736189026724417,-1.3367455112732731,-1.2871533990760937,9.713912417444409e-05,2.2043356729108955e-05,5.896181494775223e-05,0.00022248012326497835,0.3489410509045903,-0.28357905632549835,2.294417989734257,14.553286478669376
25.900000000000233,2.8997184210338536,-1.3260662529789555,-1.2956547688479283,3.468781113855687,-0.8278520403511889,-0.9958879050226246,2.8798342799200585,-1.3536512424808247,-1.2961935412543515,9.792452470081709e-05,2.226628868189913e-05,5.902212006448737e-05,0.00022250748885903213,0.3486115974682192,-0.3157084342462632,1.7895885814782078,15.848080064561982
25.950000000000234,2.904907969742813,-1.3424386870684084,-1.310997560852799,3.4781005557349043,-0.8424752407591111,-1.0109065203051077,2.8846540894048207,-1.3695486192956043,-1.314864684687292,9.869905086203243e-05,2.2481524035737154e-05,5.907742963902293e-05,0.00022252355082042087,0.34681155638969846,-0.3003723056496536,3.519652808281765,14.823933805637537
26.000000000000234,2.9098501322574517,-1.3588856335475374,-1.3264842543647515,3.4871649482385454,-0.8571895958379091,-1.0264492456018632,2.889720027886263,-1.385254995931333,-1.3228738623874852,9.94691874518847e-05,2.268853148251376e-05,5.91240230028074e-05,0.0002225323644764055,0.34564806937723247,-0.31085450593510444,3.035750069648595,15.642110406089525
26.050000000000235,2.914545899454001,-1.3754267303914407,-1.3420963732452835,3.496016966898989,-0.8720987777725719,-1.0435514911766957,2.8918598085894986,-1.4034770461445047,-1.3497965568327654,0.00010024755180975169,2.2894740483994232e-05,5.916810073441024e-05,0.00022253311978469003,0.3467848141136253,-0.3420449114966447,2.5383455495190743,15.708104962982699
26.100000000000236,2.9189878049105924,-1.3920136217397803,-1.3578255522799365,3.5046759782145402,-0.8872630951855283,-1.0603767002840305,2.8963492326460205,-1.4210383419639592,-1.364046058158053,0.00010104760063958077,2.3096350716991643e-05,5.920052908782259e-05,0.00022252533721190318,0.34925188232957516,-0.3365041821466925,1.1090119589707248,16.70147433718821
26.150000000000237,2.923188477616853,-1.408685944193818,-1.3737117024841514,3.513079941335906,-0.9025363373559678,-1.0751596043780767,2.8999179140161444,-1.4381516156166887,-1.3799221335612242,0.00010184448719399186,2.3290660791627114e-05,5.922660031198587e-05,0.0002225081442560261,0.3486568840311064,-0.2956580818809205,0.9549743299616192,17.244352828318473
26.200000000000237,2.927117112869021,-1.4254001770641795,-1.3897272778801943,3.521244919012914,-0.9178978124764278,-1.0893393393161617,2.901973583733605,-1.4561508113430381,-1.3983525699044002,0.000102637966502646,2.347748688407721e-05,5.92455232010192e-05,0.00022248388915290733,0.34793496477340063,-0.28359469876169974,2.203468127863674,18.673372075202018
26.250000000000238,2.9307769178974197,-1.4421569056360248,-1.4058769847053263,3.529227824526437,-0.9334745916099296,-1.1050779618335267,2.9050613943627632,-1.473402778547116,-1.4154342043564394,0.00010344787314824088,2.3659913718361557e-05,5.925609532095992e-05,0.00022245181385737565,0.3500680806001314,-0.3147724503472968,0.7844486498551314,19.140672698929944
26.30000000000024,2.934168071639456,-1.4589828896030852,-1.4221457750876738,3.537004167781462,-0.9492642739110433,-1.121263110588517,2.9082917358255944,-1.489917992056618,-1.4319797420777054,0.00010427232214377912,2.3838124654395595e-05,5.92595019918494e-05,0.0002224139040715047,0.35201837694819993,-0.32370297509980006,0.9529469823602863,18.78190527249097
26.35000000000024,2.9372882474543838,-1.4758785077374434,-1.438504936156611,3.544391824257694,-0.9648920869210323,-1.137148683069027,2.910201115272422,-1.5075730319838592,-1.4484005166913834,0.00010505247509017424,2.39982098158858e-05,5.925355247812791e-05,0.00022236864746774958,0.3457237576110726,-0.317711449610202,0.9416673092487033,19.87422665187587
26.40000000000024,2.940131389454852,-1.4928102452373435,-1.4549464716136684,3.5515634825037785,-0.9807074038919146,-1.1529842184003545,2.9147109925734704,-1.5225269433228252,-1.456203317902193,0.00010584420161733643,2.4154334714267644e-05,5.9241373812832906e-05,0.00022231678387357214,0.34731152276124433,-0.31671070662654405,3.0710155352007744,18.76346028863026
26.45000000000024,2.9427013300487044,-1.5097661136327596,-1.4715102683768229,3.5585083898231757,-0.9967031207050792,-1.1693794748276016,2.915862153551333,-1.5396989228628368,-1.4765149003679467,0.00010664318717637604,2.430759261731317e-05,5.9227336710116746e-05,0.00022225950289171204,0.34877012828911375,-0.3279051285449387,2.771022784330965,18.714991998822402
26.50000000000024,2.944992622169399,-1.5267831492493635,-1.4881960882694851,3.565111863363443,-1.0126295097628237,-1.1861133413878195,2.917557936825043,-1.556532592557921,-1.4949767667387892,0.00010741374074780975,2.444609175845278e-05,5.920301527079957e-05,0.00022219544643805166,0.3448261404429643,-0.3346773312043522,1.7933243071520246,18.40802260028824
26.550000000000242,2.947007520123859,-1.5438314288394088,-1.5049988446224565,3.5715969713828,-1.0290433551664742,-1.2029293245394181,2.919354017530102,-1.5740460801969647,-1.503920469797702,0.00010824149715345875,2.4586859785250982e-05,5.917179932077132e-05,0.00022212717907398868,0.3529749491416907,-0.3363196630319682,1.9440436725045114,20.42325498940285
26.600000000000243,2.9487408954585876,-1.5608900634894955,-1.52190862868947,3.5777341755060696,-1.0453758304253262,-1.2197775698641904,2.9210040463802556,-1.5906887642640057,-1.516267477679693,0.00010903844595996482,2.471751761338484e-05,5.913774616603744e-05,0.00022205313494668327,0.3489539933325045,-0.33696490649544236,1.0899479553360234,21.207036935575477
26.650000000000244,2.9501892706625075,-1.5779795761211821,-1.5389179238664255,3.5835708479409174,-1.0617459535037086,-1.2368292758884056,2.922728168008767,-1.6077881788598174,-1.5320799035842347,0.0001098232647567058,2.4840294172251363e-05,5.909921422312295e-05,0.00022197394047122193,0.3475945876746173,-0.34103412048430043,0.9591933068129771,21.31062188052878
26.700000000000244,2.9513515208557495,-1.5950853998468257,-1.5560545742240937,3.589087664349221,-1.0780705229909346,-1.2529717103409599,2.9241065562131627,-1.6240146316736974,-1.548645132897339,0.00011058458711880904,2.4952985874309755e-05,5.905475402182514e-05,0.00022188905595816455,0.3446350417653862,-0.32284868905107916,2.0894027610245156,20.472604616565565
26.750000000000245,2.9522299747906393,-1.6122047918848998,-1.5733410320632673,3.5944177453811355,-1.0947451165690854,-1.2698449609938944,2.9245049667910417,-1.6413610590910344,-1.5676783138479327,0.00011138229450099935,2.506245764425169e-05,5.90033399833846e-05,0.00022179990453544365,0.3501194685502586,-0.3374650130586872,1.5475170582107936,20.271979755415682
26.800000000000246,2.952809953680825,-1.6293498818413188,-1.590697846011062,3.5994869200918873,-1.111541881929046,-1.2855427105679273,2.924808804024258,-1.6596329776147822,-1.5846258714211299,0.00011218310039940607,2.5163009725653886e-05,5.894383409874136e-05,0.0002217063192436066,0.3509040781249304,-0.3139549914806557,1.3837928952208396,21.40923429008441
26.850000000000247,2.9530969588968667,-1.646479022284812,-1.6080963737498126,3.6043150280702703,-1.1285019422001403,-1.3013725425442615,2.9247470254884194,-1.675618963325354,-1.5967320344860845,0.00011299303832567867,2.5254902464910665e-05,5.887693245608077e-05,0.00022160769379717612,0.3526815926399601,-0.31659663952667916,1.4451066210074115,22.124655521585783
26.900000000000247,2.9530941181758448,-1.6636146589453578,-1.6256170365895413,3.6087941542104245,-1.1453242954682297,-1.319774034532748,2.924834506134249,-1.694078537515618,-1.614779749764827,0.00011376609752123242,2.5335681345713065e-05,5.8805850605642654e-05,0.0002215051887605128,0.348173917549684,-0.36802983976972686,4.059737807374161,22.939286270281272
26.950000000000248,2.9528015172477966,-1.680763231093057,-1.6432437148181143,3.6129545971187675,-1.1621836111936972,-1.3379381194329316,2.9268325168720457,-1.7098919922689375,-1.6242886539222021,0.00011452971842515208,2.540764898740859e-05,5.872813531253003e-05,0.0002213971563802191,0.34730626421771843,-0.3632816980036673,3.153943367512187,23.44424091700105
27.00000000000025,2.952206176427115,-1.6978953248844004,-1.6609734568320174,3.6168755447526304,-1.1793671224424669,-1.3549746952112325,2.926765282042763,-1.7276817288249728,-1.6438578420647971,0.00011532659240699947,2.5477731412243847e-05,5.864904546003627e-05,0.00022128657436900378,0.3525078171803269,-0.34073151556601083,1.7903246698701967,22.90584977245812
27.05000000000025,2.9513123944751807,-1.7150014866791916,-1.6788152647113,3.620546526991466,-1.1968521655482205,-1.372729627761356,2.924376566210285,-1.7455634940586935,-1.6675819990571192,0.00011615317605892197,2.553769569516151e-05,5.8560364788207536e-05,0.00022117261172163299,0.3573296676939694,-0.3550986510024653,1.6818896551849392,22.145835278131706
27.10000000000025,2.9501151266269408,-1.732109881632449,-1.696779604888721,3.623806126137853,-1.2139266242068798,-1.3915925308729575,2.922486953319873,-1.7647130905831512,-1.6831423079921144,0.0001169032744209418,2.5579675998931145e-05,5.846169919325512e-05,0.00022105319770171773,0.34766137811224906,-0.37725806223202185,2.855269275172168,25.101322879034417
27.15000000000025,2.94861347366333,-1.7491650713732756,-1.714804451026143,3.6267906657373277,-1.2312160700607286,-1.4081252227129035,2.9194650069223007,-1.7810913070083165,-1.6993658914555818,0.0001176715490998952,2.5612956415627656e-05,5.8357624950248964e-05,0.0002209281170268835,0.3509070682104127,-0.3306538367989165,3.012202772315384,25.712656084509735
27.20000000000025,2.94680296508418,-1.7662106119994292,-1.7329377520779392,3.6294770471498192,-1.2484863966901278,-1.4248427509865043,2.916892109477709,-1.7992830211733535,-1.717445945817187,0.00011842419966707663,2.5636281665904125e-05,5.824834371100783e-05,0.00022079978370312,0.34956426683471903,-0.3343505654720117,1.4326640761537042,27.10093730499944
27.250000000000252,2.944686881175111,-1.7832166474023055,-1.7511839095804291,3.631844743506054,-1.265660082950003,-1.4427418898676985,2.9135223841506153,-1.8155998013990597,-1.7453917059692103,0.00011914924780208669,2.5647712883911628e-05,5.813242529767101e-05,0.0002206658901732307,0.3467272760268692,-0.3579827776238803,3.923426843877766,23.82089118185771
27.300000000000253,2.9422764797965684,-1.800147903999822,-1.769552971307056,3.633925123230156,-1.2830333787939041,-1.4604940513046158,2.9109716157258636,-1.832944981308247,-1.7665367593076204,0.00011988913394618107,2.56428636742006e-05,5.800295638250928e-05,0.00022052807118751598,0.3499528131843724,-0.3550432287383403,1.5195848540632093,23.498026459262782
27.350000000000254,2.939549992982745,-1.8170734375516642,-1.7880359152647713,3.635699751609021,-1.3005909929028832,-1.479633653774011,2.9064108594068685,-1.8488551026634477,-1.7899493848866996,0.0001206417235903654,2.5624023359485794e-05,5.7864678936870666e-05,0.0002203859877126841,0.3529468095667631,-0.3827920493878961,1.934250271338522,22.273973578530804
27.400000000000254,2.9365244263297567,-1.833918421551364,-1.806573027600326,3.6371153417950217,-1.31793705064038,-1.4991023898865843,2.901519056962324,-1.865595397334444,-1.815591999662537,0.00012134906632899158,2.5591098410506496e-05,5.7718201150241055e-05,0.00022023940665571946,0.3480799803792309,-0.38937472225146197,1.3894238171012496,21.926466167049558
27.450000000000255,2.933198883500793,-1.8506979061736502,-1.825230133650916,3.638215612610662,-1.3353793441009032,-1.5164959492559298,2.8994160844771932,-1.88131830225726,-1.8283239436319254,0.00012205692540081916,2.5542911661612088e-05,5.756211484315224e-05,0.00022008787149712115,0.3495436440848844,-0.34787118738690603,1.894623867171071,21.192283636085364
27.500000000000256,2.9295516365741316,-1.8674327251696823,-1.84398002816345,3.639001863205938,-1.3530208585363124,-1.5360192461931423,2.8957885807796004,-1.8984302960827122,-1.8438390378629463,0.00012278157851408516,2.548385528018815e-05,5.7403964071535845e-05,0.00021993267527962396,0.3531861417756796,-0.3904659387442453,1.479015534549948,22.04792874619091
27.550000000000257,2.9255914100940332,-1.8840844529857914,-1.8628246987901185,3.6394523504661818,-1.3704882578111384,-1.554004491496992,2.8902834945055123,-1.9146799399940788,-1.8638129194145916,0.00012347116204031958,2.5417960584042814e-05,5.724488681264384e-05,0.00021977305913966158,0.3494688577097706,-0.359704906076987,1.414323467342081,22.172941870081935
27.600000000000257,2.921327454953647,-1.9006588702371332,-1.8817531283469235,3.6395866481281556,-1.3879858922680903,-1.5722380843088983,2.8872497725188193,-1.931073017903226,-1.885328107476375,0.0001241542040835795,2.5340012887156014e-05,5.708036618630148e-05,0.00021960991179867346,0.34996784455380947,-0.3646718562381247,4.77281733015355,20.92583433774686
27.650000000000258,2.9167637691145227,-1.9171371975354865,-1.9007443308226009,3.6393959703163485,-1.4054501094023637,-1.5911901012337135,2.8831634688700953,-1.9458069593209957,-1.899759194786505,0.00012481987004341654,2.5248238857061144e-05,5.690934082061982e-05,0.00021944257099006665,0.34931038833174505,-0.37904033849629754,2.851068873568522,19.961032996146937
27.70000000000026,2.9118761222399403,-1.9335495607604751,-1.9198108586139047,3.6388724255832603,-1.4227992619477732,-1.6107381677874233,2.879528620417959,-1.9616385310444653,-1.916827665314093,0.0001254611332335761,2.5150888358019702e-05,5.6738086144306747e-05,0.0002192719535042864,0.3471465320810521,-0.3909613310741884,1.4723245531010396,19.231424002526047
27.75000000000026,2.9066936283877673,-1.949859996317679,-1.9389921690710978,3.6379878910489594,-1.4403857027479259,-1.6313625758040975,2.8742718977120036,-1.9772359080481232,-1.9418270761589498,0.0001261255648310432,2.5037777695316475e-05,5.656287550285575e-05,0.00021909846858584933,0.3521796658156941,-0.41248816033347746,1.6465129610858384,17.656271235129473
27.80000000000026,2.901195707029866,-1.9660767638323313,-1.9582936799106847,3.6367569770732238,-1.4579719964575513,-1.6499877554936668,2.8668150550475513,-1.993071948011333,-1.9595781269947379,0.00012677753428244832,2.4907904596081083e-05,5.6380220414269395e-05,0.00021892213512728748,0.3525914691238549,-0.3725035937913801,1.8181934076293895,18.471490541927327
27.85000000000026,2.89539590723076,-1.9821473892094812,-1.9777335445657975,3.6352161670249084,-1.475291351015453,-1.6690669644984901,2.8603257461265237,-2.010029984171016,-1.9776216566137823,0.00012738584910564716,2.477364591195176e-05,5.619575710595473e-05,0.00021874238888594977,0.34776044012219615,-0.38158418009645834,2.0308473444979134,19.689876016728636
27.90000000000026,2.8892835606542926,-1.9981264587314889,-1.997252156593682,3.6333368939050845,-1.4925933594369152,-1.6889092165669641,2.8563358423769563,-2.0263039873593542,-1.9898772206151538,0.0001279846305291734,2.4628124644159938e-05,5.60083260327996e-05,0.0002185589784242969,0.34808108296940393,-0.3968450413694738,1.6773897497783252,20.33512713283812
27.950000000000262,2.8828662904232623,-2.0139764203956916,-2.0168420298032643,3.6310678198536834,-1.5102024596545682,-1.708987144989432,2.848455768572371,-2.041656977363993,-2.0115032991061397,0.00012861883086963128,2.446528772005926e-05,5.582176000872289e-05,0.00021837346542620406,0.355099815499998,-0.4015585684493526,0.8746887894126686,20.15263259990726
28.000000000000263,2.87613451548838,-2.029706503884051,-2.036474889092264,3.628497168081377,-1.527543827564131,-1.7269382956753703,2.840390058577631,-2.0584990501464944,-2.031716859961979,0.00012920946440371037,2.429617602853406e-05,5.563158295916768e-05,0.0002181860691697838,0.35062204414979814,-0.35902301371875806,1.3639765002105662,21.540187300910635
28.050000000000264,2.8691052258744585,-2.045298313967515,-2.056161121338876,3.6256098303919395,-1.544717908942179,-1.747782677981558,2.8321968987341926,-2.073063040027914,-2.050053432265706,0.00012977007113875596,2.4116616718630304e-05,5.543670314086252e-05,0.00021799597520353675,0.3483083527725585,-0.41688764612374934,1.8949250027136002,21.62291506144375
28.100000000000264,2.861771748816605,-2.0607451909374292,-2.075914867515315,3.6223713732844107,-1.5618147952329944,-1.7682102035308653,2.8221788806093295,-2.08545042562824,-2.085003124511321,0.000130314980752278,2.3926658425644655e-05,5.5239992573147e-05,0.00021780434891122559,0.34802393863104736,-0.4085505109861424,5.257232023158743,18.367572036375506
28.150000000000265,2.854132644853469,-2.0760634578204127,-2.0957704164242807,3.618808536483294,-1.578738797376525,-1.7883623400556274,2.8141989046953615,-2.1008046789249595,-2.104930389677825,0.00013082389252314073,2.371906669018773e-05,5.5031113467111245e-05,0.00021761003319226442,0.3459050607423776,-0.4030427304952372,0.8195614390076399,18.559275419732657
28.200000000000266,2.8462164097444083,-2.091196294667058,-2.1157243652965017,3.614848272147438,-1.5958478468363209,-1.8081621027432941,2.8040310464967995,-2.114288767542009,-2.12914543579172,0.00013134951356142863,2.3489210243784152e-05,5.482103947402255e-05,0.0002174123483202679,0.3512340202874968,-0.3959952537533302,1.4554053248402306,18.45445789846044
28.250000000000266,2.837996993697321,-2.1061777542755733,-2.135750884533938,3.6105208939464553,-1.612998519907579,-1.827743816439408,2.794653707956925,-2.12988471486338,-2.154281948763549,0.0001318719144621818,2.3240177641931856e-05,5.460784919175228e-05,0.00021721179112642092,0.35376929571193205,-0.3916342739222701,2.906038565580595,19.357976149676393
28.300000000000267,2.8294629817913246,-2.1210151313661987,-2.155833540782442,3.605899691535956,-1.6298851329682262,-1.8480901407379395,2.785553493662053,-2.1446710485421057,-2.1739557227692576,0.00013235231632574896,2.2983039287276394e-05,5.4389968832259695e-05,0.000217007121502008,0.3501564145416354,-0.4069264859706274,0.5410083824074339,19.66668969210201
28.350000000000268,2.8206598218199734,-2.13565540983902,-2.1759874413954257,3.600905625103789,-1.6467858991470687,-1.8681370601256018,2.775232856224299,-2.1590087358325443,-2.191643709400714,0.00013282915779067609,2.2710023898728643e-05,5.417286505973468e-05,0.00021679887116424695,0.35246957222067066,-0.4009383877532402,0.8204248747599057,20.41939587675715
28.40000000000027,2.8115560450862827,-2.1501370286021957,-2.196183222405168,3.5956485155368885,-1.6633611753167912,-1.8877152607874805,2.7647231201691778,-2.1728845500531575,-2.2172781193056874,0.00013326410748572425,2.2438718893422064e-05,5.395589920224097e-05,0.00021658795458403377,0.3477853590135789,-0.39156401323756934,1.583047619906561,20.879591673410737
28.45000000000027,2.802171014091364,-2.164421452101319,-2.216471765605012,3.5900301527585086,-1.6799493807108756,-1.9070161512956052,2.752976144160636,-2.1863926244613507,-2.236513078820657,0.00013369123236473516,2.2146431852962293e-05,5.3736536801948034e-05,0.00021637454198670457,0.3502822181373926,-0.3860178101624867,1.3255405765110468,21.919155921170105
28.50000000000027,2.792507173785079,-2.1784993452290187,-2.236830683053381,3.5840776279175364,-1.6964443938841018,-1.9272243257211306,2.743566935924304,-2.199525618588998,-2.252854444516592,0.00013410323912856073,2.1842932022754373e-05,5.351828141071977e-05,0.000216159129941095,0.3507297973558641,-0.4041634885105032,2.612832836327794,21.373172362510346
28.55000000000027,2.7825558987137513,-2.1924001579967394,-2.2572559064671323,3.577829219670887,-1.712694062660708,-1.94855898404616,2.7323975980797006,-2.2109930960099513,-2.2756667389128133,0.00013448548640361104,2.153808152843435e-05,5.3301532880677535e-05,0.00021594158273412044,0.34819870062325503,-0.426693166500581,1.56475876555059,20.996645550210758
28.60000000000027,2.7723345242186186,-2.206075457411672,-2.2777596663857764,3.571323433998612,-1.72861727502005,-1.96878265892093,2.7219236244738174,-2.22396158839014,-2.29508080141405,0.0001348265173311253,2.1232938336264147e-05,5.308197034583939e-05,0.00021572253742740136,0.3440255941393018,-0.40447349749539574,1.3447635880323512,20.93504666752127
28.650000000000272,2.761804867443541,-2.219550655939369,-2.2983242400335975,3.5643461690882665,-1.7447261915698487,-1.990284284537976,2.7102462788647252,-2.2354984207873945,-2.3174759136913274,0.0001351843889970527,2.0899370116596887e-05,5.286788377964905e-05,0.00021550212087128746,0.35110755698801116,-0.43003251234091155,2.573939831796805,21.009351281700983
28.700000000000273,2.7510234427202556,-2.2327955342700303,-2.3190160301229708,3.5571724554127875,-1.7603801167843354,-2.010727124867774,2.701121498491944,-2.2481773963900076,-2.3350126455261813,0.0001354899599028579,2.0574797954866784e-05,5.2649975846595245e-05,0.0002152799969818744,0.3443938842950737,-0.4088568065959544,2.2469526378309332,19.77530219191784
28.750000000000274,2.739978833057731,-2.2458214682046895,-2.3397895474394987,3.5495977451562757,-1.7760325515356705,-2.0322866926053464,2.6893472248003296,-2.2604091805158775,-2.3558072909762426,0.0001357940828817868,2.0233226562878987e-05,5.2437187041160764e-05,0.0002150564765667443,0.34778537160368966,-0.43119135475143966,0.8173122587990765,20.069993426984393
28.800000000000274,2.7286615027920873,-2.258623184076001,-2.360596460545314,3.541654548528409,-1.7916007210879412,-2.0528867701109625,2.6772510628186375,-2.271218362878709,-2.382265438159318,0.00013608765946241286,1.9878645221197964e-05,5.222782288851449e-05,0.00021483177213549938,0.34955576284877116,-0.4120015501123139,3.0170812068665356,19.951457676677776
28.850000000000275,2.7170777913358934,-2.2711921699026254,-2.3814602014663704,3.5334121971274035,-1.8069561278473838,-2.0739671136787994,2.6669406986830038,-2.283155782606303,-2.3959245539960543,0.00013635148268145887,1.951458519735742e-05,5.201679098643365e-05,0.00021460563719048046,0.34856053768386586,-0.4216068713567318,2.1169455061226925,19.218038491314694
28.900000000000276,2.7052419180649654,-2.283505761499634,-2.4023756358326844,3.5248630155840197,-1.8221365903286082,-2.0934221407499676,2.6547194139361316,-2.292916445562001,-2.4177353599249267,0.00013660123784229924,1.914797604053523e-05,5.181177135315488e-05,0.00021437887841654736,0.34845058205505314,-0.38910054142335715,1.8248268394906746,19.12661371316925
28.950000000000276,2.693144351026425,-2.2955715331395328,-2.4233583050774103,3.5159982846140885,-1.8371520555669676,-2.114792578327261,2.6416820566517663,-2.305346539317691,-2.432675820041705,0.00013682960636248647,1.877082644652194e-05,5.160839798408457e-05,0.00021415204399445408,0.3487458806600029,-0.42740875154586244,1.257958330131353,20.57323613455033
29.000000000000277,2.6808099802239096,-2.307373811066219,-2.444353469940619,3.506734000898072,-1.8521193967938183,-2.135297860437412,2.627872653340423,-2.316856169654332,-2.456005628494136,0.00013705746124234393,1.8380105217861418e-05,5.141408811055034e-05,0.00021392521848920626,0.35205630977832325,-0.4101056422030076,1.9795075514693683,21.37167362959545
29.050000000000278,2.668235044501636,-2.3189191361964303,-2.4654608869672154,3.4971700025247765,-1.8668679122173595,-2.1568953158623656,2.615898307235762,-2.327017814229864,-2.478852824150006,0.00013725990368963016,1.798159121056289e-05,5.122080295041606e-05,0.00021369811973003626,0.35156836206694964,-0.4319491084990673,1.8095257278423023,20.57771735464282
29.10000000000028,2.65541844082598,-2.3302017331290465,-2.486649721902305,3.487373912735344,-1.8812924961691884,-2.1778529548508083,2.6027350853197704,-2.3375708411044145,-2.496466659415172,0.00013742807608801164,1.758352676758908e-05,5.102635801434059e-05,0.00021347046779080682,0.34873664891138884,-0.4191527797688445,1.877198949195988,21.319837965635966
29.15000000000028,2.6423731905359493,-2.34120280497123,-2.50786074972241,3.4770630214506455,-1.8958197548227702,-2.1982345323457233,2.590820414160053,-2.347169461410978,-2.5122333811326345,0.0001376066656644041,1.715858582396679e-05,5.0847255301031254e-05,0.00021324223702952512,0.35629578124278244,-0.40763154989829514,2.1180686153957513,21.44234481820681
29.20000000000028,2.6290839058323594,-2.351934249918086,-2.529097003581336,3.46663381646316,-1.9098733811453703,-2.2202107514940357,2.5766155516147577,-2.357632993246872,-2.5349154026169627,0.0001377443498052012,1.6748951430167638e-05,5.066439896579585e-05,0.000213014682484985,0.35002003147965627,-0.4395243829662414,1.1139892434560534,21.867654211142135
29.25000000000028,2.6155760673757964,-2.362382968353114,-2.5504033286926466,3.4559083940417206,-1.92369601925855,-2.241165623588577,2.5629756832175508,-2.3682155439962194,-2.555740599848048,0.00013785973603587087,1.6332504816828217e-05,5.048415070372155e-05,0.00021278778408673196,0.34992068338508636,-0.4190974418908215,2.663366247582705,21.972374795432223
29.30000000000028,2.6018638686406623,-2.3725294652101874,-2.5717415209120094,3.4448844651778017,-1.9373167727634462,-2.2612569786471592,2.5484625055409307,-2.3778330362705034,-2.569620819507508,0.00013795656458546085,1.5909178504283088e-05,5.030855456612376e-05,0.0002125607171099358,0.35046384271524406,-0.40182710117164017,1.8974483207060961,24.584155481874273
29.350000000000282,2.5879412592548046,-2.3823728569540967,-2.593144645573015,3.4337661878409538,-1.950498583849184,-2.281700937888924,2.5338417058886438,-2.3875717965255285,-2.585815909655718,0.00013802179986828537,1.5501281940523194e-05,5.012932393666696e-05,0.00021233581269500457,0.3448980093636733,-0.4088791848352888,2.0128549853963618,26.866013628149854
29.400000000000283,2.5737809134638296,-2.3919345628676063,-2.614649202522053,3.422120737431206,-1.9637122819714703,-2.304684350298757,2.5192548084565054,-2.39574932411449,-2.6117998283491066,0.0001380930692501715,1.5067403488282184e-05,4.996755414300135e-05,0.00021211209762157817,0.3522680737241539,-0.4596682481966511,1.2491010395237025,25.966866800968322
29.450000000000284,2.559445185626933,-2.401188123018104,-2.6361696978122637,3.410205664389308,-1.9766420163908087,-2.326070041151149,2.505271663309357,-2.4033839199118208,-2.632754802069033,0.000138135726766228,1.4627843140234815e-05,4.980739527595997e-05,0.0002118894686603344,0.3516582319954391,-0.4277138170478263,2.476875296476672,26.170708906552434
29.500000000000284,2.5449134659793655,-2.410128483491183,-2.657703650847951,3.3981768971557704,-1.989141115541243,-2.347972816843518,2.489514931355066,-2.410758550380393,-2.661032207126735,0.00013814284667260156,1.4197904332287318e-05,4.9642219415442436e-05,0.0002116678757231393,0.3469471147235127,-0.43805551384737673,2.512707817293453,25.751422394942058
29.550000000000285,2.530202061456298,-2.418746013416784,-2.6792862633862113,3.385743357983226,-2.001498234163362,-2.3705814140960046,2.4728082349895364,-2.418401893016044,-2.684874771637643,0.00013812943239092387,1.3747589010140026e-05,4.948637210123827e-05,0.00021144683917623803,0.3506019775328117,-0.45217194504972785,0.5571871916597466,27.330957292022706
29.600000000000286,2.5152895493462593,-2.427061810096541,-2.700963723558791,3.3729152144353995,-2.013688857268194,-2.392759919088098,2.456509273542831,-2.4252471702890355,-2.7119361657111463,0.00013809934744891494,1.3281706319216408e-05,4.9341732509843825e-05,0.0002112254668789387,0.35394089675275653,-0.44357009984186063,1.7332632527122975,27.942555151511637
29.650000000000286,2.5002206651194414,-2.4350530977393454,-2.722704975220093,3.359941241573577,-2.0254892192538345,-2.4143023721565195,2.4408538778388778,-2.4323887400810427,-2.7341009268891088,0.00013803312965730537,1.2819671071848661e-05,4.9194099981111007e-05,0.00021100312431965323,0.3507616911079325,-0.43084906136842904,1.0558402991130098,28.68762883773853
29.700000000000287,2.484968273516246,-2.442724476718643,-2.744503940117818,3.3465875292906384,-2.0371119471942647,-2.4364746971758056,2.4232406802114346,-2.4396898662311437,-2.7559233122144824,0.00013795001261098598,1.2343925300405924e-05,4.905908975203783e-05,0.00021078014533487097,0.3540747245888086,-0.44344650038571115,1.7823476987248201,31.095161912650298
29.750000000000288,2.469559735843972,-2.4500492671080876,-2.766354740809349,3.333093364667042,-2.0483571859162515,-2.457225176369846,2.4067780165367747,-2.4459706845975844,-2.7808141879188626,0.00013784053827901402,1.1874626119356898e-05,4.892318514090322e-05,0.00021055688526350007,0.3513169192138833,-0.41500958388080345,3.192595817785368,31.957537441326643
29.80000000000029,2.4539773223828036,-2.457035188556063,-2.788279465335836,3.3194631765989877,-2.0592361946835354,-2.478729733558994,2.3925871074192773,-2.450389846443267,-2.8037562362676347,0.00013770000255456784,1.1409423660543849e-05,4.878591154683181e-05,0.00021033324724551968,0.34879597434340454,-0.4300911437829555,3.2628128327482413,31.658176999165228
29.85000000000029,2.438272914716229,-2.4636673625569134,-2.8102202541511314,3.305526014812861,-2.0698700681277766,-2.5009333390727644,2.3765302608394063,-2.4562195390306996,-2.821740360505237,0.00013753728262212765,1.0936789507105e-05,4.86585744747806e-05,0.0002101091384278821,0.3506202328892711,-0.4440721102754042,1.538286495164915,33.20021116691572
29.90000000000029,2.4224174919074635,-2.469970928187164,-2.8321444835520793,3.291099530949611,-2.0803926701320496,-2.5218863235910502,2.360180100575357,-2.4619076339229404,-2.8441992097493483,0.00013736871391037137,1.0447674161980286e-05,4.855458459945794e-05,0.0002098833066062474,0.35713317131263655,-0.41905969036571367,3.1455801417846287,33.844646736596
29.95000000000029,2.4064487508693317,-2.475919054056595,-2.854095436477268,3.2767232683456617,-2.090432075402736,-2.5420876373407673,2.3439359384955174,-2.466191478085287,-2.868908363500466,0.00013716835008857454,9.976645467967159e-06,4.843950033658717e-05,0.00020965819604514324,0.350700465416783,-0.4040262749943375,2.439233116187062,34.5567442540424
30.00000000000029,2.3903154199267953,-2.481534660090537,-2.8761286673082975,3.262216073754056,-2.1001164956474394,-2.5638562953492396,2.3256957478940525,-2.4698265633035588,-2.8936500980056468,0.00013693812124465426,9.507978266467364e-06,4.832461940483319e-05,0.00020943459526995845,0.3488602615610098,-0.4353731601694441,2.6333220995930633,37.60523023365257
30.050000000000292,2.3740871125442444,-2.4867894709184535,-2.898255275723036,3.247307576793783,-2.1096066309216663,-2.5855927477643217,2.3085495994848046,-2.4756206626814676,-2.9069305143539377,0.00013668794595152054,9.02551004860656e-06,4.822798807499026e-05,0.0002092114944706424,0.3534618771913397,-0.43472904830163206,2.219502634023596,40.1290211325844
30.100000000000293,2.3577367147832318,-2.4916865996397153,-2.920402586558103,3.232168482099148,-2.1187915926330922,-2.606922689663626,2.291642059556348,-2.479087829416569,-2.9293884307933644,0.00013642939831072292,8.546427671368667e-06,4.814032855218937e-05,0.00020898843798662316,0.35415680041126246,-0.4265988379860826,0.4122678968324339,41.70824226600185
30.150000000000293,2.341310438907156,-2.4962203990465364,-2.942597350189384,3.2170062530964705,-2.127538840828664,-2.6297249367173525,2.2768299732564743,-2.4820818183323095,-2.95560153447009,0.00013614395960781994,8.079305010468722e-06,4.804659358253137e-05,0.00020876654850590236,0.35009759545634694,-0.4560449410745203,2.408273575814407,40.02091181979329
30.200000000000294,2.3247523769654017,-2.5003950581165455,-2.964806397426,3.2015157605199356,-2.1360279279791694,-2.6508180476505916,2.2610201091626827,-2.4872393630853864,-2.9695856433184784,0.00013583515684338038,7.604807124053919e-06,4.796786102379096e-05,0.00020854475207689914,0.35328828444347876,-0.42186221866477186,2.906760693798052,40.474784857086476
30.250000000000295,2.3081435664766867,-2.504182738641413,-2.98693618395437,3.185858778854589,-2.144180314786793,-2.6722474310582602,2.245438093169273,-2.4906332065487344,-2.9874726878756444,0.00013551636453234972,7.136674693470419e-06,4.7894862759153046e-05,0.00020832344727561005,0.35305206996818383,-0.4285876681533691,1.082059240805557,40.995342843839985
30.300000000000296,2.2914320314305754,-2.5075982698508206,-3.0090955267683026,3.170221079635824,-2.151886176028837,-2.6952366499609637,2.2300061020927213,-2.4944786537099684,-3.003785129615071,0.00013517868071975537,6.68293318689292e-06,4.78142628790374e-05,0.00020810430221639294,0.34867252249081593,-0.45978437805406136,3.223322389189062,41.28513005622107
30.350000000000296,2.2746367113956714,-2.5106531575484317,-3.031294779953315,3.154254345920487,-2.1593022810231353,-2.718301309053028,2.2124965026604557,-2.496136490567165,-3.032061331391821,0.00013482989743648205,6.225462791025387e-06,4.7750235668145496e-05,0.0002078876040578461,0.3521073353928078,-0.46129318184127605,1.0105536654824112,40.78580809642786
30.400000000000297,2.257792125168647,-2.5133406721030456,-3.0535412562604116,3.13807119294231,-2.166377186485625,-2.740605064346605,2.193939538313832,-2.4988157706866243,-3.055838000720015,0.0001344532969756712,5.765912705202001e-06,4.7695110421578555e-05,0.00020767307342156306,0.35324872807097674,-0.4460751058715349,4.68620813669994,41.885893709971086
30.450000000000298,2.2408892120510937,-2.515654864688598,-3.0758289759235677,3.1220312947683566,-2.1729776492359023,-2.7618140990149374,2.1786400792847203,-2.4982360404750708,-3.0812729674187405,0.00013405400247148405,5.323526684526639e-06,4.7625068063596885e-05,0.00020746113198921135,0.3469038595548642,-0.42418069336664027,2.059760422573127,41.8276584841073
30.5000000000003,2.223964336641868,-2.5175916855455798,-3.098150706432189,3.1055594704058453,-2.179338084676225,-2.784368062187417,2.1618999534981467,-2.4979766810074353,-3.1113663700357455,0.00013362996225952417,4.870323969887288e-06,4.7580866886990484e-05,0.00020725015514924702,0.3531511593519717,-0.451079263449588,3.389793808661366,41.56926794811373
30.5500000000003,2.206989092041274,-2.5191501034587174,-3.120498579811923,3.088948250750656,-2.185315104509226,-2.808027914175997,2.1451452765139662,-2.499475702509032,-3.130663137642358,0.0001331746803144412,4.420134054546997e-06,4.7541996538498413e-05,0.0002070390830220325,0.35308464902612974,-0.4731970397715936,0.6316847245715851,42.00200349448508
30.6000000000003,2.189955364045751,-2.520346167024557,3.1403451164993945,3.0722763909972697,-2.1908898427011794,-2.82977268975015,2.126416548549762,-2.4997826559152374,3.1305547141914243,0.00013270597511529583,3.97877553383542e-06,4.750376517899952e-05,0.00020682908738660404,0.35159112074613746,-0.43489551148305294,2.236977054724716,44.705209526990004
30.6500000000003,2.1729447963554236,-2.5211587995596583,3.118001543799124,3.0555937073277217,-2.196055093441851,-2.8528992895467287,2.1083129007868,-2.500618603364242,3.1061051477678205,0.00013221844105758892,3.545895399520789e-06,4.746333380595727e-05,0.0002066217588056635,0.3492880435791048,-0.4625319959315636,3.5960493464535324,45.05513502264601
30.7000000000003,2.1558786400465064,-2.521580375892231,3.0956620662116,3.038776473837275,-2.20084072040607,-2.875809037226371,2.092647116092115,-2.498366419823234,3.0794368742400593,0.00013171095205008913,3.117198429978269e-06,4.742967204745953e-05,0.00020641591176826055,0.34970555599099035,-0.4581949535928408,2.369841673841146,45.4334176507804
30.750000000000302,2.138807490748567,-2.5216208208213327,3.0732133028206854,3.0221003056016893,-2.205183014050252,-2.897911161815798,2.077781423210482,-2.4982695979089287,3.060604407097517,0.00013118171234874606,2.7025977153048514e-06,4.7384215075671634e-05,0.00020621195654939832,0.3446518184194635,-0.4420424917885313,1.6291777470258846,43.985179396859934
30.800000000000303,2.1217877025033927,-2.5212869336253254,3.0507949590445245,3.0050271666723716,-2.209232264343762,-2.919537804748552,2.061545546219238,-2.496356480349871,3.033913835339142,0.00013063825400661664,2.28477098891888e-06,4.736541678183758e-05,0.00020600876794112937,0.35094187631231744,-0.43253285865506746,1.7566006745387772,43.95711999432831
30.850000000000303,2.1047344220160333,-2.520560604442609,3.028369991506708,2.9878719096961834,-2.2128973824509686,-2.942688037095506,2.0438152671874947,-2.494954226463951,3.011209478118702,0.0001300706608769709,1.8728820769286864e-06,4.735175765635257e-05,0.00020580654056339613,0.3508559116525522,-0.46300464693908283,1.4461920985091896,45.24080777804937
30.900000000000304,2.087727494332249,-2.519451249734167,3.005957700433574,2.9710011712681177,-2.216111618667229,-2.963967062643363,2.0274455138416227,-2.492469387577074,2.9906796284805033,0.00012949103848499365,1.477663195746556e-06,4.731792329262069e-05,0.00020560783031405483,0.3434904710779338,-0.4255805109571339,0.4309559329619134,46.62869289649182
30.950000000000305,2.07074860036736,-2.517966550738426,2.983528805815436,2.9536501222519,-2.2190294584066175,-2.986005859160868,2.0093846165391853,-2.488410969695355,2.968889360675634,0.00012889270899135526,1.0780080261984147e-06,4.731809037976575e-05,0.00020541025122958117,0.3519006798444819,-0.44077593035008494,3.213264223381783,51.282618998148486
31.000000000000306,2.0537953756032823,-2.516089523704704,2.9610408787907136,2.9363528059188435,-2.2215462544068245,-3.0082031364298967,1.9915487055852426,-2.4857416952480493,2.9464639131449273,0.00012828086519835343,6.885658717826182e-07,4.731505685495943e-05,0.0002052142950188133,0.34959631567792687,-0.4439455453805715,0.788583143154171,53.1440930033941
31.050000000000306,2.036882683807203,-2.513844264374782,2.9385034945279926,2.9189681360630573,-2.223698723585453,-3.028607613966856,1.97611678922147,-2.4837997769617832,2.929732930439285,0.0001276551558389066,3.0608432464243236e-07,4.7319203531137154e-05,0.00020501977469709467,0.35035440134445156,-0.40808955073918457,2.8386393757750303,52.60455640386122
31.100000000000307,2.020021894222864,-2.511218245935863,2.916001595677006,2.9015531690770597,-2.225479247292303,-3.0508037485107344,1.9610884739397612,-2.4809416942327416,2.9066689038299662,0.00012702184761274735,-6.762815605673523e-08,4.732661251533591e-05,0.0002048264994366782,0.35012221961934575,-0.44392269087755715,1.8526316379658094,50.67170965192119
31.150000000000308,2.0032525392347837,-2.5082154536167796,2.8934430474662673,2.8844849596855613,-2.2268436151826383,-3.0728483658713586,1.943640781392663,-2.476267338521232,2.8857509271990676,0.00012637782912448245,-4.268867528556301e-07,4.731246541338934e-05,0.0002046376288149968,0.34246000935167237,-0.4408923472124801,2.4381554187645667,54.20724471843557
31.20000000000031,1.9865442920873035,-2.504833718749941,2.8708826486950016,2.8668134133064123,-2.22786301470637,-3.095092806612375,1.9257196353725974,-2.4738617968099037,2.865417549000833,0.00012571428391092686,-7.879835873351532e-07,4.73420630960588e-05,0.00020444924706942047,0.3540257882555356,-0.44488881482032094,2.5739513638014806,54.38916605035847
31.25000000000031,1.9699119002089873,-2.501081452847097,2.8483662308184647,2.8493893467324596,-2.2284712379197695,-3.1183066844399074,1.9085030187285863,-2.469599409162447,2.841004742212962,0.0001250440020589488,-1.136983687910978e-06,4.735744448405874e-05,0.00020426359179066,0.34870140929693844,-0.46427755655064534,1.6998927763139635,54.8803187317723
31.30000000000031,1.9533700706945827,-2.496956563650998,2.8258893768873814,2.8319755620002947,-2.2286822695050224,-3.140642506514625,1.8919431902118713,-2.4663506848359176,2.825883790594407,0.00012435922448149588,-1.477299184859911e-06,4.7375674152030125e-05,0.00020408043951925493,0.34830850814393877,-0.4467164414943456,1.4365689504507215,55.90184962619882
31.35000000000031,1.9369318219163874,-2.4924587493411012,2.8034004880961336,2.8143778338778085,-2.2285012743369603,3.120072943777294,1.8759903874347414,-2.4606411255249077,2.800288958279821,0.00012366899189841652,-1.811204206720907e-06,4.7409370812072996e-05,0.0002038986374789186,0.35198058223476836,-0.44939713775333395,1.942254979416885,55.84404705938715
31.40000000000031,1.9206079615585179,-2.4875820077898374,2.7809055469850086,2.797137923697524,-2.227940717325374,3.0981051116243155,1.8612160569223313,-2.454697207935772,2.7806856474203983,0.00012296863034117798,-2.132442967565846e-06,4.742346771544933e-05,0.0002037201165312632,0.344987357875074,-0.439356643059559,5.118967244449351,56.78553742132519
31.450000000000312,1.9043812657677641,-2.4823314942252663,2.7583577074991945,2.7799314240902446,-2.227004870616882,3.076408988310929,1.8440130312282432,-2.448579875429107,2.7612432099618918,0.00012225934153606776,-2.4455750270840656e-06,4.744020510861795e-05,0.00020354554398732008,0.34464537487645075,-0.43392246626772774,0.8303381612361243,60.1907307812695
31.500000000000313,1.8882816922282655,-2.476715148348073,2.7358271161941006,2.762526011589638,-2.225682680596878,3.0551389447105475,1.8294669224037006,-2.4429440321587625,2.741535437778838,0.00012153965744269268,-2.7513406099956746e-06,4.747477948378675e-05,0.00020337274947719244,0.3491177786710301,-0.4254008720076273,1.9180267274899343,59.56838310394514
31.550000000000313,1.872294033895658,-2.4707410646484655,2.7133196059905584,2.745044935820248,-2.2239654788497774,3.0322105762670057,1.8150944952262809,-2.439191855588987,2.7283705706554766,0.00012081040813649932,-3.047697690201761e-06,4.751922305992277e-05,0.0002032002832911267,0.3513120032065375,-0.4585673688708281,3.948545424044811,58.47412504158373
31.600000000000314,1.856452206616521,-2.464420518070433,2.6908357966469785,2.727664383302949,-2.221846435929163,3.008331578516029,1.8013238162587781,-2.4305530852908124,2.696397522993907,0.0001200821555998689,-3.335471311602522e-06,4.756223976248743e-05,0.00020303023847850424,0.35019338466645483,-0.4775799550195257,3.5562132062729055,55.46820798646498
31.650000000000315,1.8407737595420042,-2.457743687529153,2.66835278169534,2.710461438236744,-2.2193384278301136,2.9853146489884264,1.7851273174190323,-2.4258141088222964,2.684443609310284,0.00011933387649769509,-3.611574593082785e-06,4.760102162169952e-05,0.0002028622568371886,0.3477037629470137,-0.4603385905520489,3.2541696082448492,57.44678058710256
31.700000000000315,1.8252377057554185,-2.4507037952569606,2.645876455070694,2.693155342479406,-2.2164130126856705,2.9629575281674354,1.7693168999046591,-2.41789743286168,2.658369125301901,0.00011858723746022968,-3.880337085101344e-06,4.76520163048009e-05,0.00020269641613512854,0.3510395055582274,-0.4471424164198139,2.1152810259695736,57.00473637091568
31.750000000000316,1.8098636926231044,-2.4433150853530083,2.6233891306726855,2.6758824553387766,-2.213099556259282,2.9411727662037013,1.7564774858915027,-2.4097252600387287,2.634702886809656,0.00011782760085815881,-4.137758127073915e-06,4.770758608186178e-05,0.00020253134101540525,0.35176347587324197,-0.4356952392746825,2.7470664427509335,55.06843325986726
31.800000000000317,1.7946697509712126,-2.4355964861164976,2.600873504131048,2.6588064640814077,-2.2094347186338466,2.919187999663416,1.7429639047724734,-2.4017447101962146,2.6141805852111393,0.00011705862885447434,-4.384780031610847e-06,4.775793249567997e-05,0.00020236843136134397,0.34930376350798004,-0.4396953308056916,1.5062117943543205,54.64368227860561
31.850000000000318,1.7796449004485975,-2.427542089065232,2.578390836412214,2.64170347347238,-2.205360507072261,2.8962817712435758,1.7273860166251198,-2.3929767329861504,2.589453327768412,0.00011628132666587039,-4.621180722471679e-06,4.781713126631234e-05,0.00020220682830623775,0.35163902158570176,-0.45812456839678983,1.1583268458328073,54.961965053344024
31.90000000000032,1.7648121241774113,-2.419154955888824,2.5559265907717115,2.6249659685375555,-2.2009636163019355,2.873118466593036,1.7145242594005516,-2.3836764276318174,2.5640305523488465,0.00011549786911151287,-4.8486560397724756e-06,4.786201566255939e-05,0.00020204853581359307,0.3461156513762737,-0.46326609301079263,2.919974092457923,53.19976097583034
31.95000000000032,1.7501677983548358,-2.4104271503090695,2.533511313721305,2.6081742942000408,-2.196138643241561,2.8504569070498373,1.7003575514212843,-2.3745786454416313,2.5384672965948294,0.00011470158155293981,-5.063511276998949e-06,4.791851259778534e-05,0.00020189176353911764,0.34943025361928387,-0.45323119086397223,1.7705376434278468,51.874235721962016
32.00000000000032,1.7357142128438139,-2.401370650944102,2.5111132637263704,2.591301817807337,-2.190878470644671,2.8283062638395062,1.685940830885462,-2.362984027873858,2.5130809837770807,0.00011389308595074242,-5.264990485510697e-06,4.798791665057025e-05,0.00020173532248581364,0.353475683416075,-0.44301286420662633,2.9472417198846768,54.84337932037344
32.05000000000032,1.7214785223028344,-2.3919968749191587,2.4887394486140395,2.574841484560437,-2.1853401882341257,2.8057510009455875,1.672525985704984,-2.352632888058153,2.4899739381255657,0.0001130783172483396,-5.458387862954264e-06,4.8041794028919326e-05,0.00020158155540931765,0.34734877570207523,-0.45110525787838907,0.6684022137638498,55.384069270399394
32.100000000000314,1.7074468648216172,-2.38229861605089,2.4663482182220013,2.55839164462587,-2.1793873422365744,2.7829989028421824,1.6590617423510052,-2.342298223938585,2.4659941275703323,0.00011225578290574084,-5.639245161170349e-06,4.810358563693758e-05,0.00020142910746563704,0.34988387297114104,-0.4550419620681294,2.5510302763137345,55.27007756047813
32.15000000000031,1.6936499699767829,-2.3722967995978417,2.4439420098018907,2.5420079655531973,-2.1730351255163907,2.7604420189629497,1.6443826595288027,-2.3303735821293285,2.441968590974664,0.00011142651263631308,-5.808192962459717e-06,4.8170284723490825e-05,0.00020127773482136164,0.3514476859902394,-0.4511376775846712,1.328770048389868,58.72333846637692
32.20000000000031,1.6800632741465331,-2.361967026269723,2.4215670804055485,2.5259147353739357,-2.1663773130534953,2.738217412247792,1.6304466294449278,-2.318002977161382,2.4116127278119315,0.00011059276681948378,-5.96870361808873e-06,4.82297903466244e-05,0.00020112881546177557,0.34832801186516893,-0.4444921343031913,3.027652977543263,60.37643108970047
32.250000000000306,1.6667247987273974,-2.3513530584518683,2.3991931011482266,2.509992916164999,-2.1593683251298845,2.715597678126467,1.6175195194665595,-2.307905389940461,2.3932121545218603,0.00010974826852342307,-6.115830410947066e-06,4.828899768501084e-05,0.00020098146825618232,0.34793283399078356,-0.4523946824265316,0.6306584980376261,59.873611753333826
32.3000000000003,1.6536233237492177,-2.3404324881239336,2.3768317344366543,2.4941786443894762,-2.151977540880584,2.69321296655135,1.6058922930074413,-2.2955445090073776,2.3688134565895353,0.00010890508649705968,-6.253128656522817e-06,4.835117154723935e-05,0.00020083558060671923,0.3491289777073313,-0.4476942315023522,1.3645115938462309,60.70789239882822
32.3500000000003,1.6407702261920747,-2.3292307039934697,2.354476250502474,2.4783223689392933,-2.144115474658515,2.6693552675865835,1.594580517951758,-2.2840359368195013,2.3462375643016387,0.0001080558254334076,-6.3735730499612175e-06,4.842402844620628e-05,0.00020068881235719326,0.35397650447486145,-0.47715397929534975,0.9640398746344254,59.8658282048093
32.4000000000003,1.62816859422315,-2.3177286296738058,2.3321530537712998,2.463179269665169,-2.136166425318699,2.6470476288752502,1.5831749299899387,-2.2708260708830736,2.3201602393377403,0.00010720859399225363,-6.49566947334472e-06,4.847050345532357e-05,0.0002005467568659021,0.3420602117282473,-0.44615277422669125,0.7271933812023235,61.30072729158223
32.450000000000294,1.6158301550643794,-2.305955411455023,2.3098761349950494,2.447978304332838,-2.1277646602073754,2.6262908032249754,1.5736713143918306,-2.259757447163847,2.298418148470729,0.0001063559755654823,-6.600306589910913e-06,4.85284597300245e-05,0.00020040611367966036,0.34737290335534504,-0.4151365130055213,4.124936418076096,57.87689731836392
32.50000000000029,1.6037574447337488,-2.293927885188297,2.287623883900714,2.4328930888196396,-2.119014147326503,2.605618994675261,1.5629649524900064,-2.2479775381408365,2.277356046560312,0.00010550377436024125,-6.693041541350321e-06,4.858879872518212e-05,0.00020026638268739072,0.3487956612900761,-0.41343617099430374,2.906587912513486,56.56240457555082
32.55000000000029,1.5919527419152133,-2.2816315959991487,2.265377464493525,2.4179748486857253,-2.109935287329872,2.584165491076746,1.5545353155940789,-2.23628382640947,2.2577199345594394,0.0001046529312634827,-6.774933974197967e-06,4.8649230290137825e-05,0.00020012736294925415,0.349279993764482,-0.4290700719703347,3.4445918508464572,53.67399038942409
32.600000000000286,1.5804212224537735,-2.26906299166211,2.2432436673642284,2.403243824146562,-2.10052686350932,2.5622661680482395,1.5424412656987736,-2.223972733895089,2.240433071218333,0.00010380421222188848,-6.847524913390608e-06,4.870969446534904e-05,0.00019998983615072675,0.3495904651044892,-0.4379864605701616,1.8177941132420563,54.4758367468931
32.65000000000028,1.5691817010350395,-2.256246241948937,2.2211360117161085,2.3887156429377594,-2.0907924984986446,2.540259697892429,1.530789753602971,-2.2089903867602363,2.218172542325579,0.00010296045449572274,-6.912789536289421e-06,4.876987236239624e-05,0.00019985396712394102,0.34976463739528457,-0.44012940311623217,1.7919762845887597,58.744935347715085
32.70000000000028,1.5582118213411236,-2.243159329544651,2.1990063939917333,2.374303826149608,-2.0806571661023456,2.517097286279961,1.5213052715934892,-2.195078355695008,2.1960775646784487,0.00010211728096366498,-6.964714312757386e-06,4.883344834240512e-05,0.00019971832375971637,0.35238575727455884,-0.4632482322493876,2.214081122810051,59.33684877864303
32.75000000000028,1.547545487896881,-2.229852722852002,2.176947652247658,2.3601296546770376,-2.070204155063664,2.495222287224676,1.5117522375031718,-2.182017296772625,2.1755959566830256,0.00010127647228230777,-7.007205862920405e-06,4.889528029724448e-05,0.0001995832318515371,0.3522413635783831,-0.4374999811057214,1.574724169403998,58.41153893311248
32.800000000000274,1.53717661600392,-2.2163080786466995,2.154854289428432,2.3461331094475697,-2.0594012611339423,2.4733152544917534,1.5027166411359976,-2.169457492418489,2.1514203132050618,0.00010043967725298907,-7.039059108846213e-06,4.895772314573749e-05,0.00019944855874756888,0.35362030372434966,-0.43814065465846785,4.519461216221202,55.001347047008665
32.85000000000027,1.527109376846827,-2.2025483236451153,2.1328105648407405,2.332645402418569,-2.0485157129107177,2.45179370192292,1.4931230743053638,-2.1545473702028577,2.1330059553631244,9.960264079379502e-05,-7.069164435387181e-06,4.900806669057354e-05,0.00019931745698307157,0.3466554466186808,-0.4304310513766818,1.3906010353351659,57.76747785945248
32.90000000000027,1.5173494798766303,-2.1885637948046406,2.1107836944448737,2.3193825304864326,-2.0373169677778113,2.4289609677855095,1.4862726859839854,-2.138440030583208,2.1008008203129727,9.876982062712588e-05,-7.0907078824989136e-06,4.905827645893563e-05,0.0001991890970973196,0.3471764711401738,-0.4566546827482348,2.185169925397039,58.280509820779486
32.950000000000266,1.507900090827085,-2.1743534144813923,2.0888258202044745,2.3062307006672444,-2.0256979217931126,2.4070273567529377,1.4766668066798028,-2.124645503537249,2.0857204976534502,9.793509609719737e-05,-7.092757577488529e-06,4.911124032166066e-05,0.00019906140508146975,0.3509901447054108,-0.4386722206514501,4.75396188077687,58.687329185719086
33.00000000000026,1.4987714472736413,-2.1599423513432323,2.0669664742961324,2.2933924168312325,-2.0138243184842293,2.3833962103806634,1.4705452801188348,-2.1103023092143554,2.061873189203453,9.710802164375204e-05,-7.09084884434954e-06,4.916144673110948e-05,0.00019893538550257294,0.3497531807769562,-0.4726229274455202,2.032534453242452,56.60764236638449
33.05000000000026,1.4899535063862601,-2.1453202690097726,2.045132706667639,2.2807720999370873,-2.001610041161252,2.361689370023047,1.462127114707984,-2.096512732889046,2.0449323309430456,9.628526741628553e-05,-7.0776140180576444e-06,4.9211632425664484e-05,0.00019881051342164242,0.3512680351039109,-0.434136807152341,1.813341255622175,55.63811387666268
33.10000000000026,1.4814539864130853,-2.130505515985788,2.023363038609416,2.268436589811961,-1.9891354002232349,2.339484091832972,1.4529566756097583,-2.0814782361573254,2.0273240442614995,9.547007592442696e-05,-7.059255763013602e-06,4.9260098007796566e-05,0.0001986872304199147,0.35088124685602123,-0.4441055638015325,1.4441538761098462,57.251665497211135
33.150000000000254,1.4732977679345343,-2.115541424537171,2.0016128078205955,2.2563397873343423,-1.9763508753502872,2.3176387581239783,1.4471519067538867,-2.0672402691581637,1.9994624233911509,9.466286629335569e-05,-7.0335391669179335e-06,4.930834366332251e-05,0.0001985650068148216,0.352016491642555,-0.4369066741798856,5.897203673947055,53.178895437188686
33.20000000000025,1.4654611905950974,-2.100396638331597,1.9798772076268643,2.2447431908187867,-1.9635480845566944,2.2959597804973324,1.4389485370076907,-2.0541038192993986,1.9827188169656402,9.385339282157941e-05,-7.004197894878716e-06,4.9347440456080436e-05,0.00019844650982284487,0.3454875914519417,-0.43357955253294334,2.2901170362301526,50.313154959640116
33.25000000000025,1.457948113515854,-2.085071358105799,1.9581836481126005,2.233130132024548,-1.950161126308045,2.2747547866939044,1.4320007030522925,-2.0389326367076976,1.963843509191312,9.30599302121056e-05,-6.959076758315658e-06,4.939365691099521e-05,0.00019832799618749012,0.3544491809141398,-0.42409987606857347,1.0097073445491553,50.32407719124989
33.300000000000246,1.4507654518776847,-2.0695758426446274,1.9365158812590513,2.221870409804946,-1.936614300181491,2.253758847670328,1.4237911922940003,-2.0232208914439966,1.9455762661537204,9.227171425089714e-05,-6.910717782734286e-06,4.943644255579886e-05,0.00019821070648774725,0.3523119310229029,-0.4199187804715413,3.125687686680015,51.89647374719689
33.35000000000024,1.4439314959898257,-2.0539434891560218,1.914892514985733,2.211038712809576,-1.9230064303789414,2.232413056695096,1.41800006424282,-2.0077856816485085,1.9243102986637979,9.148705401412735e-05,-6.862047712351657e-06,4.947416599913837e-05,0.00019809630413256067,0.3478570204043164,-0.42691581950467156,0.7220469631549407,51.0130944174067
33.40000000000024,1.4374449875977504,-2.0381691519652634,1.8933549323213603,2.200581633636124,-1.9092623551740608,2.209988383183128,1.4117831383815933,-1.991101789375128,1.8967377805396746,9.070513819748947e-05,-6.808481762151805e-06,4.95086082840223e-05,0.00019798579578292276,0.3454056205165173,-0.44849347023938296,1.701264433696773,51.005740980907404
33.45000000000024,1.4312954960336477,-2.0222500653560407,1.8718370002792835,2.1902517456710884,-1.8950408482582881,2.1879981626042184,1.4079724461790273,-1.9754918416125837,1.8765051936973602,8.993388994732041e-05,-6.736906965331179e-06,4.954393923429669e-05,0.00019787548706014674,0.3515510175495062,-0.43980441157822053,3.1787935505663496,49.68335138636213
33.500000000000234,1.4254880837953865,-2.006180215692755,1.8503847430600353,2.180267894039765,-1.8806486431789913,2.166563018682341,1.4025226448251655,-1.9605623172679087,1.856248854144254,8.91688528666945e-05,-6.660703319449288e-06,4.95768831619796e-05,0.00019776679398316138,0.3503281936708748,-0.4287028784375841,2.0445783715941346,47.51052738775775
33.55000000000023,1.4200354022087298,-1.9900117500668142,1.8290197974902467,2.170483382205416,-1.8658892259958133,2.1458569078331244,1.3983808560050446,-1.944638340347778,1.8342222427762849,8.841664620272813e-05,-6.574521429501521e-06,4.960996434490891e-05,0.00019765802829687537,0.35416847478503566,-0.4141222169843482,1.873210859549495,46.34074330307675
33.60000000000023,1.4149184544502678,-1.9737034633817747,1.8077170295869016,2.161209445859398,-1.851250077542892,2.125115911967388,1.394352116407443,-1.9304852933208216,1.8154402498309405,8.766302895254391e-05,-6.489531914507871e-06,4.9637104931193454e-05,0.00019755267304457988,0.3465956311694653,-0.4148199173147538,2.2187451994980645,42.48160717732395
33.650000000000226,1.4101602326298814,-1.9573229268768713,1.7864761527171111,2.1521801481564156,-1.8363433554857835,2.1057060892520374,1.3895666068717174,-1.9158751150839892,1.7994407877245173,8.692093470435115e-05,-6.397957170858901e-06,4.9664064385183556e-05,0.00019744985026571972,0.3485674199234135,-0.3881964543070358,2.1483158969163125,40.51318352775171
33.70000000000022,1.4057587142019643,-1.940829064516239,1.76529914713773,2.1434069292716678,-1.821171751158174,2.0844567656659105,1.3859338428751093,-1.899427185304654,1.779495414297175,8.619094711472967e-05,-6.30079591036207e-06,4.969081942868602e-05,0.00019734842108906468,0.3505187612679399,-0.42498647172256954,0.32095345069233316,40.38213694223201
33.75000000000022,1.4017039180520454,-1.92424735437486,1.7441229987929827,2.134967335733933,-1.8058361884467096,2.063326285437542,1.3830195347048913,-1.8833534749396112,1.7576152968495293,8.546857368351145e-05,-6.1987724535521865e-06,4.971584265975842e-05,0.00019724851768835997,0.3500957719294742,-0.42260960456739266,1.192595957276475,38.86516878943289
33.80000000000022,1.3980003547008004,-1.907561566526931,1.7230208644553218,2.1268467512040794,-1.790311286087298,2.042129355643164,1.3792625729670323,-1.8642888152956738,1.7295561410228606,8.475420884605123e-05,-6.090479331155551e-06,4.9739164615687536e-05,0.0001971502977634646,0.3504157417824716,-0.42393859588758565,4.301638468866156,41.352963799676346
33.850000000000215,1.394644448568522,-1.89082525984117,1.7019428274467723,2.1190879295142047,-1.774708134385446,2.0223695560958124,1.3754894057234148,-1.8485023345477065,1.7104315004434074,8.404365636578703e-05,-5.974955715578348e-06,4.975866104548849e-05,0.0001970540214521041,0.3485211829958554,-0.3951959909470429,2.6756546607771012,40.085925454010685
33.90000000000021,1.3916395572606985,-1.8740153608312133,1.6809102013882815,2.111620260383053,-1.7589314835465868,2.0034039473829397,1.3731508390527818,-1.8313073107473858,1.6875927480717978,8.334330561762407e-05,-5.855268574456978e-06,4.977736026017787e-05,0.0001969599812511343,0.3491005164193532,-0.3793121742574795,1.1802871701594466,40.143255006965326
33.95000000000021,1.3889956482699954,-1.8571474657290872,1.659952755260224,2.1044089053757387,-1.7428310635329942,1.980398699823926,1.3727005331995963,-1.8146104091609598,1.6633645145293556,8.26572044199478e-05,-5.725768519223005e-06,4.9793840100742826e-05,0.00019686626508145597,0.3528404127709978,-0.460104951180305,2.353132045249632,38.70340419217558
34.000000000000206,1.3867046765846551,-1.840215649771163,1.6390483844337005,2.0975624214010637,-1.7266055047139304,1.9597742763718244,1.3722396284233722,-1.798225612421685,1.6371081830420255,8.19793760112485e-05,-5.591053477741161e-06,4.9807908227678265e-05,0.0001967735661415291,0.35222384686800595,-0.4124884690420604,2.9360436904099885,36.77954486915864
34.0500000000002,1.384773444086988,-1.8232661428798225,1.618220095772455,2.0910166952553544,-1.7101691733843212,1.9398075747949317,1.3720668782243721,-1.7798361643692078,1.6125256690899263,8.131327589278289e-05,-5.448540572380945e-06,4.981913017970219e-05,0.00019668172607245564,0.35384172572693257,-0.39933403153787367,0.6774917040583859,38.68063264816905
34.1000000000002,1.3832040631661902,-1.8062416015467906,1.597457307069624,2.084910093826295,-1.6938820576829519,1.9192115510889405,1.3713906221505703,-1.763263550522712,1.5875741239862915,8.064617052770769e-05,-5.303821750336305e-06,4.982769515992012e-05,0.00019659344437903195,0.3478916006663445,-0.4119204741198409,1.8884759627259928,37.75046385006507
34.1500000000002,1.3819947118818583,-1.7892031969451179,1.5767466914278143,2.079108110860037,-1.6773854112868674,1.898770217560891,1.3705576613514787,-1.7465021855714025,1.5725936216873428,7.999232269170118e-05,-5.152453666767617e-06,4.9833944582822084e-05,0.00019650786784602454,0.34975019492507436,-0.40882667056101996,1.0377134401467525,37.249975555555956
34.200000000000195,1.3811493940133936,-1.772119395879963,1.5561546531481019,2.073661103975484,-1.6607925060790885,1.8772016068528732,1.3701479394341753,-1.7295149402934933,1.550112837700027,7.934760192052672e-05,-5.000647121081789e-06,4.984121886465679e-05,0.00019642499878245046,0.3492885404657748,-0.4313722141603793,1.870618371155073,36.99263848882711
34.25000000000019,1.3806380811550953,-1.7550661740647988,1.5356389313490528,2.0685502335380326,-1.6440775225294257,1.8578672380906083,1.3696652634054418,-1.7128312001603856,1.5319656323749857,7.87134344737818e-05,-4.845283733475236e-06,4.984752100349115e-05,0.00019634463901745623,0.3495832885101749,-0.38668737524531666,2.601324992565117,36.4047592644686
34.30000000000019,1.380492456031007,-1.7379830061193076,1.5151716670375497,2.063708466441989,-1.6270621478479979,1.8381758338401344,1.3707394923089853,-1.6935027867986199,1.5114333760232528,7.809708310877688e-05,-4.686592642878342e-06,4.985367923403838e-05,0.0001962647838941746,0.35382243970557786,-0.3938280850094907,1.7471005430367983,40.10083009092312
34.350000000000186,1.3806807544264807,-1.720891787010013,1.4947751923038288,2.059218564263858,-1.6099698591068357,1.817181179483983,1.3733603798611274,-1.6772314361936236,1.4826737713521982,7.74897611204444e-05,-4.525059983138547e-06,4.9859011134530565e-05,0.00019618588616954503,0.35344987062952776,-0.4198930871230538,2.387809508964304,38.63242231788466
34.40000000000018,1.381220481780903,-1.7038119238951588,1.4744153267331495,2.0550793376846217,-1.5927992542738048,1.7975143615329685,1.375605448122389,-1.660359397877556,1.4626615232204747,7.689336172014837e-05,-4.357808119468696e-06,4.986111330057432e-05,0.00019610911771437314,0.3532551046373831,-0.39333635902030245,1.3537689955931649,38.16571148363431
34.45000000000018,1.3821164216999482,-1.6867541842626046,1.454126158036538,2.051368559276658,-1.57595348599125,1.7777121766648225,1.3757569789539579,-1.6429652730321649,1.451411903574277,7.629218814371436e-05,-4.190172144818392e-06,4.986376508902222e-05,0.00019603801686277007,0.34499826591458255,-0.3960436973629439,2.057760096867239,38.55600968871179
34.50000000000018,1.3833657020489043,-1.6697083575149976,1.433928999477854,2.0479465070333838,-1.5588428721860665,1.7586636710651167,1.3781673147612221,-1.6258044040741473,1.432856417001389,7.57078252667094e-05,-4.023786669966539e-06,4.986933726733258e-05,0.0001959695114153675,0.3489944144089547,-0.38097011199413133,2.1685545971454268,38.71885905273719
34.550000000000175,1.3849625609503602,-1.652685861064573,1.4138192038880115,2.0448659526460666,-1.5416435112891311,1.7373878464131431,1.3800115940933202,-1.609433810318308,1.4143570005400754,7.51348929782287e-05,-3.855480312129624e-06,4.987481114052079e-05,0.00019590375596188856,0.3494677939927234,-0.4255164930394957,4.191609694141171,37.60003886619437
34.60000000000017,1.3869047451174121,-1.6357153599809862,1.3937745917990112,2.042161531174174,-1.52451508793186,1.717400993499636,1.384201540809782,-1.59159263813582,1.3931347197333297,7.456718050131415e-05,-3.685941621953316e-06,4.9881069225737094e-05,0.00019584174323416216,0.3468179882626044,-0.3997370582701665,1.5199374435877901,39.05569248824757
34.65000000000017,1.3892024265826408,-1.6187512850949848,1.3738586655945761,2.0397905278249233,-1.5071828446345288,1.6960984488347037,1.3871257777786516,-1.5759477615441713,1.3745754451096825,7.401601013051694e-05,-3.513819131564829e-06,4.988649373502029e-05,0.0001957821471193414,0.3498799152811527,-0.42605089329867385,1.4210845862511186,36.778737000382186
34.700000000000166,1.391832225008493,-1.6018569362920385,1.354021964160115,2.0377509490999732,-1.4895275861082373,1.6755194591320217,1.3921563916481667,-1.559188576126525,1.3506282501621465,7.348605727053267e-05,-3.3415167214813134e-06,4.989247139737505e-05,0.0001957226328455368,0.35545980510573316,-0.41157979405366707,1.4447465187534978,36.63868715289562
34.75000000000016,1.3947896526179029,-1.5850254028582265,1.3341981356218038,2.036097904152783,-1.4722684760739344,1.657046874783596,1.3957995812689754,-1.5438574669699499,1.3258125041437623,7.295103173470793e-05,-3.165444537256216e-06,4.98977135088508e-05,0.00019566749476632446,0.3467667718562272,-0.36945168696852476,6.632019823671241,34.39890266022239
34.80000000000016,1.3980846713349728,-1.5682352055490338,1.314418178876625,2.0347725150172744,-1.4549150926732148,1.6370026146902177,1.3988523985614993,-1.527281960181397,1.3126722590354838,7.243112728002541e-05,-2.986234426731136e-06,4.990098911050944e-05,0.00019561633116859704,0.3480843077795545,-0.40088520186758303,2.159006952829051,33.75917059948506
34.85000000000016,1.4017141968440718,-1.5515161265990276,1.294728163856758,2.0337625281303353,-1.436973665412987,1.6170584646380881,1.4047354205460343,-1.5096702023810162,1.2872961130310188,7.194181616307446e-05,-2.811889617595471e-06,4.990771510118195e-05,0.00019556356221216603,0.35940260970464843,-0.3988830010426038,1.0844365765471624,35.73325514164278
34.900000000000155,1.4056754798127575,-1.5348845128679676,1.2751562093323228,2.0331305622739895,-1.419701425126131,1.5976786176563627,1.4090477632777594,-1.4934114063853912,1.2726067225129327,7.143823950107703e-05,-2.630646521979129e-06,4.991285495614307e-05,0.00019551646115060456,0.3456813649872513,-0.38759693963453173,0.663937973906834,34.926711467768726
34.95000000000015,1.409976771073846,-1.5183394305177729,1.255733549648168,2.0328349888381316,-1.4019992842806173,1.5773050223980851,1.4126577507817255,-1.476299057421896,1.26015598097052,7.096015426437704e-05,-2.453470447176848e-06,4.992095448343821e-05,0.00019547048487119088,0.3540982896476338,-0.4074719051655697,5.788355556992986,35.789282812644295
35.00000000000015,1.4150570418734245,-1.5021294074526996,1.2411328403564734,2.032806402713195,-1.3847364465367642,1.5675994967414777,1.416470202398564,-1.4591198340207505,1.2502843220768858,7.047260763740682e-05,-2.2762719195269053e-06,4.993394484555416e-05,0.00019542954721020047,0.3452585833426721,-0.19411051313216862,3.3879646552749976,37.484910666091025
35.050000000000146,1.420593670837681,-1.4860625315825746,1.2349498736538402,2.032890071605256,-1.3673884955331044,1.5643472634161153,1.423070803834513,-1.4427805797336164,1.238852379773796,6.999557874334509e-05,-2.1030434338242058e-06,4.9951826368540725e-05,0.00019539150341845653,0.34696320829699395,-0.06504466650725271,1.710072358243549,37.78178660959791
35.10000000000014,1.4263076598444135,-1.4695726137962222,1.2332651859898573,2.0330128484162717,-1.3497726008933868,1.5633062941950344,1.4271001351226915,-1.427490160790286,1.2448759236524838,6.953695462633235e-05,-1.934816270388293e-06,4.99738208070345e-05,0.00019535442714879795,0.35232646572558884,-0.02081938442161591,3.858984478312056,35.892609816419856
35.15000000000014,1.4320115536167,-1.453043563541366,1.2326541087625853,2.033159385098846,-1.3324759676571054,1.5613428103395677,1.4310624405155323,-1.4122483096064569,1.2468176376062576,6.907080204282957e-05,-1.770377702264576e-06,5.0002723719779296e-05,0.000195319952591935,0.34594513462854276,-0.03926967710934011,2.213256853590548,33.81866622201891
35.20000000000014,1.4377182707015481,-1.4365201278682813,1.2322039574431702,2.033337374313785,-1.3148854345403014,1.5600136014317298,1.439203183081705,-1.3969590807537864,1.2371952960747787,6.862110200152353e-05,-1.6149571139687266e-06,5.003829682205844e-05,0.00019528479753218599,0.3518286975541437,-0.026584178156755702,3.0447435958973172,31.396620483119843
35.250000000000135,1.4434453438723727,-1.4200127080394376,1.2314613109399368,2.0335409872043573,-1.2974680945050705,1.5581996365229678,1.442966939271382,-1.3802083549263378,1.2388103685435174,6.817318783270847e-05,-1.4592294747639072e-06,5.0075124002940936e-05,0.00019525117012735504,0.3483706504902974,-0.03627929817524975,2.0580566646204237,31.680929809856803
35.30000000000013,1.449208016404119,-1.403517329387332,1.2303592994599553,2.0337536877687508,-1.2801886249291092,1.5587753838139422,1.4496811409689905,-1.3643165780297284,1.2364559082109716,6.772462303209413e-05,-1.3074576515356467e-06,5.011647945337128e-05,0.00019521935786580942,0.34561557754583533,0.011514945819484885,1.0290579298853235,30.703699245259596
35.35000000000013,1.4550057993230012,-1.3870327909785525,1.2290728529067714,2.033988985558181,-1.2626987803707164,1.5559121026808507,1.4555401565543713,-1.3485770555333212,1.2349859726795493,6.72905550402355e-05,-1.1615620610582534e-06,5.016155936896332e-05,0.00019518754131906616,0.3498286647781045,-0.057265622661827546,0.9584588660080491,29.51513429424249
35.40000000000013,1.460831994169946,-1.370572271799574,1.2277413143314182,2.034255802618813,-1.245192281087013,1.5552008530966797,1.4628231578261153,-1.332950753386034,1.227882871412529,6.686284246759663e-05,-1.0202124477146628e-06,5.021002329938012e-05,0.00019515527841180107,0.35017065635893035,-0.014224991683420049,1.7218215490243862,28.42350138872753
35.450000000000124,1.4666901139745152,-1.3541048116305912,1.2265148338584848,2.0345493558085974,-1.2278250280649579,1.5525896513468904,1.4684020289606683,-1.3172080008462959,1.2242840143039846,6.643731565766323e-05,-8.784991136009993e-07,5.025916715613515e-05,0.00019512434859074898,0.3473947739601387,-0.05222403499577711,2.85366984652022,27.464706747141783
35.50000000000012,1.4725574007988427,-1.3376704299934261,1.2254868320977474,2.034873085151385,-1.2104230620487,1.5518012279612075,1.47478888368471,-1.3008808563606058,1.222712988337718,6.601923017635764e-05,-7.406944791656704e-07,5.031080207473321e-05,0.00019509383058247923,0.34809954760709305,-0.0157684677136608,1.1347989701849401,27.36811948142947
35.55000000000012,1.4784556070080366,-1.3212023060395635,1.2246430569323747,2.03522573323779,-1.1930433373305718,1.5492154433072622,1.4800717947443647,-1.2856389632219822,1.2158224637325183,6.560597807067235e-05,-6.060103107723269e-07,5.0364696137756226e-05,0.0001950640518666179,0.34766613888736975,-0.05171569307890683,3.4454993712091717,26.282373001960195
35.600000000000115,1.4843632391221324,-1.304753170082377,1.2239458478231635,2.0356110580763405,-1.175532737033866,1.5483738460610361,1.4861962429727524,-1.2677326605639463,1.2160326664699728,6.520443895903536e-05,-4.7536633920095275e-07,5.042069220714781e-05,0.00019503372181113368,0.35029679763819765,-0.01683194492452325,1.6691207284727079,28.29500490866839
35.65000000000011,1.4902864187588476,-1.2883080446878346,1.223344337342741,2.036009340205413,-1.1581180862954485,1.5474857388697831,1.4905557387239434,-1.2518795279214057,1.2202647051938529,6.480365891310165e-05,-3.474839566266579e-07,5.047883559129116e-05,0.0001950037539767514,0.3483841035060061,-0.017762143825062148,2.3844948122574223,26.80178244458227
35.70000000000011,1.4962305170299686,-1.271851524066919,1.2228262591736996,2.036411229825624,-1.1406516832297768,1.5480964433716808,1.49658337387817,-1.2357498756233964,1.2215438841643174,6.440857884832996e-05,-2.2607970997892672e-07,5.054060468610195e-05,0.00019497374733930077,0.3494205264756003,0.012214090037956461,2.591825879227671,26.142144258468328
35.75000000000011,1.5021830505440028,-1.2554106021004166,1.2223873994222283,2.0368105760254114,-1.123105273586845,1.547985216608513,1.5027724498717958,-1.2198412548897597,1.220867894664834,6.402120799907502e-05,-1.0978689251973027e-07,5.060487612687589e-05,0.0001949424040688269,0.35101907017313927,-0.0022245352633576947,0.7104138578323645,25.38177888780941
35.800000000000104,1.5081392349529636,-1.2389929787498253,1.2220408934002147,2.037203625336031,-1.1057720656099634,1.5482630364951673,1.507729880413073,-1.2038841610183633,1.2219315313664225,6.363081758362461e-05,6.5129659766214565e-09,5.066927185606161e-05,0.00019491209423541547,0.34675327739694933,0.005556397733088443,0.776799751539631,24.61930006407486
35.8500000000001,1.5141174447953107,-1.222547233059209,1.221790872929228,2.0375978933948007,-1.0882869032179765,1.5482398147641838,1.513536264041645,-1.187614652972322,1.2199490563226947,6.325108596874881e-05,1.1654143595899364e-07,5.073626045831714e-05,0.00019488118481689204,0.3497921389569745,-0.0004644346196648763,1.7574911941525593,24.52008028771771
35.9000000000001,1.5200983471352008,-1.2061166716876115,1.221650492609771,2.037996900252406,-1.0708761217403089,1.547526403360413,1.5188744332083746,-1.1727129975155792,1.217761758942281,6.287390620393347e-05,2.2521810699776083e-07,5.0803791007534126e-05,0.00019485067396663407,0.34830706625000474,-0.014268228075413237,2.4905521603346785,22.68763565025958
35.950000000000095,1.526090040490874,-1.1896770764264537,1.2216072703473784,2.0384101620731627,-1.0532186111975392,1.5472661774537197,1.5249758388900416,-1.1563946011917121,1.2192944533698888,6.251198223282811e-05,3.2704881465288595e-07,5.087393007310035e-05,0.00019481826118240877,0.3532469196814383,-0.005204518133862172,0.7049103835426903,22.328059246879864
36.00000000000009,1.5320812183741412,-1.1732493361770344,1.221684064812644,2.0388211791907986,-1.0357142585230354,1.5473733997099295,1.5315770192046994,-1.1401359299098062,1.2183325855831306,6.214852285344442e-05,4.277242283393565e-07,5.0944315615568754e-05,0.0001947856525732554,0.35018355068034196,0.0021444451241934524,2.36397621436574,22.163736057508828
36.05000000000009,1.5380801485320625,-1.1568069273237354,1.2218775734006837,2.0392385942289843,-1.0181922068881137,1.546583724357351,1.5353846521482037,-1.1233362749511848,1.2224195129428939,6.179075733710552e-05,5.25502241533051e-07,5.101572960552295e-05,0.00019475283161784321,0.35054046543854406,-0.01579350705156635,1.8382312305548822,22.4435950646696
36.10000000000009,1.544076588971551,-1.14036757143755,1.2222052679743978,2.0396646527228244,-1.0006673624498104,1.546395136016283,1.5398743793550465,-1.1072520980495613,1.2213008689002587,6.143649679618852e-05,6.187098050499707e-07,5.108880703626889e-05,0.00019471988586989102,0.3506004559823705,-0.0037717668213494895,2.953313527171469,22.336966539712417
36.150000000000084,1.5500807268784018,-1.1239068344664913,1.222623914617651,2.0400868363739226,-0.983098427052751,1.5471465222404692,1.5456230932875301,-1.0915770983145618,1.2215475266221691,6.108905078203397e-05,7.084378396715881e-07,5.1162750153193004e-05,0.0001946863402048753,0.35148015281211004,0.015027724483715029,0.9296507779322326,21.371721792929684
36.20000000000008,1.556073903523257,-1.1074601485267959,1.2231791134817107,2.0405009389053843,-0.9654841652827254,1.547435785855182,1.5522063496075271,-1.0742800904212622,1.2194842770247742,6.0748161068655336e-05,7.947796689422879e-07,5.123761238724093e-05,0.0001946517602855926,0.3523825766262409,0.005785272294247469,1.352934833248926,22.68870653566703
36.25000000000008,1.5620575295556653,-1.091022678607229,1.2238448880726887,2.040905785398755,-0.9480535042920248,1.5477129929234197,1.5598470703198664,-1.0584771860676885,1.210268907967408,6.040503775591928e-05,8.826514493324304e-07,5.131147871907418e-05,0.0001946185759311736,0.34870723835486,0.005544141364755966,2.233623178087966,23.402278987114233
36.300000000000075,1.5680441479116167,-1.0745648101595953,1.2245792901323758,2.04131297375814,-0.9304432446045363,1.547643452470422,1.5663113778188402,-1.0420031028461851,1.2097002589168708,6.007616336124427e-05,9.67961146100484e-07,5.1386052129262535e-05,0.0001945848063235896,0.3522993322427321,-0.0013908090599620124,0.5840329769854122,23.66720123356209
36.35000000000007,1.57402426335711,-1.0580920337588022,1.2254586670147836,2.0417025780939033,-0.9131142022379813,1.5489912972109714,1.572501482228569,-1.0263973456576365,1.2150084933565477,5.9740647944784436e-05,1.0559339421654925e-06,5.145886250415192e-05,0.00019455327332215783,0.3466684562317023,0.026956894810980517,1.103539792304989,21.491257960415272
36.40000000000007,1.5799805710950388,-1.0416511218643278,1.2264511142264813,2.042075476899143,-0.8954974817129779,1.5502730323809502,1.577677329823702,-1.0099992945285858,1.2219504369231764,5.941979126029929e-05,1.1343582406291217e-06,5.15352709052489e-05,0.00019452099915796885,0.3524133584766634,0.02563470339957588,1.934967530656095,20.519058730630043
36.45000000000007,1.5859361271148598,-1.0251713428155314,1.227575843900736,2.0424082633015743,-0.8780985803988326,1.5530705589857439,1.583166680644552,-0.9941879617982513,1.2234874331952241,5.9092826120612866e-05,1.2119709154649674e-06,5.161102701654037e-05,0.0001944898535425136,0.3480417855547366,0.05595053209587881,0.4495692495224275,19.686676554521963
36.500000000000064,1.5918764587269136,-1.0086891476364532,1.228817780178749,2.0427175054950033,-0.8607721014538317,1.5528299768496234,1.5889533630795347,-0.9777346202441858,1.2251139346688662,5.8767688701040067e-05,1.2888856327416447e-06,5.1686208324328274e-05,0.00019445999993998806,0.34658476874439614,-0.004811642722411704,1.0316413980277601,19.612086323548073
36.55000000000006,1.5978040585801074,-0.9921958586689618,1.2301519355646222,2.0430207445305375,-0.8433408267629048,1.5539736602483618,1.595270492571631,-0.9613310346129442,1.220786899741972,5.845076177796043e-05,1.360979721169924e-06,5.1762828218259284e-05,0.00019443087747916834,0.34867826109076183,0.02287366797477929,2.7251671208110917,20.355820036303776
36.60000000000006,1.6037107740982013,-0.9757068575013677,1.2315888771967674,2.043303046250153,-0.8256667778506146,1.5556763731557837,1.6023948147355378,-0.9431945988962042,1.222797588891443,5.814925140915668e-05,1.4280545742237591e-06,5.184090717543906e-05,0.0001943994654807057,0.3535261091937083,0.03405425814844748,1.778919279756904,22.127007173249922
36.650000000000055,1.6096053624644984,-0.9591926481998906,1.2331395600927268,2.0435581591053227,-0.8081614133630007,1.5567715234657635,1.6061224201463355,-0.9274814977202945,1.2243589440140532,5.784465939214082e-05,1.4957099878451668e-06,5.191796620476563e-05,0.00019436849261996342,0.35014448391879677,0.021903006199598198,3.386827061617858,21.486745586666476
36.70000000000005,1.6154785267223744,-0.9426719541827298,1.2348022335194406,2.043787417431058,-0.79026405456091,1.5592032956579214,1.611052671263344,-0.9111431565844983,1.2300306459449644,5.756024317885887e-05,1.5533436390844522e-06,5.1998473516094254e-05,0.00019433442361926236,0.35797663015672915,0.04863544384315277,1.007259764271478,20.758532431524024
36.75000000000005,1.6213254924814002,-0.9261461024558614,1.2366002411094459,2.043975933961575,-0.7726483187838186,1.5609869780565209,1.6169335396884965,-0.8967297952192582,1.2297856651494108,5.726770495825038e-05,1.6128574515391765e-06,5.2076725575601596e-05,0.00019430010497978865,0.3523349359531071,0.035673647971988826,2.462640041696874,18.504860384979317
36.80000000000005,1.6271473399175325,-0.9096117299287603,1.2385174206728635,2.0441359193482973,-0.7551497784411392,1.562320615630064,1.6230636284711977,-0.8803290438041659,1.2259832537837028,5.69754594072325e-05,1.6732844823912021e-06,5.2153662806375865e-05,0.00019426697633592813,0.3499854596040475,0.026672751470870552,2.7439614991394374,19.434438576768493
36.850000000000044,1.632947761125728,-0.8930545011297919,1.2405432280571707,2.044258242006537,-0.7375420958080218,1.565378024422432,1.6274527907012946,-0.8624692452601542,1.2321708019022442,5.6692896748845636e-05,1.731013712890139e-06,5.223100895146749e-05,0.00019423380686917294,0.35216228762340446,0.061148175847365885,1.3326962467844339,20.50329167469408
36.90000000000004,1.6387120741217356,-0.876497521795932,1.242721739369785,2.0443334230422363,-0.7200081878138426,1.5676391792449236,1.6339974308090568,-0.8440582424526235,1.2390768485533012,5.6410083338090705e-05,1.7868364925319818e-06,5.230802179184537e-05,0.00019420144167409302,0.3506814581517082,0.04522309644983227,4.381795599274602,21.763314551280946
36.95000000000004,1.644449581055213,-0.8599263759617133,1.2449889901308462,2.0443716892321304,-0.7024489881421975,1.569594946617789,1.6391573621654014,-0.8285198596979652,1.24285399666734,5.613109733685872e-05,1.8387101172105978e-06,5.238547289578985e-05,0.00019416972776820196,0.3511848833249634,0.03911534745731855,1.3976806273350069,20.385284542236043
37.000000000000036,1.6501485614213955,-0.8433497514985723,1.2474126930655403,2.044379136444037,-0.685175608061305,1.5711354308673275,1.6442247468985176,-0.8135714787417452,1.2441950960632084,5.5844113507690195e-05,1.8936774830711786e-06,5.2460240898456574e-05,0.00019414069316774234,0.34546766788505645,0.030809684990771816,1.3322438541753236,18.738765059741638
37.05000000000003,1.6558188906455757,-0.8267389280522695,1.2499633680834346,2.0443567501284785,-0.6677351598389634,1.5730243933569534,1.6508426528840017,-0.7980512533927353,1.242375939650735,5.556886340524561e-05,1.94401381206781e-06,5.2535687067278015e-05,0.0001941121205714819,0.3488093036532889,0.03777924979251751,2.2165328377933546,17.8940408046728
37.10000000000003,1.6614546537988062,-0.8101082338757406,1.2526329465865087,2.0442915359205456,-0.6501636868328611,1.57599096275613,1.6550137170781134,-0.7832382913917949,1.2495894701220358,5.530451037983439e-05,1.9912318136650286e-06,5.2611467142670746e-05,0.0001940833842033859,0.3514320093193925,0.05933138798353958,2.3684858718748973,15.594533918894518
37.15000000000003,1.667048635516285,-0.7934753301768547,1.2554025116359646,2.0441757389288884,-0.6328620147807923,1.5789871326981686,1.6592661093602663,-0.7665133266486946,1.2561930881299377,5.5031999004138374e-05,2.039956037651579e-06,5.268499034529674e-05,0.0001940568954202054,0.346041320474184,0.05992339884077363,2.4294534310312024,15.690364343781638
37.200000000000024,1.6726024118008282,-0.7768130303181066,1.2583357985933705,2.0440018512941767,-0.6153246703921625,1.5824354258918802,1.6636007560439667,-0.7487697351766563,1.2626931404355926,5.477294906263145e-05,2.081014020846681e-06,5.276025296059082e-05,0.00019403057771138026,0.3507643025753049,0.06896586387424078,1.7482598752501421,17.00739283617518
37.25000000000002,1.6781071643551293,-0.7601461910615092,1.2614093036943514,2.043784583189463,-0.5979626010542848,1.5841838256486849,1.6673346947103451,-0.7325874659726985,1.2682246764620704,5.450982354796657e-05,2.122644820120769e-06,5.283387546948266e-05,0.00019400592512468554,0.3472686187517759,0.03496799513609927,2.6911074560522836,17.089399717058154
37.30000000000002,1.683566240212039,-0.7434663827203951,1.2645979062150163,2.0435242532610927,-0.5805889594214201,1.5873749631809364,1.674363349618916,-0.7170693689829268,1.2687475671603963,5.425086832736853e-05,2.161514888284134e-06,5.2907138707922806e-05,0.00019398218297738044,0.3475119862478596,0.06382275064502739,3.0724376700897182,15.346433702967762
37.350000000000016,1.6889811730674889,-0.7267589505265609,1.267912699887,2.043192227618648,-0.5631415509240378,1.592273264201113,1.6784058925335397,-0.701862835454982,1.2763885497623857,5.400006511064111e-05,2.1982291654210353e-06,5.2979923346767056e-05,0.00019395797271605915,0.34901169790048664,0.09796602040354578,1.413707624067797,14.22750848505548
37.40000000000001,1.6943436784732193,-0.7100413454867173,1.2713496450556452,2.042793407843562,-0.5456676087101132,1.5949588381962245,1.6836415235058397,-0.6867147349173692,1.279231449500836,5.375446882294837e-05,2.231753912312385e-06,5.305226609472289e-05,0.00019393397661855653,0.3495699628518759,0.05371147990223458,5.160011352595359,12.836349071858553
37.45000000000001,1.6996643838563386,-0.6932774000966175,1.2749015307963343,2.0423419430165812,-0.5280725055301768,1.597939657234547,1.6869404610100311,-0.6704578876743763,1.2828979506110842,5.351888791416784e-05,2.2619627123268683e-06,5.312450559945819e-05,0.00019390864486172675,0.3520180141895095,0.059616380766449865,2.2042640050601463,13.37116791199735
37.50000000000001,1.704919718517651,-0.6765243514198306,1.2786050196251333,2.041828982812655,-0.5105498146187137,1.6021843887390022,1.6941159019620402,-0.6541324180689109,1.2806470449123397,5.3284435864953186e-05,2.29179738300572e-06,5.319545452911067e-05,0.00019388367075599626,0.3506042135320792,0.08489463008911272,2.9664647009989684,12.40460824623782
37.550000000000004,1.7101242629955185,-0.6597326767958043,1.2824459042775187,2.041260377578933,-0.49297449521055015,1.604090671108497,1.7014480820328473,-0.636893383069033,1.2773949454091378,5.3058071267174155e-05,2.3221387848075246e-06,5.326540047582517e-05,0.00019385792398201029,0.35169035121777653,0.0381256473899016,1.582299535885011,12.718501045586512
37.6,1.715266535708522,-0.6429296026857536,1.286416232684792,2.0406323822418693,-0.4754115118440494,1.6089850430575119,1.7072512352757114,-0.6199606038167951,1.2783929939001144,5.283635632627262e-05,2.353475653747927e-06,5.333385535388051e-05,0.00019383186016393682,0.3514844971945582,0.0978874389803107,1.732144486367433,13.071365844027852
37.65,1.7203454456784013,-0.6260947532058502,1.290564611391783,2.0399211747566075,-0.4578566008729673,1.61358993632438,1.7119752488864703,-0.6027526352081375,1.2864373575134245,5.261912827563143e-05,2.3844835967806993e-06,5.340143719799596e-05,0.00019380696845033095,0.3513865454202624,0.09209786533736442,1.4669162471183825,12.904117008792163
37.699999999999996,1.725359081876934,-0.6092503940832342,1.2948170315239984,2.039135979615439,-0.4403235809676087,1.6175104974593735,1.7149899420558805,-0.5861801995982814,1.293168418126644,5.240454646234028e-05,2.4131464477432713e-06,5.346832024126701e-05,0.00019378379935836373,0.35101208694790875,0.07841122269987498,1.3481033494070838,13.23267600384028
37.74999999999999,1.7303081558588058,-0.5923748412196034,1.2992131905840716,2.0382889527706585,-0.42286916439413413,1.6210619519478113,1.7208734311661282,-0.5704454404313076,1.2936185634081347,5.219038757798294e-05,2.4409285842599774e-06,5.353392380855236e-05,0.00019376273407217988,0.34949931809129225,0.0710290897687666,1.2181047050885276,12.349529314105062
37.79999999999999,1.7351894059730313,-0.5754752124762426,1.3037390543624516,2.037387741393323,-0.40558315112061083,1.6247069703910562,1.7251658765835998,-0.5523197385280137,1.3019501456680684,5.1973365917863906e-05,2.4717341475146385e-06,5.3597169811558636e-05,0.000193743813470676,0.3461899874755691,0.07290036886489956,1.7386715107361899,13.16174712329017
37.84999999999999,1.7400002946638655,-0.5585539521791616,1.3083902086319035,2.036411473036827,-0.3881581328241654,1.6288222970847572,1.7309733616470078,-0.5350408399853019,1.302009681903411,5.176657871878011e-05,2.497473924715815e-06,5.366057159651861e-05,0.0001937273116966651,0.3490471557847852,0.08230653387402066,1.5111723562189252,13.721714081822915
37.899999999999984,1.7447353218208304,-0.541614534458142,1.313197957767843,2.035361480997159,-0.3707013881145095,1.6329220314554167,1.736737505959005,-0.5189057920848879,1.3035130969384534,5.156669289159398e-05,2.5229805050478935e-06,5.372285850501187e-05,0.00019371202810859444,0.34976612043925237,0.0819946874131957,1.5204364970374362,13.136327027517819
37.94999999999998,1.7493970196066815,-0.5246487798865235,1.3181333684053793,2.0342472420185356,-0.3535710235720792,1.6385769735265399,1.7410097952678543,-0.5029505265008049,1.3141545548185185,5.135623581924997e-05,2.5534819152980844e-06,5.378224309888804e-05,0.00019370048106885982,0.3433317364710577,0.11309884142247686,3.1800805416862166,11.411105344068465
37.99999999999998,1.7539858574191052,-0.507633860574962,1.323213699182585,2.0330124228806756,-0.3360879265928599,1.6440401181070294,1.7460434499190691,-0.4872617702498792,1.3205932553143764,5.116663602956014e-05,2.575020029370472e-06,5.3842659707011e-05,0.00019368942865483695,0.3505334348129005,0.10926289160979652,1.636982304006788,9.940500301868598
38.049999999999976,1.7584864987067015,-0.4906203255632211,1.328443243834784,2.0316837952178264,-0.3187308681913071,1.650348213551796,1.7499324137387975,-0.47083818937320543,1.3276833197176447,5.097555476612345e-05,2.5967686511068534e-06,5.3901420108605514e-05,0.00019367990821387532,0.3481572820905395,0.12616190889533627,0.9226173171984527,9.51953933840678
38.09999999999997,1.7629044496968578,-0.4735716778249758,1.3338349189764305,2.030261920587768,-0.3013340512681744,1.6543456760037545,1.7546516417387683,-0.4533050107380301,1.3313771913217654,5.079113640558629e-05,2.616473962231521e-06,5.3959452407395254e-05,0.0001936719559083067,0.349096761505263,0.07994924903916976,2.4832029468009247,9.96066064419054
38.14999999999997,1.7672329510020386,-0.45651458857963456,1.3393610412777943,2.028755610725244,-0.28391764047613904,1.6597935293110648,1.7592826458395607,-0.4365430304385942,1.3340445763022108,5.061277847405823e-05,2.6350951790758628e-06,5.40161396397404e-05,0.0001936652792849919,0.3496289977154304,0.10895706614621374,2.1196830280479797,9.984930610295857
38.19999999999997,1.771473842773689,-0.43942554177969184,1.3450435129000518,2.027171072341642,-0.2666647530276924,1.6649691170350511,1.7632749463112798,-0.4217183026982906,1.3360186582176716,5.043208600912975e-05,2.6558475081459446e-06,5.4071260840612765e-05,0.00019366264861460936,0.3465103503518727,0.10351175447973716,2.687764935982274,9.02755239297391
38.249999999999964,1.7756301711590776,-0.4222952025597063,1.3508318700528035,2.025486979812109,-0.2492786385951066,1.6697494809305855,1.7676991918998373,-0.40510161204846135,1.3373685877129766,5.0263465798130396e-05,2.6747124164901717e-06,5.412538478767481e-05,0.0001936599181336871,0.349350095889915,0.09560727791069983,1.4661329037939175,9.483256708924854
38.29999999999996,1.7796908291417464,-0.4051537594946545,1.3567564961184169,2.0236976425258115,-0.23189914738730005,1.677033852187467,1.7708091496940712,-0.3892796003588387,1.3517064474162268,5.0100228814409414e-05,2.693167458161119e-06,5.41784397061686e-05,0.00019365925972192848,0.34942798532993774,0.14568742513762803,3.1837904872942215,7.450823074050046
38.34999999999996,1.7836518810215918,-0.3879899953428826,1.3628517739967736,2.0217783718926676,-0.21437151002174804,1.682689118672294,1.7750061246834536,-0.3716540573141597,1.3570053864424025,4.994876145601966e-05,2.7057417476614304e-06,5.4231516691526075e-05,0.00019365957999267582,0.3526485502529048,0.11310532969654813,1.3798746839388105,7.757661051516602
38.399999999999956,1.7875236657835387,-0.37077915498800207,1.3690751396900354,2.0197705784576905,-0.19689058602461887,1.6876138429488856,1.7788161766649782,-0.354370722079915,1.357482345848739,4.980044472491168e-05,2.718395220011579e-06,5.4283063727995336e-05,0.00019366174246584122,0.35191735622158304,0.09849448553184169,1.0592600797906222,8.901136806061412
38.44999999999995,1.791289560276563,-0.35355586962658286,1.3754687239838048,2.0176738337368385,-0.179509708961296,1.6940888368226856,1.7829901641002646,-0.33704411201353446,1.3610907199048832,4.96529868203767e-05,2.7328697903052372e-06,5.4333060025391724e-05,0.00019366660263563356,0.35013842790227845,0.12949987747600278,0.8157863840747648,9.412335042610856
38.49999999999995,1.7949506783666525,-0.33630944478331315,1.3820108237121786,2.015467895686059,-0.1622911628323648,1.7023437627447056,1.7856270122813351,-0.3186941480388909,1.36878150908675,4.950299526329236e-05,2.748676506462796e-06,5.438166110042118e-05,0.00019367594263491872,0.3471865231911101,0.1650985184404074,2.929101738680121,10.430934466633186
38.54999999999995,1.798512976551135,-0.31904022651898256,1.388683082585109,2.0131332549583028,-0.14512258525017968,1.7095575966218508,1.7895221458938109,-0.30286697987166933,1.376014058193591,4.935611292836719e-05,2.7633552883820196e-06,5.442924202253175e-05,0.00019369020941503997,0.3465324835711215,0.144276677542906,1.693391338384164,9.131429285733962
38.599999999999945,1.8019548543915185,-0.3017329412270608,1.3955349716939773,2.0106137199585694,-0.1274970365968756,1.7160070293893197,1.793366587073567,-0.2857359869539352,1.3790773180892009,4.923925133019084e-05,2.7707747829526258e-06,5.4477235096789835e-05,0.0001937038797792694,0.3560949989994681,0.12898865534938922,0.49952581182219197,9.755611037074626
38.64999999999994,1.8052847898443172,-0.284407718665701,1.4025160830962287,2.0080361311300305,-0.11026162608882714,1.7224890325537805,1.7983370574860074,-0.269206126174728,1.382106967588264,4.910784696843193e-05,2.7832929011583804e-06,5.4522781173047836e-05,0.00019372095319152336,0.34854233770265614,0.12964006328922167,2.2845627093800447,9.541016182936042
38.69999999999994,1.8084973555619743,-0.2670463226635089,1.409630974223558,2.005294151318902,-0.09277889393660746,1.7302475504686754,1.8025290606704631,-0.2528082002082136,1.3837547873134781,4.899604146085257e-05,2.792504754672035e-06,5.456770160653949e-05,0.00019373876648636393,0.3539299070132538,0.1551703582978973,3.623941387010846,10.28642940492486
38.749999999999936,1.8115873381981384,-0.24969110475607953,1.416921723026695,2.002452215629904,-0.07548065546902107,1.7370167291062533,1.8067636435254593,-0.2362799156683722,1.3832776279768577,4.888086348082191e-05,2.8044618294181686e-06,5.46112488971963e-05,0.00019375957158832357,0.35060338046606737,0.13538357275156745,2.32613351342505,12.336595791330534
38.79999999999993,1.814565815816448,-0.23225262413138775,1.4243831335869848,1.9994565873957262,-0.05803744400907381,1.7447298425447348,1.8108359950598507,-0.2208015609825935,1.3879114234625707,4.8780471489789665e-05,2.8154272968334653e-06,5.46536169272759e-05,0.00019378159668530823,0.35397229693759813,0.15426226876963467,1.4187356367555288,12.045923357870086
38.84999999999993,1.817412138341865,-0.21485265715538765,1.4319653709104183,1.996340270297641,-0.04068128179463813,1.7521788926935864,1.813211046481851,-0.20178161793062535,1.3982796261545083,4.8681457753419144e-05,2.826715131914104e-06,5.4694930546980144e-05,0.00019380538841135204,0.3526750554860866,0.14898100297703798,1.4872702916435563,11.868092121302444
38.89999999999993,1.8201357120062618,-0.19741556383675835,1.4397230377479382,1.99308880206025,-0.02341186268791724,1.7616144542345475,1.8142896914547608,-0.18540540812121897,1.4116127476539226,4.858387817924595e-05,2.8357808477708823e-06,5.473593712193999e-05,0.00019383515528611695,0.3514582040942362,0.18871123081922805,3.317553694328943,9.814389061090221
38.949999999999925,1.8227330261488792,-0.17993681702238212,1.4476383348635118,1.989697990755395,-0.006185683215765868,1.768689852659735,1.8161697082981674,-0.16886218342655285,1.4235619360184266,4.848991493939031e-05,2.8421551308944466e-06,5.477670653659744e-05,0.00019386891695309132,0.3511353849542182,0.14150796850376454,2.5320310947523543,8.266189511407635
38.99999999999992,1.8251966615481219,-0.16245792502432765,1.4557113811187705,1.9861486864548135,0.011202969568003325,1.775603229881927,1.8175495155254298,-0.152267696182667,1.4356677288565498,4.841141297049633e-05,2.843898541934718e-06,5.481797107146115e-05,0.00019390578847551903,0.35494453714382207,0.13826754444385875,2.2804070937342105,7.1426390355253355
39.04999999999992,1.8275272224689094,-0.14494003367649322,1.4639396932433948,1.9824534812141814,0.028609099170733492,1.784364714197296,1.8207451361556621,-0.13368389562489819,1.4435218670316239,4.834020527688103e-05,2.8428028798675973e-06,5.4858693410892584e-05,0.00019394480620634036,0.3558819551387739,0.17522968630738323,1.141372287191069,7.297754900472722
39.099999999999916,1.8297180566366609,-0.12740507406403995,1.4723134797825697,1.9786441485291344,0.045803447035852374,1.7932761474373091,1.8222584130255925,-0.11605653398562898,1.4500028094371462,4.826399230686412e-05,2.8424240302029874e-06,5.4898813173575e-05,0.00019398941805955945,0.3522264422645229,0.17822866480026764,2.6484463656072306,8.267333434821312
39.14999999999991,1.8317687139784813,-0.10983943311118316,1.480846410284766,1.9747286559063526,0.06272795612885897,1.8030177058190837,1.8230521772854769,-0.0984915109050361,1.4653630665554092,4.817929364161801e-05,2.8430316884056935e-06,5.493896708800076e-05,0.00019404042478663982,0.3474319944834293,0.19483116763550676,2.7097138052332395,6.968704620633429
39.19999999999991,1.8336757749036205,-0.09226995751333833,1.4895459518485241,1.9706191143149736,0.07973947140881513,1.8126405947519313,1.8254053822892042,-0.08248278621910901,1.4740377322614249,4.810714311966577e-05,2.8392854908300298e-06,5.4979096591190866e-05,0.00019409710224668392,0.35001848390207174,0.19245777865697272,1.611368661081864,6.05604232201065
39.24999999999991,1.8354369709384026,-0.0746680308758538,1.4983992328479725,1.9663785572581318,0.09661757738927115,1.8212541575936338,1.8270720512210608,-0.06585084986417396,1.4820027443572368,4.803434522178597e-05,2.8351997743616574e-06,5.501928220626711e-05,0.00019415751520596188,0.3480543969678344,0.17227125683405167,1.273334534738303,5.952918868098727
39.299999999999905,1.8370486499542458,-0.0570697158577171,1.5074160077986343,1.9620203448767828,0.11335294623392668,1.82985995935808,1.8285990547277862,-0.04897495793065712,1.4887185060758048,4.796038368474466e-05,2.830924772667418e-06,5.505948546981077e-05,0.000194223023474835,0.3458719018766217,0.17211603528892994,0.7269961113846393,6.362373713188847
39.3499999999999,1.8385049464179055,-0.03944168841737449,1.5165952315876874,1.9574329185394643,0.130315336187761,1.839989399956444,1.8283760545340657,-0.03127211477237537,1.5023325478817284,4.790797100838223e-05,2.823814275181819e-06,5.510044130225761e-05,0.00019429124756917087,0.35143693230065604,0.2025888119672846,2.3262386747837622,6.178065515243241
39.3999999999999,1.8398028297083957,-0.02180315037046856,1.525911230317453,1.9526910531733754,0.1471623632089751,1.8503384728017895,1.8297543751700147,-0.012126210445795439,1.513213774181363,4.78564577643981e-05,2.81429213727446e-06,5.514224631836363e-05,0.0001943636669820572,0.3500344785864169,0.20698145690692785,3.8123404222529396,6.315769425618501
39.449999999999896,1.8409458048923089,-0.00413350014724031,1.535378270364696,1.9478015818144108,0.16388525708204835,1.860160449901744,1.8310179384373897,0.004253008544298401,1.525230534389645,4.780593829092473e-05,2.8037715539674478e-06,5.518396943443037e-05,0.00019444186192376774,0.3484620783325616,0.19643954199909286,2.462847403955098,5.224837005531163
39.49999999999989,1.8419800622408105,0.013426021826319898,1.5449694738733508,1.9427695110665892,0.18051999696203985,1.868936608538255,1.831357283277007,0.022054941950056542,1.5360968285382857,4.775775850807089e-05,2.791643466999972e-06,5.522632057685233e-05,0.00019452295865272364,0.34758495104790543,0.1755231727302392,0.5035018135905691,5.459945328828072
39.54999999999989,1.8427733481464792,0.030694034220590295,1.55469310305786,1.9375176919442774,0.1973115246840898,1.8789104317927574,1.832426054906809,0.04070842438085525,1.544740649509654,4.772791588032323e-05,2.7769007221936024e-06,5.526965555433254e-05,0.00019460697865856098,0.351874735287964,0.1994764650900504,1.357052968577619,6.026090602908895
39.59999999999989,1.8434353866286515,0.04833542923135773,1.564649363271749,1.93214675344427,0.21389636777421045,1.8890581768950323,1.833957017671165,0.059741490196143054,1.5519968475093453,4.7693619875647284e-05,2.761945542498961e-06,5.531345904262788e-05,0.00019469492993666343,0.34865834774362164,0.20295490204551728,1.8996347113459613,6.681310255954581
39.649999999999885,1.8439119224490947,0.06604520996210657,1.5747212142583284,1.9266134773209098,0.23039133720361654,1.8998473729845529,1.8335893336292504,0.07767877626249486,1.5640461005359825,4.7662658797771685e-05,2.7464103635019607e-06,5.5358440603795555e-05,0.00019478718314706192,0.3479678706565328,0.21578392179041414,0.9990114160917309,6.838239728889713
39.69999999999988,1.8442086025676094,0.08374793138182125,1.5849397823659226,1.92087350106243,0.24691540791888428,1.9104061732542021,1.832757559094685,0.09542949626203207,1.5767703881032409,4.764275462773303e-05,2.728972110734029e-06,5.540407680678265e-05,0.00019488217780872023,0.3498543030151761,0.2111760053929899,1.793814405979734,7.046552062620164
39.74999999999988,1.8443322480728028,0.10147111850545218,1.5953153011063272,1.9149981120289825,0.26328455027651815,1.9204039017603218,1.8325005385566193,0.11189340035694358,1.583023996785279,4.7621589668793134e-05,2.7095307250961226e-06,5.5451172472038924e-05,0.00019497893811328356,0.3478341773096177,0.19995457012239523,1.3115454578961254,7.615283675087265
39.799999999999876,1.844279221090361,0.11919623757374923,1.6058540825857766,1.9088603337094936,0.27985506158586326,1.9306586331783446,1.8336085804889073,0.13027509672718832,1.5895292457290973,4.762264845738095e-05,2.6899922643542546e-06,5.549925959833929e-05,0.0001950748005837777,0.35341584805524345,0.20509462836046177,1.782330241098876,8.145595483680571
39.84999999999987,1.8440475020924165,0.1369078028829268,1.6165620343770981,1.9026361690960025,0.2961167416640508,1.9420303624884623,1.8335386893868786,0.1477670773822729,1.5980566480377592,4.7612427017785705e-05,2.6703086469585324e-06,5.554816297490034e-05,0.00019517319977092168,0.3482445872218872,0.22743458620236995,1.7718959017616247,8.558690468928233
39.89999999999987,1.8436325323866356,0.15463256422525656,1.6274445826015052,1.8961265364690667,0.31257074042656713,1.9530226163642084,1.83348833597606,0.16486669482770713,1.6064430096937716,4.7624953499451206e-05,2.6502038496322647e-06,5.55981864347733e-05,0.0001952716670273672,0.3538997287227207,0.21984507751492918,0.5146908849113055,8.82826808029844
39.94999999999987,1.843032655415621,0.17233362063189325,1.6384832811133987,1.8894976792698914,0.32877836167086033,1.965045385163302,1.8326449472211648,0.1806753439372993,1.6160058007140918,4.763021456175563e-05,2.6291235413812704e-06,5.5649303027743416e-05,0.00019536984373674983,0.3502184619425083,0.2404553759818816,3.3115210670129174,8.78848494155853
39.999999999999865,1.8422433080285294,0.1900621040689853,1.6496840578215577,1.8827146183064376,0.3448227098996427,1.9765070121746096,1.8326320369676543,0.1972311150559223,1.6241589002904124,4.7633820413491736e-05,2.6070980531345804e-06,5.57012167452838e-05,0.0001954680762521858,0.3483873407145526,0.2292325402261656,2.2419923004240774,8.983959194771563
40.04999999999986,1.8412620567679263,0.20777561432399563,1.6610551403141556,1.8757647724603015,0.3607868670987426,1.9862786995041546,1.8311354711449421,0.21545532448880797,1.6336544701722469,4.76410518812778e-05,2.5846930283689685e-06,5.5754122925548675e-05,0.00019556644828182802,0.34822813477559916,0.19543374659091176,2.3885104861644932,10.204590449465007
40.09999999999986,1.8400839711674362,0.22548465114189836,1.6725992317597025,1.8686323726301843,0.3767272707275087,1.9967626130143294,1.8295972797767102,0.23360989887320974,1.6469822453568295,4.7655828764706354e-05,2.5611387929972517e-06,5.5808479167845306e-05,0.00019566512502792273,0.34926802803069323,0.20967827020351704,1.5274578350471688,9.899351355921599
40.14999999999986,1.8387086842336218,0.24318040642630176,1.6842988260913954,1.8613036691768703,0.39263910631894744,2.008067856165159,1.8277070741677277,0.251067871835954,1.6602514726239264,4.7678514149638866e-05,2.535845115065984e-06,5.586384404620903e-05,0.00019576382089660764,0.3503710461103753,0.22610486301659619,0.5802141436404423,9.6062878996022
40.199999999999854,1.8371339903158137,0.2608478921086525,1.6961675573792194,1.8537663998748966,0.4085170601726879,2.0199323408451173,1.8264043030151456,0.26625213229654654,1.6773530331543247,4.7709272439600434e-05,2.509255911899424e-06,5.5919796835626614e-05,0.00019586220023345402,0.35152437805745806,0.23728969359918242,4.1606179735876,7.0230974584359585
40.24999999999985,1.8353510830521305,0.27852449166766524,1.7082021413497541,1.8459993824648258,0.4243775988895804,2.032419080573817,1.823180308691218,0.2839259630173252,1.6932420346425738,4.774921458223263e-05,2.481114798578483e-06,5.597613487768013e-05,0.0001959578395111546,0.35320662521443047,0.24973479457399544,1.6792391798394974,6.908719314924494
40.29999999999985,1.8333672310857931,0.29615426232062464,1.7203971155823996,1.8381169657591117,0.4399944187609849,2.0440366721913072,1.820657701301202,0.30183131280293657,1.7080706645535493,4.778194931830121e-05,2.4500058862103223e-06,5.603336544040276e-05,0.00019605295090635748,0.3498691172048371,0.2323518323498209,0.503902627358956,6.667229935848629
40.349999999999845,1.831165431409693,0.31379364615984673,1.7327558170042803,1.8299405622500735,0.4557164728549028,2.056688226174648,1.8176678340761325,0.3205508252555008,1.7202700576362062,4.7833559559562484e-05,2.4191124091627932e-06,5.60914515853048e-05,0.00019614743091251618,0.3544238976593659,0.25303107966683336,1.1830712634001692,7.535278306531629
40.39999999999984,1.828758429524926,0.33139009115007256,1.7452718443581516,1.8216506735082214,0.47118366107203685,2.0689140808706963,1.8147139434330313,0.33771720384956283,1.7350672859748055,4.787734632332974e-05,2.3860481284486147e-06,5.61504972708676e-05,0.0001962420277146938,0.350975784130479,0.2445170939209662,1.3002915435815199,7.280472481754557
40.44999999999984,1.826137849429005,0.3489386608232994,1.7579156784512575,1.81319090771818,0.48650172763518446,2.0818529775067223,1.8101757047013896,0.35471640916171626,1.7488219050094251,4.792112973468147e-05,2.3511011464594154e-06,5.621013590110561e-05,0.00019633495023358436,0.3499800408684875,0.25877793272054067,2.402610881701583,8.418941760165794
40.49999999999984,1.8233029914078482,0.36647384605547906,1.770773382140418,1.804338530822045,0.5020606683549189,2.094302409123829,1.80650067334309,0.3711074945332395,1.7634208839868757,4.799467821277849e-05,2.319366130453934e-06,5.6271129576988385e-05,0.00019642464002866557,0.35802198359116544,0.24898863234215496,1.1113461193219416,8.49918174518683
40.549999999999834,1.8202487468821928,0.3839716370108395,1.7837118103353446,1.7953548599023998,0.5173804340777755,2.108024771745372,1.803666879535673,0.3885512488368097,1.7721109163556834,4.806163289353354e-05,2.285317556450996e-06,5.6332193224327084e-05,0.00019651117835357119,0.3551937579989744,0.27444725243086326,1.664965711609391,9.321165913285517
40.59999999999983,1.8169842226926491,0.4013576052262861,1.7964626582863297,1.7863010749960633,0.5323480889919585,2.121582559814957,1.7983455348091302,0.4064059194811894,1.7913550769124518,4.811316095321078e-05,2.248264815655524e-06,5.6394036610279684e-05,0.00019659728945024246,0.3498607734953419,0.2711557613917267,2.959113182580415,9.71692415523103
40.64999999999983,1.8134986368460577,0.41866230802802384,1.8094731373059276,1.7769417815143285,0.5473725196075448,2.1342408556748325,1.7941691601970295,0.4234705147369146,1.8012754937916178,4.8181866725984465e-05,2.212263531971862e-06,5.645589910954894e-05,0.00019668209965192451,0.35402489948295596,0.2531659171975183,1.1553769389338804,11.026173040829269
40.699999999999825,1.8098039885229493,0.4359030127580028,1.8226525255808688,1.7675432359447925,0.5620186581578288,2.1483998086555376,1.7920137124639879,0.4410038299661487,1.810459642798457,4.8232972464458123e-05,2.1721378126551854e-06,5.651744502116396e-05,0.000196766057949392,0.3480500496688337,0.28317905961412115,2.597156734547733,10.633536919206003
40.74999999999982,1.8059002068648482,0.45311321499656054,1.8360141438461326,1.7578887588607097,0.5765923268005351,2.1633625569409007,1.7863665205692756,0.45592544530990764,1.8321653899809043,4.8291574788873814e-05,2.133180092544413e-06,5.6580004349123563e-05,0.00019684865973698014,0.3496320621037334,0.2992549657072775,2.919418313175583,9.90894228136319
40.79999999999982,1.8017489230892365,0.4702790794470838,1.8495045381404658,1.7479623974601595,0.5911220037208738,2.176923815512742,1.783508484055288,0.47291903990766737,1.8389709052358256,4.83603574786284e-05,2.0943824551153386e-06,5.6641575082459154e-05,0.00019692754457051884,0.3519368736599156,0.2712251714368395,1.3352255190851574,10.219947688831233
40.84999999999982,1.7974335702970428,0.4874517632210126,1.862829234742829,1.7379904017339427,0.6052947843656354,2.190947386913775,1.779610330696479,0.48866319058537105,1.8510555398704778,4.841305431406183e-05,2.0519246490436545e-06,5.6702972412497265e-05,0.00019700564487025189,0.3465910163780128,0.28047142802067143,1.624480658181156,10.056268123364639
40.899999999999814,1.7928683375112364,0.5045768181082064,1.8761867054243808,1.727677269645829,0.6195164502754541,2.2054851028605125,1.7758852059962331,0.5052356310842744,1.863290836263264,4.848338062191989e-05,2.0132734655921163e-06,5.676514234502761e-05,0.0001970812368838359,0.35135276299393287,0.29075431893474957,0.7341168933750769,9.574283187394162
40.94999999999981,1.7880649962161925,0.5216653379601123,1.8896569485175683,1.7171804546153429,0.6335799144562894,2.218479677165343,1.7718962338860262,0.5238055982050196,1.8696358747923583,4.8554018220277896e-05,1.974361857924374e-06,5.6827283993796195e-05,0.00019715452916746728,0.3509806172019844,0.2598914860966291,2.176701041604466,11.188118219118412
40.99999999999981,1.783031772894498,0.5386436573652145,1.9032826413784703,1.7063751575382649,0.6476512609968371,2.2328229934557218,1.7664270640363648,0.5390370598914186,1.8865608260487239,4.8638732066819956e-05,1.9394749917345294e-06,5.689123458704339e-05,0.0001972254102317415,0.354831021593743,0.2868663258075904,1.9910664143766523,10.392477066997552
41.049999999999805,1.7777571706512265,0.5555800609784558,1.9171886655075756,1.6953813345757276,0.6615212461895037,2.249236384352413,1.7600383610372747,0.5553069430016035,1.9043131294050513,4.872238521438837e-05,1.9032193292031667e-06,5.695358118418121e-05,0.0001972931660881531,0.3539760810607004,0.3282678179338325,3.0423047142728694,10.21777323067925
41.0999999999998,1.77227631733918,0.572416415409206,1.931103856695509,1.6841852199942964,0.6752098716011723,2.263494066228917,1.7552597296187922,0.5708024320811315,1.9213149658263289,4.880662105083602e-05,1.8661282665333543e-06,5.70147016140259e-05,0.00019735718709345214,0.35368728851628545,0.28515363753009976,3.379948418274289,8.780447019573996
41.1499999999998,1.7665796593131222,0.589114826860636,1.94512991474923,1.672871340105189,0.6886430916012619,2.2780319378071594,1.7501959523449349,0.587121406865516,1.934097216515843,4.888421873029005e-05,1.8261782117765685e-06,5.707374064269033e-05,0.00019741824797244527,0.3512609915345161,0.2907574315648607,1.4729202153366456,8.576875427326662
41.1999999999998,1.7606201114879556,0.6057147809776888,1.9592566058674925,1.6613911123040466,0.7018697115162362,2.293222704436486,1.7428176565714724,0.6019554687029812,1.9530904206956112,4.8959479999782e-05,1.785080767702142e-06,5.713214070111315e-05,0.000197476870945558,0.3502827448715221,0.30381533258654403,1.631776429001754,8.810671550223798
41.249999999999794,1.754423380972193,0.6221816406703078,1.973400566634682,1.649680002757378,0.7149639779415665,2.3077609067085207,1.7351636857942545,0.619197598889757,1.9723306756066377,4.903946550097117e-05,1.7446837867173503e-06,5.718923171275884e-05,0.00019753338531077917,0.3513490206166874,0.2907640454407064,2.052198097764988,8.979766624984373
41.29999999999979,1.7480044088920068,0.6385589580574392,1.9876833666802465,1.6378862085609325,0.7277668791413486,2.322621820302782,1.7289203220599805,0.6354923598455968,1.9887598489473355,4.911097272362072e-05,1.7000530430103936e-06,5.724292552695707e-05,0.00019758909733703968,0.3481456231327803,0.2972182718852323,1.5825080803242175,8.469274652326554
41.34999999999979,1.7413532481666731,0.65486358305989,2.0019753914087994,1.6257544313689334,0.7405366859691235,2.3385342690072406,1.721631789638726,0.6518829795153721,2.00128505955208,4.919650791196435e-05,1.660397639611209e-06,5.7297158058560784e-05,0.00019764259528852257,0.3522808713093132,0.31824897408918534,1.3193877941319905,9.302648529591327
41.399999999999785,1.7344850185677,0.671051841382043,2.016452332840842,1.6136691985813991,0.7528642751238606,2.3540005211046857,1.716349761320695,0.667813631038619,2.0112778599396215,4.9260931532381965e-05,1.612180260366346e-06,5.734731632589667e-05,0.00019769542021190277,0.3452698925009094,0.30932504194891497,1.6959158751125738,8.759948333458976
41.44999999999978,1.7273810172827484,0.6871515879836293,2.031079010888425,1.6011329979196414,0.7652527741684749,2.3702401477657986,1.7076277712251815,0.6848054119986015,2.02996256552119,4.9347638298713805e-05,1.5736778324880747e-06,5.74014279088881e-05,0.0001977455979417658,0.35249854608559866,0.32479253322228,2.0075039631809584,9.304128663627615
41.49999999999978,1.7200637382531678,0.7031190698358983,2.0458737784083474,1.5885637016112228,0.7772750338566178,2.386631289613458,1.6999057477417856,0.701166685916324,2.046040567042806,4.942150727151385e-05,1.5289887477269424e-06,5.745072817290121e-05,0.00019779480131235227,0.3478670498861626,0.3278228369531989,1.2039581061640838,9.40367383794805
41.54999999999978,1.712502352615017,0.719010773281739,2.0608232217293554,1.5758707684972375,0.7890262952475046,2.402766267098462,1.6912833304840929,0.7161362469922004,2.0660157679621207,4.949042844615811e-05,1.4817132592269943e-06,5.74972361388822e-05,0.00019784242726610978,0.34595328386224655,0.32269954970009235,2.5570226349179705,9.754793843766631
41.599999999999774,1.7047100508947757,0.7347942567290406,2.07623025657384,1.5630627543181845,0.8005118596016889,2.4183877410012107,1.6851052491311318,0.7314772610744741,2.0828447729866433,4.955497908534925e-05,1.431800547768548e-06,5.753981576276832e-05,0.0001978890567404201,0.3440752443824633,0.31242947805499083,4.266751251112441,8.207158011703426
41.64999999999977,1.696700401420203,0.7504271866698634,2.0916637166245566,1.5497538158497934,0.812060989795072,2.435353904983984,1.6757479199279859,0.7463365711713363,2.1023144583933195,4.964466335583206e-05,1.394349559438878e-06,5.758661444736778e-05,0.0001979335006474042,0.3524302483440715,0.33932327965549075,1.3687814015610946,9.169984606569967
41.69999999999977,1.6884236280570977,0.7659716464304586,2.1071912278334426,1.5363180251880857,0.8233388869547399,2.4512247403005922,1.6682044156923463,0.7626013000659995,2.1171643883883604,4.9729962077178114e-05,1.354938505997035e-06,5.763033014183843e-05,0.00019797535144516664,0.35083779390550845,0.3174167063321741,2.5895636077940756,8.470425823705027
41.749999999999766,1.6799170824001624,0.7813828131874347,2.1228112906343224,1.5226165450571083,0.8344619426724459,2.46815395816376,1.6592039230096185,0.7788946163579666,2.133918642589263,4.982136291436613e-05,1.319487508978348e-06,5.7674675047069957e-05,0.0001980156010392853,0.35296479420948995,0.3385843572633731,1.467684558019316,8.739856822958744
41.79999999999976,1.6711852220149477,0.79664667751364,2.138576250520957,1.5089267943241904,0.8451995788418539,2.484773806575263,1.6487106060902386,0.7930934932397383,2.1530995119019405,4.989884709416753e-05,1.2767942027469883e-06,5.771360633711071e-05,0.00019805466238347744,0.34797302970557387,0.3323969682300805,1.3388575531094016,10.285383735926793
41.84999999999976,1.6622167956145688,0.8117905911164494,2.1545591244037863,1.494890790873482,0.8558125970481416,2.503588216411101,1.6400272462057615,0.8071998299006624,2.169762430506685,4.998751686751512e-05,1.2409156571837386e-06,5.775338020324739e-05,0.00019809062861517618,0.35194015545638074,0.376288196716776,0.5942578938501099,10.134728109883339
41.89999999999976,1.653149525813776,0.8265751722144277,2.170854376683389,1.4806379067509343,0.8661980615733085,2.520194863859743,1.630511660421379,0.8206634069624364,2.181850180531672,5.0077650212193734e-05,1.2070174358402358e-06,5.7792949162137164e-05,0.00019812420404506116,0.3527093572275304,0.3321329489728458,2.2250693849128105,10.901417110500013
41.949999999999754,1.6439937793679804,0.8410659607928255,2.1884534506373368,1.466459890961258,0.8761561245594778,2.538375013337326,1.6211283460235406,0.8346012757926337,2.201074461433655,5.0150657778419094e-05,1.1636092638766444e-06,5.782593055102238e-05,0.00019815740913863857,0.3465183505592325,0.3636029895516965,0.43264304367560374,11.127476195523085
41.99999999999975,1.634615950288487,0.8553886358577858,2.2063878960934913,1.4522614551661843,0.8857400346326395,2.5573142591640714,1.6116360722726728,0.8501554992179557,2.2153197882504596,5.021387749962674e-05,1.1145174992192614e-06,5.7852320497681604e-05,0.00019819099916117296,0.34261096478100167,0.3787849165349387,1.2767601717025963,11.211864726024874
42.04999999999975,1.6249872449069134,0.8695619613911244,2.2246319226327302,1.4376197800340154,0.8952219313687801,2.5765036610803964,1.6017033378643757,0.8628497572966143,2.238019431916456,5.029334236302021e-05,1.0766499929349368e-06,5.788432348173625e-05,0.00019822333403598364,0.3488806981659106,0.38378803832653136,2.3996771425754133,11.51444352025823
42.099999999999746,1.6151049532127382,0.8835540433000079,2.243066945858256,1.422773331931981,0.9044223791918921,2.59711353414351,1.5912236293479947,0.8759906165759311,2.25641247072919,5.0373888247509766e-05,1.0407520260974728e-06,5.79137932383751e-05,0.0001982539888239124,0.3493285330971648,0.412197461262307,1.1258847307669686,12.278836676281427
42.14999999999974,1.6049814037954746,0.8973423667638045,2.2615004945258623,1.4076730265030895,0.9133712527120578,2.616108263898937,1.5793684820855,0.8901696477955537,2.2770012729866114,5.045818171458984e-05,1.0088424393206406e-06,5.7943839149946054e-05,0.0001982832332134316,0.35106171826254684,0.37989459510855084,2.0887689540340624,13.810417246524016
42.19999999999974,1.5945968508150312,0.9109572586582928,2.2800506966284826,1.3925006395264155,0.9219864709972583,2.63423054660921,1.5680659790710212,0.9022846898349173,2.3028469487942367,5.053722848536277e-05,9.742337409366921e-07,5.796900432407534e-05,0.00019831119143287498,0.34895939264868864,0.36244565420547337,3.663145027846049,15.152799571147504
42.24999999999974,1.5839686809816131,0.9243818178020721,2.2986976530550325,1.3769967608964055,0.9304180309272958,2.652758580162094,1.5578356102108646,0.9142256928380573,2.31513066293501,5.06251405615477e-05,9.48433554936928e-07,5.799592735206604e-05,0.00019833662650434197,0.3529704608962331,0.3705606710576985,4.334694137113481,15.151786943787405
42.299999999999734,1.5730917904104504,0.937607516577148,2.3175301017449823,1.3613848454967543,0.938530628398787,2.6719527829308003,1.5472929012957484,0.9281291842715419,2.330613345044256,5.0709030035175815e-05,9.21427812234044e-07,5.802187938841364e-05,0.0001983611774280561,0.35188386940652105,0.38388405537413783,1.2101259698769402,14.717089750841524
42.34999999999973,1.5619906799618033,0.9506242273245789,2.33651627615537,1.345765934225983,0.946264679188586,2.69167667957033,1.5349715053953636,0.9397338500896666,2.3530166860720962,5.0784849240398714e-05,8.89266549249502e-07,5.804216904536204e-05,0.00019838521312664584,0.3485832921908201,0.39447793279061305,1.2971796729061675,16.315057233392796
42.39999999999973,1.5506201997065747,0.9634592915651832,2.355712006828007,1.3298158180548716,0.953770031550139,2.711883482380732,1.5230014501906235,0.9528214766279727,2.3701514847295755,5.0868313890406365e-05,8.659450632196247e-07,5.806612974221557e-05,0.00019840770212747647,0.3525604024018103,0.40413605620806636,1.2699381629783055,16.96381405560215
42.449999999999726,1.5387691209990606,0.9762824462484764,2.374391150393132,1.3138213159052707,0.9609064866910494,2.73195353896198,1.5120937858075163,0.9646330971115447,2.38509201649593,5.09460750276989e-05,8.395019571788675e-07,5.8085434527328355e-05,0.00019842954359080802,0.35029324176255294,0.40140113162496455,1.3989973613991373,16.61625405864922
42.49999999999972,1.5267325498997306,0.9887926412922792,2.3926317468177682,1.297605291939066,0.9677574327775122,2.7517632388196853,1.4998043037047004,0.9776241427347889,2.3998438121970356,5.1025991233388786e-05,8.171820299512125e-07,5.8107521674666353e-05,0.00019845031121577635,0.35208239373152084,0.3961939971541348,1.6616043351082135,17.09968224143896
42.54999999999972,1.51443054662782,1.00113201878164,2.411539759462476,1.2813511942043079,0.9742549103422851,2.770850783341162,1.4867701275105134,0.9906212210410036,2.4165066517841556,5.1100805708347434e-05,7.919670995443086e-07,5.8125826436351235e-05,0.00019847049108352773,0.35009839251716296,0.381750890429555,1.4745875796461163,17.98438365803962
42.59999999999972,1.5019858426022776,1.0132224421519322,2.4313215367004557,1.2649944617453048,0.9804130459610704,2.792182994789017,1.4718846328642126,1.0026033943935746,2.441574448315171,5.117373935190384e-05,7.669357926965985e-07,5.814168081902834e-05,0.0001984902517582827,0.34955795807587026,0.4266442289571189,1.3980080014835639,20.152092928384523
42.649999999999714,1.4891389956802712,1.0252214869705738,2.4501020636125688,1.2483541483350005,0.9862995172099851,2.8109832195512965,1.457925501234473,1.0140005985625096,2.4549732788718153,5.125199738076807e-05,7.50244661322469e-07,5.8161017555131544e-05,0.0001985081482968262,0.3530211046053652,0.3760044952456029,2.087667895063255,22.639956769766812
42.69999999999971,1.4760254666585642,1.036972967379978,2.4685084006869094,1.231610765037819,0.9918689292166952,2.8299607475932937,1.4442780989922401,1.0245836648571847,2.4776831032101114,5.132860784697854e-05,7.337486525390634e-07,5.817984589558358e-05,0.00019852430688702369,0.3529127819080306,0.3795505608399718,1.0754394878749554,23.084469657333372
42.74999999999971,1.4627523520875299,1.0484010989316133,2.4865918017138653,1.2150933399127948,0.99698325114411,2.852684921040476,1.4301935990494012,1.0342749220939698,2.504271677906212,5.139197222163667e-05,7.061894762490656e-07,5.818176118996305e-05,0.00019854048554815193,0.3458291414837768,0.4544834689436698,1.7566569560703145,24.02635620653342
42.799999999999706,1.449081210869373,1.0597685449987988,2.5060201726055675,1.198162040272674,1.0018425249091674,2.871525525385289,1.417276870202162,1.0442879902375246,2.5187093805169614,5.1464623984078336e-05,6.928195432637497e-07,5.819409496482156e-05,0.00019855530692805694,0.3523013639099414,0.37681208689629925,1.2025157442603827,24.203241662487986
42.8499999999997,1.435224127955152,1.0708770135669679,2.525801025593331,1.1813482669933784,1.006316469975851,2.8915354560358892,1.4031877717395451,1.0541517492576533,2.542151834379256,5.152914727999068e-05,6.721274383877136e-07,5.819706739623167e-05,0.00019856995983208903,0.34798233128203565,0.40019861301201487,1.9474624578966284,24.810661855828595
42.8999999999997,1.4211470431668922,1.081739403629236,2.5457482721380793,1.164304387274906,1.0104656256806601,2.914060397974291,1.3884264709222485,1.0647504965703007,2.5611304097677348,5.1596341280402646e-05,6.589925881891289e-07,5.8203765019733785e-05,0.00019858389000479665,0.35084032808935306,0.45049883876806485,0.7858036885983283,25.90910225756908
42.9499999999997,1.4068513786884935,1.0923355778286203,2.5658577744256292,1.1472563023715954,1.014236997481941,2.933698159722966,1.3731341601796203,1.0732058446111608,2.583649441503141,5.1659992986079045e-05,6.438502109988317e-07,5.8205781567729185e-05,0.0001985971315113312,0.3492106765631563,0.39275523497352116,1.251961976546657,28.356080453864664
42.999999999999694,1.392571566266415,1.1024524187430713,2.584701318484971,1.1300722659945244,1.017674375567052,2.9546321484726814,1.3579362292540704,1.0828314068906766,2.600962552942889,5.172346005034719e-05,6.329107733695925e-07,5.820872496918859e-05,0.00019860905411547513,0.35049558621035903,0.4186797749943239,0.766936389125651,30.059359691580237
43.04999999999969,1.3780763489632555,1.1122950035469181,2.603672692798534,1.112805852795134,1.0207485011565676,2.976164050966367,1.3431600321562185,1.0904663838503836,2.622248204719906,5.178591217184022e-05,6.233525081801861e-07,5.821129341465946e-05,0.0001986199323264128,0.3507655379796145,0.4306380498737372,1.2144298701966543,31.814384883358567
43.09999999999969,1.3634132203853917,1.1218455823288331,2.6227441659032236,1.0956886625972633,1.0234279331365939,2.9964722234660854,1.3302219608716874,1.0996093988781632,2.636882522441729,5.1841566183522904e-05,6.079026835151815e-07,5.820200156312317e-05,0.00019863065798528693,0.34651861298784264,0.4061634499943943,2.6313505476132626,30.273272417433613
43.149999999999686,1.3485553559947687,1.131121381509899,2.6420440660223474,1.0780719112392323,1.0258075815228331,3.018180989320366,1.3176378448379442,1.1090742192260608,2.6517318815660573,5.1906014455413545e-05,6.085470891530214e-07,5.821500693051174e-05,0.00019863922065148896,0.35554187700795215,0.43417531708563833,3.6185265059199776,27.811314887650315
43.19999999999968,1.3337022320876133,1.1400008409337303,2.6622931921545585,1.060777502390277,1.0277597457572587,3.0401991932350683,1.3012315245317456,1.1173835632971814,2.6763204973115577,5.196069353318952e-05,5.969096968264545e-07,5.820898487391426e-05,0.0001986480248770879,0.34809180422784325,0.4403640782940575,0.9451849956792926,29.56351684784105
43.24999999999968,1.3187417299137567,1.1485530302597515,2.6832497719292707,1.043173885880809,1.0293489006383487,3.0629255053557465,1.2847296417357088,1.1250185454513,2.7009036512801803,5.2018888665528333e-05,5.967076433926293e-07,5.8214926833503536e-05,0.00019865520990895917,0.35351162593419033,0.45452624241359524,2.9196914760651524,31.895790227037786
43.29999999999968,1.3036582376353014,1.1568188994685018,2.7047393815368865,1.0259362860911199,1.0305079237678567,3.0859857458027733,1.2697268843174578,1.1329823328882034,2.7197959482977225,5.206723738962566e-05,5.855901921604592e-07,5.819692866339035e-05,0.00019866178963348982,0.3455380780200406,0.46120480894055177,1.0768246286809113,32.30973060486715
43.349999999999675,1.288594887295221,1.1647709934050299,2.7271520285915467,1.0085231332669868,1.0312822562912458,3.108321603330321,1.2530397587596236,1.1406157328324322,2.741556064383687,5.211687843177515e-05,5.805025891834849e-07,5.8186710855260406e-05,0.0001986682277385317,0.3486144652309215,0.44671715055097944,1.3500682401115573,34.87283763856939
43.39999999999967,1.2733441746901528,1.1724213744052001,2.749766971697054,0.9909843518475567,1.0316788258919134,3.129649383789129,1.239498695548636,1.1499027874914303,2.753945141512414,5.216648174396903e-05,5.806027354400733e-07,5.8181243895725255e-05,0.000198673326838389,0.3508719354018521,0.4265556091761812,5.001195302238531,32.931752153855264
43.44999999999967,1.2579390531268921,1.1797163921697944,2.772563621377412,0.9736243585821746,1.0316775811455565,-3.1295059797755638,1.2234501816144971,1.1566368404157905,2.779085171865658,5.2212187581046075e-05,5.748712824733646e-07,5.816530679935145e-05,0.00019867832648897627,0.34720821994346385,0.4805988722979069,2.6971699031560967,33.713512180525775
43.499999999999666,1.2423629353554093,1.1866531105358653,2.795549521176955,0.9560822682404472,1.0312655620601199,-3.1067130494315713,1.2069623567804668,1.1628525048811982,2.8011341875669515,5.225826445725913e-05,5.770225787671801e-07,5.815860423426731e-05,0.00019868228937200088,0.35094616302691106,0.4558586068798729,2.664265090397824,35.79391556347485
43.54999999999966,1.2266399883275194,1.1932234652283011,2.8186834821079016,0.9386950500406842,1.030457070926519,-3.0835408664207136,1.189561431223791,1.1677397803674372,2.8283992243147678,5.23002857877585e-05,5.764935862011328e-07,5.8142042529021103e-05,0.00019868536247015013,0.3481278912158396,0.4634436602171803,0.7434896639910423,38.859707337967606
43.59999999999966,1.2107861072897805,1.1994226596243762,2.8419558835104626,0.9210649743294766,1.029221563714737,-3.0597141774325114,1.1732716120333277,1.1725313327318867,2.855886764134034,5.234231623352792e-05,5.856783796712181e-07,5.8139837077309046e-05,0.0001986866278621463,0.35347465251859095,0.4765337797640749,1.0519497807237397,40.05257482683114
43.64999999999966,1.1947871311710263,1.205273334823081,2.865399970039605,0.9036480848266387,1.0275839544419125,-3.0359739397791436,1.1568594047965512,1.1783260529428186,2.873464219083809,5.2378988976431746e-05,5.922277642999363e-07,5.812517428662334e-05,0.0001986875093325986,0.3498823674670751,0.4748047530673776,1.4349096082433803,41.76955727486196
43.699999999999655,1.178576431566761,1.2107872565500646,2.8895580812615482,0.8862190297809193,1.0255267642237982,-3.0122340883084724,1.1410350902304938,1.1829339670274777,2.8993412558450107,5.241491419073633e-05,6.001843646770915e-07,5.8113643826026906e-05,0.00019868790143052795,0.35100909230924987,0.4747970294134526,3.8907123584650827,41.67741200401979
43.74999999999965,1.1622269287937772,1.2159363125683151,2.9140867274923075,0.8687462896383555,1.0230377146462124,-2.9879486769255004,1.1239679698007732,1.1898273377790178,2.9182576492403376,5.244808241550258e-05,6.121688507641028e-07,5.810771194285455e-05,0.000198687424994863,0.3529914025499604,0.485708227659464,2.759488811040595,42.12496762627418
43.79999999999965,1.1458193530451652,1.2206646719134882,2.9383304501937135,0.8514241746787276,1.0201441873246793,-2.9642082008085158,1.1053463477389212,1.1916328529716065,2.943354880473729,5.2479324339200114e-05,6.218554002114153e-07,5.809543556936942e-05,0.00019868593012676517,0.35125071020485155,0.4748095223397178,2.9010698796571814,48.420169935226525
43.849999999999646,1.1293868410685495,1.2249590017597618,2.9623826312146666,0.8342019115124779,1.016834932725006,-2.939305042337393,1.0893517534994788,1.1959943712975916,2.9691394779813596,5.250730537363466e-05,6.325970589657548e-07,5.8080532033290375e-05,0.00019868459894834296,0.3507554189605234,0.4980631694224772,2.8674701555818745,47.07381902478572
43.89999999999964,1.1128134169001795,1.2288685551144556,2.986560831425502,0.8173051035170161,1.013157977396959,-2.9153366364470576,1.0728424301827448,1.201849288669961,2.9855390056257285,5.253093043904621e-05,6.399245434708878e-07,5.804869133742088e-05,0.00019868446417727135,0.34585340052023117,0.47936811780673855,3.2477658748859253,46.83325332623624
43.94999999999964,1.0961649498964776,1.2323709823411915,3.010929648566103,0.8003154012905253,1.0090358253185985,-2.8917947618079594,1.0556459308080535,1.2024197932516245,3.0156170792427615,5.255521085213921e-05,6.50240401444134e-07,5.802966167679011e-05,0.0001986846947688729,0.34966054165200716,0.4708374927819929,1.2993835827597915,49.244083053377786
43.99999999999964,1.079448308226591,1.2354656124646217,3.0354706790028216,0.7836151901264673,1.0045567817257555,-2.867318539491551,1.0382418063892869,1.2045932940122928,3.0388542851280373,5.257441813023036e-05,6.596760996771798e-07,5.7996642509865704e-05,0.0001986852835152301,0.3458171829379616,0.489524446328196,1.3731802340626904,51.6608482335519
44.049999999999635,1.0626525087926155,1.2381534716769984,3.060197209151163,0.7667048158364547,0.9995762097030118,-2.8430093338717217,1.0214716700964974,1.2064311974136546,3.0668604249804323,5.259226670952819e-05,6.747954993525668e-07,5.798684780107613e-05,0.0001986857446742174,0.35258029462963536,0.4861841123966118,3.6919833695397664,51.64802364064254
44.09999999999963,1.0457942639563278,1.2404252643529872,3.0850267955572073,0.7501865814831803,0.9942540419410729,-2.816782150888428,1.004487738031339,1.2066567245091924,3.0985080792556534,5.260572606078386e-05,6.874070518844519e-07,5.7957387289324404e-05,0.00019868627809005508,0.3470992944716183,0.52454365966591,1.9015247095949794,52.83251011129924
44.14999999999963,1.0288983138497578,1.2422894265157036,3.110047005073591,0.7338904045224142,0.9885419582859509,-2.7921328800474536,0.9883934360641508,1.208632644498173,3.1221145071074448,5.261471646412838e-05,7.009674828098263e-07,5.7922240522815646e-05,0.00019868927028895633,0.34537422131027157,0.49298541681951386,1.5335678849563796,51.57909378826034
44.199999999999626,1.0119649761574112,1.2437447933078152,3.135212967556647,0.717261524996464,0.9822462867585585,-2.7672085826537853,0.9713347287636883,1.2102824906222978,-3.137247025206188,5.262175016580685e-05,7.198357423279379e-07,5.792387901074784e-05,0.00019869178657165,0.35562422955528106,0.4984859478733953,1.702996573572953,51.66447831489874
44.24999999999962,0.9949939502496117,1.2447818592751025,-3.1226576688168373,0.7011889286506704,0.9756964044622384,-2.7420345327127156,0.9557317378706502,1.2118805623358548,-3.115267979104784,5.2626615737000673e-05,7.347674876535668e-07,5.7895542535573264e-05,0.00019869539544368987,0.3471283452186523,0.5034809988214254,3.393661917019195,49.42151547309676
44.29999999999962,0.9780070425488431,1.2453910379062836,-3.0971928376437727,0.6852090876717849,0.9687063658080335,-2.7164498382289515,0.9397181096284598,1.2120774914973351,-3.0874573662858342,5.262990524091721e-05,7.498330905400343e-07,5.787379473992798e-05,0.00019869963943885548,0.348845268294126,0.511693889675315,3.0570008434193414,47.90540108583223
44.34999999999962,0.9610099540767744,1.2455766092088714,-3.0715827611723703,0.6693519917070886,0.961289442561336,-2.6917268436160935,0.9227166410962423,1.2125536376256503,-3.0647119848037545,5.262986033411244e-05,7.65485545628756e-07,5.785777391717663e-05,0.00019870557237460854,0.35012789261852967,0.4944598922571881,1.7099754273053605,47.99758690118241
44.399999999999615,0.9440302465284827,1.2453279302616853,-3.045773277524999,0.6536566933079443,0.9534628109061751,-2.6663069499684706,0.9043949860770308,1.211942032940334,-3.0417373966525307,5.262800094716577e-05,7.805054226970041e-07,5.784442435017326e-05,0.00019871129041641326,0.3507792005678628,0.5083978729524818,1.3528549348040388,50.95751828397678
44.44999999999961,0.9270426050519118,1.2446472557292523,-3.01978403743039,0.6382466332308191,0.9452755455999241,-2.6401425496596165,0.889221548270617,1.2113896747587174,-3.021822203595123,5.2624688545985944e-05,7.949263892421124e-07,5.7825572089343207e-05,0.00019871953496572583,0.3490092471865913,0.5232880061771147,3.326184120711693,49.582922793952406
44.49999999999961,0.9101057863718445,1.2435370097733847,-2.9936432635452634,0.62324364214629,0.9367981194069286,-2.614395281001045,0.8741567358971744,1.2120897675158169,-3.0037039876772478,5.262091709003223e-05,8.083902765785347e-07,5.779177057152606e-05,0.00019872886845523536,0.3446580344609891,0.5149453731714561,4.037768215456749,47.06432873939638
44.549999999999606,0.8932008714230764,1.2419999353811073,-2.9673755279175515,0.608190983596354,0.927780725971783,-2.589339055435001,0.8575914567696287,1.211902993216089,-2.9822614057831895,5.2616937496590896e-05,8.203396169198191e-07,5.7781757932004384e-05,0.00019873932347640213,0.350948442224355,0.5011245113209133,2.132250624254504,46.52628583043708
44.5999999999996,0.8763309425369105,1.240007120613014,-2.9409569843815344,0.5931582558355211,0.918248984285742,-2.5636619621908547,0.8398389506430732,1.211354606648355,-2.96159877793513,5.261139775992679e-05,8.302987569161714e-07,5.77909741015123e-05,0.00019875018146626512,0.3560080965225485,0.5135418648829557,2.330648980255489,48.16543554473058
44.6499999999996,0.8595270224527157,1.237578326865099,-2.914425835374409,0.5787126963614192,0.9085567012065878,-2.5375957507461,0.8230837097573034,1.2065046293318564,-2.9335306204062053,5.260568675514123e-05,8.407102294028328e-07,5.7771914719560696e-05,0.0001987633514218765,0.3479262419592619,0.5213242288951208,1.3803197487580425,50.30501370804734
44.6999999999996,0.8427942097763793,1.2347192630023653,-2.887773740249167,0.5644886191748646,0.8984572278480748,-2.5107423851005213,0.8060469955828521,1.2043502908084263,-2.907400946868145,5.259570701839376e-05,8.509482432085962e-07,5.775782522488905e-05,0.00019877742267412665,0.34890802340473664,0.5370673129116079,1.2316443352167856,49.76337489060224
44.749999999999595,0.8261470723124675,1.2314128029854554,-2.8608783475223665,0.5504900776536631,0.8879262304426381,-2.482509567811559,0.7883088822281257,1.202135941365504,-2.884549708689855,5.2582572897010816e-05,8.599836575696404e-07,5.775041617897424e-05,0.0001987930898250865,0.3503606455798922,0.5646563457792805,1.3997457036362992,51.45488579587561
44.79999999999959,0.8096080902426037,1.2276716099207527,-2.8338221596742836,0.5368330226785188,0.8770488753593332,-2.455513274696741,0.7727135626443885,1.198135122048972,-2.8577071801938603,5.256852822666292e-05,8.685692728084861e-07,5.774010455781873e-05,0.00019881093767462626,0.3491993804901732,0.5399258622963876,1.380658233475626,50.29271804352449
44.84999999999959,0.7931652022525549,1.2234957021674757,-2.8065710270124895,0.5235622652261072,0.8658572861900312,-2.4264574066291855,0.7565048749212485,1.1911024935902172,-2.8171960410209795,5.2551163911545726e-05,8.777512049273746e-07,5.772449725478718e-05,0.00019883009696918346,0.34720937457766615,0.5811173613511421,4.384646635677162,48.07869678873558
44.89999999999959,0.7768561667934766,1.2188696518878714,-2.7792335937368793,0.510547690522184,0.8542493398589671,-2.4000629535174363,0.7412302825896454,1.1852732342303418,-2.788500575022477,5.2525951322427785e-05,8.855487966909822e-07,5.771719843118192e-05,0.00019885117711099606,0.3487929067164577,0.5278890622350165,2.3810249299089095,47.63910624235282
44.949999999999584,0.7606745938348093,1.2138049254919758,-2.75172898236876,0.49794641161159586,0.842383261820112,-2.372404418086763,0.725550362467244,1.1797962408603058,-2.7597695199202295,5.2496891862231785e-05,8.943357238303233e-07,5.770281080034726e-05,0.00019887298343232223,0.3461878900535929,0.5531707086134973,2.7874557445208623,46.953286159097054
44.99999999999958,0.7446351362927837,1.2082983142620074,-2.7240797911023265,0.4855969220540235,0.8300668408329798,-2.3426658783246097,0.7090291481947338,1.1722317241972418,-2.7257203156924796,5.246469362496001e-05,8.996043275099456e-07,5.7699392436394305e-05,0.00019889570102162127,0.34884182009142234,0.5947707952430968,1.5253066797471244,48.47156802020554
45.04999999999958,0.7287526840837166,1.2023511273896226,-2.6963344676336667,0.47354049838841894,0.8173376550584379,-2.3154499188251583,0.6925102976971481,1.1665117949370383,-2.6990516070152744,5.2427876375779656e-05,9.016539866090653e-07,5.7703700903987444e-05,0.00019891799062429105,0.350661373193485,0.5443191899890599,1.7737060248339198,49.09755630698587
45.099999999999575,0.7130572240006463,1.195983094983569,-2.6684214242715165,0.4619025781631772,0.8043498190860237,-2.2874142181046073,0.6777583137566922,1.1595772741276797,-2.673056748846519,5.238894466151276e-05,9.038413445569332e-07,5.7703631675412226e-05,0.00019894206446678471,0.34879506384323594,0.5607140144110537,1.634752126209603,48.95851754341413
45.14999999999957,0.6975321254673592,1.189181252857565,-2.6404125064342434,0.4504777469167772,0.7908408051935903,-2.2581855008680165,0.663150568786743,1.152496430977828,-2.645463555596193,5.2349837762721144e-05,8.986742332249123e-07,5.772080131852941e-05,0.00019896406351517718,0.35386014819723505,0.5845743447318522,1.01975228748759,48.120796985931506
45.19999999999957,0.6821919545473847,1.1819460883942114,-2.612188970838507,0.43963528253618744,0.7772337979228319,-2.229016551804635,0.6476805194881129,1.1443847239976073,-2.6154231167511632,5.230650830453581e-05,8.983245288289793e-07,5.772031315900137e-05,0.00019898519766144997,0.34798341594753046,0.5833789812676604,1.6617516872965248,48.91258387267332
45.24999999999957,0.6670789157168521,1.1742953184075775,-2.5837866667464513,0.42918743505177515,0.763303766261886,-2.1996080666779196,0.6336513560228115,1.1354962543096756,-2.584669511262321,5.225987058961957e-05,8.959199582319421e-07,5.772233414908713e-05,0.00019900583115439947,0.3482672263761247,0.5881697025343401,1.0876092363663017,48.68088854989879
45.299999999999564,0.6521862704215946,1.166232255784877,-2.55527031454841,0.4191655514478683,0.7491099757105204,-2.1715679032487705,0.6197808345326027,1.127644238313616,-2.5578034686802082,5.2209194719647844e-05,8.927025617062618e-07,5.772337826437112e-05,0.00019902431650050987,0.3475178400275015,0.5608032685830124,1.3902292015534456,47.36922417859913
45.34999999999956,0.6375162715823657,1.1577532818761425,-2.5266275384216925,0.40943675000377977,0.7344760092679223,-2.1434564363357063,0.6062690198386987,1.1174035582480908,-2.5319439923696865,5.21590242527832e-05,8.819114021133067e-07,5.7736423053502885e-05,0.00019903996264217567,0.35146714682173175,0.5622293382613178,3.706536535140962,49.200340451477864
45.39999999999956,0.6230976268902335,1.148860884448943,-2.4977879725571395,0.40017160883898223,0.719667062810191,-2.116262011610624,0.5916648155452238,1.1089368871913399,-2.511516076401549,5.210591573526318e-05,8.726759585916033e-07,5.774394056120033e-05,0.00019905211586082093,0.3493803327895814,0.5438884945016745,2.5589080111689952,51.09847807165066
45.449999999999555,0.6089413550482611,1.1395756969723418,-2.4687876964323525,0.3914081234182518,0.7047606180358631,-2.088279160697488,0.5774461532060085,1.0983377352264418,-2.482658734861183,5.2050317753098395e-05,8.678875331395162e-07,5.77419853860235e-05,0.00019906197731178353,0.3458440597084774,0.559657018262748,0.794572589211358,53.08113712663215
45.49999999999955,0.5950669604712039,1.1298862289032154,-2.4396107485738807,0.3829405236161088,0.6893804360834112,-2.059848302659663,0.5649147834639591,1.0877497508663272,-2.451442077711936,5.199492599677958e-05,8.531516531921875e-07,5.775458964415621e-05,0.00019906641466553357,0.3511529625182073,0.5686171607565392,3.2780463278971284,52.189952725264
45.54999999999955,0.5814693619818995,1.1197967147367822,-2.410295823629811,0.374957044998596,0.6738380691195361,-2.030774556447792,0.5515182403275536,1.0769822939554,-2.4264957063506096,5.193352621966798e-05,8.384588041354219e-07,5.776293712081283e-05,0.00019906681311487366,0.34946965994992285,0.5814749242374527,2.1317303863269013,54.397640982854604
45.59999999999955,0.568178831789051,1.109320498593123,-2.3808527742663412,0.36738367869511723,0.6579395908486788,-1.9999295122135774,0.539345182921171,1.064607684270136,-2.396417107941567,5.187249540055117e-05,8.179229390112903e-07,5.777754124696425e-05,0.00019906107885015392,0.3522170224429835,0.6169008846843245,3.373617880295134,56.05143090760376
45.649999999999544,0.5552162503437994,1.0984723418574343,-2.351350652343173,0.36042738013378534,0.6421027826746144,-1.969417783932809,0.527715698554129,1.0538127128895192,-2.363274846828101,5.1800152483636244e-05,8.064947045854225e-07,5.777609698141103e-05,0.00019904822312221868,0.34595826080697406,0.6102345656153992,2.65596557021019,53.16883991181064
45.69999999999954,0.5425534776198281,1.0872333638298373,-2.321718804385752,0.3538647972619248,0.6258459050368232,-1.9395250774547812,0.517028813267874,1.0406161850691198,-2.33228614770623,5.17278403600984e-05,7.842938958939345e-07,5.7784574168260484e-05,0.00019902889826485263,0.350643096284377,0.597854129560591,1.3392488226491497,54.17009465680167
45.74999999999954,0.5302369244540469,1.0756369932619092,-2.2918700042847266,0.3478027002244511,0.6094217867683235,-1.9092388737535055,0.5065302156805308,1.028726125287694,-2.3033806962970127,5.16498720538196e-05,7.61258649059088e-07,5.778978794976092e-05,0.00019899999979523827,0.35015659966101564,0.6057240740255477,2.4240440072674914,53.299982259596085
45.799999999999535,0.518261871819383,1.0636903333599514,-2.261913812697896,0.34225477169434854,0.5929124089337048,-1.8807356838027016,0.4946937380193321,1.016301564013092,-2.27354596686667,5.156590875732141e-05,7.399031455216209e-07,5.778972331305636e-05,0.00019896476699246305,0.3483444302154316,0.5700637990161092,1.7102373365599022,53.86487960970864
45.84999999999953,0.5066309271380687,1.0513823626159566,-2.231834171833877,0.337188420740416,0.5762228712486375,-1.8503044694024582,0.4832510085503898,1.0023417265820114,-2.2424443582894638,5.147744818895869e-05,7.159973955084178e-07,5.7788505741817406e-05,0.0001989214406835179,0.3488449841805162,0.6086242880049051,1.7490091097415728,56.18844189808582
45.89999999999953,0.4953902970405141,1.0387526689919082,-2.201624368968868,0.33262191627612736,0.5593547592900928,-1.8200503634763583,0.4733338646891212,0.9890563579040822,-2.207186429746699,5.1384217506022756e-05,6.89537538432443e-07,5.778599446306588e-05,0.00019886829290554871,0.34951936068961237,0.6050821185220328,2.9488952291101844,54.73708083143173
45.94999999999953,0.4845336847092751,1.025781135542791,-2.1712680223414904,0.3285167783723989,0.5421240447115249,-1.7893127901793484,0.4638154356976651,0.9751177908007708,-2.175595122025922,5.129223768314626e-05,6.519910642944804e-07,5.778786476000127e-05,0.00019880427018554962,0.35427355858461446,0.6147514659402339,1.7714316034951296,55.09611952843743
45.999999999999524,0.4740803223529908,1.0124981881047304,-2.1407810129339726,0.3249740586481697,0.5249952394976963,-1.7601847035746345,0.4548116087886052,0.9611124014777416,-2.144221383719152,5.1187711356182126e-05,6.213984052023839e-07,5.777834337556936e-05,0.00019873071864901382,0.3498390850746387,0.5825617320943088,1.0533994456272993,55.11820351009806
46.04999999999952,0.4640261618442464,0.9989053526554784,-2.1101621979217984,0.3219003011540799,0.507548895204553,-1.730195428890829,0.4460570588776792,0.9490353515452946,-2.1168247953026884,5.1085648698349096e-05,5.819383798496818e-07,5.777147246647881e-05,0.0001986457682912896,0.35431423074858814,0.5997854936761436,2.84694171616004,52.14882659988568
46.09999999999952,0.45439069979928776,0.9850146614148556,-2.079324671407173,0.3193967385747355,0.49020872119384845,-1.6981741685499099,0.43785370615170044,0.9354731765520767,-2.0873127986710025,5.0972455400792705e-05,5.492628012510621e-07,5.7755020084401846e-05,0.00019855336623096753,0.35041443434405356,0.6404252068184185,1.8541785319694932,50.94980359628116
46.149999999999515,0.44519085677106585,0.9708487511540183,-2.048293315323978,0.3174740455693829,0.4730691000487698,-1.6668409642366646,0.43042651876154564,0.922979324739625,-2.056471499885129,5.084314658052616e-05,5.260110491707566e-07,5.7727346010635554e-05,0.00019845312019080926,0.3449566345463122,0.62666408626494,3.646948470389618,46.951687617699974
46.19999999999951,0.43644008491687947,0.9564058953847885,-2.017265533174234,0.31608057309613224,0.45596960892947896,-1.637376417165494,0.42281752225910435,0.9081866026153825,-2.0252012156767396,5.070485676665486e-05,5.049638664697554e-07,5.769415247343594e-05,0.00019834688182880173,0.3431359247268435,0.5892909414234433,0.9077756736925439,46.85755982436147
46.24999999999951,0.42812510355574335,0.9417023026054071,-1.9860985643911298,0.3151873827838271,0.43851772141267975,-1.6064873126209493,0.41637150613584817,0.8921891102455702,-1.990373104703832,5.057369283915997e-05,4.725423751330978e-07,5.766326643373966e-05,0.00019822903548681443,0.34950848234761395,0.6177820908909307,3.6025456624690158,47.43168608114078
46.29999999999951,0.42027361482337133,0.9267301946130475,-1.954794901636061,0.3148451234068807,0.42097624153293717,-1.5741232524515796,0.4098753065371344,0.8768196815824173,-1.9602802037756457,5.0438202098733094e-05,4.3748180083781214e-07,5.7626908384961205e-05,0.00019809764185048845,0.3509116855869704,0.647281203387432,1.6190747055683306,47.87688295858568
46.349999999999504,0.41288923817225837,0.911538261530428,-1.9232806314326434,0.31506201399525235,0.40321429483395116,-1.5430486759792943,0.4043802530931082,0.8603833352634028,-1.9253137234258122,5.030740767241637e-05,3.97124296556438e-07,5.758866568425618e-05,0.00019795378060065706,0.3552797117843356,0.6214915294457414,0.9296949314622927,48.77126190081035
46.3999999999995,0.4059847657253418,0.8961489275152681,-1.8916022106806356,0.3158320823293135,0.3855789679188634,-1.5112669504379315,0.39922952097535325,0.8441736282362043,-1.8914268236520213,5.0164263192263586e-05,3.609486996208955e-07,5.754061405857896e-05,0.0001977976847813992,0.3530574968121359,0.6356345108272918,0.8554589313058865,49.40401158912564
46.4499999999995,0.3995391794784321,0.8805069107085292,-1.85976558066824,0.31713392538520246,0.36830600694373455,-1.4798724714379121,0.3944212949685353,0.8283447023849803,-1.863373599351819,4.9997818234398296e-05,3.3576093530548867e-07,5.7480807264747784e-05,0.00019763313606256167,0.34645324177592807,0.6278895800004205,1.288852368308679,50.251078512863835
46.499999999999496,0.39360298817880834,0.8647218160348025,-1.8278380372683394,0.3189846853142,0.3510318896842538,-1.4482532264939003,0.39028230759299953,0.8126307732542899,-1.8288474361138345,4.9828024764621e-05,3.120147740429916e-07,5.741646914017271e-05,0.00019746058465073207,0.3474740777392495,0.6323848988802733,1.76273561899902,49.32745783416137
46.54999999999949,0.3881691573767016,0.8487291874684713,-1.7958487846002364,0.3213937294262439,0.3337526258564875,-1.4162888384445642,0.38671771128613813,0.7976076149165711,-1.7965902984743995,4.965555352527531e-05,2.875876390658273e-07,5.734553946359103e-05,0.00019728084819748944,0.3489426136008079,0.6392877609867604,1.8432323492163947,47.38363751321068
46.59999999999949,0.38324165720324416,0.832381327355012,-1.7646713314980942,0.3243657419978834,0.3164776982939906,-1.3845556152416705,0.3835480232437327,0.781538584954937,-1.758864121369918,4.948217798763477e-05,2.636341932360889e-07,5.726877699126834e-05,0.00019709539700268108,0.350589084910737,0.6346644640579097,3.4311773394219753,45.8461867840531
46.64999999999949,0.3788379910809728,0.8157543120822419,-1.7341159504565975,0.3278238832206905,0.2996443260966042,-1.351807579075009,0.3826400307649704,0.7667628350540128,-1.7250077943506112,4.9283631025508684e-05,2.4862242002780476e-07,5.718108481822355e-05,0.00019690685306208064,0.3437135751577092,0.654960723333266,3.5727735907942852,42.69444569202395
46.699999999999484,0.37497306195911817,0.798970500231777,-1.7033490707703944,0.3318788662916331,0.28276522218255473,-1.3182472008670976,0.3812309960085045,0.7493632914759557,-1.6896360059258972,4.9091291977535006e-05,2.3197193717973427e-07,5.7087260469344516e-05,0.0001967177234496313,0.3472032961508048,0.6712075641582665,0.8462745719534916,44.067312281701476
46.74999999999948,0.3716030934011172,0.7821147394902886,-1.6726260985936374,0.33655177939837466,0.2658397306145879,-1.284591902862452,0.379395991844665,0.7341075893400576,-1.6612589496536494,4.8904745575961014e-05,2.155485300938049e-07,5.698582687394937e-05,0.00019652244910873132,0.35119082253003675,0.6731059600929492,2.619033241487144,41.968848785689616
46.79999999999948,0.3687257530936868,0.7651736886503965,-1.6417923302981257,0.3418352700545191,0.2489002700406538,-1.2523165947113686,0.3750646475323169,0.7165005207244186,-1.6385703528904885,4.872534362404215e-05,2.021078636106164e-07,5.688020894608494e-05,0.00019632579714082182,0.3549016381361067,0.6455061630217022,4.247026231780028,43.45720107200145
46.849999999999476,0.3663746996839391,0.7481304847856591,-1.6107829293696578,0.34760444330445117,0.23230956515399498,-1.219964419019624,0.37490962318978766,0.7003364664076032,-1.6041809039440018,4.85283236638324e-05,2.0062701920843033e-07,5.677116643532736e-05,0.0001961227251505345,0.35131852273412373,0.6470435138349295,1.390237273548624,42.32795462608401
46.89999999999947,0.3645580799873279,0.7310597252925939,-1.579648292138373,0.35390003641610873,0.21592137803324832,-1.188083964448695,0.37464543168434616,0.684293650285223,-1.5724939200804227,4.832749259466056e-05,2.0456215219449681e-07,5.665455402550152e-05,0.0001959232990269421,0.3511314712557896,0.6376090914186177,1.7309717655312753,41.232292508849355
46.94999999999947,0.36326239514227354,0.7139115666958116,-1.5484129908201774,0.3606742191114119,0.19986228407019582,-1.1551461870730864,0.374097673983668,0.6696880957809025,-1.5446831299646597,4.811623067721948e-05,2.1575125743185013e-07,5.653174980778274e-05,0.00019573043342031206,0.34860379580930295,0.6587555475122068,4.700587466734423,37.851071503562906
46.99999999999947,0.36251289825976873,0.6967419231231518,-1.5170569720236153,0.36803644176864914,0.18390977637813916,-1.1216798238478707,0.372951629304765,0.6518838341259304,-1.5140670939011018,4.7911428373211593e-05,2.319844631817002e-07,5.6405240253849584e-05,0.00019554587904600324,0.3514049722196857,0.6693272645043502,1.8556235173939144,38.73226276611559
47.049999999999464,0.36229853477803,0.6795450642184802,-1.4855362163751442,0.3757788198074898,0.1685157978015001,-1.0879056188324134,0.3753681386871068,0.6356847910502929,-1.4780781693288125,4.7682113658672137e-05,2.586794517751068e-07,5.6273041187081626e-05,0.0001953672152307827,0.3446431315275851,0.675484100309185,1.2813167287157696,38.176283237618144
47.09999999999946,0.362583074197596,0.6624374706114418,-1.4538557956611873,0.38403959036171503,0.15337133903340966,-1.0549776445206538,0.3766162313109798,0.6185477320901286,-1.446905125046153,4.7455235718955184e-05,2.9059841241788093e-07,5.613346013080363e-05,0.00019520572206822292,0.3450344052221611,0.6585594862352314,1.9664169074452202,38.914777628403485
47.14999999999946,0.3634313332837885,0.6453468847844819,-1.4220512872128008,0.3927493906326502,0.1385948321846154,-1.0213842126011583,0.37792435381640177,0.6044758797124529,-1.4184592661211313,4.722224309663131e-05,3.302467651441655e-07,5.5988555004204006e-05,0.00019505960583254117,0.3430646848817268,0.6718686383899471,2.903607358151156,34.98042461370801
47.199999999999456,0.3648119131916962,0.6283999008530418,-1.3894780535686713,0.40228782999036455,0.12359630480496324,-0.9873269888193339,0.38031070349864354,0.5876144103181761,-1.3833638076477903,4.702813750622521e-05,3.7702038857544994e-07,5.584004529071791e-05,0.00019492955513675773,0.35550988091566926,0.6811444756365271,0.7879056276240954,35.36289871181481
47.24999999999945,0.3666313348119149,0.6116470982091445,-1.3558394594483927,0.4122179877669638,0.10910822112947544,-0.9525433894764959,0.38294876159958957,0.5720675108152007,-1.352546542924729,4.6824336710163994e-05,4.3211797613653964e-07,5.568558959390857e-05,0.00019481918298579816,0.35130824623955403,0.6956719868567954,2.211205963896003,34.538576093231015
47.29999999999945,0.36897904977506496,0.5949725874706034,-1.321924292242473,0.4226248835275155,0.0949886712944479,-0.9187188552047965,0.3874913836732789,0.5542176229733669,-1.317443480323889,4.6623461439259345e-05,4.958068700650678e-07,5.552812756545295e-05,0.0001947327088081108,0.3508244586000975,0.6764906854340235,1.1134250300636863,37.99289622584258
47.34999999999945,0.37188222431062484,0.5783967953669983,-1.2877788522772233,0.4335438604449296,0.081196922572744,-0.8835505174089873,0.3935209438666468,0.53793951067452,-1.2796828266186302,4.643238593932778e-05,5.696872873808771e-07,5.536403988963816e-05,0.0001946752049653579,0.3518342135633159,0.7033667559162258,1.3915282228333448,40.26098532078488
47.399999999999444,0.3753703886667584,0.5619255542461686,-1.2534985395165745,0.44493603405627064,0.06778866565702014,-0.8494736205436508,0.39756820052433633,0.5211207020036314,-1.2462298460061876,4.625286840771297e-05,6.51516036180526e-07,5.519505662942157e-05,0.00019465530444130375,0.35190506170031877,0.6815379373067705,1.519008526707282,41.52157805760592
47.44999999999944,0.37943000916435665,0.5455912876220357,-1.219237566966588,0.4566721994732671,0.05489890194911058,-0.8149439913461438,0.4022786780173209,0.5066591644600332,-1.2153238179031602,4.607316319518833e-05,7.407566704368802e-07,5.5022975483410055e-05,0.0001946693863299878,0.3486624626703969,0.6905925839501772,2.5082296235751,39.89030580644039
47.49999999999944,0.38405030145911,0.5293896578153515,-1.1849433858103777,0.46901733172404786,0.042222505244348764,-0.7823291428724239,0.40961928812964477,0.48905558300513957,-1.1816731232354296,4.5919846726540504e-05,8.41323058636131e-07,5.4852345427739976e-05,0.00019472022756825515,0.35390455155901623,0.6522969694744365,1.1831891537360506,45.22924321453774
47.549999999999436,0.38921678009328076,0.5133513957216963,-1.1505411499585037,0.4816620152223101,0.030063354334151283,-0.7493223824055146,0.4141059561713944,0.47247325291997644,-1.1517964717140023,4.57739264088498e-05,9.485340462421427e-07,5.46791415298835e-05,0.00019481750350690722,0.35086231565147563,0.6601352093382198,4.03209867646854,45.91869971343453
47.59999999999943,0.39492326053268245,0.49750971536726346,-1.116118736791426,0.494527673421817,0.01848436275716806,-0.7162991636631038,0.4201525192815256,0.4582443202025742,-1.1176809722240049,4.562814640247905e-05,1.0601869030026979e-06,5.4505284783573494e-05,0.0001949539596650656,0.3461938388483646,0.6604643748482592,3.3717706977179276,44.07987862340342
47.64999999999943,0.40115718726955907,0.48188190474774384,-1.0814418621316435,0.5079679342763177,0.007184201332904023,-0.6819224678996925,0.4279643522452722,0.4434787309627252,-1.0824625464488262,4.5513652282295474e-05,1.1819964218303431e-06,5.433459046595559e-05,0.00019513390726851458,0.3512062792901265,0.6875339152682624,1.1427638902251904,44.84944072563798
47.69999999999943,0.4079277152333394,0.466455737526582,-1.0466789321285224,0.521816869277058,-0.0036728560254924193,-0.6478489588260823,0.43481177812819,0.4279927830404051,-1.0526693894574084,4.5422137369500195e-05,1.3093949689416153e-06,5.416714705160527e-05,0.00019536184838682866,0.35196514453995514,0.681470181472239,1.1389207453098824,45.91630586738306
47.749999999999424,0.4152324914065434,0.4512825016137296,-1.0118341268011286,0.5361223233969249,-0.014128537890849167,-0.6144643910905176,0.4429446277178725,0.4159280216902349,-1.0157573815594128,4.5355602570663846e-05,1.4457468605593006e-06,5.4006151982937396e-05,0.0001956332843045792,0.3543989068558764,0.6676913547113303,4.005514361206936,42.472694374470834
47.79999999999942,0.42301961194234305,0.43638019483832374,-0.976828836203747,0.5505808741315336,-0.023944823341547385,-0.5784193195579266,0.4515510303859915,0.40264744023349985,-0.9821446769557483,4.529994789068668e-05,1.5768801863322915e-06,5.3849368187722876e-05,0.00019594630407932616,0.3495381057192318,0.7209014306518647,2.512051337515185,41.80375482584283
47.84999999999942,0.43133366634495357,0.42175693316331514,-0.9417794278781428,0.5652674329841906,-0.033160811608416545,-0.5423876402793493,0.4594357546110908,0.3883491058602656,-0.9549955815333426,4.526071927165768e-05,1.7052100626195047e-06,5.369832891095444e-05,0.00019630041835927065,0.34679214404439446,0.7206335855715846,3.8878952071375474,42.4746952555694
47.899999999999416,0.4401563344090958,0.4074243753528707,-0.9066815105413283,0.5803889075221683,-0.041905449564138594,-0.5062229423017657,0.4694084436441897,0.37414319907802557,-0.9183115292144999,4.524856040817184e-05,1.8393128810798015e-06,5.35585103565414e-05,0.00019669199358680274,0.34937712767579143,0.7232939595517097,1.3339539912557299,43.54959787197534
47.94999999999941,0.44946928013289644,0.3934049098877639,-0.871445348284892,0.5958752256766624,-0.050139549442788506,-0.4711492013050753,0.479266548463859,0.3606313210758135,-0.8838458212833418,4.526474685957678e-05,1.9755533674957533e-06,5.3428866032253286e-05,0.0001971225404689158,0.35080364236072376,0.7014748199338476,1.603219051775715,43.85833989155054
47.99999999999941,0.4592745497207874,0.3797257140643032,-0.836094856719537,0.6117507139777154,-0.057885058008064046,-0.4366780045023999,0.4898576925295935,0.34587591915366267,-0.8507915533766464,4.530997843038115e-05,2.114970042422739e-06,5.331346121282498e-05,0.0001975850504787911,0.35330153172368506,0.6894239360535509,1.5326543196505837,46.8489799386251
48.04999999999941,0.4695379760953943,0.36640868771892554,-0.8006063928198475,0.6275834819696946,-0.06493220230274166,-0.4008630470766614,0.5004685648420385,0.33435986763075437,-0.8192359852798594,4.536453230002263e-05,2.242426642492585e-06,5.320141700890609e-05,0.00019807837412686048,0.3466242294185388,0.7162991485148116,2.191904297972069,46.1683155469425
48.099999999999405,0.4802846557287495,0.3534691602232018,-0.7649822887524599,0.6436317254467191,-0.07139395589125028,-0.36470681010991113,0.5120496030410865,0.32207099067089096,-0.7791732358915477,4.543919248226996e-05,2.364883566297345e-06,5.3103522862001474e-05,0.0001985875574661474,0.3460248464420983,0.723124739335045,1.628720927804188,45.388885478967566
48.1499999999994,0.4914849435483518,0.34091763058287317,-0.729263090093491,0.6600869123470032,-0.07734434571365058,-0.32925664482450445,0.5245025349850907,0.31123593327506816,-0.7416677058123677,4.5543720762544904e-05,2.4905494880735738e-06,5.30257111846181e-05,0.00019911243185992495,0.3499785033815939,0.7090033057081734,1.2968809043970881,44.91685293712984
48.1999999999994,0.5031128613792235,0.32877536086256104,-0.6935176352089567,0.6767893864571574,-0.08271623593014837,-0.29309129703830017,0.5361151701884762,0.2994374015363778,-0.7119125454350699,4.566933979887607e-05,2.612905017754887e-06,5.296703568123637e-05,0.00019964286124641637,0.3509207316824612,0.7233069557241265,2.830541279586068,45.851866858454464
48.249999999999396,0.5151630437723858,0.3170563025969232,-0.6577331581937579,0.6934089152741122,-0.08741714392588049,-0.2582160723565128,0.5478297440592701,0.2904872516906022,-0.6795777110002246,4.5801431001211016e-05,2.72048245440325e-06,5.291597467592249e-05,0.00020017476766540218,0.34544898979963495,0.6975044936357864,4.244213876253734,43.32064742441732
48.29999999999939,0.5276183210194686,0.3057588220644984,-0.6218074403226913,0.7105501497957403,-0.09161758716864832,-0.22241101795952423,0.5610591282712725,0.28086662552960634,-0.6390150220718116,4.5959952461535414e-05,2.836371771909404e-06,5.289851879469413e-05,0.00020069560787773039,0.3529866407993883,0.7161010879398111,2.1124744737560293,41.41887568211334
48.34999999999939,0.5404717497420497,0.2949180241660643,-0.5857191836181955,0.7275513608626835,-0.09515179416161657,-0.18751019289317084,0.57398017909459,0.27070788890604985,-0.6097188180605171,4.6121810769444624e-05,2.936699446995505e-06,5.2886800195711086e-05,0.00020120360399819622,0.34731104552079234,0.6980165013271035,1.045551920127457,42.767025420820346
48.39999999999939,0.553700168359829,0.2845644475326178,-0.5496258289694231,0.7447221647206004,-0.09808724971363349,-0.15112853093225898,0.5883906676474858,0.2613706996742121,-0.5745419769076561,4.6296151225593034e-05,3.033270261116699e-06,5.289571300082903e-05,0.00020169733062810706,0.34841749565211744,0.7276332392182813,1.606520665367623,43.9692548913338
48.449999999999385,0.5672991690707535,0.2746816652285213,-0.5133405931391494,0.7619416260579188,-0.10038687807924603,-0.11439678296898759,0.6022400308010301,0.2525699206433387,-0.5409313922330465,4.647807185421744e-05,3.122379988078517e-06,5.292044317054e-05,0.000202170793015881,0.34746630015777547,0.7346349592654702,0.8501898142548814,44.22020366781292
48.49999999999938,0.5812205695868504,0.2653016705391283,-0.4770486666636812,0.7794945647319017,-0.10207453005982506,-0.07730676864221664,0.6183564697494568,0.24363018230694117,-0.5029305022805208,4.667306823208379e-05,3.2158881394965018e-06,5.297648025009262e-05,0.00020262040270470146,0.35269787366412675,0.7418002865354593,2.045077944189702,46.80272314796412
48.54999999999938,0.5955088094008284,0.256417070960413,-0.440557107173046,0.7970528958280089,-0.10312701245104504,-0.04243406043255238,0.6336578222177041,0.23584738791113227,-0.4663311066135911,4.6871388696540326e-05,3.3019233730893307e-06,5.304816703685386e-05,0.00020304215550568847,0.35181476234310827,0.697454164193323,1.6803756977995015,47.45767077804857
48.599999999999376,0.6100947539946245,0.24805584858694188,-0.40398817907466045,0.8143816731158433,-0.1035541821262777,-0.006857724459830017,0.6489590072452349,0.22897595677756843,-0.430167021948193,4.706538312458675e-05,3.373651790512688e-06,5.31214874499373e-05,0.0002034321265222194,0.34669911426881084,0.7115267194544876,2.311140425998332,47.569018540006496
48.64999999999937,0.6249612973595182,0.24024587726499683,-0.36739450613222746,0.8323016862486565,-0.1033603685549963,0.028487844179538868,0.6646841027584983,0.22230421004721404,-0.39303905202048073,4.7270480707644134e-05,3.4608224050568086e-06,5.324652851325935e-05,0.00020378792277160515,0.3584398820500712,0.7069113727874172,3.2304622025479612,47.88053461029974
48.69999999999937,0.6403306480361122,0.23295106795565768,-0.3318182028679481,0.8497586646962738,-0.1025357160069831,0.06592024099934912,0.6791733498795732,0.21696278441832167,-0.35769261764649496,4.7463789030197024e-05,3.527441582987939e-06,5.3358474010096006e-05,0.0002041082345328033,0.3495493178586908,0.7486479363962467,3.4637263270445144,44.84513951826512
48.74999999999937,0.6561045519020263,0.22617678768826005,-0.29707321137143927,0.8672060146898436,-0.1010630807676825,0.10248963603007732,0.6954360377010748,0.21275624924603348,-0.3172579402580773,4.7652903123040576e-05,3.590386151676215e-06,5.34856250033106e-05,0.00020439230676663872,0.3502072785064085,0.731387900614607,1.6726967309401206,42.16687890204212
48.799999999999365,0.6721082058921594,0.21997957540534796,-0.26228560147828367,0.8844806237483083,-0.09896508093715552,0.13922639232433331,0.7100835894143658,0.20662787740576424,-0.28701623276333565,4.7833091640330016e-05,3.645188894036858e-06,5.361755991528644e-05,0.00020463663290782802,0.3480504445558766,0.7347351258851641,3.46275164960804,40.846847637244586
48.84999999999936,0.6883080985419574,0.21432970288792044,-0.22742507556849642,0.9017086832242825,-0.09622008492527319,0.1767830244168218,0.7253941130689628,0.20213397550733586,-0.24692014946537366,4.800874151138935e-05,3.6960607292338135e-06,5.376289136270577e-05,0.00020484950022274016,0.34892796488916783,0.7511326418498162,1.9771889524432842,36.741477444902614
48.89999999999936,0.7046953368817552,0.2092109524159575,-0.19233536818412322,0.9187507304816227,-0.0928515868555175,0.21350235081958147,0.7415694022554618,0.19788933795212993,-0.20857959197153297,4.817423947630876e-05,3.740742090724654e-06,5.391197673563668e-05,0.00020502794875987298,0.3474547819607248,0.7343865280552373,1.6100310074619224,34.830054236997576
48.949999999999356,0.7212574662412128,0.2046631717479641,-0.15718451663840366,0.9358707558480761,-0.08879161446666697,0.25218997047262137,0.7596228221027466,0.19636000639292717,-0.1677139320815315,4.833119560058862e-05,3.7871216368735004e-06,5.4086460762519214e-05,0.00020517226091179623,0.3519188885273777,0.7737523930608405,2.692031274423003,34.75521283787444
48.99999999999935,0.737948968711829,0.2006985886020729,-0.12195606274292269,0.9529026890872748,-0.08407605272148165,0.2880102423450155,0.777001925841552,0.19528842711185415,-0.12394190864792654,4.8476530730321136e-05,3.8295132152907065e-06,5.427533365260637e-05,0.00020527688986606268,0.35347230133873275,0.7164054374479238,2.197876456845432,33.503263316910655
49.04999999999935,0.7547965435851357,0.1973216838406047,-0.08665923193331151,0.9694919492380827,-0.07882679055047827,0.3249036886764243,0.7941282838854207,0.1930872444622191,-0.09017743828212366,4.8605621693745895e-05,3.860629940214673e-06,5.444927925007943e-05,0.00020534579562024358,0.34801876331878273,0.7378689266282169,1.619347944326224,33.746133362833234
49.09999999999935,0.771740003623102,0.1945416473388297,-0.051301715673644215,0.9859463637429313,-0.07293628016914709,0.3626458241880193,0.8089252755934841,0.19076121127689388,-0.05209515601301895,4.87248779916564e-05,3.887372311149079e-06,5.463456064808476e-05,0.00020538396228551707,0.3495609417588196,0.7548427102319418,4.752702576047065,29.65095438773525
49.149999999999345,0.7887476807103905,0.19236027976415293,-0.015898457065974186,1.0020790889799234,-0.06647395513528861,0.3993536923409309,0.8251789013312362,0.1904681289571459,-0.01293527940192396,4.883176288245326e-05,3.90718056586624e-06,5.481538401236615e-05,0.0002053973630683148,0.3475976898313545,0.7341573630582767,1.7496017753001147,27.760759597336122
49.19999999999934,0.8058370475028445,0.19078293622418785,0.01955852596667203,1.0182446340563986,-0.05928792561864984,0.437233692234845,0.8424163926128927,0.18987378798980287,0.02406417719345555,4.892497741042194e-05,3.926129114737003e-06,5.502475105646882e-05,0.0002053821262693882,0.35383685112031577,0.7575999978783234,1.3246207330718274,27.69249370748883
49.24999999999934,0.822987680491619,0.18981222618999044,0.05507850720080223,1.0339850109286963,-0.051574573174475044,0.47405578827451045,0.8598761925130649,0.190067834811124,0.05937861145368428,4.9006363566750054e-05,3.936299311503275e-06,5.5222674621748764e-05,0.00020534079108823998,0.35059377564218025,0.7364419207933519,0.7089750261741828,27.985855759751004
49.299999999999336,0.8401413602269427,0.18944656954570888,0.09075180258197825,1.049299459602862,-0.04334332535742194,0.5123083358266354,0.8757395513380127,0.19154970099661553,0.09670196947046739,4.9076267856344414e-05,3.938846749257616e-06,5.540974239889045e-05,0.00020527459246686019,0.3477485537998989,0.7650509510425413,1.1203256590393036,25.86683266949386
49.34999999999933,0.8573211933355109,0.1896901480630017,0.12646877531939402,1.0645828473911467,-0.0343654507838769,0.5499383552866304,0.8922852217227899,0.19438788403485946,0.1369721248899145,4.913290251847112e-05,3.937701256252832e-06,5.5625222667697056e-05,0.00020518583912988023,0.3545257401001159,0.7526003891999404,2.974897508998596,24.95327756113501
49.39999999999933,0.8744530966444893,0.19056795539687532,0.162225015361694,1.079365401866252,-0.02490398128308551,0.5887489387030671,0.9101343374422296,0.19613974999357764,0.1743261543060437,4.917579807508194e-05,3.9285740011898675e-06,5.582494965569908e-05,0.00020507556103606527,0.35104529108527566,0.7762116683287795,0.9248747742013934,26.068515682609558
49.44999999999933,0.891552883260587,0.1920459316941164,0.19805305209716503,1.0936064844854054,-0.015000734160615562,0.6265149768838869,0.9267290731497446,0.2007871627942723,0.21062012786438133,4.9208032233887706e-05,3.912729237848234e-06,5.600593880233069e-05,0.00020494591583103966,0.34694005363724595,0.7553207636164437,1.6268050616451146,25.79819125876313
49.499999999999325,0.9085997337378308,0.19413175060986484,0.23396205754621463,1.1075494634574043,-0.004513842049547183,0.6632071290407882,0.942323314099478,0.20629652974349189,0.2517791690166371,4.922925702501581e-05,3.890491343138722e-06,5.619282461905589e-05,0.0002047974604009485,0.34895026607991836,0.7338430431380671,2.457188238725681,24.88723041690392
49.54999999999932,0.9255472386005531,0.19681510342010639,0.269898207988239,1.12116410592439,0.0065458845489588975,0.7012339150857292,0.9600229561664976,0.20949587004517473,0.2836710180727273,4.92364582299252e-05,3.861008873956041e-06,5.638419478093245e-05,0.0002046337613363022,0.35083507265733505,0.7605357208988599,1.4478052401635413,25.933528917379313
49.59999999999932,0.9423948627436692,0.200091079070262,0.3058232919830651,1.1342824484559666,0.01806362497447298,0.7398051198307942,0.9759069017842384,0.21346605524385082,0.3161927016499586,4.923729913339891e-05,3.8259440596674475e-06,5.6564647985753714e-05,0.00020445572828562295,0.34916302229519147,0.7714240949013426,1.805184470824741,24.879866420294633
49.64999999999932,0.9591139258432243,0.20396832221949662,0.3418876693710862,1.1470144753131233,0.030133446527027003,0.7776042171708015,0.9915206844962187,0.21472358556646104,0.3462321920867417,4.923159345205606e-05,3.7843305895664e-06,5.6747527364451794e-05,0.00020426719768595233,0.35089699288628623,0.7559819468001907,5.529153538236878,22.654497719012955
49.699999999999314,0.9756785477619989,0.20844565326027453,0.37799430520092686,1.1592426508818146,0.04265062334441877,0.8165490701886982,1.0074885692222715,0.2204871067801373,0.3821948895239853,4.922096484887658e-05,3.738212001204887e-06,5.692196402902012e-05,0.00020407183331365897,0.3499981133266971,0.7788970603579789,0.5254897685565298,22.322587191244605
49.74999999999931,0.9920891098102084,0.21352187778814385,0.41423356159825986,1.1709985802613123,0.05563747730502818,0.8536629592586,1.0232977798872698,0.2259645018753481,0.4200892376725669,4.9202686398686717e-05,3.6859760988961078e-06,5.7092351290450344e-05,0.0002038673577809224,0.35036865001360334,0.7422777813980784,1.2054065685762534,21.630267950710735
49.79999999999931,1.0082105741976028,0.21912988497159977,0.4509489110849485,1.1823351991189428,0.06915421771506919,0.8921242342831404,1.0393292806303822,0.233464960289303,0.4569894838674462,4.91753483420174e-05,3.62526352635932e-06,5.726611373591249e-05,0.0002036550922685836,0.35285099760676586,0.769225500490851,1.5538753608669393,22.28705173090455
49.849999999999305,1.023858233703186,0.2251581443904342,0.4891862111752516,1.193083821536401,0.08301843024310755,0.9305006535925529,1.054278803528779,0.2422351309738762,0.49476719879860065,4.914077547930998e-05,3.5600931903195594e-06,5.742574494145554e-05,0.00020343588363655642,0.350877212413497,0.7675283861882882,1.8303480615860575,22.828537649286638
49.8999999999993,1.0392736872946637,0.2317607502542137,0.5278063962730949,1.203356959419096,0.09738656184343589,0.9696544213866378,1.069552884944707,0.2509029946617352,0.5359063742490777,4.909921393668601e-05,3.4858854556012124e-06,5.758733196128465e-05,0.00020321211724820285,0.35328199878836997,0.7830753558817346,1.9448174780342347,23.755517495362906
49.9499999999993,1.0544162811630042,0.23892626087160868,0.5665931665078404,1.2129647641389976,0.11197920034289914,1.0074217887334154,1.084475563974567,0.2604924465368444,0.57783339151888,4.904947316298895e-05,3.409529119248045e-06,5.772757632694298e-05,0.00020298487566433845,0.34945174000696405,0.7553473469356045,1.1254384705363245,25.02190381051753
49.9999999999993,1.0692765905665893,0.24668404091404547,0.6053539404758221,1.2220791765739365,0.12703593389149928,1.045500399948323,1.0980344727958435,0.2717233331028739,0.6225489502744899,4.899272369595898e-05,3.3228259641825347e-06,5.786882777765778e-05,0.00020275490701042722,0.3520313468306193,0.7615722242981925,2.5917805628569637,26.202294220514386
50.049999999999294,1.0833934065395585,0.2552753790424559,0.6392492093703146,1.2305087277809863,0.1421312069623207,1.0775179024272,1.1111076239036592,0.28132342887991935,0.65449970138447,4.892770913903251e-05,3.2380668838938415e-06,5.7981372336451546e-05,0.00020252565877630882,0.34580349338193783,0.6403500495775701,1.5449513416243217,25.86379955681865
50.09999999999929,1.097024639966903,0.26443406999694,0.6648328697555694,1.2385683794999873,0.15756811490273903,1.1017286797726715,1.1257076297144752,0.2930158730791696,0.6795335412286572,4.886575965458656e-05,3.1474049545234423e-06,5.8095408739869884e-05,0.00020229806452535515,0.3482935119240368,0.4842155469094659,1.461368247781133,29.183075113278672
50.14999999999929,1.1108856510272054,0.27437166650279554,0.6860497624427772,1.2462518722639886,0.1731302376462195,1.1226252847290406,1.1382891551270549,0.3042909308775821,0.7023570493615727,4.880808746845099e-05,3.0576041645721356e-06,5.819959639855703e-05,0.0002020714934977245,0.34711766680390727,0.41793209912740803,2.6019636414861456,29.11612362630523
50.199999999999285,1.1245142437025695,0.284657597588943,0.7061827124459983,1.2537165462453608,0.1890634437718209,1.142707622314493,1.1514612216372124,0.3174686209291922,0.7268279239841706,4.875812976304285e-05,2.959760814486291e-06,5.8312052414884993e-05,0.00020184777723142628,0.3519084085706832,0.40164675170907715,2.511520120138346,31.7545936204832
50.24999999999928,1.137923003328773,0.29520247648034437,0.7262677170850927,1.2608520898862012,0.20513270444735557,1.1630964334533918,1.1655270466123089,0.3296118438230595,0.7452011811193002,4.871231954639255e-05,2.861179571533213e-06,5.841683877708017e-05,0.00020162747833632445,0.35165200471467417,0.4077762227779934,1.0210392321955053,34.16187019355834
50.29999999999928,1.151140091110313,0.3059827423453064,0.7469007820032119,1.2676359109772577,0.22131695138046403,1.1846653720285012,1.1771833092873478,0.34089200445397694,0.7668293559796,4.8672439002584445e-05,2.764673597688014e-06,5.8513994938026e-05,0.0002014106501629629,0.3509769316370971,0.43137877150222065,1.3482815584079946,33.20041663804032
50.34999999999928,1.1641658824631842,0.31700645095776625,0.7681690328653014,1.274026711763069,0.23757875702912343,1.208022011601086,1.1897510961131417,0.35029382912049406,0.7859293886510725,4.863559473403907e-05,2.67084493518661e-06,5.86010560964019e-05,0.00020120072448444142,0.3494581730396614,0.4671327914517294,2.6930851939359437,30.946236489806626
50.399999999999274,1.1769630977305259,0.3282785480514855,0.7898594366626942,1.279974367781541,0.2537628799845621,1.2292133000681238,1.2024623323202568,0.3614600717524948,0.8034888454411466,4.8599650776890554e-05,2.5870456177011444e-06,5.867131988602805e-05,0.00020099730608824786,0.34485450494038644,0.4238257693407774,1.6006705645404948,30.68579157776798
50.44999999999927,1.1895371041219829,0.3398537916792298,0.8116836541886545,1.2855774007993837,0.27011148884821895,1.252025951931901,1.214935205203456,0.3746576462068804,0.8257519880828861,4.856877305687973e-05,2.5034939966272123e-06,5.873946288219902e-05,0.00020080039375779186,0.34564950102871284,0.45625303727557204,0.35447638591490793,32.42992375426269
50.49999999999927,1.2018357377392936,0.3516837710177031,0.8334279245512485,1.2908643608912012,0.286736409359979,1.2737656486127449,1.2265905400985644,0.38787172405080267,0.8468946900973187,4.8544594556177276e-05,2.414466861075837e-06,5.881073897998692e-05,0.00020060994503425444,0.34891369454607307,0.43479393361690727,1.1199025184840852,33.44437620086819
50.549999999999265,1.2138989308670411,0.3637731976721615,0.8552131474635,1.2958002611060018,0.30353016434728675,1.2961011448224635,1.236935653518351,0.40085474588732994,0.86949493915772,4.852529322682287e-05,2.323932105860749e-06,5.88797770539473e-05,0.00020042678103495372,0.3500891631971852,0.44670992419439054,2.0406907288541136,32.96534954483784
50.59999999999926,1.2256668441698115,0.37609200577838614,0.876997991644778,1.300393717568507,0.3205201375121691,1.3173916316185341,1.2474445842308637,0.4132068520059691,0.8905722421282141,4.85117923895957e-05,2.2302854096900404e-06,5.8948202090312826e-05,0.0002002518001516549,0.3520060973547579,0.425809735921431,2.5150833507708246,31.939868912336987
50.64999999999926,1.2371822372927181,0.38868687179250344,0.8988212396195222,1.304615178868925,0.3375528280297003,1.3383028692270358,1.2589890788258078,0.42680748360375165,0.9108214758094455,4.85006106006084e-05,2.1396896787550944e-06,5.9009331628877134e-05,0.00020008451812993016,0.35096695178176246,0.41822475217006616,2.170171088496665,33.247739759453296
50.69999999999926,1.2484031092492236,0.40152535075312346,0.9206203075660886,1.3084429089784704,0.3545239889534146,1.3596269501386988,1.2694638988201012,0.44084898950622614,0.9311261050741777,4.848828946846772e-05,2.05603880364424e-06,5.906013002110551e-05,0.0001999249023922633,0.3479559111755396,0.4264816182332913,2.187290572772312,34.23569852695145
50.749999999999254,1.259353313256159,0.4146140778540245,0.942458136624797,1.3119296153029034,0.3717780782898561,1.3831761938592875,1.2814539015083644,0.4518902179735886,0.9478065501996689,4.848572398049412e-05,1.9655610366441347e-06,5.9114624522767766e-05,0.0001997733374920878,0.35206535762226837,0.47098487441179687,3.298677470841736,32.66958854042201
50.79999999999925,1.2700184341789007,0.427929969652148,0.9642962102383361,1.3149866330494324,0.38889526245666856,1.4049559785222065,1.292618703647983,0.4647349316306359,0.9634448487689049,4.848037973998937e-05,1.8861437634033495e-06,5.915788609411348e-05,0.00019962815126364612,0.34776733785372216,0.4355956932584037,1.4350435508599562,33.01452394807437
50.84999999999925,1.2804036254911721,0.44148017896234293,0.986174484614036,1.3176969182904066,0.406206713050069,1.426037484314195,1.3021157252308564,0.4778036201756597,0.985562815694025,4.848415642258498e-05,1.804500759841498e-06,5.920277629281702e-05,0.00019949010749592956,0.35045304345648937,0.42163011583979604,3.994909983449372,31.59165814683074
50.899999999999245,1.2904803214749334,0.4552426923275942,1.0081003176158299,1.320069679687446,0.42384914561687276,1.4481761123977153,1.313689298565662,0.4908137471411581,1.0016531865522182,4.850035052554574e-05,1.7131234793729627e-06,5.9252723322023785e-05,0.00019935899042033156,0.3560327886391435,0.4427725616704254,3.8417330811845543,32.58435424054922
50.94999999999924,1.3002576364528,0.46922902953506407,1.0300239367807216,1.3219936275647142,0.4410781729550226,1.4710000388812121,1.3225640391888436,0.5053550956626138,1.0256598988086045,4.850264836513138e-05,1.6416980836868618e-06,5.9284597389961274e-05,0.00019923555718884587,0.3467298692452435,0.4564785296699686,4.318577061363979,32.155582867618676
50.99999999999924,1.3097154344401145,0.48340519327595455,1.052022331988648,1.3235188947406258,0.4582526685718139,1.4934373675336179,1.3289144044481453,0.5198163233769781,1.053487347191945,4.8502105945058225e-05,1.5736592803996176e-06,5.9310830548976775e-05,0.00019912199187888227,0.34484907545358134,0.44874657304814747,6.0546850905979746,29.475923661340925
51.04999999999924,1.3188635908410784,0.49779072444274275,1.0740759984615027,1.3246766290276395,0.4755174293731407,1.5142404721241718,1.337832822680253,0.5329279233210057,1.0673741962494052,4.85050595567691e-05,1.5022616483124419e-06,5.9335082980819414e-05,0.00019901928986259455,0.34607693507352066,0.41606209181109255,3.1318209508881507,28.64074722352704
51.099999999999234,1.3276916008595032,0.5123772093812684,1.0961728076632722,1.3254628312294479,0.49284411024751207,1.5366639187332662,1.3459590267179484,0.5483824894099204,1.0900633266150868,4.8513395960764795e-05,1.4322633784657743e-06,5.935917139008723e-05,0.00019892375267206724,0.34689744275576023,0.4484689321819075,0.8886967044576868,29.099216279602235
51.14999999999923,1.336205915187761,0.5271647940622332,1.1182828756024223,1.3258620465035096,0.5103274543870642,1.5592686014317536,1.3524031098269282,0.561961788848898,1.117721051740265,4.8530303267804686e-05,1.357603432444565e-06,5.938387140152221e-05,0.00019883596731510864,0.3497654744929208,0.45209365396978035,3.5846272390596607,25.615862690960125
51.19999999999923,1.3443967745409788,0.5421427034873276,1.140411417686963,1.3258756871864832,0.5277982302560823,1.58076250957928,1.359847540196223,0.5758653716521415,1.1363149629810998,4.8547750542523816e-05,1.2829165996447488e-06,5.9404270975153695e-05,0.00019875568624785013,0.34942235005088096,0.4298781629505578,2.203547544250972,24.24217495365905
51.249999999999226,1.3522454996859183,0.5572805383939566,1.1625726193923624,1.3254979419449533,0.5454282877583831,1.6036759999600276,1.3671657821451881,0.5916054087836555,1.1609094407747769,4.857611694687822e-05,1.2045872314312243e-06,5.94260280828266e-05,0.00019868121128601248,0.35268979268281464,0.45826980761497405,2.146995797960832,24.360233724658542
51.29999999999922,1.3597534069705046,0.5725973399999338,1.1847762613403037,1.3247244246728571,0.5628656955981356,1.626577824740858,1.374640563718188,0.6071296731632455,1.1810594391617837,4.859796522036594e-05,1.1326922584611868e-06,5.9440852209739124e-05,0.00019861392812353405,0.3490987468173581,0.4580364956166266,1.1704043441114096,24.752035830106347
51.34999999999922,1.3669177499238012,0.588083475512047,1.2070021655104823,1.3235559007480517,0.5802286539000762,1.6494118017989976,1.3801364250637438,0.6229901827410415,1.2061881958376057,4.8620124973434554e-05,1.064090007399294e-06,5.94528160645201e-05,0.00019855366062860208,0.34805225329675277,0.4566795411628085,1.4805638416934075,24.05129194530427
51.39999999999922,1.3737279010456493,0.6037076345392172,1.2292591083027604,1.321986846967459,0.5977010154930249,1.6713044619052821,1.387213274008222,0.6378248246671967,1.2280973231278862,4.8652079506408856e-05,9.912818206405164e-07,5.946421741156001e-05,0.0001985000265956903,0.35086045161271157,0.43785320212571144,2.4933340962370543,23.24075037844531
51.449999999999214,1.3801985517551254,0.6194854100171933,1.2515281131295335,1.3200692172061725,0.6148041996618833,1.6935979800087173,1.3933963730506056,0.6556934403619499,1.2501312941778124,4.866829346732515e-05,9.297864816907926e-07,5.946868567792294e-05,0.00019845281062198607,0.344214166125329,0.44587036206873376,3.0154078582159296,25.607236446616184
51.49999999999921,1.386315650001681,0.6353934089339083,1.2737651996224328,1.31775750689394,0.6319574030543551,1.7159172676447856,1.397625731531607,0.6711717605011784,1.2706855022406645,4.869260294684234e-05,8.66005703081526e-07,5.9473018922494984e-05,0.00019841234458380978,0.3461726896685635,0.4463857527213918,4.227233179480747,24.38944648252464
51.54999999999921,1.3920827310700585,0.6514581938681705,1.2961280879882777,1.3150248970758818,0.6492729603456194,1.7387184883115756,1.401578726753683,0.6873113312397997,1.2935567178067489,4.87325600934269e-05,7.973389774722228e-07,5.947835434700132e-05,0.00019837776082294473,0.35060461750824484,0.4560244133358305,2.5249499523297967,23.760364002383106
51.599999999999206,1.3974773977541277,0.667611689236696,1.3185194092779426,1.3119741160941265,0.6662113187258752,1.7592746491360431,1.4071498122490522,0.7025042102069256,1.3082946730685006,4.8756841110462074e-05,7.383969136094669e-07,5.947861329459873e-05,0.00019834970891156184,0.34422415955791386,0.41112321648937705,1.9272932055920111,23.656840050256026
51.6499999999992,1.4025142131209285,0.6838996667402866,1.3409515263301852,1.3084461309779047,0.683590695107211,1.7828718858205823,1.4117828439679072,0.7193135657217323,1.3310428371977832,4.8815252312759904e-05,6.684456204053256e-07,5.9483606913051336e-05,0.00019832424614365387,0.3546852102212422,0.4719447336908071,1.0771214631253307,24.0518989832699
51.6999999999992,1.4071844619664677,0.7003147788617776,1.363345337636094,1.3045740875953473,0.7006445267770691,1.8052471288255507,1.4154068025575564,0.7362846470387154,1.358879690068986,4.886156621226265e-05,6.061153010403587e-07,5.948464383248599e-05,0.00019830335985336397,0.34976486630254655,0.4475048600993987,1.8323494315965438,23.60925818724569
51.7499999999992,1.4114939399641855,0.7168130667116447,1.3858043216951956,1.3003619340893395,0.7174775291059604,1.8267392722234606,1.419715347585011,0.7529880352049897,1.3795791454952209,4.890174241125055e-05,5.467453032527343e-07,5.9481505893972874e-05,0.0001982878012821765,0.3470468525590942,0.4298428679582229,0.4501361934884705,24.024056406038188
51.799999999999194,1.415435877365368,0.7334053244604892,1.408292950689669,1.2957501425226965,0.7343180938349105,1.8494472055333873,1.4226588754438818,0.7689899001175765,1.4021864022402664,4.895132229343018e-05,4.862784791325634e-07,5.94779630351719e-05,0.00019827606117104116,0.3492198979698414,0.4541586661985555,2.305849334849174,22.996500026102748
51.84999999999919,1.4189890737108874,0.7500620207094919,1.4307419855348618,1.2907174833597208,0.7511895413612443,1.871928120582103,1.4253904847710885,0.7859763834055815,1.4199628328649716,4.9012702891546546e-05,4.240902244646255e-07,5.947351643707539e-05,0.0001982674175630888,0.3521286441301299,0.44961830097433,2.6903126086448585,23.931012106683827
51.89999999999919,1.4221657635854474,0.7668031573042564,1.4531742576402111,1.2853961242875729,0.7676214890041667,1.8960333477490012,1.4269336164829827,0.80160971397776,1.4450606599439668,4.905526163681798e-05,3.706356641846036e-07,5.946713496776497e-05,0.00019826322094037183,0.34545055311238515,0.48210454333799135,1.3581784743358565,21.85914331373337
51.949999999999186,1.4249725988763542,0.7836556347967774,1.4755686760919962,1.2796656593294187,0.7840158221079518,1.9180881153257516,1.4280019771845658,0.8184995124820065,1.4688772199551376,4.910613097379908e-05,3.1586494334870955e-07,5.945935538165055e-05,0.00019826245360780867,0.34734686555563865,0.44109535153503854,0.8637216544661345,21.532427827966867
51.99999999999918,1.4273954333635408,0.8005094785096178,1.4980211390924714,1.273583283013029,0.8002491430018791,1.940492896188478,1.4298806086160019,0.8345838725700511,1.4893129249402506,4.91572350416562e-05,2.6223503557532853e-07,5.9449536818646934e-05,0.00019826509464944864,0.3467152031021118,0.44809561725454633,0.8665783391593138,20.85837942946946
52.04999999999918,1.429441818165436,0.8174378512216874,1.5205199725579048,1.2670755451913247,0.8165000449670227,1.9628950550022415,1.431515589912794,0.8508915241616892,1.5130087503438698,4.9222228595930776e-05,2.077353056640851e-07,5.943934585066036e-05,0.00019827021856639863,0.35011728458290886,0.448043176275289,2.0081328962952503,19.876952920177697
52.09999999999918,1.4311070225348792,0.8344164098669691,1.5430221327082339,1.2602700986596758,0.8324436771668757,1.9855608838698036,1.4305989543078508,0.8681714245329633,1.5447422570040192,4.927766732118277e-05,1.566195945081549e-07,5.942736056750678e-05,0.00019827806101857604,0.3467139316664473,0.4533165773512745,2.8507012518051567,19.32859183646126
52.149999999999174,1.432402378463675,0.8514110410374741,1.56552814993238,1.252990047308003,0.8484890204782635,2.0079137890476666,1.4303929524946322,0.8854246849114892,1.5714939150158047,4.935488521347705e-05,1.016248657549431e-07,5.9411317711192794e-05,0.00019828789530652527,0.3524004066403075,0.44705810355728115,1.7511815473204644,19.57110867066533
52.19999999999917,1.4333223728400424,0.8684321321614187,1.588019423431503,1.2454192813533111,0.8642394600188964,2.0298078318211337,1.4282551643909254,0.9028426441633027,1.5998549072479546,4.9424308289973777e-05,4.931216044319502e-08,5.939296417536355e-05,0.00019829988894586262,0.3495168335317809,0.4378808554693693,2.0240243003774587,20.50632352455062
52.24999999999917,1.433865283997975,0.8854665338155637,1.6105009042455696,1.237423469542004,0.8799541543502486,2.0531281477620915,1.4268715029103143,0.920850002674221,1.622516382632761,4.95068448526211e-05,-3.479625380357862e-09,5.9371234233205414e-05,0.0001983133031680722,0.3526464031007844,0.4664063188191958,1.7827710827880119,22.09729210391146
52.299999999999166,1.434020303745547,0.902506470008411,1.6329837102504876,1.2290126646101993,0.8955824171315956,2.0759093358124048,1.4270363860755333,0.9378184716351434,1.644610689560528,4.959973541755831e-05,-5.4480891782681483e-08,5.934860717035695e-05,0.0001983274887844024,0.354963581302031,0.4556237610062871,2.4633307569515814,22.010948164039753
52.34999999999916,1.4337896439135895,0.9195663521132736,1.6554453043472994,1.2202905430902309,0.9109480913132358,2.098249324990939,1.4253348893157993,0.9547129497315816,1.6690134505276806,4.96888224870524e-05,-1.0219422619865511e-07,5.9325595140133625e-05,0.00019834219093442447,0.35337930363927317,0.4467997835707129,1.6830997451819905,22.314050498105846
52.39999999999916,1.4331764471028885,0.936599763516526,1.6779089345231704,1.2112279213967505,0.9260930642498221,2.12181507514234,1.4241407966168356,0.9711597333361064,1.686970126440774,4.9778388640942775e-05,-1.476671059051331e-07,5.9300967070044065e-05,0.00019835838622782106,0.35299616626252145,0.4713150030280491,2.2030894959398837,21.75369213102877
52.44999999999916,1.4321766241255558,0.9536179909869814,1.7003819969803113,1.2019113606567673,0.9408940103898289,2.1433735935501446,1.421974273934339,0.988873516501828,1.7080036010795432,4.985767069168057e-05,-1.89849276348863e-07,5.9278156083236034e-05,0.00019837565255829978,0.34978745396962324,0.43117036815611703,0.34681220574554106,23.04906284739416
52.499999999999154,1.4307946722860325,0.9706082832164851,1.7229436533487532,1.1923527228386306,0.9553294953524389,2.1679748541522006,1.416587827295668,1.005833215663255,1.7447909732350118,4.992592725915124e-05,-2.304019507160163e-07,5.925493121947086e-05,0.00019839520254427907,0.3462749782949191,0.492025212041141,2.8929351302918045,25.404119583613042
52.54999999999915,1.429017847039031,0.9875783838752851,1.7454833190725692,1.1824473441041354,0.9695214835551842,2.1923230342874263,1.4139975561032434,1.0224758336876696,1.767950713500472,4.9996104649385004e-05,-2.711601582961543e-07,5.922519982854557e-05,0.00019841676131790477,0.34614670591546,0.4869636027045447,0.39445141300959896,25.54607966137469
52.59999999999915,1.4267974247657622,1.0049228082076735,1.7665846471987545,1.1721349800614451,0.9835854737696598,2.214653652104415,1.4104683181561053,1.0398664569967584,1.7925144274078288,5.007696966326451e-05,-3.092462078616138e-07,5.919530275096531e-05,0.00019843948187760516,0.34879983468673803,0.4466123563398073,1.5258194915431011,26.806140962018915
52.649999999999146,1.4241207555073134,1.0223425141046436,1.7872280951189583,1.1614510049752331,0.9975108487133907,2.235814718503688,1.4089730660681654,1.0569701784639713,1.8065287250415079,5.016677754683232e-05,-3.444519762906565e-07,5.916420285593529e-05,0.00019846149372953256,0.35104124366497536,0.4232213279854753,3.4568582863627206,25.066525886952217
52.69999999999914,1.4210425680051586,1.0397292750046379,1.8077786949014754,1.1504168195349291,1.0112739037486946,2.2573617212046875,1.40440277333593,1.0749722143532447,1.8292905643286117,5.026306042045119e-05,-3.7569892486586744e-07,5.913646439595166e-05,0.0001984837794728159,0.3528098477652687,0.4309400540200109,1.6025456366345567,26.876827286453832
52.74999999999914,1.4176102983261836,1.0570240226271816,1.8283216578993138,1.1392205957280364,1.0246235850810625,2.280011677289435,1.401963145208422,1.091698536073162,1.8451932808950051,5.034525910767547e-05,-4.065977735914905e-07,5.910780853291222e-05,0.00019850737631335122,0.3484723218014824,0.452999121694973,2.08394946202227,25.26718776515247
52.79999999999914,1.4138296717721623,1.074263624219169,1.848865368595076,1.1277312751280681,1.037710732619915,2.3025310335026195,1.3967948571698248,1.1072147109121484,1.8654074393028672,5.0427021603499924e-05,-4.350384622853274e-07,5.908138318418095e-05,0.00019853073408732937,0.34830488680918503,0.45038712426372157,1.6003643871574886,24.124116774952064
52.849999999999135,1.4097054761683103,1.091405522376387,1.8694247522138527,1.1158227245834829,1.0506765046786775,2.3249040280108026,1.3931642676497087,1.1225985667345975,1.8850476089379624,5.052241128168696e-05,-4.590110890995028e-07,5.905520831385596e-05,0.00019855351763614222,0.3521009794012113,0.44745989016367654,2.8067253270210744,21.88107341254373
52.89999999999913,1.405239800630225,1.108463237974336,1.8899874902149025,1.1037186668927235,1.063274969815347,2.347461392923483,1.3873323969046245,1.137283818389156,1.906532895077544,5.0608598569804556e-05,-4.823852414544356e-07,5.902924077980857e-05,0.0001985758616760605,0.34942379960483,0.45114729825362204,2.903423997985381,20.405635977988783
52.94999999999913,1.400435659747367,1.1253883573963828,1.9104201215901913,1.091179210281715,1.075745514598294,2.3704383151562975,1.3823850759672438,1.1514712364629967,1.9252888284430938,5.070944900219878e-05,-5.00474661724331e-07,5.900315823947091e-05,0.00019859636952226424,0.3537039548341628,0.45953844465630556,2.5863069724048797,17.88166690276583
52.999999999999126,1.3953065014249795,1.142092989240759,1.9305934150317756,1.0784298410439097,1.087879797270383,2.3913776014628034,1.3762065943770139,1.1671840533179365,1.941969396224172,5.0803887269230284e-05,-5.174772155726645e-07,5.897822257358615e-05,0.00019861608079921946,0.3520219033657019,0.41878572613013154,1.3627085057377832,17.69136747582664
53.04999999999912,1.3898992708841433,1.1585605255982168,1.9514212672791587,1.0655394455667497,1.0996272700722969,2.413722638732912,1.371601793427451,1.1830410986085318,1.9593411165331744,5.0887225634486636e-05,-5.350938214657217e-07,5.8953489899154836e-05,0.0001986359301066247,0.3488140300725673,0.44690074540219815,2.7500867981333363,16.629462100138074
53.09999999999912,1.3841855696630803,1.1749365461446777,1.9723370936850297,1.0524881669110762,1.1109820070994303,2.4374695719959716,1.366097906431876,1.1972347112655914,1.985553749928676,5.0961061189984505e-05,-5.536871077047222e-07,5.892855401746668e-05,0.00019865666095691386,0.34599421459015256,0.47493866526122663,3.13029674240746,14.757978351334131
53.14999999999912,1.378148634440624,1.1911663990415058,1.9935213693193772,1.0391326307068625,1.1220712751665074,2.4598101099377665,1.35988809128895,1.2131073587572365,2.011188742685542,5.103915269589827e-05,-5.694077399102233e-07,5.890150707788805e-05,0.0001986771830406044,0.3471914441308173,0.4468107588359105,4.2981112981498875,14.884583324886274
53.199999999999115,1.3718648577397874,1.2070516738117472,2.0155000219316044,1.0255515651185678,1.1328523833715816,2.4814357832077736,1.352051544613378,1.2292778417624952,2.032039287797371,5.111605319859055e-05,-5.838389431066323e-07,5.88723738286602e-05,0.00019869806129475822,0.34680793247554903,0.43251346540015423,0.6575618486559449,16.09115673672339
53.24999999999911,1.365272930423625,1.222751115070229,2.0377763489967693,1.0117510634790245,1.1433234961063092,2.503595910130448,1.3453766282923179,1.2449750904443497,2.051086542608612,5.119185627038929e-05,-5.969047098161095e-07,5.884235485823612e-05,0.00019871901716263834,0.3464738538481503,0.4432025384535078,1.122371517589092,15.99898706450354
53.29999999999911,1.3583141396263898,1.2383413362242226,2.060315881353905,0.9976099018349454,1.1535766825945915,2.5248947453171304,1.3381064623718524,1.2594594872719398,2.0722782808912834,5.127615140261623e-05,-6.046910352476453e-07,5.881394324593808e-05,0.00019873900082305703,0.34934900594482815,0.42597670373368285,0.7168166170574253,15.389270268961551
53.349999999999106,1.351012413964505,1.253821427778448,2.0828854155222265,0.9832780863181361,1.1634911371604972,2.5479156788070316,1.3302573539813263,1.2746366074945072,2.093713988388002,5.1357361803287975e-05,-6.115098787967753e-07,5.878429830550172e-05,0.0001987583872447618,0.34854598438387635,0.460418669798049,1.3131323994971202,15.585535574179113
53.3999999999991,1.3433663787559784,1.2690992943420931,2.105478377929432,0.9685793140219985,1.1731834423246974,2.56936592380113,1.3214187930869938,1.2909236766957417,2.118609004652523,5.1448571331904895e-05,-6.115738417077819e-07,5.8756497619390685e-05,0.00019877668050279814,0.3521400702744304,0.42900489988199475,3.8991825805909746,17.307938051373235
53.4499999999991,1.3353665905589784,1.2842362606586648,2.1280038183021106,0.9538735778602846,1.1824382700455107,2.590398946613651,1.3140160589323309,1.3050775638338428,2.134834137868433,5.15254307939676e-05,-6.160313932952737e-07,5.872401480114074e-05,0.00019879426249269923,0.3475178513858739,0.42066045625044374,1.750036106040063,16.13146787597569
53.4999999999991,1.3270333229228652,1.2991096094674872,2.15019655376803,0.9387571871599497,1.1915054175174136,2.612208778540735,1.3057434738522136,1.3189676831222583,2.155277127504368,5.161574183807664e-05,-6.115816597789335e-07,5.869606934433021e-05,0.00019881022892646543,0.35255112988794773,0.4361966385416951,1.0894849108955922,15.472845640734448
53.549999999999095,1.3183819792404092,1.3138101897261902,2.1723783196952526,0.9236163640032842,1.2001446165441976,2.6339493892185306,1.2957947340030445,1.3325328295620464,2.177801240763987,5.1693380775235745e-05,-6.111224103769279e-07,5.866530298223567e-05,0.0001988250697291823,0.3486501141021567,0.43481221355593885,0.39490444630232696,15.843260174686305
53.59999999999909,1.3093894081331174,1.3283187925179873,2.1946886073903387,0.9081571849029649,1.2085296047602974,2.6552638499436485,1.2852031283951193,1.345809455922829,2.2022823981329083,5.1778471489895735e-05,-6.040984441975886e-07,5.863576191313973e-05,0.00019883790413753258,0.35174192563940504,0.42628921450238283,1.7896779822762354,16.450886545751985
53.64999999999909,1.30008296772125,1.342629156641261,2.2167672024531724,0.8924988648555173,1.2165880842260441,2.6773314201202796,1.2741743321496832,1.3597913187368635,2.227508593490148,5.186333507946884e-05,-5.941644173443127e-07,5.86047862042233e-05,0.0001988490455233446,0.3522128126714236,0.44135140353264346,2.540028855060542,17.817816839923044
53.699999999999086,1.29046919872765,1.3567147957132095,2.238842565258813,0.8767510415516873,1.2242579898698962,2.699393164349578,1.2627173182634717,1.3733913304884902,2.2538269832860456,5.194173762285242e-05,-5.850941933196005e-07,5.857023227458066e-05,0.00019885904379842391,0.35033346193993936,0.4412348845859874,1.8047153146144748,19.41135508302868
53.74999999999908,1.280533445403472,1.3705893329766554,2.260885106269585,0.860979130623513,1.2315270116658636,2.7200558819583573,1.2537815376453072,1.3876612563620214,2.2653982570892435,5.2010759397668214e-05,-5.787473556542132e-07,5.853056326261476e-05,0.00019886800173121702,0.34733418073065503,0.4132543521756179,2.6280997879137544,18.92831513971954
53.79999999999908,1.2703030971074771,1.3842403853320628,2.282896040843067,0.84486097277049,1.2385368223758724,2.7426748066312445,1.2430654700714576,1.4006866483143303,2.287233811237714,5.20885285632955e-05,-5.648853366708309e-07,5.84978806711854e-05,0.00019887522350853893,0.351536985438597,0.4523784934577665,1.1460416002144937,19.088238550335518
53.84999999999908,1.259772856212087,1.397660818975229,2.3048862583820737,0.8287373542747931,1.24511260088926,2.766025454917626,1.2327515264614308,1.413620932994781,2.3085883363421766,5.2156377354782547e-05,-5.549300054390056e-07,5.8460469823926636e-05,0.00019888114571204013,0.34826754892756806,0.46701296572766454,0.9677347262395466,18.610228581357827
53.899999999999075,1.2489598166393059,1.4108373105849865,2.32685449247263,0.8125350143749294,1.2512918381403688,2.7884563945088106,1.2197819017797962,1.4258198284574672,2.334726355693123,5.221920136748499e-05,-5.460607479808789e-07,5.842058934914104e-05,0.00019888629570130207,0.34682064501944815,0.44861879182371095,1.2894736725283997,20.16548482257651
53.94999999999907,1.2376880958404912,1.423890390443352,2.347903892951121,0.7959879863656066,1.257184525349347,2.8105002520536786,1.2056082541785447,1.4375780580308228,2.359644073481883,5.2290422965282904e-05,-5.27313171300115e-07,5.8383621372188776e-05,0.0001988880451223097,0.35130635770532903,0.44087715089739193,3.122805467388886,22.80769163029467
53.99999999999907,1.2262089065753397,1.4366615773610427,2.3692050319972178,0.779047539596657,1.2627927012449078,2.8332923962012373,1.1938532047691859,1.4507727378607127,2.3777617481769298,5.2371382364926157e-05,-4.962948404936e-07,5.835241525380113e-05,0.00019888640637587195,0.35690007501529947,0.4558428829511872,1.4288034421197857,23.47731064019837
54.049999999999066,1.214542486662355,1.4491206026847718,2.3909533817540374,0.7623919055159055,1.26788512237861,2.856449912408787,1.1819770801349934,1.4615919776955546,2.4017715292046073,5.243142124184173e-05,-4.800543525338621e-07,5.8309436681120504e-05,0.0001988834232277135,0.3483426222292495,0.46315032415102425,2.236523245837756,22.86931033356355
54.09999999999906,1.2026166306789672,1.4613143591685003,2.412714043743394,0.7454977917312192,1.2726421365757092,2.8777922556207844,1.1704083903375917,1.4749373114172302,2.412420899330522,5.249438369503209e-05,-4.573855881116377e-07,5.8269083081577575e-05,0.0001988779874134623,0.3510281797748493,0.42684686423995694,2.048902350903935,23.985290988331045
54.14999999999906,1.1904093976115973,1.4732723519573265,2.4344195164135183,0.7282648133278515,1.2770939566009656,2.8997840285331957,1.1570296641158373,1.486509029143061,2.4321210053715205,5.256473563507761e-05,-4.26363682169429e-07,5.8238767425599096e-05,0.00019886900453055625,0.3559814682313169,0.4398354582482433,0.5732740338870654,25.680335753903567
54.19999999999906,1.1779849997071932,1.4849378833332647,2.4561249423646485,0.7113790552307863,1.2810482445644267,2.923333930872473,1.145466540693313,1.4969761806883546,2.4540311576216673,5.261476291278671e-05,-4.11320654647e-07,5.819214037610507e-05,0.00019885843468154567,0.34685969527136373,0.47099804678557305,2.3240669243060346,23.951541475298665
54.249999999999055,1.1652701901195204,1.4963643489103793,2.4776986189586907,0.6942775119953619,1.2846429929692949,2.9454834483365904,1.1313533787623649,1.5071581900887976,2.47683421819856,5.2667348083136156e-05,-3.9025602873342623e-07,5.8148793833040744e-05,0.00019884585086233608,0.34951250771262865,0.4429903492823731,0.4422348512199481,25.14991623580474
54.29999999999905,1.152281459978612,1.5075026965097957,2.498946487662594,0.6770327753844574,1.287876402000426,2.9670036153878545,1.117642127384544,1.5184491648719647,2.499278573570642,5.27197173019949e-05,-3.652893835194069e-07,5.8106183927955286e-05,0.00019883091267784133,0.35091181534278065,0.43040334102531763,3.2197347145490745,25.903687442141994
54.34999999999905,1.1389816785370366,1.5184009192215604,2.5198476323239443,0.6601193029052478,1.290675371493584,2.988179229410208,1.1021489152017498,1.5276083428173113,2.5224493221566107,5.275569750777718e-05,-3.543228310883213e-07,5.804621649374988e-05,0.00019881375513614702,0.3428765165434349,0.4235122804470909,1.4038023976464542,28.136516563720008
54.39999999999905,1.1254562545016449,1.5290078374808398,2.540703302845943,0.6431222858513647,1.293111832033348,3.010253167062169,1.089353346130357,1.5386406794684715,2.541625142811262,5.279053447815537e-05,-3.407194856059101e-07,5.798442497221642e-05,0.00019879542700040382,0.34342213133369365,0.4414787530392472,2.840967245604755,27.34866756176356
54.449999999999044,1.1116278032397593,1.539389991307915,2.5609153455671056,0.6257971887275513,1.2952301888133306,3.029597993851957,1.0739484313841936,1.548343016600502,2.560797659084818,5.283176557268707e-05,-3.170813370817329e-07,5.793279675036977e-05,0.0001987726902704414,0.34908791238451004,0.3868965357957794,1.618502671281848,29.608595107404156
54.49999999999904,1.0975221401861268,1.549514694660744,2.5807836413810867,0.6084496536835022,1.2970020630594408,3.0500136289955293,1.059158707648658,1.558540030727631,2.5808935754183224,5.2869551473512545e-05,-2.93773928809752e-07,5.7878909697922545e-05,0.0001987467126564985,0.3487618512468371,0.40831270287145566,1.9868467677615353,30.527080666590486
54.54999999999904,1.0832291791279491,1.559342801207418,2.6005955618719416,0.5911496320457383,1.2984025447712082,3.0716187686856244,1.0441552715102687,1.567827519170669,2.6025693916737342,5.290250361566302e-05,-2.7279193967750686e-07,5.781984108575831e-05,0.00019871897090159254,0.3471390592957695,0.4321027938019338,0.6585695094247754,31.099519087310025
54.599999999999035,1.0687328872594608,1.5688928559876094,2.620369114053959,0.5735502096313186,1.2994394626177477,3.0938671619964495,1.030065504917001,1.577786192480608,2.623221172381246,5.293941347361622e-05,-2.415993064347602e-07,5.777090028551538e-05,0.00019868719060118874,0.3526061197082758,0.4449678662165148,0.7980273796768536,30.351815593473642
54.64999999999903,1.0540774138972226,1.5781331107518628,2.64009384209634,0.556100734009487,1.3000952011770532,3.114194954497079,1.0137494589828626,1.5864684806829015,2.648786490954172,5.2968919490004134e-05,-2.165807449257224e-07,5.771280793998209e-05,0.00019865258966845166,0.3492418602920356,0.4065558500126167,1.7716067692336321,32.09825989743839
54.69999999999903,1.0392188444613208,1.5870940160726916,2.659799607643697,0.5387408795514951,1.300395284647931,3.1344216772522877,0.9981655956437114,1.595047457569147,2.673618507358663,5.299259728314158e-05,-1.9386784870424948e-07,5.764683181370108e-05,0.00019861557739048335,0.34725487740411126,0.40453445510419483,6.177377145814553,32.86930931518268
54.74999999999903,1.0241914805126688,1.5957576046461461,2.679446083791698,0.5211762220338149,1.3003498300587928,-3.1292460013105305,0.9830537196687795,1.601586495813657,2.695227959258622,5.3017069392159015e-05,-1.6392740270159335e-07,5.7588183200822485e-05,0.00019857472889942118,0.35129990259474264,0.3903525723353933,1.67556531061673,32.48492831583611
54.799999999999024,1.0089948514367306,1.6041245557472557,2.69904954670297,0.5037527987801351,1.2999537460206587,-3.1084814387479907,0.9691906260249579,1.608454772103888,2.7167832976228308,5.3035327508436755e-05,-1.3846430731876048e-07,5.752144936859478e-05,0.00019853332982726948,0.34856475666194475,0.41529125125082517,3.5191200726152236,30.221791286423798
54.84999999999902,0.9936623274044487,1.612167630773273,2.7186629444567703,0.4860607696316212,1.2991908965358252,-3.0885207352405244,0.9537994140011392,1.615422342733235,2.7310037573921164,5.305562155367811e-05,-1.0421338773627503e-07,5.746827667601891e-05,0.00019848977658421262,0.35417523735804973,0.3992140701493458,2.9167340561825537,30.173761615213586
54.89999999999902,0.9781434129856409,1.619920647268287,2.7380782484580104,0.4686159704940067,1.298080949657287,-3.0675834059179254,0.9364780128359605,1.6209269845400143,2.7611648804102655,5.3069117859329795e-05,-7.971915690218977e-08,5.7402492545520134e-05,0.0001984436625232477,0.34960787257730047,0.41874658645200297,2.271295913836471,32.970263741262166
54.949999999999015,0.9624832321935373,1.627373568963448,2.757715597835033,0.4510043551537614,1.2965899001514178,-3.046679039096215,0.9194379224789464,1.6267996358075025,2.781971221646387,5.308064225714523e-05,-4.802422389694817e-08,5.734411834514449e-05,0.00019839470216869383,0.3534988542328861,0.418087336434237,0.9501443794417077,35.18355779926789
54.99999999999901,0.946762465685332,1.6345280313457748,2.7778769937201204,0.43348920255800827,1.2947403551487007,-3.0260923362397483,0.9043991667519904,1.6336252187364801,2.79661187266327,5.3087683079167965e-05,-1.941508236011599e-08,5.728105014245428e-05,0.00019834438644825226,0.35225691930727465,0.41173405712935623,1.6557334178748904,33.843084580481566
55.04999999999901,0.9309184045531097,1.6413477009894308,2.7981718314003388,0.41589347602049653,1.2925165645194618,-3.0056611283370747,0.8877904500539467,1.6395915637982204,2.8196914273398495,5.309371279697415e-05,9.689321874372929e-09,5.7224542986916145e-05,0.00019829143831811988,0.3547200471006525,0.4086241580534986,0.822203794362546,35.20750277033442
55.09999999999901,0.9149690132416224,1.6478309988067399,2.818527157435985,0.39854737184484845,1.2899679273044766,-2.9857547810958733,0.8721988547717968,1.6449142842800628,2.838414246717262,5.309354625742641e-05,3.2434527884240984e-08,5.715526225752274e-05,0.00019823993792279264,0.35065255298679837,0.39812694482404837,3.0888908233254697,34.65323724742724
55.149999999999004,0.898852695529936,1.6540040611281435,2.838737860825206,0.38116776737662006,1.287049356082095,-2.9646737034368975,0.8580044493505633,1.651853888421393,2.8511155660325196,5.309118227083926e-05,5.5881951010972615e-08,5.708997856696755e-05,0.0001981871704743903,0.3524657211183173,0.4216215531795403,3.127602311292496,31.551763835280067
55.199999999999,0.8826311192207509,1.6598386921047985,2.859021970396795,0.3642919672476641,1.2838532986284978,-2.9441710933722742,0.841670157621441,1.6565344612713289,2.869682561081998,5.308253871407045e-05,6.414932601352765e-08,5.6997092754433376e-05,0.0001981346595135713,0.34352161358075284,0.4100522012924872,1.874917095265884,31.91786833185629
55.249999999999,0.8662877400515873,1.665346877575859,2.8791265319768082,0.34712212775253193,1.2802278231660784,-2.922820361175975,0.8256529712251955,1.6620656989680822,2.889035725990998,5.307457177644449e-05,8.053163709115557e-08,5.692593612847145e-05,0.0001980829523115954,0.3509753034814057,0.4270146439260026,1.2307542251812778,31.422629707316432
55.299999999998995,0.849828887933216,1.6705183508888202,2.899222309080222,0.3303961801238659,1.2763104484192584,-2.9002396703054543,0.8096983742196129,1.6649296312794246,2.916583044522996,5.306086335801805e-05,8.661874743508083e-08,5.683057288829583e-05,0.00019803299567059911,0.34357863054813054,0.4516138174104418,4.441953539537925,30.912620980680533
55.34999999999899,0.8332823518568354,1.6753665791664472,2.9193030069473362,0.3134948269237249,1.2719580784895086,-2.8788656388517637,0.7932060490245618,1.6680103606385308,2.9374660834832778,5.3045355471342795e-05,9.963123769370581e-08,5.675199789745755e-05,0.00019798726108619512,0.3490618630438107,0.42748062907383827,1.9410268693629484,31.245721434171877
55.39999999999899,0.8166052179296276,1.6798767649953938,2.939161493119397,0.2966843291825342,1.2672465959295611,-2.8578010746999047,0.7766490253681337,1.672175712455205,2.9558240742373165,5.302638775645245e-05,1.1061671246028875e-07,5.6672790852755756e-05,0.00019794172174971255,0.3491716898695317,0.42129128303720614,1.0846314493711877,31.14117090856529
55.44999999999899,0.799895563017321,1.684033917956564,2.9591169609070636,0.27978573185093014,1.2621377970299203,-2.8382148639512703,0.7592028092134323,1.6739702445109808,2.9824475024985784,5.300633133100626e-05,1.2293626777856026e-07,5.660683729296186e-05,0.0001978992476523083,0.35308490847547047,0.3917242149727127,1.5529249645361718,33.26947748298492
55.499999999998984,0.783049903159373,1.6878759155010656,2.978880437408962,0.26323385067928257,1.25676400825775,-2.8171157278052776,0.7418496620593872,1.6777810295353555,2.9996039563343384,5.298035216382571e-05,1.2969246259047956e-07,5.6523877215343585e-05,0.0001978593760188823,0.34805379533796127,0.42198272291988054,0.8755926029901855,33.935019042968335
55.54999999999898,0.7661375499028517,1.6914077923384236,2.998566652141636,0.24677158726614024,1.2510373048339836,-2.7965201756567586,0.7266735475800934,1.6832831948827887,3.0109124099414117,5.2952462167466356e-05,1.3413471287489288e-07,5.644303282146395e-05,0.00019782292778272164,0.3486040664141748,0.41191104297040043,3.004043074647165,30.56504203455236
55.59999999999898,0.7491868369133581,1.694609218146212,3.0181472027825436,0.23034240785510585,1.2449483977261446,-2.776822894800747,0.7101878944837625,1.6855214731539145,3.0320214881947045,5.292435133350297e-05,1.354846444952697e-07,5.6368253996379084e-05,0.00019778730547695764,0.3504298227836317,0.3939456171202545,1.6889356775195568,30.170752926452053
55.649999999998975,0.7321516551477945,1.6974761663299607,3.03764747480459,0.21392794308792407,1.238496329214716,-2.757322734000515,0.6928634717175105,1.6851736370709598,3.056800476578262,5.289406595242342e-05,1.3652921483236014e-07,5.6303177688742896e-05,0.00019775889792471532,0.35274563008191523,0.3900032160046657,2.838721121148182,31.912857533877695
55.69999999999897,0.7150720071488774,1.6999985359171805,3.0570749911585753,0.19786097440175954,1.2318253543020572,-2.738784279750951,0.6765161775015052,1.6881448361690081,3.069759464902223,5.2859748175541645e-05,1.330408061640999e-07,5.622297984189788e-05,0.00019773627553819844,0.34794140709658605,0.37076908499129313,1.8498277928963933,30.595967068414204
55.74999999999897,0.697933104402136,1.7021692456974251,3.0764877618632864,0.18191360264105086,1.2248402401397798,-2.7187235571030137,0.6594767780581602,1.6886857230224543,3.0873566229014866,5.2824779633387526e-05,1.2609119473241303e-07,5.614586814037395e-05,0.00019772075822006648,0.3482072091540367,0.4012144529587689,1.167029593292189,31.276806913581318
55.79999999999897,0.6808095684251836,1.7039647226998156,3.0959546584356863,0.16589127913577126,1.2174400872335516,-2.699107622456548,0.6432752815128066,1.6906396779084283,3.1033174293637167,5.278802598470209e-05,1.1853764605276887e-07,5.608711722623126e-05,0.00019771090507552543,0.35297994355272505,0.3923186929293402,3.2711496555082236,30.066396908307603
55.849999999998964,0.6636073588547939,1.7054307816992964,3.1153199072806315,0.15026262843854044,1.2098510066419292,-2.6799748104174084,0.6279252320128256,1.6924120743908064,3.1153035503231514,5.2750032787204986e-05,1.0526659400909723e-07,5.6011715810632376e-05,0.0001977082050816548,0.3474812656956047,0.38265624078280813,2.8013060151303897,28.10552240433415
55.89999999999896,0.6463799351088506,1.7066045156332426,3.134396351509226,0.13472666533126676,1.201943249902578,-2.661572135991337,0.6127043152164972,1.6932151478299973,3.1325395352919676,5.271237253761451e-05,8.925797616396101e-08,5.594315203584122e-05,0.0001977125573798533,0.3486587689729919,0.36805348852144687,2.6241522013018366,25.880154873091588
55.94999999999896,0.6291134390820611,1.707457091978215,-3.1298666275597706,0.11915574853930552,1.1936310557749925,-2.6409281589543694,0.5950191279061792,1.6918866898030755,-3.124471436539933,5.267324553283455e-05,7.216605125219546e-08,5.5892983677895574e-05,0.00019772407855361783,0.35301959469032784,0.4128795407393748,0.6947835522785657,26.76032048292828
55.999999999998956,0.6120208495515059,1.707965401817583,-3.1106278999312105,0.10390155267383722,1.185093360474048,-2.621745122582356,0.5763120581370907,1.6911507591180939,-3.1012158916573918,5.2630557384931656e-05,5.243338900802758e-08,5.583445412364244e-05,0.00019774447842020717,0.34962385710762484,0.38366072744028507,2.509791464057752,29.391937802603067
56.04999999999895,0.594893975520826,1.7081457768950727,-3.091459132275878,0.08892330136850203,1.1763261917358485,-2.602319476946079,0.5598018033736986,1.6909417554509565,-3.0827520843441505,5.258561862771081e-05,3.0861479788411813e-08,5.577198944538803e-05,0.00019777734163429513,0.3471142359575302,0.3885129127255605,2.3583888866082576,28.856453296881256
56.09999999999895,0.5777965487261769,1.7079966794300465,-3.072355117314104,0.07392031826297771,1.1671537264993503,-2.5833812054732865,0.5420034323953965,1.6910649364665762,-3.0674067614801004,5.2539408682758885e-05,6.903220632122672e-09,5.573048514530282e-05,0.00019782028105287179,0.3517003627382601,0.3787654294558757,0.6467059487822742,29.9068156049587
56.14999999999895,0.5606766318488763,1.7074980547577638,-3.053349441295067,0.05916017950943717,1.1577567906685844,-2.565948341790995,0.525732542661818,1.691590437939451,-3.0517305010569435,5.2493008722788835e-05,-2.068323184889794e-08,5.568760732584279e-05,0.0001978735022285625,0.3499553416513634,0.34865727364585075,2.569069990080966,28.42059922821715
56.199999999998944,0.543590045709666,1.7066784917613973,-3.0343940961751503,0.04476003622494193,1.1482134615849278,-2.546699950790053,0.5089046149061496,1.6886601733158202,-3.0254845997857855,5.244727708998409e-05,-5.01321305530515e-08,5.5634442202177595e-05,0.00019793766239198423,0.345513224701787,0.3849678200188608,2.995162094055462,28.881537649965725
56.24999999999894,0.5265176191279298,1.7055478324638358,-3.015619161869565,0.03028529062578172,1.1382380200991733,-2.5296555633679314,0.4928521957260329,1.6876428682437328,-3.0104459832790202,5.23992519701483e-05,-8.142177160921694e-08,5.560973490420302e-05,0.00019801467182175067,0.3515879260936991,0.340887748442453,1.6246950644754645,27.710399473603196
56.29999999999894,0.5094715141978791,1.7040887940030978,-2.9969327677216393,0.01620752788660576,1.1281542697803024,-2.5103799350570823,0.47575229107347455,1.686931520519268,-2.9981476020453677,5.235159860514269e-05,-1.1441638562370652e-07,5.557281150406541e-05,0.00019810346352532734,0.3463378171587669,0.385512566217001,1.427714762960787,27.947812072553813
56.349999999998936,0.49243993109403855,1.702302231927294,-2.978349356967172,0.0021517180981686715,1.1176723097447667,-2.491268901853235,0.45923241120186364,1.686203860367762,-2.984359530589921,5.230508925747655e-05,-1.5161584046449328e-07,5.555760050209741e-05,0.00019820265980395168,0.35068312324182555,0.3822206640769682,2.199676802631635,27.287079917941785
56.39999999999893,0.47542387866198055,1.7001872711593642,-2.959859366414387,-0.011624682074573817,1.1069891603139979,-2.4727123601426144,0.44401179186190454,1.682092182129333,-2.964329063096561,5.22608036876867e-05,-1.9023809450814148e-07,5.554270469200607e-05,0.00019831430429447595,0.34867039146732726,0.3711308342124324,2.4824401506068665,26.219486795678915
56.44999999999893,0.45849810508775446,1.6977605689971653,-2.941474733021416,-0.025208445046512994,1.0960547986896667,-2.454959063869274,0.42813399461879403,1.6775015182654325,-2.943730356165802,5.2217190614078644e-05,-2.2988058130611758e-07,5.553636502691095e-05,0.00019843804551690866,0.3487617337697575,0.35506592546682575,1.9300016702499048,26.313684890410553
56.49999999999893,0.44158842319862,1.695010449768939,-2.9231968598125535,-0.03866333161988417,1.0848243390325638,-2.4371669356142247,0.41197204081628774,1.6743901742264455,-2.9292545847681266,5.2174221363202236e-05,-2.7114216011331853e-07,5.5545803671317305e-05,0.00019857598399985465,0.35052263820919516,0.3558425651010088,1.7741159242967246,26.429565424619547
56.549999999998924,0.42471939770618344,1.6919464495756613,-2.904983940632503,-0.05218419356665694,1.073119361339216,-2.418944311063335,0.3956440371415204,1.6711530726293558,-2.907270838948227,5.213369881657676e-05,-3.18481034579058e-07,5.5588642536671856e-05,0.00019872337727434104,0.3576753057165182,0.3644524910178146,3.1174981406715445,25.244721981064448
56.59999999999892,0.4079310286069392,1.6885809590087635,-2.8868087337392057,-0.06517786428514391,1.061448931415383,-2.4006428524671373,0.3800312628751356,1.6677535082640609,-2.8918667671938385,5.2092690145601714e-05,-3.6229859993827656e-07,5.5610059511806674e-05,0.0001988806071350731,0.34930956333610225,0.36602917192397283,1.1226433577849306,24.44313285452692
56.64999999999892,0.39120939061656046,1.684903919481283,-2.868745593367922,-0.07789217474061351,1.0495975916022255,-2.381975567013508,0.36258835578550297,1.663858474805391,-2.8731660839702915,5.205333455084133e-05,-4.0653105651830814e-07,5.563421642832952e-05,0.00019904879669754833,0.3476301015614691,0.37334570907260695,0.5838912612234499,25.249193445342474
56.699999999998916,0.37455081982023203,1.6809118839092254,-2.850830949805579,-0.09056367805795741,1.0373350592651442,-2.3632147068937472,0.3459185296838123,1.6597228979968335,-2.854075607543447,5.2016932728749114e-05,-4.5498964890739756e-07,5.5686711764354725e-05,0.0001992306722366613,0.3526731154080458,0.3752172023952306,3.21754804442471,25.147702571191477
56.74999999999891,0.3579546366839138,1.6766248088316882,-2.833076967264491,-0.10297454016530491,1.0248851784625261,-2.3460352954343446,0.3303302906778715,1.655037436422134,-2.835819559141798,5.1982439450430795e-05,-5.03796928857969e-07,5.5744808319972446e-05,0.00019942286018726844,0.35158875449977167,0.34358822918807164,0.9190866718707523,24.304053761330252
56.79999999999891,0.3414319251522387,1.67203639928123,-2.8154024964557047,-0.11532917981146376,1.012039362464756,-2.3273770747630897,0.3141836011543271,1.6474752322016277,-2.8102893155804813,5.195195466242594e-05,-5.578763168514914e-07,5.582938367035178e-05,0.0001996230302542862,0.35646111985833817,0.37316441342512074,1.6890053071259032,25.66833654214246
56.84999999999891,0.32502043752352155,1.6671583128056102,-2.7978288338573614,-0.12712995948823091,0.9993065131614788,-2.3090654095308047,0.29769879179918296,1.643057752952343,-2.7990158672058394,5.1919972647124973e-05,-6.034389638438771e-07,5.5892149592951375e-05,0.0001998343365302367,0.3472130608701255,0.3662333046457239,1.3445943691737587,26.011713088348273
56.899999999998904,0.3086852323112961,1.6619782815575754,-2.780336770980645,-0.13885865333677638,0.9861752785969242,-2.290607600712368,0.281189457096345,1.6383041654318098,-2.7833663730125875,5.189389993811034e-05,-6.550067165737302e-07,5.5981459183424755e-05,0.00020005395873883003,0.3521365540069742,0.3691561763687614,1.6169233339116134,26.0238771426239
56.9499999999989,0.2924470668348621,1.656509944010579,-2.7629388278560936,-0.1503538191645796,0.9728471867873929,-2.2743707779056375,0.26542840311198757,1.6321210300447229,-2.765797711181749,5.1871638477698126e-05,-7.073455998574562e-07,5.607948887146106e-05,0.00020027998302598018,0.3520134511267241,0.32473645613462865,0.9710889616915497,26.157363816261856
56.9999999999989,0.27629297482713705,1.65074773241417,-2.7456515090809237,-0.16152892520616613,0.9594399712748323,-2.2569120256763404,0.25111237108409434,1.624770197431057,-2.748239797510104,5.18521552598291e-05,-7.562529347927638e-07,5.6176744293241025e-05,0.00020051081494816677,0.3490811716079155,0.3491750445859576,1.769791400428117,25.872627405393278
57.049999999998896,0.26024888936730567,1.6447106066891528,-2.72850726391671,-0.17253084902356114,0.9457524157472399,-2.238776242193519,0.23516406015439542,1.6198413325173056,-2.730448182013818,5.183581816249307e-05,-8.083288092900469e-07,5.628973452245545e-05,0.00020074320449393865,0.35122639810332074,0.3627156696564489,2.7827656494170014,24.48814037944977
57.09999999999889,0.24428709083761838,1.638392873824643,-2.711447614210383,-0.18307884725016987,0.9321312915107011,-2.220668230540792,0.21941599306082582,1.6136634244289296,-2.7128051321653017,5.181968188727702e-05,-8.521855877916484e-07,5.6388933084937254e-05,0.00020098033086709207,0.34455966224864276,0.36216023305455963,1.2755429123471018,24.01400729837066
57.14999999999889,0.22844018998867824,1.631801824428122,-2.6944747517829315,-0.19351365416519836,0.9181534955206728,-2.203474226646718,0.20478396812429514,1.606566797855672,-2.6961891188088516,5.18088820822935e-05,-9.021274027647058e-07,5.651213995877781e-05,0.00020122158286090666,0.3488675806639595,0.34388007788149977,2.0881395445997275,23.406948084388436
57.19999999999889,0.21269199616202336,1.6249326244322446,-2.6776256639579112,-0.2036983298695773,0.9040026601065122,-2.185799067436848,0.19157571814865296,1.599030256633712,-2.6772531876122416,5.1802389475799244e-05,-9.513820595090782e-07,5.664230594931103e-05,0.00020145946391852114,0.3487014057792194,0.35350318419742616,3.0638728555722197,21.59055195051047
57.249999999998884,0.19709872627063424,1.6178106083607637,-2.6608790156961706,-0.21358029958141742,0.8897584039415296,-2.16883320852021,0.17555979309838105,1.591608381761068,-2.6645911851866404,5.179682453235404e-05,-9.98679916456341e-07,5.67733172185076e-05,0.00020169662378456555,0.3467329626308135,0.33931717833277186,2.4714036945785947,22.825393670692428
57.29999999999888,0.18159892015922124,1.610416254636553,-2.6442398602782653,-0.22325605629820514,0.8753133986720548,-2.153143883036586,0.16136861272530684,1.5822618570473779,-2.6458195733182124,5.179691722051831e-05,-1.047209437591992e-06,5.691531252778733e-05,0.00020193214905297194,0.3477267007089738,0.3137865096725023,3.0704123373489907,23.495361743851433
57.34999999999888,0.16625382869256627,1.6027704965502274,-2.6277325365333564,-0.23280005595880637,0.8605586416613573,-2.1367530311438894,0.1479827628290849,1.5738772805549706,-2.625347015788387,5.180285105378597e-05,-1.1013986659177874e-06,5.7076952116114615e-05,0.00020216334981648605,0.35145281183729665,0.327817037853956,3.5571303748548733,22.24375524524141
57.399999999998876,0.15101090399132303,1.5948559339060815,-2.611327039833036,-0.2418659502739671,0.8460361878088891,-2.120984260114526,0.13453852861487645,1.5653432086586851,-2.6056913765374596,5.1803654384584326e-05,-1.1417165337648053e-06,5.721445454364321e-05,0.0002023886253272546,0.34240220730600274,0.3153754205872881,2.3129387202194716,21.310615890423566
57.44999999999887,0.13590052396779698,1.5866877506427286,-2.595020561667709,-0.2508513003260243,0.8310973657996436,-2.103617271349797,0.11967694039124319,1.5571601673982596,-2.5964271725529993,5.181187812121707e-05,-1.1928703392460196e-06,5.737912619014936e-05,0.0002026096905927106,0.34866175996357235,0.34733977529459076,2.6473614021934564,22.12707410982381
57.49999999999887,0.120956333090485,1.578284341436625,-2.578840142011129,-0.2595958613109115,0.8159803450194444,-2.0868336710305764,0.10658540540680764,1.5471343972988456,-2.5736695129840763,5.182550371819255e-05,-1.2449539521264262e-06,5.755062983641992e-05,0.0002028227283489417,0.34928431032274526,0.33567200638443667,3.043197553660972,21.895577317556903
57.54999999999887,0.10611175644996784,1.5696167303568114,-2.562742707206752,-0.26796848203774754,0.8009871673023842,-2.073341665554409,0.09313140244170842,1.5383715244910405,-2.553731661054975,5.183478511676089e-05,-1.287494018678041e-06,5.770829272427951e-05,0.0002030277637480986,0.34345342005226,0.2698401095233617,3.721547885696748,20.82552652547471
57.599999999998865,0.09144118216581136,1.5607242499598863,-2.546737336019153,-0.27624885886712536,0.7856330306024969,-2.0574222623462184,0.07814193806072152,1.5279232736874864,-2.54109041223852,5.185076899547032e-05,-1.3412745352595335e-06,5.7888914928785686e-05,0.0002032292843936448,0.348895732912954,0.3183880641638337,2.888114940460062,23.130522943833835
57.64999999999886,0.07690109940722094,1.5515764597699406,-2.5308618987377662,-0.28430070090478127,0.7701106967317525,-2.041202655694865,0.06304784220327699,1.517402120750876,-2.5250033180608686,5.1870914110026e-05,-1.3969509016524504e-06,5.807681920152692e-05,0.00020342315312068618,0.34973230481542567,0.3243921330270857,3.0054651971979,25.029999380584755
57.69999999999886,0.06251094764115675,1.542194229007531,-2.515132903887535,-0.2921314035095521,0.7544047552848558,-2.0254154256842734,0.047916163382416874,1.5080803378658156,-2.5143900880848276,5.189425990901366e-05,-1.4558968215389642e-06,5.827314588197369e-05,0.00020361050406101833,0.35100022626677335,0.3157446002118493,1.243417185311611,26.073032524145507
57.749999999998856,0.048255363336107214,1.5325770671511143,-2.4995647543275625,-0.2996370563509545,0.7387339244161698,-2.0095209700444894,0.03383819911616571,1.4966326161652448,-2.4996158186199353,5.1916415332401164e-05,-1.5088148008823154e-06,5.84626804409854e-05,0.00020379041552911676,0.34751467354334686,0.31788911279569504,1.0692977457764796,28.498209060834853
57.79999999999885,0.03417788433001338,1.5227560464122378,-2.4841096074408227,-0.30692653234259315,0.7228874469380456,-1.9943592018085017,0.019998588497603324,1.486600463169002,-2.480318557177998,5.194120832959589e-05,-1.5651779163615554e-06,5.8659741871073486e-05,0.0002039609226138851,0.34885706936153665,0.30323536471977014,1.7782775694846285,27.848623078878948
57.84999999999885,0.02025083739944767,1.512709229754695,-2.4687765686849694,-0.3140178282616845,0.7068218582570216,-1.9785861117384256,0.007114870817431526,1.47584888184205,-2.465425150471124,5.1969513334824094e-05,-1.62780918428883e-06,5.8866321487668174e-05,0.000204121112996187,0.35122415136593127,0.3154618014015389,1.2036139010911096,28.265782180171403
57.89999999999885,0.006463642482719384,1.502429163541855,-2.453567838230488,-0.32099924727129336,0.6903078987494947,-1.9629478657208217,-0.007505358911938473,1.465794274277302,-2.4516610170799082,5.2008382874250724e-05,-1.7069750780538975e-06,5.9097281159307973e-05,0.00020427348958297262,0.35858478557572865,0.31276492035209746,2.523140774048219,28.518056469568343
57.949999999998845,-0.007158716414509552,1.491931287923454,-2.438631637057206,-0.3275753741015542,0.6740767331149549,-1.9485284708826387,-0.020534160077314373,1.4550493433784033,-2.436150856928917,5.20370146469624e-05,-1.769929575656284e-06,5.930487106235602e-05,0.00020441437935069288,0.3502579026913938,0.28838789676367643,1.6487175483369811,28.3545419108584
57.99999999999884,-0.020745689167686633,1.4811372295286833,-2.424521426796418,-0.33397290269318425,0.6576096551066819,-1.9341783270872532,-0.03445509698923661,1.4451590041547993,-2.4214299969483006,5.206975624289148e-05,-1.8410671726693318e-06,5.9523182010899454e-05,0.00020454759052806746,0.3533261303414763,0.28700287590772705,3.3275144148057736,27.090662855215147
58.04999999999884,-0.034259826622979016,1.4700386956981508,-2.4112113906295254,-0.34011441380934376,0.6411205268026182,-1.9204950994055705,-0.0474386932826609,1.4334422257737653,-2.4057524161221777,5.2100744466294566e-05,-1.9107195916988977e-06,5.9738476942806764e-05,0.0002046713334009508,0.35191722990726987,0.2736645536336722,2.0848894117547414,27.19652391623828
58.099999999998836,-0.04761792036122351,1.458717029894272,-2.398168710812669,-0.3460009854329203,0.6245945821733146,-1.9054757752406914,-0.05844733460448715,1.4220479530179002,-2.38793328730643,5.212933790573565e-05,-1.9795620377634663e-06,5.995039173548578e-05,0.00020478210560815442,0.35086427962180844,0.3003864832975981,2.530029770959021,25.576965905401238
58.14999999999883,-0.06080549703619344,1.4472150461451956,-2.38528663686947,-0.3516415873524744,0.6080043385320442,-1.8915851477707362,-0.07180269431855156,1.4123954233412988,-2.3785670175832663,5.2155574450737586e-05,-2.0496368196656507e-06,6.016108331179818e-05,0.00020488333451394315,0.3504611312409936,0.2778125493991229,3.205214295967367,23.580924171644007
58.19999999999883,-0.07385294733601529,1.4355290440619355,-2.3725183281599027,-0.35705429901813246,0.5913039551435917,-1.8768555591966751,-0.08414214433665039,1.400530949848015,-2.368330841817722,5.218320015940802e-05,-2.1222486902957695e-06,6.0374094149190656e-05,0.00020497671241348004,0.35111583572258737,0.29459177148123816,2.3961087826014182,23.775718548263026
58.24999999999883,-0.08672765994605433,1.4236994017281366,-2.359840300280859,-0.3622690147413558,0.5744370002540741,-1.8644292117016263,-0.09664288043842902,1.3890899780611417,-2.3572570458848654,5.2213875982927434e-05,-2.1998868379779617e-06,6.059257848475988e-05,0.00020505917011347,0.3530957026613772,0.24852694990098798,0.5634982114734725,23.31139458865766
58.299999999998825,-0.09965144271995163,1.4115331642576614,-2.3460114255633,-0.3672100821388566,0.557671803364289,-1.8503780701354244,-0.1078963530068222,1.3766530072170782,-2.33854050006752,5.22371375907884e-05,-2.2710066622470183e-06,6.080119949333496e-05,0.0002051324366342107,0.34956601662868453,0.2810228313240527,1.2402180402338008,22.325081142202265
58.34999999999882,-0.11242405308204942,1.399224966435884,-2.3323622864853015,-0.3719626319374016,0.5406705400880975,-1.8363805901062138,-0.11736266181296011,1.3643940025779286,-2.317394388045909,5.226408786374571e-05,-2.352118670277106e-06,6.101655606426697e-05,0.0002051934139381923,0.3530636037561469,0.2799496005842268,2.9062238060472274,20.71747324192849
58.39999999999882,-0.1248478462374782,1.386893024608743,-2.319806946303219,-0.37647559288663957,0.5236531727491409,-1.8236723323120945,-0.12819055932926846,1.3519340158621074,-2.3050260496846047,5.228626537858579e-05,-2.4337991188677284e-06,6.122600149777171e-05,0.00020524173419414715,0.35211462861977766,0.25416515588240246,2.230174484206237,20.5073324290336
58.449999999998816,-0.13707362793968056,1.3744068012887,-2.307502224132832,-0.380737874556059,0.5066820075671162,-1.8100388330984905,-0.13784558483207973,1.337578571137575,-2.2824889947700395,5.23025571345933e-05,-2.5118009355858486e-06,6.142730970526394e-05,0.00020527833642506867,0.3499669900758973,0.2726699842720956,4.838342723747745,22.2565997173679
58.49999999999881,-0.1493294295311479,1.361566820754772,-2.2942255518875045,-0.3847517467388616,0.4896870262716292,-1.7954133640338696,-0.14971833186295325,1.3252328386977879,-2.276690988128349,5.231254744012638e-05,-2.5917784206552e-06,6.162356617903915e-05,0.00020530576641523916,0.34925405931378256,0.29250938129243126,3.9900693525452473,21.566810384357378
58.54999999999881,-0.16145872681312995,1.3485639917444607,-2.2807611121942974,-0.38852530835927773,0.47265101836510076,-1.782150109807921,-0.15988831933761394,1.3138571602201226,-2.2663725295982267,5.232086330562764e-05,-2.6712520514620336e-06,6.181927554007228e-05,0.00020532758540411144,0.34898125797297447,0.2652650845189867,2.5265815092716926,19.734310906400758
58.59999999999881,-0.1734287014855706,1.3353995976243922,-2.267307321035005,-0.39206446104622017,0.45559687353995565,-1.7686826745553155,-0.1729473639924345,1.3001391981968702,-2.258647027842511,5.2326012003068875e-05,-2.750692964665134e-06,6.201182678086026e-05,0.00020534235002014388,0.34835271936500917,0.26934870505212843,2.734628012865332,20.893632641318998
58.649999999998805,-0.18522277494205813,1.3220778438704985,-2.2539420768948393,-0.39543566455436885,0.438216211806533,-1.756077922413858,-0.18510665132299267,1.287489185423867,-2.248009930135343,5.2340946867889715e-05,-2.8445906148910133e-06,6.221870445895324e-05,0.00020535487020343106,0.3540940923100332,0.2520950428291636,1.8685946424828561,20.39160977879048
58.6999999999988,-0.19680424462344442,1.308624187535944,-2.241043509423623,-0.3985404433276161,0.4210202579419536,-1.7427715370990413,-0.19499463245112553,1.2740646004529579,-2.2327605447423853,5.234340394708847e-05,-2.9293979912862733e-06,6.241338773028795e-05,0.00020536136987786403,0.34948246644400793,0.2661277062963507,0.8079964166357749,20.00252623512799
58.7499999999988,-0.20819646158727637,1.295013813196746,-2.2281234174397744,-0.40139454228503335,0.40389791106319356,-1.7291610303590512,-0.20700126031881974,1.2614505495239587,-2.2284735250307395,5.233665792154046e-05,-3.011528440744668e-06,6.260032380099135e-05,0.00020536162826969483,0.34717447779049504,0.2722101347998175,2.6504809163207916,20.28142990145936
58.799999999998796,-0.21942341624833112,1.2812334337173226,-2.215331573356717,-0.4039843279708242,0.38695006013971883,-1.7157037948907339,-0.21681649326688718,1.2486015990175332,-2.211686015789059,5.231842091800988e-05,-3.0844879054592354e-06,6.277842436843938e-05,0.00020535966977486243,0.34289419755238904,0.2691447093663642,1.5864484976286672,18.43920009164752
58.84999999999879,-0.23046492742594746,1.2673114361854967,-2.202684590539376,-0.4064048116342486,0.369539921415606,-1.70217238100405,-0.2257895749698415,1.2350773298426607,-2.2013931506129465,5.231591045686204e-05,-3.1803146267269535e-06,6.297157385949056e-05,0.00020535086949194183,0.35155448281717633,0.2706282777336926,2.877675092068994,18.758083848779833
58.89999999999879,-0.24132458816027919,1.2532511132646147,-2.1901823523830966,-0.40859884115003775,0.3521414269219939,-1.6903051013039616,-0.23666522370917153,1.22048239930835,-2.1886356719953612,5.23082196918339e-05,-3.2760647506246285e-06,6.31613371936219e-05,0.0002053373839904179,0.3507278062915002,0.23734559400178504,2.002266854778084,19.22178235866847
58.94999999999879,-0.251995890228431,1.2390677696924863,-2.177817881363331,-0.410568063638944,0.3348103376596168,-1.6775645112604816,-0.24699932528021218,1.2072271155013443,-2.1766016814113422,5.229189458546718e-05,-3.369981257521448e-06,6.334501974341278e-05,0.00020532010155072884,0.34885447266466685,0.25481180086961336,0.6694917538551332,18.234546509637973
58.999999999998785,-0.26250176171425255,1.2247278373883332,-2.1655989391661277,-0.412340472954857,0.31737351138803477,-1.66662723380924,-0.2564304114621181,1.1921402509428483,-2.165096773956664,5.2276503189925287e-05,-3.4699048197278226e-06,6.352972850986662e-05,0.0002052989214984324,0.35053525211946324,0.21874554902484386,0.7393517464826193,19.438362211579076
59.04999999999878,-0.2728041829521003,1.210292910880181,-2.153521908140657,-0.4139026623958685,0.3000965683346428,-1.6553159348386248,-0.26602374077905766,1.1779417020026113,-2.151278720364821,5.224808500491871e-05,-3.564010839848364e-06,6.370517362247077e-05,0.00020527324778221888,0.3469503743922436,0.22622597941231895,1.8295456104386303,18.900212425924515
59.09999999999878,-0.2829388980085902,1.1957131929734037,-2.1415827426907996,-0.4152867766167922,0.2825452830154327,-1.6436732342003384,-0.2752098853589871,1.1633638524165804,-2.1406091535796263,5.222840525167327e-05,-3.6729872601423966e-06,6.388749880758849e-05,0.00020524399523021118,0.3521175314666609,0.23285401276574158,1.0857268347695879,19.408722994493857
59.149999999998776,-0.29289355655424143,1.1810087600544485,-2.1297781774380553,-0.4164711583067146,0.26507254298795785,-1.633281439953412,-0.2861692771091581,1.149484620068879,-2.1298934366190703,5.22002058245465e-05,-3.7800006722222387e-06,6.406464324199339e-05,0.00020521266454513742,0.3502582841809689,0.20783588493854327,2.2830659451357955,18.32502530188895
59.199999999998774,-0.30265970606035775,1.1662098592465382,-2.118118914409671,-0.41745215268023234,0.24750292959769427,-1.6198648184457425,-0.29573494734027256,1.135491869389622,-2.118534893738312,5.21729011461615e-05,-3.893849959783653e-06,6.424273646403383e-05,0.00020518072890363597,0.35194221664298164,0.26833243015340175,1.2649318795938385,17.504743600402808
59.24999999999877,-0.31225161484230524,1.1512843716008168,-2.1066124668476593,-0.41821429530552995,0.23000562884187206,-1.6087882550005088,-0.303428586178499,1.119924665867529,-2.1059255943116937,5.213832950314806e-05,-4.006196922740183e-06,6.441511676760153e-05,0.00020514601598720707,0.3502796204582174,0.22153126890468636,1.4137733538849515,18.529955667168178
59.29999999999877,-0.32166646344847316,1.1362488532237804,-2.095246095872199,-0.41877354822518986,0.2127835545283086,-1.5977276426543776,-0.3108456250861835,1.1038809046333762,-2.088170442878567,5.208450935076832e-05,-4.108777727173777e-06,6.457405267992837e-05,0.00020510711154025815,0.3446248014650134,0.22121224692263497,2.1281885188241176,19.04161091518778
59.349999999998765,-0.33090553237743403,1.1211039551883415,-2.0840296348641307,-0.4191375174920771,0.19531165060268585,-1.5855223635470819,-0.320629159074331,1.0904985634852127,-2.0784887213263405,5.2037907609297495e-05,-4.226939039719613e-06,6.47365065981861e-05,0.00020506431574458814,0.34951606068814195,0.2441055821459267,2.434939703450956,17.165417899225684
59.39999999999876,-0.3399675632071745,1.1058603284748512,-2.0729530342347355,-0.4193116825002337,0.1777038897063175,-1.5758523996989655,-0.3298749972277062,1.075559750936659,-2.0690677320385946,5.1996266071039836e-05,-4.353522907621237e-06,6.49021470250137e-05,0.00020502224277988044,0.35217381695350786,0.1933992769623364,2.4216272216237633,17.01150324276568
59.44999999999876,-0.34885381757094175,1.090523072567654,-2.0620237661476426,-0.4193037146972714,0.16017793527630392,-1.5648309964298224,-0.3390858817747434,1.0600691386655152,-2.0601444715518307,5.1946915317430696e-05,-4.4795064943075485e-06,6.506327242845813e-05,0.00020498118055505305,0.35052089891484284,0.22042806538287424,2.068406615574528,17.361692438927463
59.49999999999876,-0.357562585181085,1.075089041406215,-2.051235281828722,-0.4191045898158952,0.14276372950774477,-1.553893407394576,-0.3467022458090111,1.045167593954623,-2.0502172112888197,5.1888467909377824e-05,-4.603327547937068e-06,6.521919924877235e-05,0.00020493997835425027,0.3483086199900121,0.2187517807049394,0.9402764827524135,17.418844189214095
59.549999999998754,-0.36610628414841684,1.0595482315435891,-2.040597032272664,-0.41870394935476823,0.12512154776119214,-1.542288580231528,-0.35592897199544765,1.0308431062722823,-2.0422936726830203,5.18395254813588e-05,-4.740676698831658e-06,6.538007812393671e-05,0.0002048981847020546,0.35293658603175204,0.23209654326097387,1.9504652156496434,16.467585031244965
59.59999999999875,-0.3744716866723007,1.0439258402154734,-2.030106452267436,-0.4181188509401784,0.10749664340183865,-1.532933940813229,-0.3644894018840972,1.0146099585776809,-2.031977134547184,5.178815610945801e-05,-4.880044612004252e-06,6.553948540243962e-05,0.0002048584729322934,0.3526935563012562,0.1870927883659928,2.216946272245581,16.94382760367202
59.64999999999875,-0.3826682865280498,1.0282224906540354,-2.0197691737787467,-0.41735562629939804,0.08984290468340259,-1.5222464606887116,-0.3746519285043331,0.9988698236537213,-2.0238514220953134,5.1735235321495795e-05,-5.025033815278179e-06,6.569790539075689e-05,0.00020482013855061546,0.35340626742718495,0.21374960249035793,2.2713384488125397,16.65713687720416
59.699999999998745,-0.3907026466965658,1.0124176732859067,-2.00957796826327,-0.4164000841287286,0.07234216961135442,-1.510254281484239,-0.3833203218263104,0.9844047407847775,-2.0147249342751126,5.167172887454488e-05,-5.167879751818348e-06,6.585179723762836e-05,0.00020478683951596558,0.35053814080100243,0.239843584089464,1.3790653353986344,15.322570308768833
59.74999999999874,-0.398557034939905,0.9965528547071443,-1.9995382996822735,-0.415268208391652,0.0548936698500035,-1.5017808646607218,-0.39261688804654243,0.9692854354347978,-2.008874481830575,5.1604229889747215e-05,-5.312254617781787e-06,6.600361812775483e-05,0.00020475723009988892,0.34970451291002436,0.16946833647035606,1.1637280856572683,15.218426374254534
59.79999999999874,-0.4062460868053154,0.9806105528413178,-1.9896499858481689,-0.4139705253420255,0.037290366558430266,-1.4926416847514163,-0.39995639678814143,0.9540366554851751,-1.9997550256566794,5.1545144494788315e-05,-5.467181314769467e-06,6.61597802732689e-05,0.00020473211418969546,0.35302262627805314,0.18278359818611964,1.585594078509695,14.844785263758773
59.84999999999874,-0.4137806880851641,0.964569406644118,-1.9799110210438517,-0.41251540395541836,0.019858804674977797,-1.4823846498915223,-0.4061938258749933,0.9387291841122007,-1.9880097074226306,5.147468505015959e-05,-5.6193006210215495e-06,6.630892008756377e-05,0.00020470857841916183,0.3498453432755613,0.20514069719789063,1.8356633540833904,13.995947583862822
59.899999999998734,-0.42114173840795194,0.9484830998876188,-1.970342066988332,-0.4108970382901423,0.0024917103762142345,-1.4733731727115922,-0.4129896269563753,0.9225068225228151,-1.97759453205998,5.139893541822367e-05,-5.7735758707510065e-06,6.645290919336157e-05,0.0002046852874802279,0.3488478927239237,0.180229543598614,2.167466204863568,14.034849073624036
59.94999999999873,-0.4283445028727379,0.9323092523785123,-1.9609018019940552,-0.409089869893522,-0.015073061711076897,-1.4631690563283313,-0.42094722408631297,0.9063385259143351,-1.9702283548067532,5.1333542128649486e-05,-5.942267141351278e-06,6.659975171397404e-05,0.00020466385488812196,0.35315140179961213,0.204082327665231,0.8111986733223394,14.262091671055362
59.99999999999873,-0.43538125055821786,0.9160889171408693,-1.9516185571830942,-0.40710927155257864,-0.032630939159963804,-1.4537653440359586,-0.42817652418287366,0.8897883759413004,-1.9577937812947392,5.126789468565591e-05,-6.115680619741212e-06,6.674578628013115e-05,0.0002046470393710717,0.35338598216156036,0.188074245847463,2.351388558547024,13.564750258073067
60.049999999998725,-0.44227807584271145,0.8997884846426274,-1.9425193875977025,-0.40496521375921474,-0.050164774920619076,-1.4444731212956665,-0.4334311013154659,0.87327686407276,-1.94420577578682,5.120030852115136e-05,-6.294527527118962e-06,6.688748475665513e-05,0.00020463285764285352,0.3532900369532813,0.18584445480585163,2.592519972469321,13.232915055555786
60.09999999999872,-0.44900722387802156,0.8834491363987897,-1.9335705213846375,-0.4026804574678885,-0.06754018105983223,-1.4356323522627519,-0.4386179796719466,0.8547003811715981,-1.9285464889529491,5.11220943321367e-05,-6.473292509828842e-06,6.70202842050497e-05,0.0002046185275416044,0.35050069911894893,0.17681538065830124,1.7474260998578295,14.497365271322092
60.14999999999872,-0.45558421217897493,0.8670367239087351,-1.9247608472417397,-0.4002647296409053,-0.08474391222990499,-1.4269469053927126,-0.44376045986479457,0.8369030266161952,-1.9151121346951927,5.10314493136452e-05,-6.652946075741319e-06,6.714341458127895e-05,0.00020460494907579115,0.3474512940712323,0.1737089374007951,1.9730866022649647,15.644616330537815
60.19999999999872,-0.4620205597339095,0.8505456170051364,-1.9161015476510737,-0.39769801016422307,-0.10199687550868608,-1.4192725929198327,-0.4513656034299829,0.8196689409797643,-1.912235246013366,5.094326240444918e-05,-6.842280576161351e-06,6.726332488628909e-05,0.0002045931869310435,0.3488577268885112,0.1534862494576081,3.4040678299772957,16.63224384171846
60.249999999998714,-0.46830343452071943,0.8340241027900357,-1.9075897546195424,-0.3950210055981903,-0.11902749559932324,-1.4104960693939586,-0.4568353962338742,0.8044805009474384,-1.9061589574913484,5.084349228043462e-05,-7.028389502360711e-06,6.738030324095213e-05,0.00020459048701770556,0.34479575513070454,0.1755304705174908,1.99366604506924,16.119759831959374
60.29999999999871,-0.47444566478055394,0.8174442367037418,-1.8992340832475036,-0.39216732337163146,-0.13627078989282612,-1.403079296167847,-0.46459467379179836,0.7884667391508066,-1.910145293565169,5.0759933623791714e-05,-7.228775158898771e-06,6.750101287307339e-05,0.00020459255349091905,0.3495574920700759,0.14833546452223642,2.758011848118484,18.05413534044478
60.34999999999871,-0.48043909941134977,0.8008190673919785,-1.8910360575191874,-0.38917976703911983,-0.15344794559714403,-1.3941063106107863,-0.47260917759029725,0.7710152239973231,-1.9038165582824214,5.067708604656601e-05,-7.431150593596066e-06,6.762553083526111e-05,0.0002046068351689339,0.34870171235909364,0.17945971114122583,4.0379845848461615,18.543141011718767
60.399999999998705,-0.48628852160852476,0.7841581127946182,-1.882994172299571,-0.38603836597893876,-0.17060989144498234,-1.3854055623522492,-0.47787146932816227,0.7541120112341732,-1.8923701114307518,5.0597559599487744e-05,-7.641026693524097e-06,6.774981884431991e-05,0.00020463418734272925,0.34894280691860696,0.17401496517075313,1.1748039318994674,17.839545591308603
60.4499999999987,-0.49200440654569483,0.7674247032965965,-1.875110353847388,-0.38275593915522393,-0.18773512927676272,-1.3774369010798468,-0.48410510020846403,0.7379921573133941,-1.8866969321785014,5.051849708166718e-05,-7.85796416594735e-06,6.786945467056455e-05,0.00020466804867501058,0.3487404224137601,0.15937322544805632,0.6017867977338442,17.665499768546105
60.4999999999987,-0.49757085182859023,0.7506761756601057,-1.8673872154466267,-0.37932214351134746,-0.204967418541602,-1.3707779006027245,-0.4861168829897233,0.7206027824018469,-1.8681716257297605,5.045174792252387e-05,-8.085770194673075e-06,6.798950728711507e-05,0.00020471055177971096,0.351422188654536,0.13318000954245363,4.3038219368581085,16.732959235726252
60.5499999999987,-0.5030061641255692,0.733876494966579,-1.8598214561934325,-0.3758005623912368,-0.22208840088619317,-1.3650971759334554,-0.49225368565368416,0.705149481706516,-1.8652214277610069,5.037808754443556e-05,-8.31928243949942e-06,6.809823687361093e-05,0.0002047530477942538,0.3495885533976934,0.11361449338539033,0.8393888517495623,16.23712725731685
60.599999999998694,-0.5083018965559093,0.7170388459606742,-1.8524368437494274,-0.3721643821468334,-0.23919990780302713,-1.3577263664597221,-0.4959671207458754,0.6876114695853175,-1.8527227799059687,5.031054071294353e-05,-8.55871785920144e-06,6.820586113921411e-05,0.00020480561768145662,0.3498724689020376,0.1474161894746756,1.6385985574955169,16.30573008875128
60.64999999999869,-0.5134607120516445,0.7001551091660634,-1.8451998158309755,-0.36837117061672586,-0.2564256656489816,-1.3503731243473376,-0.5012352144347403,0.6699048364378384,-1.847616573439069,5.025488006923507e-05,-8.812531810063707e-06,6.830897449584751e-05,0.00020486334973837222,0.35276994708790765,0.1470648422477009,4.048533733954187,17.433662788382595
60.69999999999869,-0.5184863136451761,0.6832469958609706,-1.8381153530357224,-0.36452687432940406,-0.27334212531263985,-1.344306083339986,-0.5082254545501632,0.6517040793064813,-1.8473518248538043,5.018492804086779e-05,-9.06253177551242e-06,6.84060204222481e-05,0.00020493279073054233,0.3469559883458866,0.12134082014703845,2.5206144443078253,19.610377713893072
60.749999999998685,-0.523393357386182,0.6662965459186163,-1.8312040731296737,-0.3605704781711333,-0.2902991980989966,-1.3388511326946473,-0.5110061429889228,0.634476355193133,-1.8345593566136258,5.012696635016404e-05,-9.321978465930052e-06,6.850529720112154e-05,0.00020502047110534968,0.3482505648982774,0.10909901290678038,4.211290105113526,19.105913001288155
60.79999999999868,-0.5281711965072697,0.6493227988726571,-1.8244481667500434,-0.356479370964881,-0.30729653272188057,-1.3303448389254404,-0.5166409232640818,0.6167498680008131,-1.8295374479467552,5.0077509683082254e-05,-9.593829050887077e-06,6.85964134499152e-05,0.00020511425700172272,0.34965605124758603,0.17012587538414645,1.3306075521218659,19.838317943478625
60.84999999999868,-0.5328294358020843,0.6323247996916237,-1.8178526918903044,-0.3522284359126197,-0.3243972350932473,-1.3239596448421949,-0.5207763390746112,0.6007186696403107,-1.822720741120885,5.004527409189196e-05,-9.878833460115645e-06,6.868771095969848e-05,0.00020522326461929616,0.3524233393928098,0.12770388166492053,2.34142861056296,18.99097404136712
60.89999999999868,-0.5373733291578114,0.6152806025573403,-1.811410692427296,-0.34788713268580185,-0.341349622179133,-1.3162323992207487,-0.5246406145406294,0.5842117328376163,-1.8121528028447031,5.0012205645959315e-05,-1.0166193717830697e-05,6.877148241313385e-05,0.00020534208770139125,0.3499896372071025,0.15454491242893004,0.7422125036968217,17.68801312114314
60.949999999998674,-0.5417957616258445,0.5982294948187603,-1.8051307612510505,-0.34344286425581455,-0.3582381770948009,-1.3107225847860557,-0.527662194382428,0.5654146572403935,-1.8019070557864028,4.998459604775946e-05,-1.046048898284931e-05,6.884743595788142e-05,0.00020547092651156945,0.34927100111824544,0.11019628869386601,2.0462204382708813,19.110189022136147
60.99999999999867,-0.5461113191435626,0.5811292931527384,-1.7990126503903667,-0.3389017013209477,-0.3751074096837579,-1.3049417966730248,-0.5306079843558007,0.5487228968768803,-1.7951949485540266,4.9965301565893635e-05,-1.0765029759433757e-05,6.891453778379156e-05,0.00020561264161256758,0.34939606113548205,0.11561576226062624,0.6501937276887565,19.252505479016378
61.04999999999867,-0.55031481938555,0.5640135249496603,-1.793054999595689,-0.33425570396860516,-0.39197744392072337,-1.2991758679487413,-0.5352961240793246,0.5337880013854178,-1.7920697577923919,4.995690004861811e-05,-1.1078337621589866e-05,6.897581149174902e-05,0.0002057647322188093,0.3499623950284279,0.11531857448567713,2.0844764135659455,17.508370324924222
61.099999999998666,-0.5544135585160599,0.546871857038498,-1.7872502732049251,-0.32952421771593526,-0.40877907978112016,-1.2934171972169322,-0.538242599018219,0.5150705500534866,-1.781344254946103,4.995733316434384e-05,-1.1395306577076356e-05,6.9032709011979e-05,0.00020592943187414944,0.34910329230292053,0.11517341463618821,1.4056159890476443,18.510638584151707
61.14999999999866,-0.5584028633276107,0.5297153208312821,-1.7816104758967182,-0.32468128643318206,-0.4255701700414565,-1.2865717514644337,-0.5413062931870116,0.4978544628737772,-1.7698473148118445,4.996994672738833e-05,-1.172349696510194e-05,6.907895433691225e-05,0.00020611028396684517,0.3495115952941093,0.1369089150499753,0.9934307927395123,18.138339925817924
61.19999999999866,-0.5622856347223182,0.5125488737583412,-1.7761348102912502,-0.31972973392395326,-0.44234654902759374,-1.2810177654772743,-0.545504602622055,0.4808855718491802,-1.7654210549750706,4.9995488611881476e-05,-1.2061104772145187e-05,6.911443966173148e-05,0.00020630428387394264,0.34983741974877963,0.1110797197431928,1.0012700471207765,17.835715621293037
61.24999999999866,-0.5660796591696665,0.49533482910641924,-1.7708102809431765,-0.3146685309432868,-0.4591662289574819,-1.2759927459784737,-0.5475993463510569,0.4631448298893052,-1.7552067877027726,5.0040732540524166e-05,-1.2408131243872189e-05,6.914453674024162e-05,0.00020651534592477157,0.3512936422706248,0.1005003899760202,1.6539711808047823,18.663990206374773
61.299999999998654,-0.5697654515983552,0.47812932250127016,-1.7656597140759733,-0.309573812948966,-0.4758003810411228,-1.2711823044622614,-0.5506353930660166,0.4446570881946308,-1.746420123599773,5.0087037928702385e-05,-1.2757524554276907e-05,6.916021507040016e-05,0.00020674038310698704,0.3479377821422433,0.09620883032424943,1.4391730550294008,19.82831165541636
61.34999999999865,-0.5733633073040478,0.46087546032419996,-1.7606765973560943,-0.30439560972567375,-0.4924312348710554,-1.2667161834035023,-0.5549253514857811,0.42813925293464894,-1.751631832363896,5.0150433577614396e-05,-1.3116420908523236e-05,6.916484792931519e-05,0.00020698543708655935,0.34836738770482134,0.08932242117518904,2.2476240276068102,19.74801320475049
61.39999999999865,-0.5768649643007339,0.44363953986849036,-1.7558527422365784,-0.2991302282681236,-0.5090580573985501,-1.261499671748637,-0.5609500511758188,0.41090437047882067,-1.7498077608003895,5.023306176943366e-05,-1.3479610995289232e-05,6.91701222879699e-05,0.00020725055512521494,0.3488129349801734,0.1043302330973108,4.799748443136304,18.73674651843271
61.449999999998646,-0.5802828889943683,0.426371701161646,-1.7511888478856992,-0.29379572008465094,-0.5256226844758317,-1.2569843681933428,-0.5636582648052758,0.394551355117508,-1.7400810075020532,5.0332771074364534e-05,-1.3845736257399085e-05,6.917038172061528e-05,0.00020754183246569216,0.34804848070367517,0.09030607110588934,4.1269782277372435,17.460757779193877
61.49999999999864,-0.5836088296515868,0.4090927204365314,-1.7466973502255176,-0.2883920053306978,-0.5421409354410084,-1.2522830161049554,-0.5667060552084272,0.3781831943146141,-1.7389705043533228,5.0447518294823794e-05,-1.4217114190277984e-05,6.915739152216971e-05,0.0002078476043384064,0.34759361584471643,0.0940270417677512,1.540443602261831,17.21886787244204
61.54999999999864,-0.586847540585947,0.3918165710876874,-1.7424064851212566,-0.2829145847928896,-0.5586199922461517,-1.247512818192022,-0.5710959942178955,0.36226797401670446,-1.7356334894701633,5.0579283928759665e-05,-1.4591598809801803e-05,6.913838456547059e-05,0.00020817069080918932,0.34731082376822636,0.09540395825867329,2.044558829377461,15.55680774466026
61.59999999999864,-0.5899989011508366,0.37451494314457046,-1.73825688678411,-0.27732883320991547,-0.5751887057124265,-1.243758900220007,-0.5742227821711251,0.3458201288593344,-1.7339515469591318,5.073973474701644e-05,-1.4973183635681314e-05,6.911415481081905e-05,0.00020851216389382567,0.34969886799504163,0.07507835944030719,1.771509376011644,15.231142648424697
61.649999999998634,-0.5930739108891093,0.35721513226572493,-1.734298008039224,-0.2716760023173031,-0.5917623761569107,-1.2404338063186189,-0.5777240534743122,0.3285009880324179,-1.7306647356366742,5.0921820612774506e-05,-1.5358383476422814e-05,6.908316733133317e-05,0.00020887171687157443,0.35022354668299527,0.06650187802776569,1.0354167117835047,15.093630739907812
61.69999999999863,-0.5960748427113834,0.3398983755747822,-1.7305037250566717,-0.2659305378649504,-0.6083904295870277,-1.2357875323836967,-0.5789589792975065,0.31095047544119236,-1.7159815638293094,5.113136149025163e-05,-1.5749310129243437e-05,6.904309024839752e-05,0.00020925349724884403,0.3518539921275191,0.09292547869844996,4.497502444872183,14.6917200946346
61.74999999999863,-0.5990056576985296,0.3225527045082147,-1.7268693749278208,-0.26020646118346796,-0.6247536903634732,-1.2327891942384428,-0.5800313534247125,0.2939522514693758,-1.7085811266120372,5.134028235979232e-05,-1.613484508650084e-05,6.89792940472688e-05,0.00020965227807391159,0.3467111663820319,0.05996676290508235,1.6784024684857908,15.110861497183171
61.799999999998626,-0.6018597346341178,0.3052481241737765,-1.7234035682931197,-0.25440846061978784,-0.6411483660987262,-1.2289553485989417,-0.5827823478346883,0.278012948466217,-1.7048828544213264,5.157354071237276e-05,-1.6524743432135338e-05,6.890035979883925e-05,0.00021006664257914687,0.34779452175243863,0.0766769127900259,1.1914264715521403,14.128761598743052
61.84999999999862,-0.6046539853151496,0.28790180071603216,-1.720112819006921,-0.2485087396285223,-0.6576520581325833,-1.2259935030693776,-0.585588526213849,0.26109313969188197,-1.7092714195813603,5.183868589001717e-05,-1.691894641387961e-05,6.881344249347614e-05,0.00021049434768679614,0.35053033140335993,0.059236910591285004,2.6883262824951655,14.376528030968503
61.89999999999862,-0.607381761542012,0.27055727308947025,-1.7169773287993828,-0.2425903119205647,-0.6740798835938264,-1.2240126760000758,-0.5890481010048093,0.24584914963539273,-1.7104700707504399,5.212031885161083e-05,-1.7308564973025822e-05,6.872435077187726e-05,0.0002109417432947989,0.3492284842987025,0.03961654138603948,1.5687629098255744,13.085806786167117
61.94999999999862,-0.6100488809014419,0.25320444002395454,-1.714008833060449,-0.2366635626703558,-0.6904085742207553,-1.2212234829514337,-0.591736716103938,0.22889372180900136,-1.7090494733578543,5.241475565303077e-05,-1.7691458917331684e-05,6.863131473377569e-05,0.00021140067490345055,0.3474206038167515,0.055783860972844386,0.4263377571207083,13.023396273810935
61.999999999998614,-0.6126574562791326,0.2358411245798039,-1.7112047039977678,-0.23058712876989823,-0.7069707909238124,-1.2170941581963761,-0.5940177174940734,0.21172635739584514,-1.7061062218578462,5.27539108622556e-05,-1.8082085696303746e-05,6.853198709031801e-05,0.00021187963564863285,0.3528345296630973,0.08258649510115695,2.0798732762879606,13.022978594669702
62.04999999999861,-0.6152132948897087,0.2184923964083076,-1.7085876991237918,-0.22450411875103765,-0.7233600321064944,-1.2137010154452028,-0.5966596777298125,0.19404485791006693,-1.7033939683563428,5.310105820515121e-05,-1.8463536205154838e-05,6.842242084483438e-05,0.0002123765875028974,0.34963439799430246,0.06786285502347217,0.8626612030425851,13.100693865717343
62.09999999999861,-0.6177173910548157,0.20112661469738385,-1.7061331455571485,-0.21831498140051092,-0.7398764206915612,-1.2108289612309815,-0.5985015164561974,0.17486812181190248,-1.6945289258511604,5.34841246502237e-05,-1.8847054142268313e-05,6.83056869983531e-05,0.00021289394277342765,0.3527586862895223,0.0574410842844306,2.3866090927043095,13.658588686017763
62.149999999998606,-0.6201722289190658,0.1837649569977749,-1.7038539985566157,-0.21213446760770507,-0.7562513267536989,-1.2089507190324553,-0.5990839211365698,0.15697073259339436,-1.6884752069292184,5.387861470355136e-05,-1.9221219685559682e-05,6.817138222018707e-05,0.0002134347444428693,0.35004936185891006,0.03756484397052632,1.865982035121936,14.674925572860511
62.1999999999986,-0.6225772170855157,0.16639348643112248,-1.701715901755469,-0.20595586693030515,-0.7725210639334011,-1.2067668139529233,-0.6023040013843503,0.14207331169367263,-1.6866995002470573,5.4285179008044484e-05,-1.9586305223196247e-05,6.802210579970398e-05,0.00021399142401769467,0.34806871425505587,0.043678101590644745,1.8495827149866115,12.600104909248419
62.2499999999986,-0.6249405936053578,0.14900470338863878,-1.699745442628051,-0.1997382269415793,-0.7887576561959007,-1.2033988485224927,-0.6040896021051937,0.1250851384582552,-1.6853398327082947,5.4707823986146624e-05,-1.994287903404188e-05,6.786996865502258e-05,0.0002145446236686881,0.3477276296579823,0.06735930860861622,2.714357329856205,12.710363527601327
62.2999999999986,-0.6272630210829063,0.13163762003387347,-1.6979487541720824,-0.1933868463772488,-0.8051945821420307,-1.200722587293669,-0.605273267472317,0.10607895551578911,-1.6772643959569213,5.5171584069961217e-05,-2.030120757354247e-05,6.771488123521296e-05,0.00021510774838005858,0.3524274421582685,0.05352522457647456,2.0775857905783055,13.882515223778794
62.349999999998595,-0.6295479313869785,0.11425770524807081,-1.6963218691841326,-0.18703662016091357,-0.8215084738112697,-1.1984555472945673,-0.6073473613144694,0.0892328070934679,-1.676890129521044,5.564532404764485e-05,-2.0647073967838216e-05,6.754556928439945e-05,0.00021568722930371428,0.35012487238210804,0.04534079998203771,3.0339772674365624,13.673369884154319
62.39999999999859,-0.6317954041019584,0.09688466877051494,-1.6948549707531728,-0.18065225117696493,-0.8377650307474217,-1.1946974853218302,-0.6099514274458384,0.07205003788975281,-1.6719968182696403,5.613259800988235e-05,-2.098236420691078e-05,6.737440905814217e-05,0.00021626817262940107,0.34930569405284045,0.07516123945474767,1.7569943032535775,13.17045848663464
62.44999999999859,-0.6340142715214584,0.07949283457725301,-1.693561065547957,-0.17413994394132615,-0.8542245086709831,-1.193381584823623,-0.6142488639239062,0.053037073506888244,-1.6788070924756033,5.665984929926377e-05,-2.1318039289831772e-05,6.720307035542163e-05,0.00021685052138650674,0.3540195498896455,0.026318009964142384,2.7917339282885814,13.351478687906397
62.499999999998586,-0.6361977171190567,0.06211259893573453,-1.6924152878971557,-0.1676454472328822,-0.8705473872507433,-1.190861469324594,-0.6158143167708868,0.036118194997281215,-1.6804757465601396,5.719148740614224e-05,-2.163853138907373e-05,6.70431904775422e-05,0.00021743661992308262,0.3513488385975378,0.050402309980582656,2.2154652986714005,13.635894529019156
62.54999999999858,-0.6383608879650994,0.044730714014021546,-1.6914671425961638,-0.1610897319651262,-0.8869499796083757,-1.1902778738410342,-0.6188054359195322,0.02009860957443339,-1.6819228107336601,5.774718759236688e-05,-2.195398986073951e-05,6.68894657809531e-05,0.00021802218433825818,0.35328314286334284,0.011671909671197757,2.349956481583321,12.560701784147794
62.59999999999858,-0.6404985633323232,0.027353240902954983,-1.690675201875699,-0.1545968249493531,-0.9031515802937472,-1.1889969673601732,-0.6189149793338791,0.003797142068951158,-1.6712762825240952,5.829436407645639e-05,-2.2252244960205464e-05,6.674190319911103e-05,0.00021859622018880994,0.34908437257348046,0.025618129617223182,2.418098711580779,12.100357516014903
62.64999999999858,-0.6426174603338495,0.009986021747195723,-1.6900650268285402,-0.14800369040822717,-0.9195553027071433,-1.1882589903908023,-0.6208900456318686,-0.010869374160094989,-1.670533131052463,5.887719170199887e-05,-2.254987967092469e-05,6.658563607206156e-05,0.00021916767735478105,0.3535825483691668,0.014759539387419968,2.696138000088397,10.781917087049237
62.699999999998575,-0.644719400374741,-0.007398423830384969,-1.6896102352611737,-0.1415846867273238,-0.9355238953416779,-1.1889149674534427,-0.6236610445318237,-0.027755590254709337,-1.6732460479624576,5.9421208057366094e-05,-2.2820486487349782e-05,6.643311285466999e-05,0.00021971870023147942,0.34420898861279736,-0.013119541252810455,0.5633403939460155,10.253791254422872
62.74999999999857,-0.6468114756898578,-0.024762602419391665,-1.6893593343988456,-0.13505999999978247,-0.9517700672300282,-1.1888840780180916,-0.626212781177549,-0.04413526863578343,-1.6766769917170345,6.00066243834616e-05,-2.309503984702024e-05,6.629462740924049e-05,0.00022025995149714805,0.3501483331052491,0.0006177887070216101,1.4568289287955871,9.791266567482927
62.79999999999857,-0.6488888581317172,-0.04213923018509223,-1.6892476246345935,-0.12851388851154513,-0.9680969302789337,-1.1900736502433864,-0.6281351080403,-0.06159919196049501,-1.679082275468743,6.0610377270992066e-05,-2.3366036278016876e-05,6.617098994137354e-05,0.00022078880891008114,0.35180566744829894,-0.02379144450589815,0.41203723563916883,10.159305827000173
62.849999999998566,-0.6509599372886399,-0.05951449819213449,-1.6893147085488314,-0.12197006496935127,-0.9844482646461651,-1.1901593864627587,-0.6313184317290453,-0.07922619446092737,-1.680950594078413,6.122615788384406e-05,-2.3631165068661645e-05,6.605895758803489e-05,0.000221309892894882,0.3522429629274716,-0.0017147243874436491,1.7055920387627517,9.782529353080285
62.89999999999856,-0.6530226840801474,-0.07686423682737697,-1.689550339742502,-0.1155065914561034,-1.0005809686699494,-1.1893101538045674,-0.6323409578941299,-0.0963919256061646,-1.6803363887757912,6.182521697167023e-05,-2.388072909106623e-05,6.595907065321876e-05,0.0002218161124969383,0.34758633294652225,0.0169846531638256,1.2030115035458064,10.153741085478233
62.94999999999856,-0.6550831674360388,-0.09421545493721581,-1.6899523878027747,-0.10893512566808085,-1.016957047578608,-1.189056161082947,-0.6342276725672421,-0.11263226965328385,-1.6790402261883717,6.246163116354533e-05,-2.4134956833135466e-05,6.586956831338865e-05,0.0002223143244081726,0.3529079906716431,0.005079854432405954,3.7270180527234382,9.50460394624378
62.99999999999856,-0.6571503304746669,-0.11159545501657583,-1.6905335092919085,-0.10245417259456935,-1.0331335630366472,-1.1904211812784344,-0.6373916669667037,-0.12999634109929487,-1.680360887739451,6.308030414301702e-05,-2.4375272419940206e-05,6.578910185959219e-05,0.00022279355052681431,0.3485297417776714,-0.027300403909746602,1.2591313499935246,8.871334981126044
63.049999999998555,-0.6592157997319922,-0.12895457653917236,-1.6912658526690922,-0.09598542166520233,-1.0493053291490886,-1.1901539754293748,-0.6404630577158829,-0.14494348486480377,-1.679905958815769,6.37042039684666e-05,-2.4611559655292248e-05,6.572372711167452e-05,0.00022325192863254767,0.34835083441089754,0.005344116981193171,2.071473287161587,7.230037688123166
63.09999999999855,-0.6612843320855306,-0.14629204884108776,-1.6921643488681408,-0.08958543664904531,-1.0653516988310134,-1.1924212466935535,-0.6420023027482616,-0.16183570759935717,-1.6764335805734756,6.431629508285214e-05,-2.483921902171742e-05,6.567158638442037e-05,0.0002236821023912783,0.3455117456893752,-0.04534542528357747,1.5691533218688394,7.027127287390171
63.14999999999855,-0.6633635173598543,-0.1636384383907002,-1.6932311373924667,-0.0830783473647258,-1.081716093612563,-1.1922360613092255,-0.6431546560667398,-0.1783688079771339,-1.6750272291717023,6.497290970830912e-05,-2.507676695945539e-05,6.562832389291424e-05,0.0002240971817048245,0.3522133605684047,0.0037037076865620703,3.056578687578413,7.161018760774275
63.199999999998546,-0.6654561515351174,-0.18097412734167312,-1.6944768510148176,-0.07667815463927058,-1.0978387896107722,-1.1935770614140044,-0.6462915679267145,-0.19490056825178637,-1.6815395377377567,6.560376349154608e-05,-2.53001914748411e-05,6.559314829598889e-05,0.00022449392841363417,0.34693160032848736,-0.026820002095581302,1.8526271040421463,6.570456890333467
63.24999999999854,-0.6675617819046443,-0.1983108848166788,-1.6958765586203761,-0.07027103121468196,-1.1140497776586507,-1.1952346508188338,-0.6464253161722405,-0.21305384821179552,-1.6784566398773033,6.624882055296193e-05,-2.552713469776291e-05,6.557995848757302e-05,0.0002248658877897143,0.3486244016917812,-0.03315178809658984,1.3700019334348723,7.58527463065077
63.29999999999854,-0.6696889683264982,-0.21564595647962262,-1.697458586171334,-0.0638430524587423,-1.1303925926672296,-1.1968865405384235,-0.6502745592721325,-0.23008583512426667,-1.6908436598353975,6.691524665118017e-05,-2.5757107034035217e-05,6.557484073055408e-05,0.0002252289078519461,0.35123017149530367,-0.03303779439179267,2.547853212804717,7.436859819369498
63.34999999999854,-0.6718375265809857,-0.2329729956526277,-1.69920750086077,-0.05748569105008894,-1.1466202273497188,-1.1979380128623882,-0.6522026560278648,-0.24758208288450625,-1.6884516624971695,6.756906698098919e-05,-2.598487190905935e-05,6.559745137525084e-05,0.00022556428369405204,0.3485697631488783,-0.021029446479296686,1.5802937606362117,7.038059839888785
63.399999999998535,-0.6740098855095866,-0.25027846222213257,-1.7011325801008874,-0.0511085317708325,-1.1629110187265943,-1.1974128544142246,-0.656341378432286,-0.26626152614556176,-1.6938140028532311,6.823568906111454e-05,-2.6215547117413612e-05,6.562990025582219e-05,0.00022588154507935574,0.34989029777460634,0.010503168963273343,2.127464978990491,6.774017526764508
63.44999999999853,-0.6762084947397697,-0.2675979602468385,-1.7032121705297343,-0.04474161619112527,-1.179241090046643,-1.2006603075018842,-0.6597011861913568,-0.28294687089332354,-1.695218082044695,6.891055185927914e-05,-2.6452324702920062e-05,6.568708307302724e-05,0.00022617366232634872,0.35054763630713637,-0.06494906175319487,2.5761243319922498,5.884259644616676
63.49999999999853,-0.6784306156949953,-0.2849027883439023,-1.7054474304815204,-0.03845561108660904,-1.1954733760194405,-1.2019929184485443,-0.6625985673293118,-0.29917884711792236,-1.699171074098993,6.9573884583124e-05,-2.668606103340274e-05,6.575642885576642e-05,0.00022644080273701426,0.3481384856157875,-0.026652218933203378,0.8979174965776568,5.380758371927092
63.549999999998526,-0.6806825919114635,-0.30218369629195707,-1.7078475963216173,-0.032180535854794634,-1.2117709793365703,-1.204528832030926,-0.6646881169507967,-0.3162888390214139,-1.7042023483654738,7.024697269060736e-05,-2.6925745249830723e-05,6.58428228760692e-05,0.0002266861065014211,0.34927845996700346,-0.05071827164763627,3.387104935519412,5.707988934876385
63.59999999999852,-0.6829769000862822,-0.3194817433908581,-1.710432621904101,-0.025995348940824538,-1.227981647816906,-1.2080616692828918,-0.6663155427972837,-0.33282971528397604,-1.7098990857847323,7.090895165168797e-05,-2.716381828606491e-05,6.594384720567973e-05,0.00022691402453427052,0.3470115979894084,-0.07065674503932276,3.399480883134834,6.2922124720282255
63.64999999999852,-0.6853050797411974,-0.3367551895363189,-1.7131733545127548,-0.019817418374573983,-1.2443691645234687,-1.2125025448965103,-0.6679579477482704,-0.34876423963487363,-1.7154629102400596,7.159398640663697e-05,-2.741294394552878e-05,6.60619720239259e-05,0.00022712798575688208,0.35026734587404895,-0.08881751227237529,3.434652872317028,6.862439491406945
63.69999999999852,-0.6876824154137805,-0.3540255173171347,-1.7161082099863751,-0.013693538717218403,-1.2608161713943937,-1.2162168321843172,-0.6719166599731032,-0.3640281895352835,-1.722043084854403,7.228550151529414e-05,-2.766770778767556e-05,6.619455559012375e-05,0.00022732765171524637,0.3510021602057055,-0.07428574575614166,2.2024554997035795,6.315293008187984
63.749999999998515,-0.6900996604390561,-0.37130131662214705,-1.7191870932829172,-0.0076066480510937765,-1.2773548867593445,-1.2200680846824432,-0.6744170922155127,-0.3805208788457122,-1.7305103431994961,7.298745837052444e-05,-2.7931179953745482e-05,6.634440494599797e-05,0.0002275048733227304,0.3524654466947871,-0.07702504996252657,4.1084776577711635,7.58285076380697
63.79999999999851,-0.6925637495120772,-0.38853794484319976,-1.7224496993649248,-0.001598272836974772,-1.293870795725116,-1.2237055533309054,-0.6766069731546487,-0.3974515505347809,-1.7297460790185768,7.36847425893309e-05,-2.8198360360527087e-05,6.651062155187965e-05,0.00022766760326899696,0.351497460727949,-0.07274937296924747,2.8127054120421997,6.502813671746616
63.84999999999851,-0.6950758941408516,-0.4057883270612407,-1.7258578645963094,0.004303599468159228,-1.310282188254167,-1.2274480347712506,-0.6814843998570183,-0.41338929547342745,-1.7378377945454528,7.43676262991465e-05,-2.8463314434782524e-05,6.668267009034825e-05,0.00022781702638435374,0.3488072570721546,-0.07484962880690799,1.433086356962579,6.176321946484405
63.899999999998506,-0.6976393492062125,-0.42301126260869976,-1.7294393790071119,0.010260396175259475,-1.3270322487789292,-1.230784357311492,-0.6858976442541362,-0.42962842641317645,-1.7446962419442167,7.509494298164566e-05,-2.8751320257564408e-05,6.687632348619691e-05,0.00022794484561974293,0.3555549171394978,-0.06672645080483135,2.2733778381469643,5.974998786232976
63.949999999998504,-0.7002587439462358,-0.4402311161830008,-1.7331867700442776,0.016063441443340494,-1.3435284269515702,-1.2342868006440502,-0.6880219036414028,-0.4467274270343803,-1.74400970928991,7.578516373473717e-05,-2.9032274953853213e-05,6.708099916857817e-05,0.00022805362262730785,0.34974250030169246,-0.07004886665116741,0.8189993098135367,4.915301258650467
63.9999999999985,-0.7029342476787369,-0.4574336378111704,-1.7371128389814106,0.021766116833210374,-1.3599458467828933,-1.238672515762547,-0.6908086849455275,-0.46322527173407246,-1.7467078747586708,7.646407317053981e-05,-2.931226262097329e-05,6.72899994593975e-05,0.00022815189422901248,0.34759324773215877,-0.08771430236994487,1.0833615650607806,4.446407689216777
64.0499999999985,-0.705686758267345,-0.4746247802199061,-1.7411986073212475,0.027460549041024306,-1.3765512032552718,-1.2421996443185694,-0.6940342801118853,-0.4814179446513357,-1.7480757348732106,7.716809085433894e-05,-2.960542016827086e-05,6.750906562224805e-05,0.0002282379688491588,0.3510924329713837,-0.07054257112044146,1.208122635807662,3.685539072956013
64.0999999999985,-0.7084867419296785,-0.49180949314116224,-1.7454531566177987,0.03311295872573217,-1.3932574066142274,-1.246889949246582,-0.6955246124383843,-0.5002660864774175,-1.746713689329814,7.788635144613488e-05,-2.9908095554843076e-05,6.773711914244143e-05,0.00022831117969912773,0.3527307960136401,-0.09380609856025386,2.1672124603502008,3.4122608659577516
64.1499999999985,-0.7113485082271229,-0.508978646256223,-1.749929973586104,0.03860728815376113,-1.4097492098310274,-1.2515223150143493,-0.6995916637369122,-0.5165323358136659,-1.7580036471154759,7.857501889600099e-05,-3.0202525640843663e-05,6.79649507022985e-05,0.00022837508646745517,0.3476594710643156,-0.09264731535535244,1.555517672904107,4.038183799232108
64.1999999999985,-0.7142796477762201,-0.526161069933693,-1.7547471103605057,0.04400461180414457,-1.426197916506692,-1.2559487581808024,-0.7044431114745752,-0.5322381247281069,-1.7665812363821851,7.92536431493559e-05,-3.05014398349294e-05,6.820784261481793e-05,0.0002284218390854795,0.346232028108375,-0.08852886332906837,2.351790330847665,3.88033497088885
64.2499999999985,-0.7172904803284772,-0.543349502382618,-1.759768760300268,0.049362611752790844,-1.4427659949837106,-1.2600884936082342,-0.7070201243729185,-0.5489210228375886,-1.7683219571767927,7.994539978628201e-05,-3.081225232168174e-05,6.846458860465235e-05,0.00022845250756426647,0.34825842180160427,-0.08279470854863803,1.2547911808710888,3.226458108425401
64.29999999999849,-0.7203719997159606,-0.5604813665396372,-1.7649724037529952,0.05472746625425916,-1.4596343499413194,-1.265651551245445,-0.7124928249029043,-0.5654509252943122,-1.7836772239118919,8.067767755310775e-05,-3.114223321288884e-05,6.87309065609195e-05,0.00022847693156136808,0.3540191355557477,-0.11126115274422235,3.0172959189448103,4.8002337912663995
64.34999999999849,-0.7235453540650931,-0.5776336246315974,-1.770339740959693,0.059890577722828325,-1.47617436385647,-1.2707930511104488,-0.714501681179709,-0.5826763438743396,-1.7826831114828452,8.135783391254049e-05,-3.14627872115748e-05,6.90095906988913e-05,0.00022848607461009663,0.3465431815707056,-0.10282999730008395,1.5804918228505644,3.50532472990998
64.39999999999849,-0.7268038912996309,-0.5947590104681149,-1.77589539883476,0.06502937212579601,-1.4929486742027624,-1.2762567934647886,-0.7196390361394993,-0.5991131255513792,-1.7920998812268616,8.206985024944964e-05,-3.1798090504098325e-05,6.92928834460328e-05,0.000228491746094586,0.3508763093678047,-0.10927484708680105,0.8969571876819762,3.696897394747317
64.44999999999848,-0.7301480024110241,-0.6118592905537201,-1.7816171375338545,0.0700430570665307,-1.5096328631933824,-1.2814954945593784,-0.7229401931992087,-0.6157690883114981,-1.7959434055783496,8.27643013458587e-05,-3.213428328860252e-05,6.958552776639392e-05,0.0002284850211409522,0.3484249664206413,-0.10477402189180232,0.7812705941534899,3.1723308418215614
64.49999999999848,-0.733584468338867,-0.6289524590100781,-1.7874982049167938,0.07500033361992692,-1.5264537286240838,-1.2869041446789053,-0.72605197263572,-0.6330147243074674,-1.8015266358271371,8.347544915655302e-05,-3.248154625744498e-05,6.988500740922213e-05,0.0002284728285078105,0.35072316965141775,-0.10817300239054443,1.037026109927297,3.2100977456277726
64.54999999999848,-0.7371115806592365,-0.6459986219276145,-1.793576177801477,0.07984084064077562,-1.5431849680173115,-1.2914477107454772,-0.7293982096168977,-0.6503632545375375,-1.803631229683004,8.417147422192629e-05,-3.28277515924606e-05,7.018779361365126e-05,0.00022845512155497336,0.34834775827696857,-0.09087132133143944,1.3823670577857736,2.399507503064737
64.59999999999847,-0.74073460859012,-0.6630280240973347,-1.799813283843202,0.08456019573999968,-1.5598422637280926,-1.2979744689719361,-0.732284381140221,-0.6674127576307326,-1.8096205451935388,8.485482540972825e-05,-3.317332752752526e-05,7.049240333615526e-05,0.00022843061128548326,0.34625936925077827,-0.13053516452918684,2.408342459380235,2.576358467490873
64.64999999999847,-0.7444641980637723,-0.6800514465540315,-1.8062336379268433,0.08923668470195524,-1.576758168831536,-1.3041811012054025,-0.7351915049562721,-0.6860573956968363,-1.8091614810531809,8.557126324576291e-05,-3.353659528464115e-05,7.080642744917046e-05,0.0002284020195091593,0.3510090501832642,-0.12413264466933664,2.568469897136426,1.8172089816758856
64.69999999999847,-0.7482909391614603,-0.6970428189124305,-1.8128126330615164,0.09374838676677028,-1.5934725218419123,-1.3101187349488148,-0.7383769291273351,-0.7017109105192673,-1.8144498143888346,8.625809562501695e-05,-3.3890409107955225e-05,7.11154840728139e-05,0.00022836682990781484,0.3462518925050327,-0.11875267486825115,2.2305640300356777,1.7297154224104292
64.74999999999847,-0.7522307576114022,-0.7140284506747914,-1.8195720109501388,0.09818379580744736,-1.610325313957691,-1.3167750184521951,-0.7433605445959292,-0.719331231164228,-1.8250773253117134,8.696030557114697e-05,-3.4255046254117686e-05,7.143118158007906e-05,0.00022832715422285615,0.34853440388757034,-0.13312567006761375,1.7559578081962757,1.9680670435791365
64.79999999999846,-0.756270612499827,-0.7309559571427942,-1.8265139902576708,0.10254884488153909,-1.627391095924589,-1.3239992224881567,-0.7493323550629278,-0.7346768208916963,-1.8328422790346177,8.768679754334937e-05,-3.4637214898058936e-05,7.176086735118018e-05,0.00022827955714031645,0.3523043667425263,-0.144484080719242,1.9523638667436374,1.4341897089185682
64.84999999999846,-0.7604232717010726,-0.7478631046337484,-1.8336210034465539,0.10677120467474938,-1.6444023208841618,-1.3310065293545295,-0.7535301523116631,-0.7522291627632921,-1.8399960697945497,8.839886125706027e-05,-3.502024364537245e-05,7.209584428215842e-05,0.00022822471796208411,0.35054891465420346,-0.1401461373274632,0.614713390463696,1.4641585055888513
64.89999999999846,-0.7646852754338916,-0.7647332416722539,-1.840890128448926,0.11090035068089851,-1.6614975994120755,-1.3365901865175727,-0.756876955284229,-0.7701406446513852,-1.8450988237449775,8.9119036744958e-05,-3.541191608174905e-05,7.243697238733054e-05,0.00022816617541748064,0.3517380833956967,-0.11167314326087008,3.0113927869320327,1.471026951384147
64.94999999999845,-0.7690651851496433,-0.7815766074909108,-1.8483332642683248,0.11493183754109274,-1.6786523566127032,-1.3433654077166663,-0.7623880686788694,-0.7872509991360329,-1.850126734155814,8.984428649006362e-05,-3.581025596782831e-05,7.27824720131257e-05,0.00022810596242251992,0.352442771991694,-0.1355044239818808,0.8590500152250833,0.9942477845195605
64.99999999999845,-0.7735658181715477,-0.7983990122096621,-1.8559460721900705,0.11875691183177155,-1.6953927508545665,-1.3489526874626225,-0.7704577482654128,-0.8027035595037237,-1.8682510232165355,9.050688755923283e-05,-3.618747569434615e-05,7.312175330080081e-05,0.00022803779462816118,0.3434371906508964,-0.11174559491913126,3.4588111115368525,1.6431208813683096
65.04999999999845,-0.7781859028480012,-0.8151709195984372,-1.863732453046875,0.122570707971774,-1.7125574630629412,-1.3553669581823586,-0.7755575326012903,-0.820406576941039,-1.8762233245878694,9.121943008474812e-05,-3.659737227198699e-05,7.348595116995463e-05,0.00022796184901826397,0.3516665728874156,-0.12828541439472932,1.8519627392056845,1.7459825986660644
65.09999999999845,-0.7829343578017761,-0.8319306643872786,-1.8716832170047766,0.12620542555945324,-1.7294480775244931,-1.3623072069662432,-0.7819110495384591,-0.8376473831632255,-1.8866605036857718,9.18888158460386e-05,-3.699489214060067e-05,7.384867572361605e-05,0.00022788283405587636,0.3455460762361611,-0.1388049756776995,1.404910945085522,2.125833577560391
65.14999999999844,-0.7878085138888887,-0.848639797100884,-1.8797926479903848,0.12983042637208114,-1.7469212312456253,-1.370166737539503,-0.7857772329713664,-0.8540141361046402,-1.8908736634914993,9.263243609454564e-05,-3.7432272950588235e-05,7.423305951045949e-05,0.00022780248627606245,0.3569052373659902,-0.15719061146520352,2.505425829182007,1.4575494556139243
65.19999999999844,-0.7928072771140845,-0.8652975022838196,-1.8880813391586755,0.13324987094949406,-1.7641080950194719,-1.3786412223420326,-0.790248159192509,-0.8703134883314741,-1.8986136762240384,9.33313588426815e-05,-3.785392161044286e-05,7.46110562172227e-05,0.00022772485441258775,0.3504755200609568,-0.16948969605060152,3.393483562396203,1.3598098234888438
65.24999999999844,-0.797942218561687,-0.8819270651411196,-1.8965355225913492,0.13652165115438838,-1.7813782265353448,-1.388494484905773,-0.7966348415078822,-0.8882701462161351,-1.9065895241974629,9.403532406730244e-05,-3.8283792112377656e-05,7.499544352993715e-05,0.00022764863368196606,0.3515477139587132,-0.19706525127482108,2.0830015688165506,1.441343851790745
65.29999999999843,-0.8032122097549698,-0.8985095484250445,-1.905152846646294,0.13962722702038086,-1.7986321157881524,-1.3969262371225017,-0.8005550975167208,-0.905239934332069,-1.9111283735011624,9.473120449399082e-05,-3.871512397898832e-05,7.538236051685032e-05,0.00022756840265794823,0.35062408169947606,-0.168635044334583,0.9457279587798826,1.0834424182497417
65.34999999999843,-0.8086167414394835,-0.9150369229966737,-1.913928915136205,0.1426153318686688,-1.8160050957169942,-1.4040050777538724,-0.8058171847083938,-0.9233662038965148,-1.9175922325894175,9.544019033081968e-05,-3.915518080844508e-05,7.577186597745167e-05,0.00022749001587906435,0.35256233481871996,-0.14157681262742158,2.1223789845028267,1.2371904291718383
65.39999999999843,-0.8141656648157335,-0.9314988029784645,-1.9227145411744173,0.14544385268714544,-1.8332718138256554,-1.4128449647583745,-0.8106298185311797,-0.9393011810900339,-1.9284632011478902,9.612974760313017e-05,-3.9591300467423424e-05,7.616135263209906e-05,0.0002274096702974571,0.34993832476391157,-0.17679774009005295,3.0452266053299137,1.335198784499728
65.44999999999843,-0.8198382934053253,-0.9478700042063883,-1.9313583591611632,0.14811835935245404,-1.8505689081470358,-1.4219339194576666,-0.8175572217656881,-0.9560564641052919,-1.9372371569343874,9.681637617058745e-05,-4.0032755551169994e-05,7.655712811597957e-05,0.00022732992260369984,0.35005403397976137,-0.1817790939858533,1.9508787174322528,1.3894656158659595
65.49999999999842,-0.8256489510108004,-0.9641706676679614,-1.9401120475934035,0.15063763631825683,-1.8678880047540969,-1.4307602381663806,-0.8247793850754654,-0.9719685590215974,-1.9452034579490376,9.749899228833998e-05,-4.0478963074095666e-05,7.695850093196918e-05,0.00022724734077828287,0.3500284858157444,-0.17652637417429393,2.4857728041427873,1.2203815844361825
65.54999999999842,-0.8316024195982294,-0.9804359739587512,-1.9490182531717037,0.15301174521756794,-1.8852793220846262,-1.4394873325455229,-0.8322202452325516,-0.9878191665536915,-1.9539497273606514,9.818441266477778e-05,-4.093224915914811e-05,7.736564102158255e-05,0.00022716250279215263,0.35105342441982373,-0.17454188758285394,1.6664180683167111,1.1734428823251557
65.59999999999842,-0.8376888707158102,-0.9966394845827681,-1.9580910364484851,0.15523581894149222,-1.9027361342918632,-1.448662031439114,-0.837829264506509,-1.004638669604917,-1.9648953998819705,9.887143146934718e-05,-4.1392828735387904e-05,7.777944116650364e-05,0.00022707616159096494,0.35195963899502675,-0.18349397787183352,2.114563602945396,1.4653468576362478
65.64999999999841,-0.8439034412408306,-1.012775654944397,-1.9673381104137002,0.1573013597214761,-1.9202149945846254,-1.4576743852239338,-0.8435290377054523,-1.0202487086428762,-1.9744510885073843,9.955452191621721e-05,-4.18578075827045e-05,7.819866205042043e-05,0.00022699108507725016,0.35201085926169745,-0.18024707569640205,1.9520752862718265,1.3305279364522047
65.69999999999841,-0.8502668698567192,-1.028862358005358,-1.9767389033362193,0.15916208159927092,-1.9374783158578757,-1.4691778957970418,-0.8502400385198093,-1.0357981737209716,-1.986546632569777,0.00010020129188984025,-4.231135341836035e-05,7.861593286634921e-05,0.0002269072770724684,0.3472681223215395,-0.2300702114621752,2.505290166634294,1.5100706609046721
65.74999999999841,-0.8567836814086514,-1.0448933034025836,-1.986299474166332,0.16086216233639514,-1.9550036511523594,-1.479005864326045,-0.8568807666249805,-1.0512733979841555,-1.9966914695556799,0.0001008748879499785,-4.27855968115896e-05,7.9047425154602e-05,0.00022682395435184695,0.35215345924549524,-0.1965593705800775,1.2706395871526006,1.451890364265693
65.7999999999984,-0.8634424461596095,-1.0608545426910982,-1.9960154021232697,0.162401400502276,-1.9726848821276266,-1.4889147919449306,-0.8625471272689188,-1.0675230387886216,-2.004322621297301,0.00010156180648355047,-4.327330475384676e-05,7.948896541650545e-05,0.0002267431075878936,0.3549635250614052,-0.19817855237772053,2.0760523932226866,1.2550084482078392
65.8499999999984,-0.8702564627123944,-1.0767678492538786,-2.0058428017320185,0.1637436839403284,-1.9902086628277258,-1.4997807781201327,-0.8693931454024184,-1.0829265204028249,-2.0157851647904974,0.0001022225768421926,-4.375234789292363e-05,7.992763391264615e-05,0.00022666417370255956,0.3515039994250715,-0.21731972350405238,0.9720816791127989,1.3470548941166005
65.8999999999984,-0.8772076728574273,-1.0925905900680175,-2.015846534148301,0.1648815545626277,-2.0074021514262093,-1.5096439632789256,-0.8777603861368011,-1.0982839864177365,-2.0269803866048113,0.00010283289114244244,-4.421148659067731e-05,8.035959129405016e-05,0.0002265839661447209,0.34462339257096963,-0.19726370317586991,1.399837871927421,1.3994862465378717
65.9499999999984,-0.8843011609261691,-1.1083397031272066,-2.025992819189087,0.16586803801670216,-2.0249940430529367,-1.519913962558322,-0.8850980245298703,-1.112126510434256,-2.037573716672359,0.00010348677988006406,-4.470171352644887e-05,8.081247285742315e-05,0.00022650274752448966,0.3523921277657631,-0.2053999855879382,2.2041277329963966,1.0961341473730386
65.9999999999984,-0.8915542718961917,-1.1240173842514116,-2.036287271185501,0.1666727093356452,-2.0425510476436517,-1.5300789420809324,-0.8937047580816091,-1.1269798817150416,-2.044391220073953,0.00010412816942123169,-4.519258326616362e-05,8.126982552631695e-05,0.00022642379351877075,0.3515102080524579,-0.2032995904522186,1.4343966549719755,0.6078443932344703
66.04999999999839,-0.898969527706179,-1.139624581838741,-2.0467366767313164,0.16728944166277493,-2.060125182814777,-1.541356138125529,-0.9034258803723929,-1.1409760260290405,-2.0600345813565517,0.0001047655736872727,-4.568701317937116e-05,8.173162455948259e-05,0.0002263444871636373,0.3517009314750536,-0.22554392089194505,1.5885068764969275,1.0514775742483882
66.09999999999839,-0.9065376866031005,-1.155141212288292,-2.0573593087471247,0.16771154552941156,-2.077674581611443,-1.5521411360103474,-0.9117407630289829,-1.1568570810431167,-2.0755528094793907,0.00010538884468120835,-4.618404007894813e-05,8.220195115713127e-05,0.00022626437153969208,0.3510911886170792,-0.21569995769638253,1.1999584274278003,1.89337458601529
66.14999999999839,-0.9142719378827957,-1.170593953519512,-2.068108374512873,0.16793742698849531,-2.095233571076969,-1.5637246384026913,-0.9211429186951405,-1.1719085233717201,-2.0896929119495544,0.00010600383835683694,-4.6686657114247286e-05,8.268205023528489e-05,0.00022618419279156251,0.35121080935786736,-0.23167004784689205,1.5167005999762426,2.58019625854528
66.19999999999838,-0.9221626119728838,-1.1859554631952158,-2.0790003558440464,0.16796066850097785,-2.112906737938513,-1.5752378698072165,-0.9299490240930133,-1.1874489478054928,-2.1004076075913125,0.00010662391360312781,-4.7202257414039404e-05,8.317593013769443e-05,0.0002261047527915963,0.35346559509776154,-0.2302646280905193,0.595785944065812,2.667145881084644
66.24999999999838,-0.9302149386651328,-1.2012338643468108,-2.0900517475396874,0.16778942944564224,-2.1306620471670037,-1.585642957726288,-0.9399654582431597,-1.2034134555446003,-2.110857392296929,0.00010724802577751246,-4.772760153522003e-05,8.367948320775088e-05,0.0002260266841454474,0.35512430113225046,-0.2081017583814431,1.086705750903436,2.9879059790714058
66.29999999999838,-0.9384224336417443,-1.2164061372285393,-2.101239780208111,0.16743576431282134,-2.148246694820867,-1.596168580614993,-0.9499197954173776,-1.217773573779305,-2.124768641615792,0.00010784414460157691,-4.8243094166853526e-05,8.418107811824721e-05,0.00022594711450618242,0.3517656993778094,-0.210512457774111,1.6276129716752186,3.631552334800171
66.34999999999837,-0.9467985853566555,-1.2314958794845945,-2.1125835662661494,0.1668865593951147,-2.1655965908783346,-1.6087122435255958,-0.9595227819232914,-1.2321715518477532,-2.1352174473882957,0.00010840220351917514,-4.8744862164632526e-05,8.468037748385625e-05,0.00022586661674351452,0.3471740025861707,-0.25087325821207035,1.7118616976100087,3.560510282216161
66.39999999999837,-0.9553435628795492,-1.2465017675404402,-2.1240973432387213,0.16613933298027347,-2.1828038136569745,-1.619676200697419,-0.9690301773759715,-1.2455045965960594,-2.1454729228100247,0.00010893747979709502,-4.9238534859538026e-05,8.517808931629725e-05,0.00022578439487752828,0.34447051235541987,-0.21927914343647692,1.703934158728913,3.2103066737145145
66.44999999999837,-0.9640458018449942,-1.2613944529526628,-2.1357560702158764,0.1651767159710123,-2.200468098967997,-1.6307989564212664,-0.9784902648596774,-1.2601200585476988,-2.152048905501058,0.00010952116303323094,-4.97710372920335e-05,8.570528672454884e-05,0.00022570451647205376,0.3538117202779712,-0.22245511447695956,1.9879468430447322,2.730329013788372
66.49999999999837,-0.9729205892216761,-1.2761981902961756,-2.147563848624076,0.16401816953605639,-2.2179613570515593,-1.643056882518966,-0.9859144445310539,-1.2763378730234145,-2.1556425295877912,0.0001100813984864255,-5.029217356525932e-05,8.622674004267423e-05,0.00022562468578564077,0.3506338014390821,-0.24515852195400561,2.554256853063409,2.125589982764447
66.54999999999836,-0.9819525198641077,-1.290872845141199,-2.1595118609078634,0.16266438560212504,-2.235347786255698,-1.6539509964973516,-0.9967105137044743,-1.2896281178588451,-2.1678707969325957,0.00011063040321940688,-5.080617115269807e-05,8.674228428458725e-05,0.0002255448138327871,0.34878283170189994,-0.21788227956772432,1.80563220519254,2.4519266428458084
66.59999999999836,-0.9911707339990186,-1.3054570741448142,-2.1715560825686615,0.16112194665147708,-2.252665529056628,-1.665306793700209,-1.0055669183155627,-1.3046366607335775,-2.176888112302265,0.00011116398367191921,-5.131820428404019e-05,8.726158581777794e-05,0.00022546363924388517,0.3477278142725903,-0.22711594405716232,0.5019347776666306,2.4294072978066388
66.64999999999836,-1.0005561346193865,-1.3199277506247133,-2.1837640975154544,0.1593858765772414,-2.269833587535536,-1.6778448913186526,-1.0162327306043304,-1.3183660277694367,-2.194439548465327,0.00011167696437337778,-5.182177341913084e-05,8.777794293830807e-05,0.00022538123569684036,0.3451145154704271,-0.2507619523688857,1.7331514149951028,2.7413673166287933
66.69999999999835,-1.0101157252735018,-1.3342986788215199,-2.1961069772290407,0.15741431917554788,-2.287185862707546,-1.6900164932691375,-1.0243812082765829,-1.3335215050827085,-2.1963254644957733,0.00011220174327196937,-5.234509618034617e-05,8.831519427253657e-05,0.00022529831063925688,0.34928055058638763,-0.243432039009714,2.516081071114047,2.6465744591551505
66.74999999999835,-1.0198276595193156,-1.348536618820689,-2.208595065525747,0.1551888711875204,-2.304802666515447,-1.7028955395919116,-1.0358041060282315,-1.3467836945231122,-2.21356962295118,0.00011275939771680931,-5.289251818719653e-05,8.886929257322783e-05,0.00022521826189365762,0.3551387072569321,-0.25758092645549585,1.4129949738635486,2.8454561706693617
66.79999999999835,-1.029706194220342,-1.3626497586340112,-2.2212406455770757,0.1527560964786159,-2.3221477083199353,-1.7173943627436519,-1.046966059368381,-1.3584762811059097,-2.228954181489097,0.00011327557088225713,-5.342330781111177e-05,8.941972966534716e-05,0.00022513766132750972,0.35029943877433695,-0.28997646303482055,3.455667029880912,2.8951446159987007
66.84999999999835,-1.0397692359943802,-1.3766562508989422,-2.2340300550480747,0.1500998675335612,-2.33932969164834,-1.7309575990599302,-1.0546604953723295,-1.3747708202666622,-2.2351987648172815,0.00011376586473715903,-5.3945435708179496e-05,8.997024078571055e-05,0.00022505723397627778,0.3477244525633479,-0.27126472632558285,2.9843736631996203,2.607307930634129
66.89999999999834,-1.0499854816853376,-1.3905040513902749,-2.24695707949605,0.1471772581849929,-2.3566841052005443,-1.744318563597466,-1.0649098481429429,-1.3873933002491647,-2.248098775630648,0.00011427736060005484,-5.448545699574431e-05,9.053499492545585e-05,0.00022497778099730408,0.3519783644647933,-0.26721929075073414,1.3060776864020827,2.461477346165785
66.94999999999834,-1.060390993766945,-1.4042403209772178,-2.260034678001558,0.14402481344151707,-2.3740386490464873,-1.756654571139141,-1.0742971288949414,-1.4013519330307211,-2.256948232557754,0.00011478371442109932,-5.503023161675618e-05,9.110868370086358e-05,0.00022489992918685412,0.352773040586644,-0.24672015083351204,1.1193213681456724,2.5190823515139305
66.99999999999834,-1.0709754018029347,-1.4178419402284121,-2.2732224080245076,0.14065692124751797,-2.3912963833209986,-1.7703987024443961,-1.0845337508839277,-1.4156172305081582,-2.2645666393302837,0.00011527784939123771,-5.5570975140040654e-05,9.168246741595102e-05,0.00022482256021232497,0.35166856958194864,-0.27488262610511777,1.6829806773653213,3.2453868199021425
67.04999999999833,-1.0817145883241452,-1.4312956823416436,-2.2865560556930027,0.1370903903301411,-2.4083598807705293,-1.78329162280315,-1.0950233991437708,-1.4292741076648714,-2.2752194497188913,0.00011575149793032731,-5.609923591349247e-05,9.224861322564286e-05,0.00022474360324913485,0.34864727017676983,-0.2578584071750911,0.7622354988763992,3.651635221046973
67.09999999999833,-1.0926372851078052,-1.4446004365199439,-2.3000166374283486,0.1332413774511335,-2.4256589672734408,-1.7961645722768156,-1.1055634025864045,-1.4417474082819162,-2.290482740444091,0.00011624750464147046,-5.665261733128951e-05,9.283932905783817e-05,0.00022466544610061292,0.35444471003440675,-0.2574589894733267,2.1287667586790984,3.090856206165819
67.14999999999833,-1.1037332268944315,-1.4577575318831595,-2.3136148493093946,0.1292696228135834,-2.4425072051774475,-1.8084488086957955,-1.1151864836833558,-1.4557847217801543,-2.302081108575231,0.00011668938577548451,-5.717213116788031e-05,9.340858169968157e-05,0.00022458595868246706,0.34620324863189605,-0.2456847283796133,3.253266850600552,2.9840261466668045
67.19999999999833,-1.1150019828650248,-1.4707636320558226,-2.3273640390095927,0.1250265844886956,-2.459466486579432,-1.823458326201971,-1.1261003265613374,-1.4690488696863204,-2.319004800212495,0.00011714044132244255,-5.7707164317460756e-05,9.39952577890822e-05,0.00022450592535588703,0.3496434398773946,-0.30019035012352535,1.0731470724563734,2.3187716847177775
67.24999999999832,-1.1264537988931718,-1.4836280629937988,-2.341251237290533,0.12054565263095089,-2.4763382365413023,-1.837324189020852,-1.1369531365755092,-1.481372669406434,-2.336164798967369,0.00011757631323320416,-5.82412341828334e-05,9.458815151532842e-05,0.00022442495749862374,0.349135835771108,-0.2773172563776356,1.236503090381657,1.659821450953128
67.29999999999832,-1.1380873816258021,-1.4963358649480136,-2.355248412846838,0.11582297269593217,-2.493215611492692,-1.8499578381716517,-1.1494686275291532,-1.490826281498017,-2.348287867455639,0.0001180051039277022,-5.8782294508286154e-05,9.519506411956259e-05,0.00022434440246354743,0.3505159490647929,-0.25267298301600705,3.621860252192658,2.1145405495854512
67.34999999999832,-1.1498604095275902,-1.5088479730289555,-2.369366433875088,0.11088852933716292,-2.50996821545264,-1.8645294956981704,-1.1621754932957171,-1.5027475276720452,-2.3615033474062646,0.00011841544314838215,-5.93184853355931e-05,9.580543966451193e-05,0.000224264723807742,0.3492871984669759,-0.29143315053038915,1.4330672800726674,2.5210822253828162
67.39999999999831,-1.1618276906896552,-1.5212219034991343,-2.3835959433100466,0.105614127547029,-2.5269661411415822,-1.8788159920009924,-1.1755258659929535,-1.5147471332863842,-2.377576418230811,0.00011884603727737098,-5.9884158089045176e-05,9.644969629800084e-05,0.00022418557028419452,0.3559517829704413,-0.2857299260564575,1.2837060787998973,2.625205361329699
67.44999999999831,-1.1739536303497242,-1.5334183827090146,-2.3979398557813063,0.10023895152888744,-2.543408697533162,-1.894686973350488,-1.1858261187173536,-1.5276721681335903,-2.3949256357124047,0.00011921525268513977,-6.040663259015769e-05,9.706273532468473e-05,0.0002241036253878862,0.3459806118598989,-0.3174196269899312,2.7259692793637873,1.6997503811486514
67.49999999999831,-1.1862437948380018,-1.5454392252066307,-2.4124580310497437,0.0946029381309505,-2.5598087369694165,-1.9089342164810579,-1.1975625980004818,-1.5391934362397064,-2.4075054549024966,0.00011957592957326754,-6.093288454419446e-05,9.768631155640822e-05,0.00022402006198957728,0.34683196361468605,-0.28494486261141355,2.884936378027204,1.805454539578642
67.5499999999983,-1.198714148046252,-1.5572942990569003,-2.4271112179093874,0.08873718793752772,-2.5761109326107836,-1.9234393865187478,-1.211306636370165,-1.5520792858691281,-2.4201833194465117,0.00011992544347553837,-6.145757561894463e-05,9.831476757997412e-05,0.00022393534329967943,0.3465105314830483,-0.2901034007538143,1.7929146352810648,2.3586780419618467
67.5999999999983,-1.2113356726676892,-1.568958251947402,-2.441841902347638,0.08258743749919062,-2.592434341037648,-1.938751281918541,-1.2241243324463007,-1.5648610024342386,-2.4340345925166185,0.00012027472926273807,-6.199204664113579e-05,9.895960525641778e-05,0.00022384774294000937,0.34887191806410645,-0.3062379079958823,1.5522228981400346,2.5394109040960604
67.6499999999983,-1.2241315073042869,-1.5804511155757386,-2.456709805057054,0.07617344528179767,-2.6087070013849756,-1.9537607172310154,-1.2410862579096535,-1.575465130872865,-2.4589905696449796,0.00012061698321117743,-6.25303825698902e-05,9.961564449707718e-05,0.0002237587307316903,0.3498253933491977,-0.300188706249506,3.6923563376544406,2.7736289881274403
67.6999999999983,-1.237084915059833,-1.5917396001464161,-2.4717222065175375,0.06952435632281205,-2.6248345089178913,-1.9699313033489898,-1.2564207662572093,-1.5836327503075698,-2.4868506189788104,0.00012092918261878637,-6.306555236430561e-05,0.00010028352697105486,0.0002236677967620029,0.34889168195397063,-0.3234117223595043,5.719997725100801,3.312019730224997
67.7499999999983,-1.250213458619221,-1.6028484682685495,-2.4868761853597565,0.06256224625530091,-2.6410056075106234,-1.9847484408944027,-1.2714613240594284,-1.5936909439927656,-2.5043221198056482,0.0001212258968650828,-6.361430441197129e-05,0.00010098161830202872,0.0002235770928986804,0.35212558983735365,-0.29634275090827417,1.0529068605084955,4.04078646392442
67.79999999999829,-1.2635112309536838,-1.6137493281947233,-2.5021442309212185,0.05539226854828651,-2.6570230022271764,-1.9986183616319204,-1.284704719147037,-1.6028414007511236,-2.5160035240363743,0.00012150139893088481,-6.415623359597912e-05,0.00010168381995918214,0.0002234854032877569,0.35098173795053833,-0.2773984147503708,1.493097061196911,3.7391723439734976
67.84999999999829,-1.2769589809118607,-1.6244426652620008,-2.517524737953249,0.048068279657631545,-2.6727647820955838,-2.013913846122717,-1.2982172637230274,-1.6126356989778463,-2.527041692398962,0.00012175166697075705,-6.467919456826351e-05,0.00010237404155129878,0.00022339260021701654,0.3472464967262677,-0.3059096898159417,1.0351744581001885,3.7347663718087496
67.89999999999829,-1.2905554558316887,-1.6349307645755122,-2.532993392979235,0.040520228891911904,-2.6883674717290695,-2.0288313459988987,-1.31055572838516,-1.6239044371372366,-2.5410637147773034,0.00012199139941703709,-6.519715623360315e-05,0.0001030662473822327,0.00022329809561161701,0.34665404382508486,-0.29834999752364955,2.35607283331004,3.3147745433710814
67.94999999999828,-1.3043261082539355,-1.6452209239169544,-2.5485794057025,0.032631394053967214,-2.7040655825222832,-2.0441068582712294,-1.3244655792808542,-1.6335518064612973,-2.5543321120115583,0.00012223670799123558,-6.573346385011269e-05,0.00010378832433589771,0.00022320300166291476,0.351380363514218,-0.30551024544663113,2.9665754327251888,3.465904841772356
67.99999999999828,-1.3182494515243444,-1.6552875484644525,-2.5642783362701858,0.0245087672296992,-2.719640476907969,-2.0589166353471047,-1.3375497838513377,-1.6430601334828783,-2.5707702471582925,0.0001224699113941048,-6.626603906259961e-05,0.00010451549432233617,0.0002231071161761782,0.35131754371429513,-0.29619554151752464,1.0772573941908403,3.181249172639508
68.04999999999828,-1.33232313889923,-1.6651344837052453,-2.580157783706769,0.01629061636264955,-2.7348230879521296,-2.0749344397668,-1.35336658822207,-1.6518533397579225,-2.5850976245871617,0.00012266737974633352,-6.677024428138496e-05,0.00010521925733490729,0.0002230091455313318,0.34528599996273457,-0.32035608839392826,1.344971559885064,3.89068875255052
68.09999999999827,-1.3465493201586,-1.6747631563322958,-2.5961181509831657,0.007692703105984607,-2.7501129276277627,-2.091176621748792,-1.369814033991459,-1.6601727138291655,-2.6020278176755935,0.00012286876313931418,-6.729550776878601e-05,0.00010596040822762603,0.00022291029233099865,0.35083333611657075,-0.32484363963985136,1.454000706672516,4.691631467128503
68.14999999999827,-1.3609123727544756,-1.6841614895855326,-2.6122695605366526,-0.001172966813433431,-2.765318789490046,-2.1061314931623034,-1.3859130301962501,-1.6690242993221098,-2.6215775370312104,0.00012305733441933233,-6.782250614000937e-05,0.00010671652720586502,0.00022281016663408927,0.3520364255879121,-0.2990974282702459,1.1190855038896017,5.18171004145477
68.19999999999827,-1.3754461172625505,-1.6933405326325197,-2.628543591195924,-0.010224499023919826,-2.780270920289381,-2.124174675890882,-1.39975829786609,-1.676726153995239,-2.6376118397337587,0.0001232162693322221,-6.833455748884117e-05,0.0001074682594417105,0.00022270741506111042,0.34957387714815785,-0.3608636545715882,1.6911449727792855,5.037928208932134
68.24999999999827,-1.3901001962408683,-1.702270720109198,-2.64489766191744,-0.019568276012847816,-2.7951157610719517,-2.140974087480191,-1.4134532269615878,-1.6852642424217488,-2.649538437961909,0.00012336450846495606,-6.884764974375518e-05,0.00010823347717439394,0.00022260417401282124,0.35081773182147424,-0.3359882317862053,2.1882945027869627,5.04515805857202
68.29999999999826,-1.4048929973003088,-1.7109679422307569,-2.661333749728365,-0.02908572400730347,-2.809713435260793,-2.1561557405030918,-1.4280500895471921,-1.69222033470388,-2.667889789086774,0.00012349739220787943,-6.934696320628576e-05,0.00010898999789965932,0.0002224993926460344,0.34852818580252715,-0.30363306045802824,1.2537361128315987,5.097022765498257
68.34999999999826,-1.4198253356257537,-1.7194271690398124,-2.6779292974465294,-0.03897252354899752,-2.824341281746197,-2.1741571184085204,-1.442854103617777,-1.6999872242518714,-2.684137032375031,0.00012362240343984432,-6.986056287484808e-05,0.00010978167222943336,0.00022239483648642128,0.35311817620511793,-0.3600275581085921,1.0481988394342303,5.203697212405614
68.39999999999826,-1.4348759734855752,-1.7276443834269888,-2.694657168666873,-0.049026756918960746,-2.8386718380988127,-2.1910255544533594,-1.4581075460544137,-1.7081309738227306,-2.6999549052324525,0.00012372473070527813,-7.03566575187069e-05,0.0001105617934915559,0.00022228798986864112,0.35011981991348623,-0.3373687208967994,1.1417348741031383,5.330705564705694
68.44999999999825,-1.4500724439632655,-1.7356148274695251,-2.711514970767306,-0.05929475603642266,-2.8527859361925554,-2.2084562657289375,-1.4749416818725074,-1.7152638662353454,-2.7143669046575627,0.00012380945727147704,-7.084402038944526e-05,0.00011134280598325538,0.0002221788217308283,0.3490829610310649,-0.34861422551158333,1.2567989374004405,6.271668094016168
68.49999999999825,-1.4653910435334159,-1.7433266308276643,-2.7285208908184297,-0.06985279854364951,-2.8667980338242427,-2.2246044327552044,-1.4925731307533283,-1.720317371338812,-2.73337697252678,0.0001238849029177712,-7.133347896208316e-05,0.00011214105180103493,0.00022206773929424906,0.3508947594549157,-0.32296334052535625,1.667410259524041,7.4175459872728675
68.54999999999825,-1.4808436686548283,-1.75078487378348,-2.7456448007917436,-0.0806683471114626,-2.8806969048315785,-2.2395510562728016,-1.5085862256114126,-1.7275310591462494,-2.750347523041631,0.00012394289084695216,-7.182179009606332e-05,0.00011295554758048847,0.00022195568469220818,0.3522274720987994,-0.2989324703519619,0.7975375654764807,7.653829590010773
68.59999999999825,-1.4964169473354714,-1.7579806843175927,-2.7628639539201707,-0.0915909058392989,-2.8942799721200734,-2.2565505407366757,-1.5264160039883459,-1.7328839139703776,-2.772696427409482,0.0001239750726612617,-7.22903124086428e-05,0.00011375544097981558,0.00022184121667922393,0.34860253719891043,-0.3399896892775029,2.431797407930567,8.371072020199762
68.64999999999824,-1.5121060208780304,-1.7649029847250979,-2.780186941455316,-0.10280387047610398,-2.907741292818435,-2.2740974843361816,-1.5430760421325709,-1.7399259708097023,-2.791469253951514,0.00012398590029240848,-7.27583330738826e-05,0.00011457530645885995,0.00022172409413724335,0.350397263916403,-0.35093887199013557,0.6769810744479081,8.573015924146802
68.69999999999824,-1.5279109438890148,-1.771547010171762,-2.7975550697110094,-0.11419381640257711,-2.920912372275718,-2.293507553673054,-1.5581446129972838,-1.7456864608924914,-2.811554081318683,0.00012397306907246833,-7.321088338624378e-05,0.00011538781345359125,0.00022160304514859096,0.3482629592429221,-0.38820138673746896,1.6837568873303925,8.322917165302977
68.74999999999824,-1.5438271957325007,-1.7779110117826242,-2.814983417560391,-0.12586194918510887,-2.9339279857715574,-2.309810091414265,-1.5727395815063079,-1.751529961261377,-2.8282061100599423,0.00012394493701672302,-7.366046186839646e-05,0.00011621355891694873,0.0002214793895274676,0.3496045106492444,-0.3260507548242408,3.777219083058494,8.001340048181257
68.79999999999824,-1.559839585920235,-1.7840057725635492,-2.8325675847893312,-0.1378167030696992,-2.946825688381757,-2.326731527073934,-1.590352588694503,-1.7589620916251587,-2.832029821648332,0.0001239050341163017,-7.411061933876408e-05,0.00011705841900558735,0.00022135417406586168,0.35172389891035144,-0.33842871319339424,5.065151259226845,9.785259622452706
68.84999999999823,-1.5759624323016637,-1.7898204741826174,-2.850198117322063,-0.14993841091958743,-2.959456012176891,-2.3445663311873406,-1.605829833852279,-1.7645799339781725,-2.8451187582487165,0.00012386354226251602,-7.454940331033263e-05,0.00011789334267374729,0.00022122536117929716,0.35012512264028334,-0.35669608226815724,0.9137921342657223,10.506944806673626
68.89999999999823,-1.5921835306930805,-1.7953549812388956,-2.8679742845485987,-0.16223388079720757,-2.9718086380824036,-2.3631848933277526,-1.6225843614959083,-1.7690765722569306,-2.8666045911526896,0.00012380851003844173,-7.497575293403049e-05,0.00011872126694215313,0.00022109482900837147,0.3485826854481381,-0.372371242808263,2.1806764007107935,10.164961281305507
68.94999999999823,-1.608486582967941,-1.800600521674843,-2.8858835617893375,-0.1747048483506348,-2.9838902413996338,-2.3809182079903373,-1.640014331032267,-1.7728098355350723,-2.8907576785905675,0.00012372947267902336,-7.53894475118015e-05,0.00011954761202816445,0.00022096334877576436,0.3472739963603655,-0.35466629325171267,2.6080304929485276,9.937841657692724
68.99999999999822,-1.6248892549154792,-1.8055604382412054,-2.90385323780365,-0.18737218822457274,-2.9957385912007832,-2.398259479526344,-1.6561184492956846,-1.777818509386739,-2.9054461022914357,0.00012362348044107487,-7.579095826994002e-05,0.00012037648669808086,0.000220828671078066,0.34690196411729934,-0.3468254307201515,3.6208447721315884,10.276933517165311
69.04999999999822,-1.6413863978327377,-1.810227445172726,-2.921860354788975,-0.20029742290023297,-3.0074101462946676,-2.415979836068342,-1.6730213630139081,-1.7802392807000869,-2.927870574612411,0.00012350686060603704,-7.61893899614267e-05,0.00012121837030719602,0.00022069197265475642,0.3483072357221317,-0.3544071308399872,1.9929755465565924,10.438953866062343
69.09999999999822,-1.6579440379505315,-1.814596985888895,-2.9400313667268207,-0.21350632762117377,-3.018906963336351,-2.434786388650854,-1.6899823402005671,-1.784628283160627,-2.947632393839151,0.00012336741339356638,-7.658288529056336e-05,0.00012207859948327947,0.0002205534814338306,0.3502347809092531,-0.37613105165025856,2.221562213008448,10.317281711610708
69.14999999999822,-1.6745811362830083,-1.818668405748139,-2.958249805799457,-0.22687331107954298,-3.030115071955924,-2.4528488821003487,-1.7065045393817275,-1.788511865648592,-2.965979593342921,0.00012320795574352492,-7.696214425718852e-05,0.00012293353040694586,0.00022041232633496867,0.34888749988092865,-0.3612498689899155,1.3070774235353282,10.273626615010723
69.19999999999821,-1.691275617596166,-1.8224435217165253,-2.9765957636850593,-0.24036901542151595,-3.0410191288562496,-2.47117878288646,-1.7234773541107846,-1.791809130170042,-2.9832366605271496,0.00012302987397957096,-7.732551097587925e-05,0.0001237780949807867,0.00022026790678299327,0.34701061727457805,-0.36659801572225537,0.7324844784835367,10.61878102180627
69.24999999999821,-1.708047570473908,-1.8259153633805174,-2.9950399764120124,-0.25416758490449964,-3.0517495764400633,-2.490080328145554,-1.7388938438254478,-1.796309838063344,-2.99871426720521,0.00012283807776203613,-7.768590570616138e-05,0.0001246425227696941,0.00022012048706222733,0.34960098514023114,-0.37803090518190013,2.4748009870349086,10.155733150461563
69.2999999999982,-1.7248789779754283,-1.829079649854966,-3.013612100297109,-0.26804704106998956,-3.062135124693238,-2.50832199497586,-1.7548003836820676,-1.8002141923989816,-3.012263593694986,0.00012263325799196246,-7.802865588496798e-05,0.000125487338794201,0.00021997008064250854,0.34670289811454175,-0.36483333660614076,2.0498075919582606,10.420011427042219
69.3499999999982,-1.7417474070107573,-1.8319371482668845,-3.032284309806777,-0.2821332194054399,-3.0722766384939755,-2.5268671968131566,-1.772142264438505,-1.803175504654322,-3.0294968108478546,0.00012241950683219876,-7.83637680301302e-05,0.00012633590495096178,0.0002198172847147754,0.34714801278378543,-0.37090403674595124,1.2218923834879067,10.784454112715526
69.3999999999982,-1.7586808188357737,-1.8344782686264178,-3.0510446035748613,-0.2965573881101702,-3.0822599578992604,-2.545476587956595,-1.7902999950715028,-1.8051616574495835,-3.0520523748182797,0.00012219225518873055,-7.869832420217342e-05,0.00012721308917368083,0.00021966311951179642,0.3508459433701004,-0.37218782286878055,1.2463243349145674,10.612825744170799
69.4499999999982,-1.7756471052924148,-1.836704155975551,-3.0698108913786175,-0.31105458590810614,-3.0919022900004247,-2.5638507973934224,-1.8069327057727984,-1.8028651365161195,-3.076903049449956,0.00012194035481079057,-7.901260024284089e-05,0.00012807378698308106,0.00021950701983899787,0.3482251232808051,-0.3674841887365741,3.4800991023252843,11.228937894861398
69.4999999999982,-1.792673870320053,-1.8386159670320776,-3.0886923988031523,-0.3257119338401477,-3.101262945008526,-2.5826499621285586,-1.8216248620770201,-1.805915154408624,-3.0919557344143622,0.00012166054630673571,-7.931053141354224e-05,0.00012893386002924936,0.00021935045162958146,0.34783249899580365,-0.3759832947027492,1.965847248505661,10.632620361369238
69.54999999999819,-1.8097109851445765,-1.8402137455924972,-3.1076665584913226,-0.34073977701279373,-3.110467487253414,-2.6014164501544594,-1.838648765867351,-1.809029025185695,-3.10258969966399,0.00012137244504682065,-7.960902628582779e-05,0.00012982677950797695,0.00021919131266819506,0.35245923619989955,-0.37532976051804057,3.4813081463314415,11.618723444228364
69.59999999999819,-1.8267785716112825,-1.8414880509130456,-3.126752170984645,-0.3557962799212737,-3.1193047291624305,-2.620248603709996,-1.8573298618006564,-1.8090060859207446,-3.1205067552453647,0.000121079409071586,-7.989136022278518e-05,0.00013069575664862958,0.00021903001166077946,0.3491728125254905,-0.37664307111074696,1.305368232282724,12.899025694064406
69.64999999999819,-1.8438638507467715,-1.8424343380741202,3.137237476047508,-0.371024252519782,-3.1278594780823146,-2.639254155635975,-1.8750643588391143,-1.8083382798324026,3.1362242063876247,0.00012076962567100217,-8.016159352426959e-05,0.00013156716114453757,0.00021886779726288243,0.34933311422918967,-0.38011103851960154,2.8719140243772254,12.068012159477519
69.69999999999818,-1.8609588462959046,-1.8430619348196722,3.1179267428599555,-0.38634130795985255,-3.1360762365940262,-2.6591775332319507,-1.8912065595192695,-1.8104097369238816,3.1230588595651163,0.00012043133327813876,-8.041101537228747e-05,0.00013242557058619858,0.0002187030457198815,0.34764194331794895,-0.39846755191953503,1.4435613252095514,12.452774880762627
69.74999999999818,-1.8780571327304194,-1.8433641503303289,3.098511193297678,-0.4018290434092407,-3.1440031999448075,-2.6778869763003796,-1.9080906151035868,-1.8121042543426233,3.10840059663526,0.00012008753662408273,-8.065145722366946e-05,0.00013328475255008644,0.00021853560755641805,0.34797444015676865,-0.3741888613686023,2.4370784477668583,12.988457600044361
69.79999999999818,-1.8951663217642092,-1.843336975507987,3.0790350182165276,-0.41764750762687247,-3.1517163963150088,-2.6979297843018855,-1.9255971189948637,-1.812897122757495,3.092046327201812,0.00011973330359781509,-8.088780919047308e-05,0.00013417143114526666,0.00021836590972896706,0.35198157724909274,-0.4008561600301362,1.2286797443812212,13.636066941733237
69.84999999999818,-1.91227256905979,-1.8429755847578129,3.0594690992650064,-0.43336863029739076,-3.1590000220039576,-2.717534433330018,-1.9412521633088953,-1.8119136978748325,3.0737441696115226,0.0001193682654040248,-8.110208406596502e-05,0.00013501565381981726,0.00021819437143870478,0.3465339905419289,-0.3920929805626805,1.2349591480892983,13.853910522250123
69.89999999999817,-1.9293649245597568,-1.8422856672033432,3.039822699545717,-0.44913438623498175,-3.1659370829220257,-2.736623488257404,-1.9579025481880232,-1.8102933259551908,3.0568205642170048,0.00011898943239628852,-8.130005137895068e-05,0.00013584275049894097,0.00021802205830305686,0.34449434461024053,-0.3817810985477415,0.9269431281318143,15.123531317315816
69.94999999999817,-1.946421103873033,-1.8412649780206738,3.020107208582081,-0.4651668367768987,-3.172611192846299,-2.757625696017497,-1.9762242438546782,-1.806554517190298,3.0338386990742965,0.00011859525660693667,-8.148972265283294e-05,0.00013669006359364266,0.00021784982045591178,0.34732941103133497,-0.4200441552018828,2.2689907879068487,15.626459605218075
69.99999999999817,-1.9634705698735075,-1.8399043821573045,3.0002902354230288,-0.481283519386114,-3.1789330479873503,-2.7779352393864634,-1.9930710822430524,-1.8061697263651721,3.0144119510672516,0.00011817926868561387,-8.166125140232977e-05,0.00013752782073826164,0.00021767726595363552,0.3462505526623802,-0.40619086737934756,1.1165829361225263,15.084076121190213
70.04999999999816,-1.980483411124452,-1.8382089904121108,2.9803947990803303,-0.4975370667838875,-3.18493702257248,-2.7975552299830198,-2.0090121448855465,-1.8042530224302955,2.9946168701932496,0.00011774886856753258,-8.181873815767468e-05,0.0001383634957411159,0.00021750196672091669,0.3465458958642634,-0.3923998119311488,1.0721893663287507,14.925049670954884
70.09999999999816,-1.9974572844673553,-1.8361872832056374,2.9604807343141473,-0.5140053581275591,-3.190646487692312,-2.81817612908412,-2.0268605345615573,-1.8015848944695403,2.9754688903815367,0.00011730145171381969,-8.196376627830244e-05,0.00013921114292589866,0.00021732534674841236,0.34860486356134585,-0.41241798202203367,1.3413303155421634,15.654159025871108
70.14999999999816,-2.014390951034824,-1.8338252022735948,2.940475856224096,-0.5305220478055247,-3.196019941155633,-2.83593986067737,-2.0443070858926475,-1.7963674198135744,2.952417622634923,0.00011684154855708988,-8.20933062546241e-05,0.0001400468988500001,0.00021714758178687982,0.34738046747995455,-0.355274631865015,1.1975189816259215,16.264125776658357
70.19999999999816,-2.031256746542614,-1.83112549801652,2.9203730496893594,-0.5470461870753414,-3.201048116834013,-2.8564645990097723,-2.059451247300394,-1.7926871114824536,2.930385662412526,0.00011635946272738544,-8.220192782417446e-05,0.00014086413582012266,0.00021696929934413446,0.3454505478172745,-0.4104947666480713,1.4488382561716695,15.880481488903506
70.24999999999815,-2.0480777228066964,-1.8280903752908977,2.9001846125990354,-0.5639199568334805,-3.2058041140912907,-2.8772601906452056,-2.072783300014953,-1.78912920649977,2.9069760422850273,0.00011585625837571004,-8.229637549911889e-05,0.00014171141977636011,0.00021678862377355756,0.35063068437708445,-0.41591183270868726,4.822620867491029,14.899505799162801
70.29999999999815,-2.064855048481569,-1.824721015342865,2.879913389925086,-0.5808857532211493,-3.2102169206729134,-2.8970013431597117,-2.0894307918497206,-1.7853219543964753,2.886926680858142,0.00011533577041335624,-8.237274688239313e-05,0.00014255164207806082,0.00021660617488309365,0.35061151689753023,-0.3948230502901415,1.408228789132683,15.180520541466898
70.34999999999815,-2.0815411669972947,-1.8210120764522966,2.8595539928992633,-0.5980593637083638,-3.2143116720926086,-2.9180588139299273,-2.106730664195715,-1.7830069031988522,2.8745963809071906,0.00011479889323049435,-8.243297581163169e-05,0.00014340279736709717,0.0002164208297838165,0.35310701174877973,-0.4211494154043342,2.0813725759955144,16.89470037451947
70.39999999999814,-2.0981553144800746,-1.816972002545079,2.839098970367882,-0.6153111096025445,-3.21804972272882,-2.938370123306194,-2.123232352921832,-1.7751451069910285,2.8436884049210196,0.00011426034777571142,-8.24820461027179e-05,0.00014424860974069137,0.00021623333141998415,0.3530475727498129,-0.4062261875253629,2.3869895400719363,16.008049811387544
70.44999999999814,-2.114664112797407,-1.8126064954687755,2.818645358738109,-0.632467560040618,-3.221404925116396,-2.9585600088451938,-2.1388484894615076,-1.771010885517984,2.829673347627031,0.00011369451898854727,-8.250408692408656e-05,0.0001450598020836096,0.00021604500344606485,0.34963498449792413,-0.4037977107800136,2.1483078589480167,17.905358455642613
70.49999999999814,-2.1310843858392796,-1.80789760811492,2.7981395272009344,-0.6495985367109858,-3.224399069500195,-2.978561781202965,-2.1537038709069374,-1.769262865925145,2.815683151419547,0.000113127105154637,-8.251371009769347e-05,0.0001458512457219748,0.00021585432182551605,0.3478191170339463,-0.4000354471554484,4.521823767132383,18.13734332870436
70.54999999999814,-2.1474079421533316,-1.8028530736112227,2.7775307764092894,-0.667014581810074,-3.2270754103790646,-2.9996671073246346,-2.1687203915881983,-1.7630243863130344,2.7932884987438786,0.00011255274285417724,-8.251110198817017e-05,0.0001466663660452687,0.00021566091252470267,0.3524162042732435,-0.4221065224334117,1.761945733772171,18.38204240025883
70.59999999999813,-2.1636216254325435,-1.797485201866499,2.7568295508850054,-0.6843764954810155,-3.229383422127567,-3.0191972757676604,-2.18589012899315,-1.756661796327199,2.768089775067402,0.00011196597150537531,-8.249083006396348e-05,0.00014745867673881586,0.0002154678197236782,0.35029856716034535,-0.3906033688605379,5.240273120268719,17.195106851786832
70.64999999999813,-2.179714610450554,-1.7917829784338628,2.7361207836726726,-0.7017479177286017,-3.2313375451665802,-3.039948520684926,-2.200762467065776,-1.7515553946415958,2.744219022216413,0.00011135984367531056,-8.244824675518586e-05,0.0001482339618747698,0.00021527288136114262,0.34962601376757757,-0.4150248983453399,2.4752649917226535,15.655974985174728
70.69999999999813,-2.1957033286375545,-1.7857512618301339,2.71535264849599,-0.7193497228977797,-3.2329483547510214,-3.060717402956292,-2.2159721518001256,-1.7439372837122271,2.7203393052808718,0.00011073504899234024,-8.23837916072691e-05,0.0001490225240859169,0.0002150750106524299,0.353513497912505,-0.41537764542733957,2.0851551576555147,15.933982892120168
70.74999999999812,-2.211549771522685,-1.779400255392036,2.6945178437284576,-0.7369737800632506,-3.234183009888942,-3.0825862329867153,-2.2324828928521723,-1.73616661561674,2.697994845351621,0.00011009414224682216,-8.229806904687526e-05,0.00014979776792383267,0.00021487588208372483,0.3533520647847355,-0.4373766006084935,1.6595294930999782,16.402897180132605
70.79999999999812,-2.227280199724598,-1.7727084117924505,2.6735849798138083,-0.7545265361118622,-3.235043559695653,-3.1026245651497284,-2.248026672740161,-1.730605505126486,2.68255639823024,0.00010944331625179796,-8.219445160390852e-05,0.00015054866775995442,0.00021467491621522233,0.3514826455110324,-0.4007666432602854,1.6820288111462662,17.163221547026833
70.84999999999812,-2.242864091176529,-1.7657049073797406,2.6525326368976803,-0.7722000181882882,-3.2355425560595545,-3.1241073696515835,-2.2643780363158514,-1.724020514856653,2.661718414197858,0.00010878758048802009,-8.207569223422222e-05,0.00015130334154560927,0.0002144715692183787,0.35361730090606713,-0.42965609003713034,1.7115555343929498,16.657127085715725
70.89999999999812,-2.258275994430381,-1.758382333932153,2.631424089147387,-0.7895613412438193,-3.2356623278496413,3.137904692546459,-2.278909241923155,-1.7157796741229707,2.641151318385326,0.00010812815749787084,-8.194383021370847e-05,0.00015200269445897604,0.00021426674556188468,0.34724121002500224,-0.423464899630898,1.410037147801019,17.621667742481463
70.94999999999811,-2.273535317775528,-1.7507180642092628,2.610292493034861,-0.8070708330380639,-3.235402374384392,3.1155899335461736,-2.2931912586979415,-1.7080639704789902,2.621971456881699,0.00010745602263533281,-8.17911304847598e-05,0.00015270827452686412,0.00021406172434640898,0.3502356941642626,-0.44629518000574153,1.8490933181918372,18.470810670343237
70.99999999999811,-2.288610388738931,-1.742741382094308,2.5891208012388724,-0.8244217559128658,-3.234769668981877,3.0946972123386125,-2.30763758854267,-1.698703307319252,2.59641301532326,0.0001067808677548338,-8.162626585051742e-05,0.0001533832977741314,0.00021385678575510828,0.3472554140908852,-0.4178544241512356,2.3861204702916,18.09292095628831
71.04999999999811,-2.303547853887432,-1.734429119886181,2.5678815157685237,-0.8418671160109189,-3.233764417536789,3.073369686196953,-2.3224987459358424,-1.6888704860002803,2.573897951688667,0.00010608867999481704,-8.143666129235003e-05,0.00015405584021133955,0.000213651626228372,0.3494926002660649,-0.42655052283320344,0.7185646310315361,18.891213948853505
71.0999999999981,-2.318285871826933,-1.7258257091160552,2.546526839176149,-0.8595522110537802,-3.2323805333933384,3.0536310110276847,-2.338601609306457,-1.6784656880844808,2.5501122311314557,0.00010538274339642247,-8.122168163149601e-05,0.00015474647091690076,0.00021344573586853867,0.3547889170391077,-0.39477350338538814,1.3191024495321613,19.195957990393534
71.1499999999981,-2.332840766117306,-1.71690778817913,2.525125375182754,-0.876958381666583,-3.2306520679848703,3.0315995088348764,-2.3506279675895745,-1.6679996008333415,2.5202860552710344,0.00010466829927152542,-8.099098691622776e-05,0.00015538870113653952,0.00021323896744570553,0.34984267562392424,-0.44063004385619553,3.0335478636389226,18.8490709046296
71.1999999999981,-2.3471953088863162,-1.7076809908130681,2.5037138351548536,-0.8944815262330699,-3.2285341112771433,3.011020222795877,-2.3634896397291447,-1.6551972907840222,2.4894376171361285,0.00010393547279157659,-8.073033044849126e-05,0.00015602774619176302,0.00021303091302393137,0.35301973401962106,-0.41158572078000977,2.581038962867261,20.700323794178797
71.2499999999981,-2.361346001533096,-1.6981669340824102,2.4822119150918107,-0.9117197938119148,-3.226073587935711,2.988608194032743,-2.377350272103308,-1.6458278624765967,2.4689075668747122,0.00010318778006240852,-8.044913385090179e-05,0.0001566152737104391,0.00021282202350871517,0.3482669875131884,-0.44824057526270106,1.137644333055415,20.688403322546918
71.2999999999981,-2.375317616846235,-1.6883283381085161,2.460652854937707,-0.9291503232151018,-3.223191779959832,2.9668793300764715,-2.388960749968188,-1.6363233968139694,2.4456991628409286,0.00010243338937457547,-8.014244014633218e-05,0.0001572126110839671,0.0002126096941401344,0.3533499418706004,-0.4345772791254482,2.6851149685294127,20.99309383524688
71.34999999999809,-2.389070265623316,-1.6781854585016691,2.4390866689466457,-0.9463448338309149,-3.219966785064367,2.945494998325902,-2.4036537916824567,-1.626320878111017,2.4242062566159746,0.0001016768733970826,-7.982434647251489e-05,0.0001577720729104354,0.0002123956450926533,0.3498933840581753,-0.42768663501142046,3.8812483753832874,20.27552309065863
71.39999999999809,-2.4025784238384875,-1.6677855372566377,2.417539370185303,-0.9635844911678167,-3.216349499618655,2.9240439999125005,-2.4182175246772424,-1.614586313295265,2.406483971395775,0.0001009150274244887,-7.948430428643719e-05,0.00015832525728300028,0.00021217944218577357,0.35230806836741957,-0.42901996826804284,1.1752821994212863,21.614875789456367
71.44999999999808,-2.415868534490238,-1.657096120172031,2.3959208641953826,-0.980854826835115,-3.212329851250931,2.901786456491143,-2.4306059961496786,-1.6026991800822492,2.377363741929921,0.00010015164512214522,-7.91252599090018e-05,0.0001588739587244218,0.00021196245819725466,0.35464632958919906,-0.4451508684271796,1.6601066716776882,21.802651159915268
71.49999999999808,-2.428936097571236,-1.6461006088299033,2.3742182459335255,-0.9979054433286518,-3.207959911245893,2.8796150314603395,-2.4421228861006434,-1.5921125728270922,2.354409392500039,9.937964133089892e-05,-7.874726111211077e-05,0.00015938177011942653,0.00021174440433147825,0.3520412420936762,-0.443428500616098,1.3354375192867458,21.836502852768213
71.54999999999808,-2.4417497318046184,-1.6348289586353417,2.3524740461649025,-1.0148682175882553,-3.2032048270015303,2.856950771377491,-2.4529810866048574,-1.5773498707433202,2.327048178473987,9.860443324905262e-05,-7.835053345561426e-05,0.000159867830606807,0.00021152525601599763,0.35234064295940154,-0.45328520165699254,2.1784604746623493,25.713644356868475
71.59999999999808,-2.4543106307857023,-1.6232915938242545,2.3306874638960418,-1.0316986853801535,-3.1980710898328417,2.8341109826584585,-2.465192031797798,-1.56459699249883,2.3070564098816284,9.782142376287037e-05,-7.793232136349499e-05,0.0001603262408106218,0.0002113069246763486,0.3519280400031289,-0.45679577438067825,0.29475043558250624,27.210472038379443
71.64999999999807,-2.466620308977451,-1.6114789011090593,2.308848011633405,-1.0482942823297023,-3.192588659783597,2.810939907837912,-2.4771378232850414,-1.5529717708066169,2.2885121149701684,9.703979159699876e-05,-7.750528462080003e-05,0.00016075456470766134,0.00021108912210906163,0.349562323465771,-0.46342149641096264,2.246646038747917,27.468664839960756
71.69999999999807,-2.4786774487110104,-1.5993999548082845,2.287029030832872,-1.0647223491687412,-3.1867446305771887,2.788696814713596,-2.4897473152647303,-1.5412473740818946,2.270026167393288,9.626149207000236e-05,-7.706848052506854e-05,0.00016116132163518425,0.000210871623592305,0.348738637346519,-0.44486186248633736,1.3644572554699168,27.055691388696193
71.74999999999807,-2.49045878364607,-1.587076139045598,2.265118910521368,-1.0807602437621737,-3.1806335582956113,2.766378324554905,-2.5001381286397013,-1.5286956411658734,2.247075444092969,9.54870478844328e-05,-7.663298746432272e-05,0.00016152650828700453,0.0002106561869444238,0.3432617046848133,-0.4463698031738534,1.3741759943592424,27.861862047796457
71.79999999999806,-2.501985365369682,-1.574490904344815,2.2431237016877263,-1.097093974108459,-3.173998274345701,2.745072543866346,-2.51155859994099,-1.516722722440131,2.232646078224784,9.471005274547055e-05,-7.615850002845747e-05,0.00016190711472902948,0.00021044074184991103,0.3526071457069526,-0.42611561377121576,1.2088259408020547,28.64486365215689
71.84999999999806,-2.5132294692668387,-1.561674780910136,2.2211077700541924,-1.1131803912243305,-3.1670558383232668,2.723265944882204,-2.523434226946584,-1.5011203814971008,2.2083469909517373,9.394011057945434e-05,-7.568219914471451e-05,0.00016226498267419965,0.00021022698685416004,0.3504182633632408,-0.43613197968285855,1.8804199805822228,30.65303764144484
71.89999999999806,-2.5241868218353893,-1.5485907825135494,2.199079763222953,-1.1291769110945342,-3.1597387496719875,2.701908962173823,-2.5349164038989525,-1.4886766065542298,2.187097502105165,9.316790476811192e-05,-7.518494592197305e-05,0.00016260386664303125,0.0002100154166439613,0.3518182462294245,-0.4271396541676393,2.483329806691128,29.478667333724534
71.94999999999806,-2.5348579948740384,-1.5352700660966083,2.17702230117519,-1.1448460745946083,-3.1521539164231958,2.6796455171717923,-2.546385397316067,-1.4725732461772247,2.1679093863517327,9.239715286086447e-05,-7.468371328442587e-05,0.0001629074024203725,0.00020980595390488572,0.3481751847089005,-0.44526890004063285,5.69510931272351,32.733526114161855
71.99999999999805,-2.5452277629800313,-1.5217388901757671,2.15490966436917,-1.160450354775154,-3.1441672247988444,2.657411058287746,-2.5575609373730366,-1.456912088308486,2.1441656413632746,9.1628627009635e-05,-7.416413259826558e-05,0.000163201419582252,0.00020959956999387467,0.35059575730407394,-0.44468917768095123,3.5678765482982273,34.034980013409715
72.04999999999805,-2.5553041119031064,-1.507973153950502,2.1327525987738203,-1.1760802955883207,-3.1357199984448862,2.6348085827657304,-2.567659381972049,-1.4412764119225425,2.120972604310502,9.086050342306056e-05,-7.361545393630856e-05,0.0001634851544531038,0.000209393980545016,0.35533877994391144,-0.4520495104403256,1.533771490928261,35.79408385084164
72.09999999999805,-2.5650747301423436,-1.493986686950389,2.1105567021959146,-1.191346240199533,-3.1270268095954674,2.6130704426973796,-2.5763393031134103,-1.4272648607503695,2.0995279726467224,9.009336397803369e-05,-7.306323918562903e-05,0.00016373017263922505,0.00020919016544136625,0.3513589336671955,-0.43476280136704637,2.397812584575483,36.602438047964924
72.14999999999804,-2.5745166527560417,-1.4798088485466352,2.088335359364146,-1.206275115415885,-3.1180828210669485,2.5905901209544027,-2.5832009225635306,-1.414578194382035,2.0756427571445935,8.932872719520861e-05,-7.250743849720493e-05,0.00016393953422650374,0.0002089882724005038,0.348068384761384,-0.449606434859563,2.3161416829184485,36.08704360857212
72.19999999999804,-2.583663311829482,-1.46538613062364,2.0660715710218343,-1.2211959963770511,-3.1086713904737167,2.56714011165044,-2.5918182361888964,-1.4004535219724374,2.0604476874118216,8.856888720210603e-05,-7.192474076969012e-05,0.00016413387389949482,0.00020878614718734538,0.35282969037785417,-0.4690001860792672,2.920022615796417,38.05158631593716
72.24999999999804,-2.592474330530334,-1.450793416797607,2.0438043252441256,-1.2357253265049035,-3.0990427197888026,2.545534358877079,-2.5991181888118873,-1.3849196223572355,2.037460929821995,8.78159032558692e-05,-7.134883286421769e-05,0.0001643003852564299,0.0002085866795919708,0.34861127459128194,-0.4321150554672402,1.4483899546900803,40.161697878375264
72.29999999999804,-2.6009513120796877,-1.4360071216381165,2.0215085853374317,-1.2501387212865154,-3.089029290080744,2.523289253908599,-2.6072555163127,-1.3702893865613868,2.0150764103031875,8.706712025694007e-05,-7.075359884547067e-05,0.00016444744530784544,0.00020838964997904228,0.35101420232471076,-0.4449020993696231,3.5335826282285874,39.934085216315516
72.34999999999803,-2.6090958894877905,-1.4210381369296428,1.9991680316508103,-1.2643842340607832,-3.0786445832472893,2.5000708107778316,-2.6173443619821177,-1.3533080761504601,1.9988835239615188,8.632354607154425e-05,-7.014279012354055e-05,0.00016457314458014714,0.00020819407783498746,0.3525851568857861,-0.464368862615371,2.61110467115763,42.817018434118715
72.39999999999803,-2.6169159536634043,-1.405866805104052,1.976815094839691,-1.2780732105224826,-3.068182555130833,2.4779756728340807,-2.6247252404567276,-1.3383279231115743,1.982254062321383,8.558165391444174e-05,-6.95480713257828e-05,0.0001646634218550513,0.0002080034941896689,0.3445891382960682,-0.4419027588750496,1.3657177326766547,45.20431715093025
72.44999999999803,-2.624383703772507,-1.3905529163115065,1.954501730834043,-1.2917613887604635,-3.057228790561561,2.4554407291319595,-2.631145176808707,-1.3220395114005414,1.9551759857059583,8.485123331666815e-05,-6.893033790294424e-05,0.0001647490554693397,0.00020781521102128836,0.3506361012378971,-0.45069887404245806,1.684389796085664,45.10513213240766
72.49999999999802,-2.6315035258296158,-1.3750647568340406,1.9321339010099208,-1.305238958966679,-3.045914151449877,2.4309923203962214,-2.6396910414888066,-1.3036614539697002,1.9351027837366441,8.412399001494037e-05,-6.829413815314655e-05,0.00016480568725806615,0.00020762930451089732,0.35195532780992805,-0.48896817471479126,3.6450780547274344,48.431709792274994
72.54999999999802,-2.6382827596523417,-1.3594046243598106,1.9097512331044495,-1.3183859994755052,-3.0343315074289836,2.4077480233725153,-2.6461653430586356,-1.287703187689206,1.9140823427769051,8.340116552200058e-05,-6.76536949290063e-05,0.00016483738341214528,0.0002074464672699332,0.35043752067395467,-0.4648859404741476,0.5859059544103354,49.43475577928205
72.59999999999802,-2.6447101733873386,-1.3436166125292486,1.8873812976577544,-1.3312190452390227,-3.0224897832115576,2.3849487943739343,-2.651818393571496,-1.2713918824806123,1.8880665667118883,8.268374534816168e-05,-6.700856040448534e-05,0.0001648431226163493,0.00020726616683862175,0.3492430124212914,-0.45598457997164205,1.8394323842976459,48.932339595573254
72.64999999999802,-2.650790411785321,-1.3276937338970642,1.8649928114016563,-1.343886396698197,-3.010243903177839,2.361272105687825,-2.657618123447016,-1.255406848843514,1.863540340640978,8.197437110389539e-05,-6.634306582951923e-05,0.00016482252504169837,0.00020708695140622305,0.35238494449637325,-0.4735337737222066,1.8266529670292098,48.010334270619055
72.69999999999801,-2.6565176901717695,-1.3116344307448915,1.8425333324768234,-1.3561654765929323,-2.997820779919054,2.3394546168358783,-2.662243036470951,-1.2405537954685877,1.8416053962119285,8.126860411521874e-05,-6.567691785129784e-05,0.00016476837119710973,0.0002069094566947161,0.3493547753287813,-0.43634977703895744,2.2518310305719504,47.29181669518596
72.74999999999801,-2.66187835621864,-1.2954573731848424,1.820070141365297,-1.3684338132707512,-2.9848515607460593,2.3174058173480905,-2.6687763157872544,-1.2237155212598851,1.8239539403876712,8.057964595281687e-05,-6.49837842190731e-05,0.00016469909721678782,0.00020673114685010064,0.35705777848923775,-0.4409759897557792,1.0790845581597617,48.71371483679648
72.79999999999801,-2.6668826934799137,-1.2791453198678342,1.7975780330537512,-1.380272982894951,-2.9717662938315357,2.295076339808279,-2.673659053886407,-1.2063579087328324,1.8005923422789953,7.989473656705349e-05,-6.429825285666184e-05,0.00016460445681215687,0.00020655467774024228,0.35293233705207117,-0.44658955079624085,0.5967538264804646,49.54961916060908
72.849999999998,-2.6715203126060834,-1.2627330623652666,1.7751298388072,-1.3917177635826237,-2.9585360442880164,2.272845750041614,-2.6778754687112603,-1.1904324015350245,1.7772882757251,7.921324107166953e-05,-6.361341937244827e-05,0.0001644789197432692,0.00020638131391893862,0.34987718490277786,-0.4446117953333324,2.4145603195982828,48.5225444480453
72.899999999998,-2.6757876883376963,-1.2462255014117614,1.7527041275642987,-1.4028250068526125,-2.945121195993953,2.251889628471753,-2.6802707301138646,-1.1752046097374642,1.7537386843223057,7.853791790740979e-05,-6.292625899244458e-05,0.00016432408249327397,0.00020621064823467654,0.3483332363478069,-0.4191224313972509,2.546911058951803,47.85352356675021
72.949999999998,-2.679685482094073,-1.229621652545569,1.730267532496138,-1.4136942308734772,-2.9313998323063197,2.2295612013229515,-2.6831802125451074,-1.1592610082159562,1.730816366214973,7.787355030168059e-05,-6.222805834252661e-05,0.00016414058452721505,0.00020604151351004396,0.3501020326158945,-0.44656854297606274,1.964448278121437,47.43150241739435
72.999999999998,-2.6832069146420947,-1.212943593294627,1.707822423001128,-1.4243230976810033,-2.9173596630835212,2.208005143467383,-2.684173536731293,-1.1442947593733184,1.7070756524770427,7.722136807941391e-05,-6.15199684645858e-05,0.0001639311678482168,0.00020587350188463812,0.3521994715192722,-0.4311211571114006,2.7152370555748355,47.01230757058594
73.049999999998,-2.6863549302039904,-1.1961852366236716,1.685376649557191,-1.4345675771815132,-2.9031766489013595,2.184668005838346,-2.6850660827786523,-1.1267337107881779,1.6811231687760033,7.657521237434187e-05,-6.0812478336830445e-05,0.00016368984990557098,0.00020570724753706372,0.34992636061581833,-0.4667427525807664,1.1030206317541755,49.10868979043486
73.09999999999799,-2.6891300029123686,-1.1793655041733966,1.6629411848207296,-1.4445447812438055,-2.888692838161092,2.1633345127473875,-2.6850920550565798,-1.1098638562294845,1.6503191934529822,7.594062426561166e-05,-6.0095084249659576e-05,0.00016341927549932993,0.00020554302924676116,0.35175963745402694,-0.4266698618191982,2.9917935158307136,49.48581722170489
73.14999999999799,-2.6915335192851746,-1.1624681687222658,1.640514836847552,-1.4541545744029638,-2.874070455265248,2.1410948011278936,-2.6858371643208927,-1.0944429198297407,1.6297012630026728,7.531210203450364e-05,-5.937365809322422e-05,0.00016310754389932766,0.00020538055797695104,0.3499570405258082,-0.44479423238989013,4.595517395048542,49.76924297603264
73.19999999999798,-2.6935509369768145,-1.14555128588469,1.6180652231813024,-1.4634591174360674,-2.8592021818980906,2.1188444622243203,-2.686715761476006,-1.0781292062373202,1.6043478729592318,7.469559887579088e-05,-5.8649946150497726e-05,0.0001627734962969174,0.00020521955849303196,0.35080066501167556,-0.4450067780714967,2.2414192745157253,49.255959204537916
73.24999999999798,-2.6951792314734555,-1.128561247507174,1.5955585514545003,-1.47249630368141,-2.8439937931075776,2.0950710973720312,-2.6870669576242205,-1.0628663465644776,1.5819837097255505,7.40944661485524e-05,-5.791630151696341e-05,0.00016240839609928066,0.00020505904866912066,0.3538251349104156,-0.4754672970457973,2.143174205193585,48.30776008167111
73.29999999999798,-2.696415350191444,-1.1115354595357536,1.5730291625657462,-1.4809976449401379,-2.828880496631639,2.071311734875784,-2.6859179126068127,-1.046950978384171,1.5503974149157074,7.34921586940278e-05,-5.719738954320318e-05,0.0001620174374773628,0.00020490143208878593,0.3468133093472147,-0.47518724992497596,3.4878498084901546,47.775333029404806
73.34999999999798,-2.697278753605068,-1.0945087642065165,1.5505066464437482,-1.4891674999929956,-2.813555478337684,2.04984113685497,-2.6861657763106566,-1.0300621198814754,1.5277370307547393,7.29015233142337e-05,-5.6473167296590385e-05,0.0001615907109564397,0.00020474665864021228,0.3473409298056291,-0.42941196041630175,0.7171760585168818,48.14747142179461
73.39999999999797,-2.697758808819224,-1.0774810667710668,1.527972799016068,-1.4970522703478342,-2.7979540233152576,2.0276471249089028,-2.6875488603960256,-1.013238236440873,1.5105114118831278,7.232544262294986e-05,-5.5744178948181875e-05,0.00016113982907895914,0.00020459408603465471,0.3496212498520687,-0.44388023892137135,2.984031400694117,47.37466348536181
73.44999999999797,-2.697850629291659,-1.0604237596207065,1.5054324577433642,-1.5045435851283582,-2.7822521326707226,2.0042602948891943,-2.687434859998197,-0.9946497610762003,1.490066883933956,7.17565699210939e-05,-5.502104676806952e-05,0.00016067416670202247,0.00020444451372326634,0.34795572280600984,-0.4677366003941857,1.708154584692549,49.884189367206965
73.49999999999797,-2.697554583637831,-1.0433880311907542,1.4829259766311444,-1.5115862289924984,-2.7666112547892285,1.9834919708943417,-2.686440200659659,-0.9776287129004352,1.4683968368709115,7.118824055738836e-05,-5.430783598155598e-05,0.00016019238048243503,0.0002043001734912708,0.3430722778822632,-0.4153664798970692,1.0882869517593705,50.7533325496153
73.54999999999797,-2.6968690051629003,-1.026348388096615,1.4604449354054352,-1.5184316201695,-2.750471948770135,1.9603915948005497,-2.6853233954137683,-0.9618026805820352,1.4470642561296767,7.064502745076119e-05,-5.358190078074608e-05,0.00015968448510288256,0.00020415726618936464,0.3506281485808957,-0.4620075218758736,2.360598018641434,49.710498509506166
73.59999999999796,-2.695808317494555,-1.0093441233932383,1.4379305842591663,-1.5248330139509938,-2.7343534258367077,1.9372868789578543,-2.6833563305667614,-0.9448408541661009,1.4270499459547459,7.010568716658648e-05,-5.286475507185754e-05,0.00015915721155978184,0.00020401692391603255,0.3468705838552576,-0.4620943168539223,1.709659985011895,51.30536960243615
73.64999999999796,-2.694370538217606,-0.9923505770033112,1.415503751142699,-1.5309877444307414,-2.717752851406084,1.9143918184957878,-2.6796343036601584,-0.9283294081562125,1.4013820299716864,6.959103853872307e-05,-5.213875886796245e-05,0.00015860700487014797,0.00020387684901931487,0.354103641104461,-0.45790120924135497,1.7503479493838194,52.89330132593309
73.69999999999796,-2.6925479572984052,-0.9753968845729263,1.393071567596073,-1.5367597672048627,-2.7010750896114564,1.893577140331093,-2.6788943825986324,-0.9113721480587295,1.38749597221015,6.908547129640869e-05,-5.141696008058301e-05,0.00015803189919148033,0.0002037378496766308,0.3529732175653308,-0.4162935632939106,4.049906532484173,53.37829974740564
73.74999999999795,-2.690337297101512,-0.9584945295204814,1.3706515316638999,-1.5420699060221934,-2.684608273043903,1.8719086103685392,-2.6733781304452555,-0.8965467304032988,1.3598644878334234,6.857618115168954e-05,-5.071074292174835e-05,0.0001574506037400033,0.00020360259689765283,0.3460435436430896,-0.4333705992510962,2.1171711088163616,53.774858964199666
73.79999999999795,-2.6877406814236116,-0.9416318256274513,1.348191543443637,-1.5470934025704415,-2.6677808361672586,1.8498994927304846,-2.6682732180585753,-0.8802785030731927,1.3350782660205756,6.808973483856756e-05,-4.999937687991766e-05,0.00015683512542952728,0.0002034685274447871,0.3512324579231962,-0.44018235276111173,3.0370626826579685,56.09228911753514
73.84999999999795,-2.6847742019218646,-0.9248360889070302,1.325743702282574,-1.5517237703423976,-2.650922715301764,1.8278061662360585,-2.664583399375528,-0.8630383049875078,1.3158506010539242,6.761168534757471e-05,-4.9293701662670705e-05,0.00015619661391147541,0.0002033369003661101,0.3496563897732069,-0.44186652988854075,1.7240674391553934,58.470375673368046
73.89999999999795,-2.68144384138728,-0.9081217312562051,1.3033538303626906,-1.5559434109004056,-2.6341374674539075,1.8063591024141719,-2.6601480191443723,-0.8466829507024501,1.293922995104423,6.713662762642582e-05,-4.859671011607844e-05,0.00015554568739758532,0.0002032092026547089,0.34615683970017347,-0.42894127643776775,2.9193103070945896,59.67327063870191
73.94999999999794,-2.677741243300815,-0.8914799950612935,1.2809651842364977,-1.5598227537736107,-2.6171451105453847,1.7841385879821514,-2.656513277222906,-0.8308010473465208,1.2703907844798232,6.667754007323823e-05,-4.79014149425359e-05,0.00015487360496372924,0.0002030840679049319,0.3485983330120734,-0.4444102886404355,2.196017830933809,57.87325161966574
73.99999999999794,-2.673660190322362,-0.8748920535575617,1.258624772396264,-1.563335059297794,-2.599983686448696,1.761204061691486,-2.651454010010079,-0.8134096556742972,1.2465030747754122,6.62334269892491e-05,-4.720923411011181e-05,0.0001541787766107166,0.0002029605326157981,0.35035080566510707,-0.4586905258133404,0.8425888597400186,59.9394702433692
74.04999999999794,-2.669217188267379,-0.8584415592573315,1.2362893759214035,-1.566464340229084,-2.582723133802279,1.7390858760315195,-2.6469340618221127,-0.7968014636041896,1.2326247613300012,6.580109287190137e-05,-4.652156711172818e-05,0.00015346354132724966,0.0002028389606240636,0.350845619700238,-0.4423637131993524,3.0253574791737092,62.47419077448349
74.09999999999793,-2.6644027913453856,-0.842082790486784,1.213954684842901,-1.5692235797783216,-2.565304560841127,1.7167118122759302,-2.6393128051719694,-0.7806530231961879,1.2077633487589825,6.538119332087457e-05,-4.583882149816654e-05,0.00015273947914834534,0.00020271849155843887,0.3527225889597635,-0.4474812751118062,1.3039119959571372,66.10608298448189
74.14999999999793,-2.6592240222046652,-0.8258521638025573,1.1916042695714424,-1.5715897905861023,-2.547894637763842,1.6950486818386041,-2.634441567145595,-0.766289690230437,1.1889854671282194,6.497014403869904e-05,-4.516339573270167e-05,0.0001519950076925821,0.0002025997651537472,0.35140657257081287,-0.4332626087465469,2.330345710466966,63.74336985043751
74.19999999999793,-2.6536681852136925,-0.8097193112379557,1.1692638027615603,-1.573560621642914,-2.530646067404942,1.6740782971490917,-2.627596125511119,-0.7506077655955793,1.1661355336560604,6.456111112676384e-05,-4.449847184988937e-05,0.00015124216242852197,0.00020248395556818764,0.3472223494288397,-0.4194076937902704,1.4946220546426763,64.98900894914274
74.24999999999793,-2.647761947339814,-0.7937295241393449,1.1469451811138494,-1.5751586144905323,-2.5134083179771003,1.6523921642003234,-2.6204106606794957,-0.735223508827644,1.1433680073294692,6.416132021301551e-05,-4.384062116953006e-05,0.0001504722040132694,0.00020237165206118528,0.34623999304229486,-0.43372265897540035,3.827334093787773,66.07208998029876
74.29999999999792,-2.6414930288975946,-0.7778562698040491,1.1246762461466138,-1.5763831561252226,-2.496092623262913,1.6304026067353474,-2.61421534336763,-0.720995463949599,1.1253282153966557,6.377454936762271e-05,-4.3188903572447353e-05,0.00014968324965088382,0.0002022619859716509,0.3471857878221604,-0.43979114929954166,1.4557779478308177,64.77708115816488
74.34999999999792,-2.634884358478023,-0.762139617778455,1.1024596434610916,-1.5772321288067221,-2.478695552050383,1.608712177283297,-2.606881433002459,-0.7057517146922039,1.1049225377592462,6.339976682324262e-05,-4.254416878735531e-05,0.00014888338204086484,0.00020215423258150136,0.34836230336101653,-0.433808589041031,1.2173459722516797,65.82537627098556
74.39999999999792,-2.6279271103064774,-0.7465662885117429,1.0801730763060557,-1.5776979978842067,-2.461207848882557,1.5861474964538091,-2.5993544683502603,-0.691342516619082,1.0828857625369857,6.303818246364824e-05,-4.1906222402512105e-05,0.00014806779817379178,0.0002020479086903157,0.34988557082461613,-0.4512936165897868,1.7221872808926106,65.07989141627974
74.44999999999791,-2.620616922100637,-0.7311322954580111,1.0579056388531496,-1.5777714135875784,-2.4437243088652094,1.5638433730347483,-2.590946691608131,-0.6770905293763023,1.0589363811794454,6.268688939957285e-05,-4.1276697390176406e-05,0.00014723789767575785,0.00020194300988320187,0.34968113132955686,-0.44608246838124815,1.2163401864450085,64.67500401523309
74.49999999999791,-2.612975353694206,-0.715897930671183,1.0356942340481126,-1.5774626604423636,-2.4260787284325653,1.5427578964273563,-2.582910865999864,-0.6630217979360531,1.040117500139118,6.235258423144746e-05,-4.065482635260289e-05,0.0001463887916488639,0.00020183835100247437,0.352972167264084,-0.4217095321478707,0.8708174656299462,64.77992226347381
74.54999999999791,-2.604989998264683,-0.7008275961446919,1.0135206803708692,-1.5767883233212803,-2.408594800683883,1.5217350281625333,-2.575062847306508,-0.6502291814290013,1.0211093684379975,6.202217894653554e-05,-4.00425894433225e-05,0.0001455330965734315,0.00020173528137170082,0.3499449874338976,-0.4204573652964839,2.33643068883358,62.432018788004605
74.5999999999979,-2.596660723858823,-0.6859387028053471,0.9913906077206149,-1.5757261298471519,-2.390972266349492,1.4994538379548166,-2.5653768446461016,-0.6348192523632693,0.9939153059395105,6.170718173684371e-05,-3.943906477927593e-05,0.00014466473149418754,0.00020163251601711297,0.3530976444235317,-0.445623804154359,2.033178042413226,63.53832948745384
74.6499999999979,-2.588006984156519,-0.6712531573810244,0.9692625623099247,-1.574275861117522,-2.3734204529181557,1.4772576554767838,-2.556295332824334,-0.6219672908736332,0.9682392968033726,6.140197593116552e-05,-3.884527397831284e-05,0.0001437778657543546,0.00020153103674710055,0.3522397869112753,-0.44392364956068686,3.381783200633488,60.64691516805707
74.6999999999979,-2.5790136974263804,-0.6567450679038411,0.9472773528680577,-1.572439058695962,-2.3559845719122894,1.4544170152077829,-2.547440338171842,-0.607020048243442,0.9533154378470279,6.110518284107569e-05,-3.8262108672824666e-05,0.00014287653533401578,0.00020143119130426653,0.35065490346691897,-0.456812805380033,3.205668641241515,62.90674518994319
74.7499999999979,-2.569710961059983,-0.6424482719868113,0.92529033229827,-1.5702192280497436,-2.338576548777839,1.4335093110654409,-2.537805626707114,-0.5916363438766,0.9384593205764311,6.081559899859783e-05,-3.7686469799028474e-05,0.00014197395064277166,0.0002013332593785539,0.3509861172817366,-0.4181540828468668,1.2620290541115664,67.39343398946465
74.7999999999979,-2.5601016430909014,-0.628358619852421,0.9033740483057022,-1.567630494656471,-2.3212464652908897,1.4115201635322085,-2.5284709512760903,-0.5782535572400271,0.9182598076326798,6.053204055279864e-05,-3.711855755936366e-05,0.00014106975276393616,0.0002012375689187529,0.3504543941847234,-0.43978295066466816,2.347892250431876,66.3100938337571
74.84999999999789,-2.5501755271361457,-0.6144810304204673,0.881529385220159,-1.5646304689440849,-2.3037734197787305,1.3899993028896933,-2.517325343186988,-0.5649923787752745,0.8930802246207872,6.026408140489351e-05,-3.6560487883443595e-05,0.0001401535186514089,0.00020114195112775013,0.3545812205505639,-0.43041721285032286,0.8474627385525937,66.19942984386135
74.89999999999789,-2.5399536687191633,-0.600829058861359,0.859674903154545,-1.5612732774411373,-2.286459922478553,1.3685350221639254,-2.5058913240713703,-0.5519528439936745,0.8677264604029933,6.000356277938699e-05,-3.601311550323909e-05,0.00013922447858275824,0.0002010473104387658,0.35272644647317575,-0.4292856145153791,1.786339140534757,66.20004983449975
74.94999999999789,-2.529437804624801,-0.5874070121854461,0.8378370862816993,-1.5575659970914273,-2.2694374112762397,1.3441807932422778,-2.493701673648396,-0.540605764356062,0.839435001874953,5.974736909030002e-05,-3.5476330985377815e-05,0.0001382835658315925,0.00020095533889241985,0.3484392729654711,-0.4870845784329739,1.7141300202148153,64.6472969629123
74.99999999999788,-2.5186234619776435,-0.57420553881475,0.8160545155363277,-1.5534583597285667,-2.252443497876575,1.323085132274814,-2.4830915151793085,-0.5282984711684482,0.821123620161893,5.9504022266777606e-05,-3.495190321962978e-05,0.00013732792590917715,0.00020086513399976815,0.3496724829801511,-0.42191321934929576,1.2379258944219502,63.908376415946066
75.04999999999788,-2.5074660585134287,-0.5612313821575442,0.7882050726199524,-1.5488786959778786,-2.235454968626897,1.2918782700657907,-2.471170482028453,-0.5159166573988746,0.7911969445100184,5.927320889296357e-05,-3.443930485406789e-05,0.00013636219321007138,0.0002007759786303991,0.35191395074215875,-0.6241372441805108,0.891951102874195,63.851482224833724
75.09999999999788,-2.496176678111543,-0.5482956377307084,0.7516751662898121,-1.5436771429578102,-2.2185574696858206,1.2524654035215201,-2.4582600222074382,-0.5053420642771421,0.7472195333941682,5.9057236825579926e-05,-3.394240623420701e-05,0.00013537564207479153,0.00020068719977867048,0.3536224486327126,-0.7882573308854562,2.277346312842381,62.34853979544363
75.14999999999787,-2.4849910568816704,-0.535791338399936,0.7105853420611007,-1.5378443113254414,-2.202022667807436,1.2108626497188801,-2.4477389839669104,-0.4946581829273332,0.7073368721173665,5.8852939727375456e-05,-3.3464853644665294e-05,0.00013436387341450953,0.00020060012500541864,0.3506941356850173,-0.8320550760528436,3.467059836616619,59.01738087936589
75.19999999999787,-2.473413539078576,-0.5238403856982721,0.6687076932856206,-1.5313106746526997,-2.1857157524372557,1.1685681681587594,-2.4355300065327388,-0.4831070632771909,0.6656530344144787,5.866302608683929e-05,-3.300683038578185e-05,0.00013333194525013954,0.00020051459704120006,0.3513686977103362,-0.8458896312024609,1.012685113275128,59.67008061418976
75.24999999999787,-2.461314102897344,-0.5123638851981958,0.6269087954287033,-1.5240773677869428,-2.169630037343887,1.1278610731556924,-2.4225662694648706,-0.4729709026987649,0.6284613089826512,5.848747220032176e-05,-3.2569127872287485e-05,0.0001322810966928018,0.000200430277433513,0.35276843243423867,-0.8141419000613933,2.932403854361217,60.654290378404916
75.29999999999787,-2.44877055478889,-0.5013564307408893,0.5852845791852669,-1.5162409284619534,-2.153974082702797,1.085571753403653,-2.4090871437992942,-0.4647404577605417,0.5860467681265193,5.832141901256831e-05,-3.214907901035606e-05,0.00013121694170472502,0.0002003479753620667,0.3501796009268308,-0.8457863950408405,1.8951835840562947,59.15860303264772
75.34999999999786,-2.435761921158954,-0.4908768449839881,0.5437725913752146,-1.5078318089668734,-2.1387811512156887,1.0449850796055529,-2.3941583350744584,-0.45663269873510104,0.5445048007452811,5.816586964568693e-05,-3.174908158525827e-05,0.0001301387131622059,0.00020026856148960706,0.34732109317189025,-0.8117334759620441,0.7109263661154743,60.36995671117881
75.39999999999786,-2.422322395202242,-0.48094513979849485,0.5023337309662339,-1.498789450831578,-2.123902791266142,1.00440704823031,-2.379459100464416,-0.448879216575118,0.5003091533593813,5.802379456985027e-05,-3.137140870178427e-05,0.00012904731897246183,0.00020019155461970287,0.34823637531716606,-0.8115606275049008,1.6305259908775847,60.086093036411654
75.44999999999786,-2.4084443616013926,-0.4715881907029284,0.46096412504518736,-1.48904143293514,-2.1092502851416626,0.9631017576489436,-2.3646177864005202,-0.441337506152372,0.45952219255514315,5.7896957792925506e-05,-3.101986299927539e-05,0.00012794345109516493,0.0002001156737201845,0.35200217471063344,-0.8261058116273828,1.2008684171781392,60.22598915850259
75.49999999999785,-2.3941867832330885,-0.4628257624282751,0.41966808466469063,-1.4786840193812538,-2.095016593467992,0.9203802950973259,-2.350785172383808,-0.43405673487512914,0.418221140742161,5.778127550133856e-05,-3.06904260171886e-05,0.0001268336387655115,0.0002000411902408849,0.35209153829316003,-0.8544292510323926,2.2652708898154303,57.79295161227811
75.54999999999785,-2.3795853118727743,-0.45465813676138894,0.37836512427735514,-1.4677667868323914,-2.081272816902672,0.8786519000216444,-2.3368038475283925,-0.42896110568453505,0.38054599139288925,5.767571829359809e-05,-3.0381803761376577e-05,0.00012572072478937488,0.00019996873852904079,0.3510681234372239,-0.8345679015136689,3.796209244771902,54.118595873743686
75.59999999999785,-2.364674922554648,-0.447107527368764,0.3371904607372432,-1.4561965260924503,-2.0678890567368016,0.8372366242896079,-2.3217261233397073,-0.4238411441926853,0.3372883711291399,5.758186746832446e-05,-3.0094658578755807e-05,0.00012460882196173076,0.00019989718158089896,0.3538591311897351,-0.8283055146407747,1.8292313749009468,51.93413350727873
75.64999999999785,-2.349426162411304,-0.4401612431712933,0.2961063043239042,-1.4441640624984853,-2.055093641092171,0.7949996688056791,-2.305689477125999,-0.4195363935733479,0.2966134738835522,5.749768447709158e-05,-2.982942844619611e-05,0.0001234958253318446,0.0001998277998378805,0.3513110922367528,-0.8447391096786296,1.8396823406749743,51.250951414305966
75.69999999999784,-2.333938182731471,-0.43384554217856913,0.2549942088773902,-1.4317440669051373,-2.0429296657536953,0.7549691846138362,-2.2903706789663856,-0.4137148052520228,0.2619068005718317,5.7422566878330816e-05,-2.958254352859778e-05,0.00012238564289860144,0.00019976196922869618,0.3477119193020508,-0.8006096838369046,1.8981565371925786,51.27794515460716
75.74999999999784,-2.3181944443854503,-0.42819112075062354,0.21401046066594345,-1.418710094571856,-2.0311465412641305,0.7151070431047426,-2.273962065265697,-0.40807514744823953,0.22113939921550774,5.735763933746687e-05,-2.935366400065571e-05,0.00012128431423822291,0.00019969817864908635,0.35143553664876354,-0.797242830181923,4.469529897369673,52.46136663439943
75.79999999999784,-2.3022107264367557,-0.4231711329474493,0.1730369611153679,-1.4052043927442144,-2.019893523769764,0.6742179546615112,-2.2574293424700262,-0.40467886724579055,0.18105767385661187,5.7302363090692395e-05,-2.914498595427946e-05,0.00012018828063743738,0.0001996365030702869,0.3516119707023634,-0.8177817688646715,1.5264015504419017,52.25203519233975
75.84999999999783,-2.2860650257651924,-0.418811440960277,0.13204040625840044,-1.391284738264053,-2.009220430639934,0.6340703795441556,-2.2420060069398464,-0.40173932158955356,0.14643825397679455,5.7256439190893054e-05,-2.8955093228425003e-05,0.00011910110638465252,0.00019957742907718556,0.3508350195092993,-0.8029515023471566,2.4550670736021214,50.67411072093053
75.89999999999783,-2.2697451400132493,-0.4151268692753208,0.09115358270231008,-1.3771280866316422,-1.999232750015063,0.5947604053531892,-2.2256350829375746,-0.3999050941905473,0.11002498366662383,5.721992264837451e-05,-2.877888984617478e-05,0.00011802336597962507,0.0001995225136453214,0.3465274625387467,-0.7861994838193676,1.7991416462266714,50.14395085807342
75.94999999999783,-2.2533018660525643,-0.4121004800759945,0.05035660471175317,-1.3624857240584995,-1.9897674501768001,0.5529661158441725,-2.208444677810887,-0.39827474003784274,0.06422428676287018,5.7193530796847664e-05,-2.8621194505777637e-05,0.00011695825627138699,0.00019947072815720113,0.3487319524107004,-0.835885790180383,1.4205619152565825,49.39138774417711
75.99999999999783,-2.236706900942899,-0.40976018682186766,0.00960442038635447,-1.3473292410845954,-1.9808466031701417,0.5109984641017267,-2.190970449037852,-0.398832805885522,0.019549692369561722,5.717667150522161e-05,-2.8486782976803095e-05,0.00011590711597369141,0.00019942143673568673,0.3517646307484232,-0.83935303484897,2.7460317447822815,48.425790303884014
76.04999999999782,-2.220067752044656,-0.4081047977831659,-0.031123296233108652,-1.3318665803819392,-1.972578183316373,0.4710968387714929,-2.174794434787039,-0.400072849758446,-0.019150225500359497,5.7169702353439406e-05,-2.8372768740361653e-05,0.00011487041506270802,0.0001993757021495835,0.350714379225845,-0.7980325066047191,4.650112461048056,45.844178923926826
76.09999999999782,-2.2033535666724537,-0.4071246420436962,-0.07172318373595708,-1.3158573262486433,-1.9648239567021661,0.43101658361077755,-2.157399535628081,-0.40137885065674167,-0.06347601136522796,5.717333994769974e-05,-2.8275695832679497e-05,0.00011385396008985028,0.00019933209473813274,0.3557901690935326,-0.8016051032143525,0.9894653523599524,45.32718692760369
76.14999999999782,-2.1866121857987446,-0.4068200931695996,-0.1122518348790251,-1.2998522770238192,-1.9578520731514266,0.3906214011954563,-2.140538793815767,-0.40211039143117416,-0.09988662533790205,5.718681519904702e-05,-2.819767687923233e-05,0.00011285084656412295,0.00019929376402386538,0.34917629188996624,-0.8079036483064744,1.3206033357481606,45.24661178371447
76.19999999999781,-2.1698653324852026,-0.4072050078435437,-0.15268372080536663,-1.2836072187734442,-1.9515600285799102,0.3484350782002279,-2.1238667638556805,-0.40387221384670713,-0.13852336940476384,5.721115757417686e-05,-2.8134012358039876e-05,0.00011186571412679188,0.00019926094588048585,0.34844612579284323,-0.8437264599046134,1.2271021616306506,44.43980207135681
76.24999999999781,-2.1531760047914785,-0.40824741500927386,-0.19311057293357692,-1.2670995209422589,-1.9459408119576067,0.3077585469882549,-2.1080914460077365,-0.40650972844543826,-0.17566703975878717,5.724652698697019e-05,-2.8084941965241143e-05,0.00011090108625862381,0.00019923365020696956,0.3487816587042959,-0.8135306242395065,1.9052750835201349,42.215929253398706
76.29999999999781,-2.136525188771054,-0.4099879878162504,-0.23348536386338417,-1.2504326479846464,-1.941024741577671,0.2658956082104651,-2.0915503876603134,-0.40903094823923103,-0.21080185964728893,5.729299861514555e-05,-2.8050179154578214e-05,0.00010995639242169251,0.00019921249064244414,0.34756093209917865,-0.8372587755558415,1.637616823337089,42.25738196948741
76.3499999999978,-2.1199535150884565,-0.4124082276052835,-0.2736709945836517,-1.23356088817357,-1.9367933831228075,0.22555851663549653,-2.0747161500060214,-0.41469620760396,-0.254806488950559,5.735153645831995e-05,-2.8027072346139785e-05,0.00010903235737541203,0.00019919717067966276,0.34790901170264366,-0.8067418314994169,1.2142541141114995,40.570145210803915
76.3999999999978,-2.1035046613673245,-0.41548803394407274,-0.31371243252832753,-1.2163764159979398,-1.9332041102800754,0.1862554995953869,-2.0594476142462788,-0.42074850299147504,-0.29340813173045976,5.742166654030156e-05,-2.8019887956329962e-05,0.00010813570069755527,0.00019918750258325252,0.35112883042012916,-0.7860603408022365,3.446113335672567,37.46662926493454
76.4499999999978,-2.0871798361923775,-0.41924514084889636,-0.3537511538356996,-1.1993142018432277,-1.9303326432899333,0.1472075740745593,-2.0423521954615937,-0.4248591413311045,-0.3316003728545849,5.75031663366748e-05,-2.8028526311554733e-05,0.00010725809209734977,0.00019918583735128163,0.3460650315753194,-0.7809585104165933,0.6287602019410324,38.71238262063827
76.4999999999978,-2.0710197278419322,-0.4236596610690599,-0.39382703146204034,-1.1820760090648497,-1.928129101351708,0.10707152884753857,-2.026550945951198,-0.43172938117558457,-0.3712722098158969,5.759702367099539e-05,-2.8049260264260625e-05,0.00010640590151398775,0.00019919145022636038,0.347592539104148,-0.8027209045404651,2.117740063771229,37.2302381937487
76.5499999999978,-2.0550532056587363,-0.4287192985747826,-0.43379475563621456,-1.164648739782187,-1.926601666047708,0.06777422828318258,-2.010305458370556,-0.44040445868641703,-0.410899129929176,5.770458060326279e-05,-2.8081465806668917e-05,0.0001055807390435634,0.0001992044405968266,0.34990407879234037,-0.785946011287163,3.797307096201885,36.67712364454964
76.59999999999779,-2.039307524829972,-0.434405841101284,-0.47367271105459996,-1.1472548187501967,-1.9257617585619657,0.028725646472129718,-1.995353439283786,-0.4498954805681216,-0.454028804193094,5.7825376227013705e-05,-2.8128060196549628e-05,0.00010477992940704122,0.00019922621671047736,0.3483058826074961,-0.7809716362210972,2.3772836806462507,34.258370490228906
76.64999999999779,-2.0237876383895523,-0.4407169775110612,-0.5134551263729344,-1.1297970091695304,-1.9256067173668734,-0.010964298061393762,-1.9801189429704282,-0.45752637186044615,-0.4937415519348889,5.795971940613615e-05,-2.8188408617946474e-05,0.00010400903308156966,0.0001992573237753231,0.3491928799827961,-0.7937988906705139,2.1551887247753796,33.521847819457555
76.69999999999779,-2.0085175834559,-0.4476372270400236,-0.5531447391431136,-1.1119434599574756,-1.9261593224750617,-0.050920174500251214,-1.965387824365024,-0.4677621935022048,-0.5379395849432926,5.81140540337838e-05,-2.8253463371190998e-05,0.00010327264730646079,0.00019929538117300334,0.3572657509883729,-0.7991175287771958,1.906771778843189,32.10231608930871
76.74999999999778,-1.9935379901509855,-0.45517099918585924,-0.592792728420361,-1.09462269939773,-1.9273775130145943,-0.08951105995015807,-1.9525878947879707,-0.47623651578557535,-0.5773516561325902,5.827533714265188e-05,-2.8340382786937994e-05,0.00010255819775191496,0.00019934525383486277,0.3472924727150696,-0.771817708998181,2.2275340089269924,28.886041630796058
76.79999999999778,-1.9789048475997806,-0.4632805182802371,-0.6324043443996749,-1.07725436011259,-1.9292836699270977,-0.1291118729163938,-1.9393892549373142,-0.4870271284884352,-0.616562950378257,5.84532926057602e-05,-2.8436473070104435e-05,0.00010187493265749345,0.00019940625202716466,0.3494753462596278,-0.7920162593247614,3.451484240966452,27.06987090700216
76.84999999999778,-1.964586268224426,-0.471988345654634,-0.6717939268530765,-1.0598752174322892,-1.9318886994010545,-0.16846071349590153,-1.926139745192731,-0.49680322551286193,-0.6583170354165038,5.864956256047972e-05,-2.8541501910028008e-05,0.00010122215772916821,0.00019947853373637674,0.35148862192268604,-0.7869768115901992,1.9419186380050333,25.657378794001293
76.89999999999777,-1.9506115636533423,-0.48126967624262623,-0.7111693554114503,-1.0424609546809775,-1.9351977244281362,-0.20709810772784687,-1.9129013256564011,-0.5064845295317507,-0.6989697013605269,5.886552728233508e-05,-2.865403128870285e-05,0.00010060173702263668,0.0001995616300956925,0.3545392983762885,-0.772747884638952,4.591809771953025,24.70243590109489
76.94999999999777,-1.937011835959461,-0.49106023020397915,-0.7504442309775162,-1.0252105574430945,-1.939195790532919,-0.24839307566320246,-1.898551683587853,-0.5172993369991771,-0.7369039589660349,5.9097713505461684e-05,-2.87771513118704e-05,0.00010001089333816034,0.0001996566563496639,0.3541780908903244,-0.8258993587071558,1.8129659999872203,25.69039962071161
76.99999999999777,-1.9238242937155863,-0.5014017698023235,-0.7896170541836018,-1.0082612562484758,-1.9438471604869967,-0.2872764049485941,-1.8865627206021816,-0.529870638252563,-0.7753545119461358,5.934438151011332e-05,-2.8912760194291217e-05,9.944534233962909e-05,0.00019976496828093184,0.35154116533732066,-0.777666585707881,1.5465708141410661,24.663861925628467
77.04999999999777,-1.9110292833268154,-0.5122617662703621,-0.8286954329620563,-0.9916318715931622,-1.9491199242263582,-0.3268185582387608,-1.8731555028731721,-0.5416404159550651,-0.8139113913481082,5.9604342041364925e-05,-2.9061544063897143e-05,9.890746253745408e-05,0.00019988803899031947,0.3489287201761203,-0.7908430658033765,1.6550090254776237,25.48559017111326
77.09999999999776,-1.89869701426406,-0.5235791296153532,-0.867668956601181,-0.9753615966091994,-1.954973840400365,-0.36392445859992195,-1.8618018143463955,-0.5531065765243874,-0.8466932135390581,5.9875884403187286e-05,-2.9223519396085543e-05,9.839628402064019e-05,0.00020002648328563199,0.3458464921436618,-0.742118007223263,0.6598269518968006,24.63132384923912
77.14999999999776,-1.8868119378422759,-0.535396867516308,-0.9066385378525765,-0.9592788373889165,-1.961471738408945,-0.40402484884112466,-1.850659222381792,-0.5663160430064113,-0.8887818006496442,6.016688081256453e-05,-2.9393364786937983e-05,9.791275490021362e-05,0.00020017931413641651,0.34693984756620005,-0.8020078048240974,0.6255164651030969,23.942329176822824
77.19999999999776,-1.8753874749181836,-0.5476904916295599,-0.9455451250654322,-0.9432686406693983,-1.9686979491620609,-0.44392806932928996,-1.8394744319710936,-0.5808784325790102,-0.9324633739468058,6.048448443372081e-05,-2.956892567568477e-05,9.746256979930942e-05,0.00020034658680679785,0.35133201649955953,-0.7980644097633541,1.1261513805646541,24.267300564151125
77.24999999999775,-1.8644608517822756,-0.5603898716202091,-0.9843809157641175,-0.9276672526414821,-1.9764875500927972,-0.48222917423916645,-1.8295052674737258,-0.5939220330461285,-0.9665707156830852,6.081401535588018e-05,-2.9758245128582995e-05,9.70437583158131e-05,0.0002005299199075217,0.348779797045332,-0.7660220981975764,1.3141729477048052,23.478598756479737
77.29999999999775,-1.8540184097721344,-0.5735142973129052,-1.0230598442085885,-0.9123747761138221,-1.9848755959416893,-0.5211648389005972,-1.8201001799933025,-0.6085620204629664,-1.0074863534405996,6.116221887327547e-05,-2.9957339443291622e-05,9.665256086495436e-05,0.00020072813232681447,0.34885962052931013,-0.7787132932286586,2.3049371310176676,22.995903356955424
77.34999999999775,-1.8440877792286094,-0.587040306958895,-1.0616599834836882,-0.8972633825362133,-1.9939459204168795,-0.5600135990708468,-1.8109638298015416,-0.6251186919414742,-1.053770685445981,6.153859982360861e-05,-3.0163496472951254e-05,9.629318490591101e-05,0.00020094149091532944,0.35251330292021676,-0.7769752034050318,3.1517687427741627,23.787588192709737
77.39999999999775,-1.8347077320021679,-0.6009323354484801,-1.1001576183150261,-0.8828895287953029,-2.003348446441114,-0.5985478731109946,-1.8017948089014055,-0.6389232414651603,-1.0862960257486054,6.190705356792916e-05,-3.0389606429886325e-05,9.596644895228508e-05,0.00020117332680202776,0.34354136585943146,-0.7706854808029986,1.673424754901895,23.38797259775211
77.44999999999774,-1.825860705194705,-0.6152045239604257,-1.1385684741981583,-0.8687099472698742,-2.0134130342616987,-0.6359905221192541,-1.7954208041787327,-0.6539902744213154,-1.1272755504675676,6.230613255600687e-05,-3.062190263698471e-05,9.566689014483211e-05,0.0002014205006542776,0.3477883188456087,-0.7488529801652293,1.2457018325135496,21.91283625855832
77.49999999999774,-1.8175787847937266,-0.6297854917447081,-1.1768326324690666,-0.8548920024348827,-2.024025559296242,-0.6738846051448819,-1.7877392229888338,-0.6692565903260836,-1.1682622035196384,6.272467929937455e-05,-3.0864488817937294e-05,9.539945333519482e-05,0.00020168296568988332,0.3484810553669054,-0.7578816605125936,3.2070153996888635,21.89938707464058
77.54999999999774,-1.8098539592650458,-0.6446668482861523,-1.2150161328325015,-0.8413414414339478,-2.0352810771134986,-0.7123982215726268,-1.7818163087900247,-0.6852379238324343,-1.2084927073652316,6.31738644254145e-05,-3.111538600320659e-05,9.516351293837322e-05,0.00020196073628998053,0.35233094884920046,-0.7702723285549438,1.004533070313703,21.49701078394022
77.59999999999773,-1.8027340042211368,-0.659848902055582,-1.25303544373226,-0.8284880870127671,-2.0468063496148794,-0.7495510859377319,-1.776720066472276,-0.700761734424121,-1.2435143920627578,6.361562346506818e-05,-3.138247057163848e-05,9.495862201955726e-05,0.00020225434985449517,0.3452969223577571,-0.7430572873021446,1.1918066448078224,20.558762367270546
77.64999999999773,-1.7961926684860046,-0.6753112781199861,-1.2909836170647913,-0.8159262651538366,-2.058949982906572,-0.7873945280148438,-1.7712506732467888,-0.7160515779488451,-1.2778626462911806,6.408915917219356e-05,-3.165827898195981e-05,9.478238682364331e-05,0.00020256226284153374,0.3494588000367863,-0.7568688415422796,1.9368321485304842,20.007990297788623
77.69999999999773,-1.7902339110465397,-0.6909861710286885,-1.3289173393602698,-0.8037566083968568,-2.071649536752065,-0.8260100606290868,-1.767421964763477,-0.7335449538666664,-1.3201728610375054,6.458837476379529e-05,-3.194460446055086e-05,9.463387030750629e-05,0.00020288336334816436,0.3518054353188019,-0.7723106522849009,2.6390307412786127,20.474013993283847
77.74999999999773,-1.784881700107007,-0.7069194701268201,-1.3666042316477327,-0.7921185643723736,-2.0847740179895737,-0.8646977595135055,-1.7631790790142399,-0.7496642817740484,-1.360835519871743,6.510019014883426e-05,-3.224382569579087e-05,9.451764599021847e-05,0.0002032182234604456,0.3508472361074045,-0.7737539776884148,1.6870359752466586,20.27860515582952
77.79999999999772,-1.7801366807098815,-0.723010017796129,-1.4042271192946854,-0.7809927964093382,-2.0983311834950604,-0.902475455905742,-1.7587584462523786,-0.766883291541837,-1.3948045116307572,6.562732239172885e-05,-3.255546808242223e-05,9.443193273889472e-05,0.0002035667728992807,0.35077972130662677,-0.7555539278447726,2.0046878277540032,21.13383320078955
77.84999999999772,-1.7760045274189398,-0.7392848568321371,-1.4417058063538482,-0.7704468341893259,-2.112211827101832,-0.939680188675784,-1.7554631155769227,-0.7834815124681827,-1.4321485778045286,6.616062048918597e-05,-3.287991432005472e-05,9.437391723153655e-05,0.00020392837736464057,0.3486686920129593,-0.7440946554008818,2.163023899695301,21.223904613748253
77.89999999999772,-1.7725038780095903,-0.7557123414376077,-1.479142819172567,-0.7603251356128047,-2.126626315417188,-0.9775249820207597,-1.7544478681690894,-0.7991864719775214,-1.4677358036441905,6.672336971648233e-05,-3.3217088762002865e-05,9.434541516054175e-05,0.00020430145331152877,0.3522858409624355,-0.7568958668995606,3.035654526893741,20.370085940446565
77.94999999999771,-1.7696155254908796,-0.7722521422829036,-1.5165226901377404,-0.7507626981190803,-2.141395226074293,-1.0148774203162687,-1.7521226910809187,-0.8178445628028573,-1.503189861479249,6.729723728240598e-05,-3.356686329551138e-05,9.434536230998665e-05,0.00020468428926896293,0.35190733272698765,-0.7470487659102227,2.8611381658127923,22.449488929415946
77.99999999999771,-1.7673563186968817,-0.7888867737819656,-1.553660758348493,-0.7417233208898644,-2.1565688816729756,-1.0521698705286129,-1.7502324797194289,-0.8345850771852947,-1.53714482937414,6.789045601458186e-05,-3.393043880289168e-05,9.437317212369767e-05,0.0002050779553262979,0.35326269010806194,-0.7458490042469265,1.5036529639425178,22.86514148330264
78.04999999999771,-1.7657181784008962,-0.8056023702843038,-1.590674568955346,-0.7332337120234091,-2.1720968937654703,-1.088766507307279,-1.75166221059574,-0.8530844452957376,-1.5828660281787803,6.849850268633724e-05,-3.430786997611549e-05,9.442882714160727e-05,0.0002054800598663177,0.3539647303661438,-0.7319327355733634,1.973232739478759,24.183341902709465
78.0999999999977,-1.7646999869620472,-0.8223602860473124,-1.6275885409803534,-0.725321875425274,-2.1879308439707836,-1.126050234854855,-1.7522019063976215,-0.8705633942577411,-1.61466342445162,6.911717545022416e-05,-3.469977318212257e-05,9.451811352268003e-05,0.00020589028477432947,0.35403244701539127,-0.7456745509515628,2.5098285139745427,25.71436637062354
78.1499999999977,-1.7642914857868075,-0.8391831634291474,-1.6644578889750088,-0.7181036096300389,-2.2038251951087764,-1.16295905065991,-1.752655917530103,-0.8879663256419623,-1.6436295310396594,6.972109688770525e-05,-3.5100906532519623e-05,9.463417129335056e-05,0.00020630753637232918,0.3491523194518598,-0.7381763161011421,3.5986610010738644,27.92644600170074
78.1999999999977,-1.7644913378105873,-0.8559582850668817,-1.7012548637162233,-0.7115082085724224,-2.219888303144142,-1.1994238853851087,-1.7531123491934508,-0.9054682015862303,-1.6739730263909054,7.032388057570286e-05,-3.551246588554678e-05,9.477553050236242e-05,0.0002067301389252186,0.3473074533748376,-0.7292966945040172,1.0504885457139619,30.391619679438193
78.2499999999977,-1.765316670068172,-0.8727448086758232,-1.7379325658271225,-0.7054823750600795,-2.236228902025226,-1.235583178177703,-1.7559504390252607,-0.9246210582114204,-1.711983720240276,7.093878854012227e-05,-3.5936921247706914e-05,9.494272240530207e-05,0.00020715668922239127,0.3483440214556321,-0.7231858558519263,2.466771688216256,33.78848735204406
78.2999999999977,-1.7667725562541967,-0.8894777976524798,-1.7745263466806211,-0.7000441908917807,-2.2527915670453575,-1.2715099278865623,-1.7597896641836266,-0.9408288512624754,-1.7474090865319147,7.156098526542728e-05,-3.637421698152992e-05,9.513908356983386e-05,0.00020758593472883512,0.3486708528328652,-0.7185349941772293,3.347009481646721,34.8013167657549
78.34999999999769,-1.7688539392460352,-0.9061436310114399,-1.8110377104568862,-0.6951846262792665,-2.269614850988187,-1.307672657620733,-1.762679528684955,-0.957018479993977,-1.7817126583665923,7.219445319656514e-05,-3.6825585442796916e-05,9.536465301894838e-05,0.0002080160263993034,0.35024087141976135,-0.7232545946834524,1.259191564487913,35.28434490763615
78.39999999999769,-1.7715646297722187,-0.9227392371043086,-1.8473491108881142,-0.6909980965241971,-2.286338215420871,-1.3433224167377884,-1.7673621995514677,-0.9736828554334355,-1.8204384995415384,7.28030563298435e-05,-3.728010930077691e-05,9.561547986884634e-05,0.00020844629199027366,0.34480686026243923,-0.712995182341149,3.7513786686936568,35.83352227649241
78.44999999999769,-1.7748684526467904,-0.9392293884582777,-1.8835069983752062,-0.6873468789289273,-2.3035529455345616,-1.3802679131671405,-1.772921988303747,-0.9900001918899206,-1.8625472567256063,7.344871537553143e-05,-3.775818599359554e-05,9.589927890490258e-05,0.00020887709248785228,0.35197360716217707,-0.7389099285870845,1.94133153281616,35.45126905260656
78.49999999999768,-1.778763741005142,-0.9555933566255327,-1.919535729142938,-0.6843630130594441,-2.3207341565219854,-1.4174143870750613,-1.778631727712254,-1.0060697891318797,-1.8999976696521677,7.407718653942478e-05,-3.8242740678735905e-05,9.621182763894123e-05,0.00020930734137554192,0.3487878648165672,-0.742929478158458,1.229141470677714,36.02341369169166
78.54999999999768,-1.7832527477393736,-0.9718056290005099,-1.9555095389407444,-0.6819837781772924,-2.338122658976826,-1.452211024434695,-1.7858770982450498,-1.021992665977668,-1.938526540406166,7.471476945513397e-05,-3.8743114383279844e-05,9.6555113489386e-05,0.00020973664106605977,0.3510281228492793,-0.6959327471927135,2.3490524781031907,37.30729494547333
78.59999999999768,-1.7883230482163157,-0.9878257470420267,-1.9913749143337507,-0.6802282131555204,-2.355542747241495,-1.4885034664432006,-1.7918355963291959,-1.0389301451842772,-1.9778934798802745,7.534419202036291e-05,-3.925289375410791e-05,9.692694627637082e-05,0.00021016391906235947,0.350185740685775,-0.7258488401701548,2.210700278034226,38.46554056128366
78.64999999999768,-1.7939878888785805,-1.0036783797701905,-2.0271118615666732,-0.6791038274787699,-2.3730030420710606,-1.5244733428847115,-1.7996572218352727,-1.0544647844965185,-2.0177127079920534,7.596760215306222e-05,-3.977336944333285e-05,9.732782924172897e-05,0.0002105894290701917,0.34994808022749824,-0.7193975288302584,1.8872607359441007,39.25025463458126
78.69999999999767,-1.8002159912169386,-1.0193098152174862,-2.062704253053593,-0.6786056958989872,-2.390364078922435,-1.5597500470697654,-1.8066085191898373,-1.06949202094245,-2.0502558600000964,7.657123119344916e-05,-4.029795227646005e-05,9.775537691427953e-05,0.00021101066552875713,0.34738164615726513,-0.7055340837011193,1.426743251159972,39.50126027124608
78.74999999999767,-1.8070000300515,-1.0346941691720275,-2.098143485900638,-0.6787287514454521,-2.407668673212101,-1.596064664573022,-1.8153787504725263,-1.0832658615795017,-2.0880311011824157,7.716185163234745e-05,-4.0827692201366844e-05,9.820793708758615e-05,0.00021142699335785075,0.3461196546070949,-0.7262923500651762,1.1231242608334249,38.76923771304478
78.79999999999767,-1.8143476877597942,-1.049837875285275,-2.133482789263031,-0.6794790026564045,-2.425276205261427,-1.6306958200001422,-1.8249922496585886,-1.0973941364951332,-2.12775561934223,7.77722513107292e-05,-4.138308838302149e-05,9.869885596334302e-05,0.0002118375942247274,0.3524877897095154,-0.6926231085424418,1.5741119894101312,39.04076915139716
78.84999999999766,-1.822189869228555,-1.0647032806537962,-2.1687153902281704,-0.6808079151009889,-2.442711227298464,-1.6630443769834107,-1.8345263684814967,-1.112013129761078,-2.159914597693468,7.835766562187119e-05,-4.193933812863908e-05,9.921453478824636e-05,0.00021224089616695454,0.34972713072119077,-0.6469711396654068,0.44868174775914066,40.90281270671797
78.89999999999766,-1.8305665043889303,-1.0792899364571578,-2.203779836892838,-0.682715840395535,-2.4599646545985188,-1.6988181196338221,-1.8431981577635588,-1.1250771085308027,-2.195045150094769,7.892016098975952e-05,-4.249498149005472e-05,9.97523050624689e-05,0.00021263573519586328,0.3471904776769819,-0.71547485300827,1.9179969159127759,38.98004157784602
78.94999999999766,-1.8394588533187395,-1.0935772937635677,-2.2386135610213294,-0.6852622205006245,-2.4773081782215933,-1.7343319451077863,-1.8522254555466175,-1.1384235598641592,-2.230434679360174,7.948455274833316e-05,-4.306714815918036e-05,0.00010032387589483223,0.00021302279635352183,0.3506075649375797,-0.7102765094793254,1.458670579099837,37.64048801263844
78.99999999999766,-1.8488524910332884,-1.1075507747214197,-2.273372432037192,-0.6884200939295719,-2.494542449527064,-1.7697045624513867,-1.8626508626750353,-1.1518550116845787,-2.2644500845322675,8.00336753567299e-05,-4.364454967704977e-05,0.00010092185206169716,0.00021340087165476647,0.35044216849671717,-0.7074523468720508,1.008767281382601,38.05820979198469
79.04999999999765,-1.8587164358041548,-1.12120610709044,-2.308060134432711,-0.6922034206782579,-2.511723110315411,-1.805386344643487,-1.8724120228265606,-1.1654272524375302,-2.296753241318301,8.057319814209339e-05,-4.423130632494642e-05,0.00010154971093148763,0.0002137689132788118,0.3518644653731498,-0.7136356438420455,2.197776966016664,38.015769347998784
79.09999999999765,-1.8690408660577347,-1.1345090469586965,-2.3426256665091727,-0.6965914847682648,-2.5287869513846974,-1.8396103554973993,-1.8832523367494127,-1.1771378742846024,-2.3358885320743865,8.109967440398695e-05,-4.482380167896809e-05,0.0001022045993295153,0.00021412628214740858,0.352397548437507,-0.6844802170782859,2.3393036375897127,35.81792083379111
79.14999999999765,-1.879833050248473,-1.1474465029442595,-2.377029863112251,-0.7014968169504491,-2.5454702904829696,-1.8739161148392265,-1.8938451799892593,-1.1899463378370847,-2.3649915722124244,8.158776224430393e-05,-4.5404241083184924e-05,0.00010287277847749974,0.00021447067190385357,0.34780784703750367,-0.6861151868365816,0.9257673886466129,35.926885998033995
79.19999999999764,-1.8910748519477203,-1.1600007256092542,-2.4112824366151786,-0.7070941491556874,-2.5623426448311344,-1.9083186760168027,-1.9072070802721948,-1.2004333010159234,-2.403690397412026,8.208879459724398e-05,-4.601288145882716e-05,0.00010358894668945966,0.00021480353246053184,0.3555489490925415,-0.6880512235515648,2.9698805575796507,35.07988507613206
79.24999999999764,-1.9027455173561922,-1.1721393313386983,-2.445415241038732,-0.7131520079452699,-2.578694894530305,-1.942843382253797,-1.9198711113414193,-1.210495616480376,-2.4338185735575193,8.254110874137541e-05,-4.659940443085062e-05,0.00010431014525389947,0.00021512103954589575,0.34878298734331664,-0.6904941247399221,2.2861289011137744,34.051412627206844
79.29999999999764,-1.9148444886167635,-1.183866627755313,-2.479486915165322,-0.7198494548248656,-2.5950274051758306,-1.9770608828079177,-1.931711931209576,-1.221513770350711,-2.4649265902616087,8.29888906525133e-05,-4.719993843082452e-05,0.00010506926002245759,0.00021542433402336333,0.35306492539918827,-0.6843500110824524,0.7852471247169688,33.20079211245496
79.34999999999764,-1.9273362155742635,-1.1951706754114473,-2.5134378102477513,-0.7270779842871781,-2.6110975762922397,-2.0099241918447364,-1.943151273554267,-1.2330589199446893,-2.494680993267435,8.341499615255001e-05,-4.779688278326914e-05,0.00010584832173358252,0.00021571335131437568,0.35243721966625524,-0.6572661807364103,3.443291394250738,32.82210371311952
79.39999999999763,-1.9402114244927329,-1.2060373886738485,-2.5472602315920443,-0.7348663397801257,-2.6269564264076317,-2.044680586798624,-1.957265482876484,-1.242354200173284,-2.5291091259758787,8.382392612876748e-05,-4.839557911094975e-05,0.00010665334469759613,0.00021598793046654038,0.3533797020857712,-0.6951278990777908,1.2953102674314787,32.16426661257221
79.44999999999763,-1.9534636780765076,-1.2164650201902174,-2.5808562691526573,-0.7431016865990001,-2.642351439462675,-2.079320571808643,-1.9693046445132893,-1.2509647144079523,-2.5577091841269346,8.419566784864565e-05,-4.8976214609558586e-05,0.00010746374467645404,0.0002162451515741768,0.3492035778411675,-0.6927997002004271,2.7379032963842462,29.64965795580049
79.49999999999763,-1.9670529298826716,-1.226448383795817,-2.6143056649715466,-0.7518220001030631,-2.657394734467407,-2.112962321463701,-1.9824305581734887,-1.2594467065003407,-2.5943540567143657,8.454376914233694e-05,-4.954729635567293e-05,0.000108286814664051,0.0002164857309240047,0.3477775778471117,-0.6728349931011919,2.4048920411511676,26.72191355354576
79.54999999999762,-1.9809648018417114,-1.2359618070653466,-2.647612996785999,-0.7611718988710194,-2.6723297457106585,-2.1473224864266474,-1.9975124556617392,-1.2671076932164569,-2.6310235411422505,8.487636178244492e-05,-5.0130120701178615e-05,0.00010915234795629308,0.00021671052491568089,0.3524234474231159,-0.6872032992589643,1.260630551572144,25.379788390373054
79.59999999999762,-1.9952001774840653,-1.2450015148315434,-2.680778660143288,-0.7709407531725738,-2.6868094798610938,-2.181298178761608,-2.0124908650656956,-1.274371418298548,-2.6688424609706263,8.5172570962502e-05,-5.0695382438306326e-05,0.0001100236277657624,0.0002169173704024694,0.34935515783407706,-0.6795138466992571,2.7225011507628776,23.707827600269667
79.64999999999762,-2.009736912119772,-1.2535620362279505,-2.7138840317381994,-0.7812036272269218,-2.7009524798101885,-2.215763274886926,-2.027569805981665,-1.2829586021733883,-2.7031866797472546,8.543851337431858e-05,-5.1253573043682485e-05,0.00011091567138590494,0.00021710642820189737,0.34950322399892086,-0.6893019225063989,2.4855200672055417,24.0947726592327
79.69999999999762,-2.024550678494436,-1.2616241974455948,-2.7468478350985386,-0.7918919541318022,-2.7146809318588803,-2.248881343183803,-2.0436224795280884,-1.289730143155167,-2.738120837895108,8.567501217671692e-05,-5.179826010031932e-05,0.0001118177835093994,0.00021727721595174023,0.3479875843298973,-0.6623613659375748,0.5115557191132201,23.940949390140247
79.74999999999761,-2.039626425891881,-1.269203911275219,-2.779605393992715,-0.802892460810357,-2.727910167695534,-2.2800574677532945,-2.057795578932333,-1.2969086032918014,-2.769919580689415,8.587703879089509e-05,-5.2320269657579625e-05,0.00011271562820580635,0.00021742853020066693,0.34412079616726776,-0.6235224913898645,2.137935983075034,22.620233123553856
79.79999999999761,-2.054937763484554,-1.2762836072261146,-2.8122324473090314,-0.8145181601449705,-2.7410209132192898,-2.312405959393597,-2.0750875002324736,-1.301925552777548,-2.807422352086841,8.606436663585282e-05,-5.28527563418392e-05,0.0001136632312238819,0.0002175633945164026,0.3504712883407324,-0.646969832806083,1.0235661813249877,22.525150640402593
79.8499999999976,-2.0704731171719812,-1.2828488374166611,-2.8447304758830096,-0.8265707578806832,-2.753757014047564,-2.3448506426711195,-2.0900617495616642,-1.3069040171051074,-2.842284840930946,8.621893565950264e-05,-5.337270593008376e-05,0.00011462779100322308,0.0002176801449650857,0.3507137578817688,-0.6488936655504904,2.7255923981036787,20.5053547800133
79.8999999999976,-2.0862133007321617,-1.2888832685153708,-2.8771531997927897,-0.8389949003918488,-2.7660546507601413,-2.377772608738572,-2.1065782114155542,-1.3118767576405919,-2.8754790112323936,8.634209211747072e-05,-5.387601305923639e-05,0.00011560096080143118,0.00021778025863744826,0.3496391218085952,-0.6584393213490883,1.9335876284216034,20.377815082922915
79.9499999999976,-2.1021618449494226,-1.29441377441248,-2.9094917559306372,-0.8516340265280397,-2.7777636718267384,-2.410979721708292,-2.1220256901552768,-1.3159812551542462,-2.905205801933852,8.643142818780287e-05,-5.43501124723771e-05,0.00011655638374584206,0.00021786107306291379,0.34460177803053527,-0.6641422593944292,3.5377667880044568,18.645941134411135
79.9999999999976,-2.118272115040633,-1.299437766669577,-2.941621738385054,-0.8648837761846273,-2.789265350517367,-2.4424252201520824,-2.13742320001937,-1.32189643620228,-2.933956226134804,8.650451243072716e-05,-5.482787991417873e-05,0.00011755996141037361,0.0002179255476838664,0.3509244059913543,-0.6289099688758423,2.282923860199343,18.72011360769109
80.0499999999976,-2.1345461582781273,-1.303937292342943,-2.973483784427107,-0.8786097165503161,-2.800427101603713,-2.475300077056164,-2.1536247042338155,-1.3233867090026143,-2.976225873720501,8.655670087544433e-05,-5.529841867092296e-05,0.0001185914442504711,0.00021797434145995795,0.3538442121807081,-0.6574971380816658,3.978296583028548,16.548240089562263
80.09999999999759,-2.150957609854736,-1.3079061605519366,-3.005228119890876,-0.8924851749906018,-2.810981937608923,-2.507277771311904,-2.1710053313354982,-1.3264701846903968,-3.007446327477386,8.65658496521596e-05,-5.5735945825783024e-05,0.00011960178467958797,0.00021800618400335988,0.3486882910641656,-0.6395538851148319,0.7731085728846903,16.76133232083919
80.14999999999759,-2.167498060726401,-1.3113555815142508,-3.0368252404155984,-0.9068011207509215,-2.8211680788279,-2.539070542198407,-2.1861954087437794,-1.3293818085136455,-3.0348444711564504,8.655089563080666e-05,-5.616189183879885e-05,0.00012063626696269467,0.00021802064028358215,0.35141416015884624,-0.6358554177301053,2.3701920163516146,14.915978324912215
80.19999999999759,-2.184122182152086,-1.314263611372865,-3.068417479388624,-0.9214808725387634,-2.8309270829827824,-2.570705360787214,-2.2024892689775237,-1.3304464420673523,-3.068379229706893,8.651576407078496e-05,-5.657303925567676e-05,0.00012168443541132754,0.00021801979906481937,0.3525672645660749,-0.6326963717761744,0.8882063378652437,13.444944506611648
80.24999999999758,-2.200847632774346,-1.316636976778938,-3.099885891279189,-0.9364003043254495,-2.8401800699227295,-2.6022039069151313,-2.2213319460707788,-1.32988293162893,-3.1126073886590624,8.645127992925473e-05,-5.696090022749495e-05,0.00012272968110190824,0.00021800356684812338,0.35113114128145834,-0.6299709225583786,4.072863976590639,14.857035593933963
80.29999999999758,-2.2176372460249616,-1.3184923530952677,-3.13114218931953,-0.9516778615412502,-2.8490084863261194,-2.633006939180364,-2.237805935917942,-1.3297592053874316,3.136284877213125,8.634467327056288e-05,-5.732611714277935e-05,0.00012379106235228945,0.00021797043297534763,0.3529131958563225,-0.6160606453046907,3.0299330031513687,13.961444414627595
80.34999999999758,-2.23449103495311,-1.3198200148593828,3.1210282451344327,-0.9669516504341292,-2.8572121364763743,-2.6643978658454923,-2.2541005942375727,-1.3315802986611247,3.111568671495787,8.620930385979652e-05,-5.765752298009564e-05,0.00012481344063990367,0.00021792029860200247,0.34676400460864837,-0.6278185333026025,1.8875763849137985,12.770643916992578
80.39999999999758,-2.2513547868748285,-1.3206128820639076,3.0901059223192107,-0.9825493625252769,-2.8649731227651842,-2.6953806420641637,-2.274127455916878,-1.32740799709126,3.07394192062414,8.605895000891193e-05,-5.7973910162312944e-05,0.00012584915903879375,0.00021785451198272213,0.34845132333343015,-0.6196555243734677,4.546318268872425,13.641360538801303
80.44999999999757,-2.2682604588094213,-1.3208689335290502,3.0593718599098234,-0.9984919220016294,-2.872295007791181,-2.7267381575054626,-2.2903038323177607,-1.3254517642310746,3.042140489845494,8.587334548126852e-05,-5.826680659981124e-05,0.0001269015473410648,0.00021777362237152472,0.35088483790803454,-0.6271503088260156,2.793722435355894,12.102690099636359
80.49999999999757,-2.285166901644497,-1.3205960474952494,3.0287497471275566,-1.0145316018209871,-2.879057274204013,-2.758479185569816,-2.307149059273315,-1.3237278310433678,3.0102758290913982,8.566419648854473e-05,-5.85327673934633e-05,0.00012793421524614153,0.00021767871564437794,0.34815227483752714,-0.6348205612871036,2.5302691209252863,11.681898930504476
80.54999999999757,-2.302058568631137,-1.3198089356717164,2.9982423751853338,-1.030949550003093,-2.8853858764049227,-2.7888724870313797,-2.325129640508416,-1.3207126141317123,2.9768327772736543,8.543094240489879e-05,-5.877905070160491e-05,0.00012898934957050417,0.00021756965859527584,0.35192275417634883,-0.6078660292313084,1.3115505330878736,12.246076605074311
80.59999999999756,-2.318939727534956,-1.318512921893299,2.967875067159534,-1.0473182340332325,-2.891134761390928,-2.8188038004483813,-2.3414919409285098,-1.3171775645405472,2.952446119606397,8.517481876999765e-05,-5.89951892656339e-05,0.00013000608242864616,0.00021744609001145626,0.3469904707511904,-0.5986262683400642,2.9948014744683524,9.657028975465625
80.64999999999756,-2.335742353775128,-1.3167074632742657,2.9376520318315924,-1.063730354623752,-2.8963660655233587,-2.8472507797355786,-2.357353168853047,-1.3140043413294569,2.9213629257990323,8.490794427448142e-05,-5.9189716076776846e-05,0.000131001196848574,0.0002173100729949634,0.34452532904027017,-0.5689395857439824,1.729665266364298,8.68811476590396
80.69999999999756,-2.3524853969723685,-1.314390355541446,2.9075831043303784,-1.0804869200779437,-2.9011861799685765,-2.875748053252951,-2.3745045205095656,-1.309343736635284,2.8948266172762924,8.46175445398338e-05,-5.9362679738360005e-05,0.00013201795096807299,0.00021716211172500579,0.3487328857829615,-0.5699454703474867,2.3767597008008035,7.7199379632313105
80.74999999999756,-2.3691788859163454,-1.3115517406307522,2.877674446215734,-1.097369599911896,-2.90550958343323,-2.90604204412239,-2.39309080101678,-1.3055569129796591,2.8658579127446355,8.431056456547462e-05,-5.951293689018889e-05,0.00013302749245193277,0.0002170036693352301,0.3485627199510649,-0.6058798173888074,1.651765457199716,8.768977314324983
80.79999999999755,-2.385763063301191,-1.308220595356214,2.8479160963731864,-1.114264443017874,-2.90929725865148,-2.936054292034322,-2.407795691095599,-1.3018378041953511,2.8398939833068724,8.398777160452528e-05,-5.963867140300283e-05,0.00013401131627028805,0.00021683313611288874,0.34629739252605446,-0.6002449582386759,2.621849758589373,7.009969719614342
80.84999999999755,-2.402239637357896,-1.3043885720834876,2.818324528461946,-1.131394766383,-2.9126152037880466,-2.9644921645475133,-2.4217949201497486,-1.2968575342056579,2.8108477958768354,8.365145104633646e-05,-5.9743663425323805e-05,0.00013500318084060393,0.0002166530905073736,0.3489855340952181,-0.5687574502638605,3.7345288184308125,5.224897881294895
80.89999999999755,-2.418606223488309,-1.3000606806871262,2.788899182035102,-1.1483981607953073,-2.915412637531964,-2.992570491537995,-2.4378806290802464,-1.2917685239921088,2.783682380077728,8.330217038243732e-05,-5.982612626778208e-05,0.0001359556244213278,0.00021646494276025572,0.34465087651228876,-0.5615665398096669,1.2607117813158295,4.864673037154973
80.94999999999754,-2.434845067048238,-1.295242216626756,2.7596335132666017,-1.1656683271476422,-2.9177497803589563,-3.021592474918393,-2.4543817505121406,-1.2860223876022956,2.7564793172140263,8.293557211095508e-05,-5.988508783446082e-05,0.00013692246848161354,0.00021626838062227465,0.34856402647677726,-0.5804396676079927,2.97993748254848,4.867880006199158
80.99999999999754,-2.4509152129697798,-1.2899537482173338,2.7305345972940507,-1.1830782329593903,-2.919585181950203,-3.0515231097638162,-2.4692724427855643,-1.2807516585038825,2.733458442066328,8.255395825114993e-05,-5.991971223978482e-05,0.00013788544461775564,0.00021606365919045494,0.3501407715441876,-0.5986126969084956,2.24039631882857,4.3815953038130395
81.04999999999754,-2.4668471811949266,-1.2841667959001406,2.701640897270563,-1.2006803431058113,-2.9209197466835253,-3.080314854908074,-2.485120340595011,-1.2727262384409301,2.70335456193998,8.216349156002061e-05,-5.9933401695411746e-05,0.00013885542587220836,0.00021585253181337615,0.353064794072491,-0.5758349028851925,2.4881627639881825,4.214505818625082
81.09999999999754,-2.4825950185727867,-1.2779201682104149,2.6729259310155213,-1.2182277824503718,-2.9217494498937073,-3.1083739627141234,-2.500393570473797,-1.2656207675930935,2.6723612927668743,8.175815558523931e-05,-5.9922468762745824e-05,0.0001397987424242605,0.0002156360771060176,0.3513524059474542,-0.561182156121018,2.9422643337533936,3.9170400187250776
81.14999999999753,-2.4981407731742262,-1.2712067272127856,2.644362443868534,-1.2356179300690042,-2.922078735927043,-3.136945456869285,-2.5147310327041974,-1.2557282147467776,2.6387208728376237,8.133895779420219e-05,-5.9888359011854973e-05,0.00014070173111871081,0.0002154131996914932,0.34787713026367945,-0.5714298831032637,1.308482362402073,3.4956959801718788
81.19999999999753,-2.513486799353424,-1.2640619307134968,2.6157997716996677,-1.2530634955038775,-2.9219162811397634,3.1183218023517902,-2.528727861821057,-1.2469580851878777,2.6108749652140926,8.090020673314245e-05,-5.9825029800462476e-05,0.0001415917646199132,0.00021518538400346757,0.3489377682125864,-0.5583609591702416,1.846485346672322,3.2307325972321443
81.24999999999753,-2.528619060599419,-1.2564711411494192,2.5874575049715385,-1.2702036355805428,-2.9212769023230054,3.0902920610763154,-2.544176170382453,-1.2375125444287822,2.579329879986089,8.045430436345112e-05,-5.974589329835913e-05,0.00014242871708031583,0.00021495263167591196,0.34305245625247455,-0.5605948255095328,2.1544817780763696,3.573929594297053
81.29999999999752,-2.5435361593919876,-1.2484448786809668,2.5592152098936776,-1.2874580813219674,-2.9201537685444316,3.0628917882249223,-2.5576431309236636,-1.2288944113060403,2.5516419887292976,7.99918953480739e-05,-5.9637394861191404e-05,0.0001432613484271315,0.00021471430705179593,0.3458300353765058,-0.5480054570279016,0.8784986150194039,3.31377145087979
81.34999999999752,-2.5582305709998607,-1.2399849933441902,2.5312166328440515,-1.305034576643817,-2.918525564538927,3.0355501511030845,-2.571245453459507,-1.2195758927808695,2.527255960467098,7.951621359345236e-05,-5.949533906012637e-05,0.00014411424758150422,0.00021446995459929586,0.3530459729839088,-0.5468327424367762,3.4166519303395106,3.384280339829207
81.39999999999752,-2.57267095045316,-1.231115080351569,2.503364159179584,-1.3226147369317356,-2.9163895249303993,3.0058147971788767,-2.5836307181701472,-1.2103764872204694,2.4968483034555256,7.903435471697616e-05,-5.9330036625756386e-05,0.00014495237201405203,0.00021422090982343354,0.3542020952310185,-0.5947070784841809,2.459017390853648,3.116810053211651
81.44999999999752,-2.586865980166813,-1.2218286017945201,2.4756840847073214,-1.3400561292130881,-2.913760067988015,2.978105053191424,-2.5956342016206957,-1.1998674648914038,2.4688128315183473,7.854467631189434e-05,-5.914301591395032e-05,0.0001457574376393673,0.00021396746631697732,0.3527810178089358,-0.5541948797490834,2.6104650594111014,3.385332874719905
81.49999999999751,-2.6008013702357067,-1.212163697328632,2.448133867124838,-1.3572211248652477,-2.9106876081667337,2.9508403480963805,-2.60782770216846,-1.1890941774690003,2.443010654458112,7.804991123745807e-05,-5.894118295481956e-05,0.00014651745122553172,0.00021371151151127916,0.34876692644748786,-0.5452941019009021,3.192494090245358,3.978329606458146
81.54999999999751,-2.6144739846478107,-1.202112827276237,2.4206950892648282,-1.3741712951464755,-2.9071835426142956,2.9246333230255965,-2.620665172539844,-1.178376327473832,2.4193301916469423,7.755172359770799e-05,-5.87247398578739e-05,0.00014724167259024416,0.00021345331803328588,0.34618139470472936,-0.524140501415711,0.3321619728924994,4.725179159937116
81.59999999999751,-2.627851241945997,-1.1916950892880442,2.393403809473994,-1.3911281049148025,-2.9032129231587374,2.8985189982056525,-2.634312250070326,-1.1655928196912704,2.390530253817661,7.704994774238392e-05,-5.848618861754554e-05,0.00014795638460106788,0.0002131936175050645,0.34831965400234816,-0.5222864963988987,1.1706157317127657,5.550335596098217
81.6499999999975,-2.6409491492603014,-1.1808971513113444,2.3662871810558994,-1.4082495771401364,-2.898718968854177,2.8712968751872765,-2.646664896617296,-1.1527688234683453,2.3608610631294358,7.653881318298493e-05,-5.8211824648047625e-05,0.00014867240110274054,0.00021293186819981868,0.35403942554000933,-0.5444424603675395,1.5034199274533313,6.38625421193985
81.6999999999975,-2.6537359554643616,-1.1697558486241315,2.3393522628092134,-1.4251984304337564,-2.8937860918542255,2.845446479282977,-2.660385352280196,-1.1386785770980745,2.3294211798810895,7.602195899352833e-05,-5.791729291620432e-05,0.00014935693043687204,0.00021266900629788422,0.3530519825267031,-0.5170079180860124,4.031214056080918,7.253600105867809
81.7499999999975,-2.6662311109571895,-1.1582286916518,2.312622938277983,-1.4420493044237426,-2.888407090128713,2.8197628158882164,-2.672099596042609,-1.1245540273408825,2.3011562352859496,7.549737190050349e-05,-5.759610867668661e-05,0.00015001378027222162,0.0002124044923687949,0.35378118319348767,-0.5136732678952343,0.8163429119540055,8.758196402277878
81.7999999999975,-2.6783927444148357,-1.1463931227837327,2.286040785420054,-1.4584230362530237,-2.882710011623227,2.7937453406102133,-2.6852091983342405,-1.11179279924196,2.28214123533147,7.496903381827628e-05,-5.727106464843938e-05,0.00015061163716833075,0.00021214000981821995,0.34674068245089273,-0.5203495055600839,1.8606993924114097,9.893553367113835
81.8499999999975,-2.690237879707372,-1.1342244288129337,2.2595845113122444,-1.4749172744418828,-2.876478955383004,2.767043110067842,-2.6967167380858124,-1.1002111223966007,2.257804993735066,7.44444093681229e-05,-5.691880130057797e-05,0.00015121386058698056,0.0002118743018474983,0.352649643698431,-0.5340446108474654,2.094691760526857,9.9056828516023
81.89999999999749,-2.701734604271654,-1.121757320772876,2.2332593971574206,-1.4910199853176866,-2.8699000459512014,2.740416026153235,-2.7079118985882364,-1.0879810440801376,2.230532657112403,7.392020902788068e-05,-5.656306345250357e-05,0.0001517704461555718,0.00021160848225751318,0.34790643853317604,-0.5325416782921748,3.0284027939196427,9.593214010943386
81.94999999999749,-2.7129153500532075,-1.1089610954351459,2.207135200470025,-1.5068817441512052,-2.8629177025046832,2.7134207308191822,-2.718042068590939,-1.073292947975492,2.2045524386337965,7.339402349803678e-05,-5.6192573081035284e-05,0.00015229283377267918,0.0002113430604370163,0.34662184222957726,-0.5399059066810927,1.9919096061267025,11.182100196427974
81.99999999999748,-2.723740268869148,-1.0958833537350663,2.181205822085836,-1.52266762963096,-2.8554655457603078,2.6876427749618763,-2.727543407016568,-1.058885452942827,2.1819671157570646,7.286799810351256e-05,-5.5798726207142405e-05,0.00015279762547793361,0.00021107920402778965,0.3491393392433484,-0.5155591171461409,1.9882250277291633,13.388212432784854
82.04999999999748,-2.734246872846411,-1.0825203271293071,2.1553464153483857,-1.5381811910739367,-2.847640384613909,2.661207301594735,-2.7381140684195153,-1.04556398988887,2.1554530784819956,7.234335399102799e-05,-5.5395605994904573e-05,0.0001532720623497567,0.0002108176861068521,0.3475176645577132,-0.5287094673428552,2.510340127160041,13.049086997399419
82.09999999999748,-2.7444025514823718,-1.0688930025200554,2.1296216955955716,-1.5536052640022384,-2.83935000193479,2.6355923778364723,-2.7481495222283465,-1.0304465923759705,2.128670760208336,7.182047055207564e-05,-5.4969408914842e-05,0.000153727110726282,0.00021055691973143425,0.3502280611062584,-0.5122984751652846,0.8992316964517911,13.882748851927994
82.14999999999748,-2.754191243692694,-1.0550105108864305,2.104107487873346,-1.5688390732529087,-2.83065010324246,2.609809002691704,-2.7578967413752125,-1.0142053432309859,2.0992333522616455,7.129828067962694e-05,-5.452512031499187e-05,0.00015415421950184697,0.00021029775466549993,0.350869908317437,-0.5156675028953923,1.265803144799687,14.772753074358707
82.19999999999747,-2.763617960224548,-1.040860317249143,2.078862449923581,-1.583734488442587,-2.8216387159729837,2.585233893234334,-2.7669955835045563,-0.9986317163112082,2.0745770488730564,7.07740204853676e-05,-5.40706455229267e-05,0.00015454020450291164,0.00021004086653157,0.3481917563576771,-0.49150218914742855,1.3061533378036783,16.096117429447382
82.24999999999747,-2.7726772398627757,-1.026459507992443,2.0537739381138995,-1.5985370460375663,-2.81217424059387,2.560203417106491,-2.7776544615466485,-0.9866135716739799,2.0602962889715872,7.025476213273901e-05,-5.359377206246605e-05,0.00015490669407295396,0.00020978515170014795,0.3514018343668005,-0.5006095225568911,3.7054100139683266,16.023190844165878
82.29999999999747,-2.781367776332495,-1.0118260947326745,2.028808961708836,-1.6129272384358975,-2.802442123589207,2.5336946088680827,-2.787049141667048,-0.9731365992560118,2.042203516317814,6.974173550156411e-05,-5.312448745289119e-05,0.00015524426989661726,0.00020953080147394476,0.3474532556307678,-0.5301761647681965,2.8641178966533154,16.966340882805092
82.34999999999746,-2.789675561827233,-0.9969933990035574,2.004018599059552,-1.6272905570552847,-2.7921740854180728,2.508205938174042,-2.794682098253734,-0.9587858073234352,2.018580297893495,6.924070933860364e-05,-5.2632771893031426e-05,0.00015557544000538757,0.00020927820248141398,0.353131367887303,-0.5097734138808473,1.107049948166837,17.23090379881063
82.39999999999746,-2.7976240025121912,-0.9819527951213491,1.9793883216049968,-1.6412369560146607,-2.78166463163769,2.483427640499137,-2.8043357902299717,-0.9427828247783719,1.9947431539901217,6.874037675818531e-05,-5.214183451768504e-05,0.00015587015760486553,0.0002090294742445855,0.3492656671189237,-0.49556595349813065,2.2041591974865584,17.300030967204414
82.44999999999746,-2.805192614702631,-0.9667213465514616,1.9548837448633543,-1.655035524853714,-2.7707217761458196,2.4587890287464775,-2.8119987510660587,-0.9259849389814299,1.9693393968571122,6.82467955983358e-05,-5.1631389452589394e-05,0.0001561436467827817,0.000208783922952264,0.35222849324155825,-0.49277223505321666,1.0677725460546796,18.024162148803743
82.49999999999746,-2.8123667397698,-0.9513063188899114,1.9305921154079178,-1.6686065897568039,-2.7594216680162087,2.435712547788067,-2.8184260488305743,-0.9118650068108379,1.9440914626822865,6.775826591250238e-05,-5.1106974230139075e-05,0.0001563888511658156,0.0002085416123677427,0.35320254042180554,-0.4615296191682385,2.810698068309774,16.815319778927233
82.54999999999745,-2.81916749899968,-0.9357049091452879,1.9064985514307737,-1.681892981599211,-2.747815950706555,2.411508525107922,-2.8238965556245015,-0.8945048270486808,1.9159141462308504,6.727411407095427e-05,-5.057324869328978e-05,0.00015660077937207484,0.00020830143090181616,0.35283768311961994,-0.48408045360292445,0.8921230951998804,17.315259416135024
82.59999999999745,-2.8255739331242613,-0.919956253971332,1.8825237843018008,-1.694649722742529,-2.7361080091956085,2.3865678805992587,-2.8293779335419345,-0.876778322924412,1.8864734781060895,6.678438015527239e-05,-5.004472237929191e-05,0.00015676599136001676,0.00020806667939997863,0.34630961902156615,-0.49881289017330693,2.2046897486666834,17.56722118613939
82.64999999999745,-2.831613891666766,-0.9040211603945296,1.8586930123631078,-1.7072884480321242,-2.7239293906428994,2.362896302877206,-2.8335750695345636,-0.8601788408440102,1.8585912602934647,6.630426906738989e-05,-4.949022758448002e-05,0.00015690347849827568,0.0002078352090897681,0.35103875112263877,-0.4734315544410805,1.6965970812947746,17.950262007682433
82.69999999999744,-2.8372639133367774,-0.8879673956905154,1.8350580535249401,-1.7196712496113535,-2.711421538306715,2.339444753071536,-2.8391750783531786,-0.8439096693060784,1.841045933348509,6.583049038148856e-05,-4.892279645453824e-05,0.00015700790182588754,0.00020760605792124253,0.352019512539264,-0.4690309961134152,3.1875997029672494,19.806943117321822
82.74999999999744,-2.842527149189109,-0.8717794145133075,1.8116540490525541,-1.7316306968076758,-2.6987640425440147,2.3162465650165664,-2.844953426047464,-0.8267068839451459,1.8175636193630993,6.535893680526447e-05,-4.836290408888573e-05,0.00015708761981302294,0.0002073808769986321,0.34828389329196924,-0.46396376109942244,1.3484989622751689,20.14751862201007
82.79999999999744,-2.8474111881761717,-0.8554443883799385,1.788410661040824,-1.7435796115674085,-2.685521991978658,2.2935658185616976,-2.8469299428993704,-0.8091073577984919,1.7884965168322537,6.490720185716592e-05,-4.77736701113376e-05,0.00015714816385068892,0.0002071570543487066,0.3567307696286701,-0.45361492909740425,1.4440612200664678,21.380185019445126
82.84999999999744,-2.851900394598468,-0.8390124443224776,1.7652990562559576,-1.7549637749596714,-2.6723000061243125,2.2697208876359927,-2.8499929774960195,-0.792689136707524,1.7623512086534276,6.444801619921572e-05,-4.719527422376216e-05,0.00015716241633936419,0.0002069375518594926,0.3489610353228237,-0.4768986185141212,2.7823507586128144,21.464365786686592
82.89999999999743,-2.8560034762498714,-0.8224438262296184,1.742308604208955,-1.7661643717800253,-2.6586628940816435,2.247098973171406,-2.852742070154318,-0.7761263193678558,1.7401229348646243,6.400248006826753e-05,-4.660014368477173e-05,0.00015714792494041048,0.00020672019149937834,0.352951824081918,-0.45243828929176805,1.1927652304038607,22.588878000565977
82.94999999999743,-2.859720983033322,-0.8058228093533796,1.7194973110382252,-1.777048701127999,-2.644789547156098,2.2249911483759837,-2.8558880387223193,-0.7603469952918284,1.7208666166573519,6.356418129445773e-05,-4.6002465003522034e-05,0.00015710634439228903,0.00020650560786919427,0.3526760808422758,-0.4421564959084688,1.8651397132516068,23.14089956605853
82.99999999999743,-2.8630594191650816,-0.7891001985143345,1.6968411950955238,-1.7876855070598652,-2.630563162139194,2.2006328326724436,-2.8579548872240728,-0.7430310396318842,1.6967610349265527,6.3139036731707e-05,-4.539684700882103e-05,0.00015704181492581982,0.00020629282917314012,0.3552730063937916,-0.4871663140708198,0.7572787848486795,24.207724382444233
83.04999999999742,-2.8660122171361366,-0.772311854075028,1.674320018703427,-1.7978712625318107,-2.6162685350204393,2.179169291876165,-2.8599817589445555,-0.7236594684676068,1.675493320934553,6.271315014795006e-05,-4.4798330218035574e-05,0.00015694784204965727,0.00020608456214626323,0.351054301659292,-0.4292708159256013,2.7433624480793872,27.81435349744785
83.09999999999742,-2.868586214699263,-0.7554485415142768,1.651960014043111,-1.8076895392991705,-2.601835231178933,2.1571206097965483,-2.8603449570867063,-0.7058997786126109,1.6518690005514696,6.229028418925733e-05,-4.420078964956318e-05,0.0001568270860303021,0.00020588204802802148,0.34913101468663393,-0.44097364159236807,2.0777206378850104,30.420473000297246
83.14999999999742,-2.8707805451247674,-0.7385276752063075,1.629774981146364,-1.8172327788664342,-2.587117324700226,2.1349855344956543,-2.8614277709000304,-0.6897167839484709,1.6279089064053585,6.187820090994761e-05,-4.3596168171948976e-05,0.00015667893431817664,0.00020568395454961122,0.35082916406278697,-0.4427015060179056,2.874571547445031,30.072269676103772
83.19999999999742,-2.872587717744664,-0.7215860124691487,1.607814195628201,-1.8264380314262911,-2.5721955441478177,2.112114476445308,-2.8655062665174693,-0.6735583777544915,1.612132159175066,6.14736454118775e-05,-4.298985166913305e-05,0.00015650263482731267,0.00020548943036518712,0.35066200788333657,-0.4574211610069435,4.059442364497648,28.633868724918624
83.24999999999741,-2.8740060232951032,-0.7045683361166359,1.5860292631049386,-1.835356703038685,-2.5569724176632773,2.0893982523844166,-2.8662686899459695,-0.6579796572320361,1.589103450125057,6.108229944232155e-05,-4.2381050104791965e-05,0.0001563097397373477,0.00020529747830763009,0.3528737279230422,-0.4543244812178635,1.7197058367157694,27.227564163630696
83.29999999999741,-2.87505397958101,-0.6875210854778435,1.5644038179421418,-1.843990275224288,-2.5414494666110827,2.0673471959617657,-2.8666581305279135,-0.6408364524160517,1.5658996556127676,6.07045346668239e-05,-4.176725149568972e-05,0.00015609019925008874,0.00020510766434472328,0.35525391633934794,-0.4410211284530537,0.45930195790666734,27.262021804349587
83.34999999999741,-2.87572720244379,-0.6704881825334126,1.5429561452077787,-1.8520251263733343,-2.5262282994177254,2.0456394097962223,-2.867955492137023,-0.6238792954804707,1.5465203838091792,6.031014444527719e-05,-4.117495525994435e-05,0.0001558451600148368,0.00020492468541879802,0.34424084426238266,-0.4341557233108935,2.1342535105517046,26.986364656354557
83.3999999999974,-2.876013126221859,-0.653426447403717,1.5216634908326374,-1.8598687770169033,-2.510581780107586,2.0253325400861524,-2.867974602803932,-0.6067052678140334,1.527199514424101,5.9936592808596445e-05,-4.057207838124802e-05,0.00015557989693698227,0.00020474589809573,0.35005539511755623,-0.4061373942014196,0.8765225261243482,27.827084520100268
83.4499999999974,-2.875934838006386,-0.6363544647492705,1.500532270328471,-1.8673677950424712,-2.49485873666528,2.0063273585793198,-2.8684716677602173,-0.5886618774470094,1.5034286015259717,5.9566945599355516e-05,-3.997362285473317e-05,0.00015529589269765745,0.000204572074150532,0.34840120570949085,-0.3801036301366822,6.649048721836259,27.037386696355817
83.4999999999974,-2.8755005142245222,-0.6192772968471629,1.4795668874034977,-1.874661023546064,-2.4787212327017807,1.984202042205606,-2.866229156147024,-0.5702405203165991,1.4792688742542826,5.9218598553423325e-05,-3.93638880930503e-05,0.0001549812499336666,0.0002044008265911556,0.3541880912443952,-0.4425063274743125,1.7224152151850596,29.02029419603705
83.5499999999974,-2.8746915976462395,-0.6022208538721973,1.4588137684173565,-1.8816634626289512,-2.4623004789265344,1.9635672284256387,-2.8654093023822007,-0.5530579932566144,1.4643807540548677,5.888482941386132e-05,-3.875015456111275e-05,0.0001546391704240227,0.00020423157599376985,0.3570359172079516,-0.41269627559935834,1.082831533291,30.864136782635487
83.5999999999974,-2.8735249519443293,-0.5851717255323767,1.4382000328086308,-1.8882076436046236,-2.4460627987451367,1.9442471821783425,-2.8631760940270023,-0.5370033730151825,1.4408500793664576,5.8542265257804616e-05,-3.815218421001104e-05,0.0001542869742156701,0.0002040667146043277,0.3501417404008476,-0.386400924945939,1.3836852364308712,29.825553320233436
83.64999999999739,-2.8720015239758467,-0.5681543749359429,1.4177391921455547,-1.8944159842381376,-2.4297316114253924,1.9239058802259805,-2.8605488718112695,-0.5193680040666548,1.4166250070476796,5.820638553643445e-05,-3.755680222946675e-05,0.0001539085933257618,0.00020390608385043547,0.34943479974978015,-0.406826039047254,0.7842896424218715,30.28742144530227
83.69999999999739,-2.8701230818748575,-0.551147660201414,1.3975128065990543,-1.9002271663458972,-2.4134705522981994,1.9041339664608987,-2.8577713406888066,-0.5025175223638182,1.3944494622669552,5.7868848225787605e-05,-3.696858917089754e-05,0.0001535066239190761,0.00020375126865610068,0.3453702916743815,-0.39543827530165054,2.1347636113130894,30.40498709499253
83.74999999999739,-2.8679036254176937,-0.534196557890701,1.3774745504220143,-1.9057827178279056,-2.3968958816882906,1.884287743746329,-2.856435710033681,-0.48516608794703525,1.3817634338914804,5.754956122787686e-05,-3.637648409206234e-05,0.00015307979176482208,0.00020360011657439439,0.34962487805364356,-0.3969244542914213,2.0126195834491645,31.783744294638712
83.79999999999738,-2.865343509796486,-0.5173066600693123,1.357534951735946,-1.910985867741969,-2.380321403323196,1.8656707796779672,-2.8521414792363378,-0.46971737095484595,1.3602306325851856,5.723184446399057e-05,-3.5792010007841844e-05,0.00015264517677337588,0.0002034532131865794,0.3474448552650451,-0.3723392813672579,1.3850354292725227,31.66436139126189
83.84999999999738,-2.8624374630155396,-0.5004430618001312,1.3376978202589833,-1.9158727747983042,-2.363632340417035,1.8456369847411693,-2.847532242205791,-0.4532095134602494,1.3352339867734324,5.692342287938519e-05,-3.521022639126271e-05,0.0001521869320615261,0.0002033098714717329,0.34780270026761523,-0.4006758987359748,4.826906648089751,31.635711042772986
83.89999999999738,-2.8591998088676904,-0.483662533146122,1.3180365869379238,-1.9204130309811365,-2.3468642650814746,1.8248104681214423,-2.8458826804760884,-0.4383775659664847,1.321237567757155,5.662280239329312e-05,-3.463174191293884e-05,0.00015170295701726503,0.00020317031463803242,0.3474439148508414,-0.4165303323945616,3.0329514832511713,29.319147743726493
83.94999999999737,-2.8556182973413717,-0.46693762079932516,1.2985404804662084,-1.924552079923421,-2.3302403519945663,1.80482211713311,-2.843609331992021,-0.4207911509813029,1.3028607074441174,5.6317568600597104e-05,-3.406411449965611e-05,0.00015121453226498352,0.00020303569894359835,0.34263448988327583,-0.3997670197666647,2.383904240860796,28.74743236980396
83.99999999999737,-2.851697605949704,-0.4502825896185299,1.2792294434190505,-1.9284488357605178,-2.3131210233556123,1.7843901472941734,-2.8393802631626865,-0.40274265215792004,1.2821767479510315,5.604032126644338e-05,-3.349138477085345e-05,0.00015070389266138228,0.0002029032551873493,0.35115059059125153,-0.4086393967787599,0.9339807882206547,29.76615890638012
84.04999999999737,-2.847441859020955,-0.43369680776898567,1.2601071712927903,-1.9319768219203726,-2.2960294527564895,1.7643181321035684,-2.833965725100051,-0.385340148853271,1.2554547843801762,5.576541186938533e-05,-3.292472835174666e-05,0.00015017625987042002,0.00020277388427567068,0.3490436635269708,-0.40144030381211915,2.81058304090545,29.676099570142018
84.09999999999737,-2.842868623296274,-0.41720584478019057,1.2411944900340326,-1.9351851309048687,-2.2788333810400654,1.7461775469912322,-2.8281823264908272,-0.3673299044625422,1.236745812193563,5.5500921502694945e-05,-3.236124814554732e-05,0.00014962230805367146,0.00020264696624029653,0.3498608412865408,-0.36281170224674014,1.4380427183292712,32.3937000781541
84.14999999999736,-2.837984783575542,-0.40080753643125455,1.2224296458375592,-1.938086312476923,-2.261512293946468,1.7273225741012244,-2.823411525141659,-0.34923693829845354,1.2251196755391636,5.5246625405702316e-05,-3.180131051354652e-05,0.00014905182359600856,0.00020252233620154017,0.3512526443921135,-0.3770994578001882,2.0334436672422567,35.65610489863316
84.19999999999736,-2.8327824767676395,-0.3844959553601769,1.2038015371007684,-1.9406593645535357,-2.2442206571547882,1.7097087701317593,-2.8189834724862233,-0.3328037382395478,1.2159930061996116,5.499369114893745e-05,-3.124771912768755e-05,0.0001484783677730967,0.00020240079040471047,0.34964507806138495,-0.35227607938932337,2.356062319827733,37.956349360074036
84.24999999999736,-2.827268748625599,-0.36828331871555947,1.185338460704476,-1.9429587071155556,-2.226707720218751,1.6929783488948216,-2.8131761913901414,-0.3167289315611623,1.2018432373514418,5.4754651159807665e-05,-3.0697790831403775e-05,0.00014789967926027907,0.0002022805854616164,0.3532688572700083,-0.3346084247387742,1.5762927617898694,39.76879044614736
84.29999999999735,-2.821446641840315,-0.3521720068902038,1.1670459632664756,-1.9449437892072738,-2.209244358674639,1.6749851458313758,-2.8067891771636257,-0.3004974475257605,1.1798857459118075,5.451768222786666e-05,-3.0154925878188303e-05,0.00014731267950517451,0.0002021627647831759,0.3515211980670521,-0.3598640612689422,1.2880545042480402,38.78422598521628
84.34999999999735,-2.815327913933781,-0.3361712711320713,1.1488964523333398,-1.9466054577447782,-2.1918649229847045,1.6572503776754424,-2.7994588587174185,-0.28383635038824084,1.1621318320580123,5.428282401535732e-05,-2.9618886588249278e-05,0.00014670809012341807,0.0002020480730824181,0.3491784164973285,-0.35469536311869626,0.7740363986106863,40.97260583684194
84.39999999999735,-2.808907825335374,-0.32027950157222,1.1309118905422817,-1.9479614340106224,-2.1744112198695187,1.6394105725310908,-2.7917879766880485,-0.27000687289951564,1.1428588707680847,5.405703880864898e-05,-2.908807509186742e-05,0.00014608835227162545,0.000201936097203635,0.35013057693828753,-0.3567961028870506,2.334981030552288,39.75154604391356
84.44999999999735,-2.8022027780425365,-0.3045110160485001,1.113089852218194,-1.9490096872052272,-2.157009879968662,1.6225162594072113,-2.784008019697453,-0.2545265216313693,1.1266904361932193,5.3835122979685214e-05,-2.8564682657903835e-05,0.00014545491458810357,0.00020182664951873494,0.3486618382011559,-0.3378862624775999,0.8053273987552346,41.364691956040005
84.49999999999734,-2.7952104898701107,-0.28888137770253886,1.0954846310620903,-1.9497476164487073,-2.139604413053658,1.6038184573171037,-2.7754131933860458,-0.23875595387512163,1.1026100431134305,5.361917990299033e-05,-2.8047446340258283e-05,0.00014480957066692233,0.00020172019260168494,0.348427128832029,-0.373956041802177,3.894265948659914,41.041342501826314
84.54999999999734,-2.787923470035845,-0.2733518805470513,1.0780878797811801,-1.9501856682705883,-2.122278191244974,1.5883286133711163,-2.7663270119837837,-0.22458988045305295,1.0825444348594022,5.340691930912729e-05,-2.753715292245324e-05,0.0001441468116310428,0.00020161708948505754,0.3466386347832665,-0.3097968789197632,2.446672254159508,41.144392121009226
84.59999999999734,-2.780368829769624,-0.2579678611143196,1.0608729366084149,-1.9503518693695032,-2.1047820328720737,1.5722620506969474,-2.7579970630365533,-0.21166708626278086,1.0628901897026948,5.320958014510221e-05,-2.7033424704744846e-05,0.00014346502987415313,0.0002015153751583791,0.3499427188601238,-0.321331253483388,2.0715884140020187,38.89787750980107
84.64999999999733,-2.7725349334274267,-0.24270013107612645,1.043795359471231,-1.9502192504737688,-2.08708006634615,1.5543473619653572,-2.7486155705380555,-0.19763876116653534,1.0400600090564067,5.3028626533184255e-05,-2.65374556174222e-05,0.0001427648625227493,0.000201413346000981,0.3540540003794747,-0.35829377463181833,2.2826169168279287,38.30908624137277
84.69999999999733,-2.7644438001439067,-0.22758903366227573,1.026877671977475,-1.9497851081374473,-2.069547604246287,1.5377310097596224,-2.7403149015026593,-0.18347892380498457,1.0234608367159321,5.284759199342182e-05,-2.6050105653704684e-05,0.00014205117724268494,0.00020131280056152326,0.35076076395997313,-0.3323270441147077,2.005930262484257,37.627805602679814
84.74999999999733,-2.7560783058319527,-0.21259289225412542,1.0100854773984516,-1.9490711182866225,-2.0520345804499045,1.5223686161567693,-2.7321776382886713,-0.16969426727045944,1.0125135271529562,5.267183257628017e-05,-2.5570128612863944e-05,0.00014132903687805667,0.00020121385539513827,0.3505548893179543,-0.30724787205707627,2.1163844616613576,37.47726706787035
84.79999999999733,-2.747461369753045,-0.19773933421059642,0.9935348990388907,-1.948065331673831,-2.0345117559884005,1.5045525429531201,-2.7215127696998542,-0.15583602036035699,0.9916548318773719,5.250183854369204e-05,-2.5096970187683465e-05,0.00014060252879336064,0.00020111638118109823,0.3510379651727262,-0.3563214640729977,3.9450346773380707,38.36337382532936
84.84999999999732,-2.7386123658737667,-0.18306256094114182,0.9771640851215191,-1.9467402500138324,-2.0169175101990073,1.4866972274829093,-2.712183518863464,-0.14201068801255864,0.9731918206913264,5.2342380056677964e-05,-2.4632344151490808e-05,0.00013986047902496762,0.0002010197880000205,0.3528861557564072,-0.3571063094042343,1.2651084981283334,37.700234295922144
84.89999999999732,-2.7294969327393503,-0.1685061513552966,0.9609928578358692,-1.945154927915918,-1.9997427549251696,1.4708063386391963,-2.7028801036354375,-0.1301580283611017,0.9542418007475755,5.217239390013551e-05,-2.417427664055909e-05,0.00013911509818230564,0.00020092711374837785,0.3449589685999558,-0.31781777687428825,2.648739495323963,35.00427664758038
84.94999999999732,-2.7201464757394165,-0.1541105777489527,0.944967624993652,-1.94324794061872,-1.982224667736671,1.4539238552383562,-2.6934417041936136,-0.11549756871287278,0.9399328793040675,5.202403660377363e-05,-2.3726301247813644e-05,0.00013835334737233903,0.00020083482370223413,0.35243572731623357,-0.3376496680168264,2.70067735777953,35.520635623038046
84.99999999999731,-2.7105542112097267,-0.13986333244031648,0.9290994903715316,-1.941050222592065,-1.9647919450185176,1.4368548707242272,-2.682521755017326,-0.10209867769282943,0.9164411204173897,5.1878155609854457e-05,-2.328502118737261e-05,0.00013758784525665083,0.00020074404787250459,0.3514184296304596,-0.3413796902825964,2.6765068402672805,35.584408223822884
85.04999999999731,-2.7007250703668424,-0.12576543955440234,0.91339092846075,-1.9385480131957027,-1.9473038883111158,1.4205048428458031,-2.6734403550847814,-0.0879565532441605,0.9058496694405278,5.17425748487386e-05,-2.285368671510062e-05,0.00013680687039456562,0.00020065379844048137,0.35332711859802424,-0.3270005575685077,1.3580982298759117,35.04261305000744
85.09999999999731,-2.6906871463466175,-0.111845119641327,0.8978101291092518,-1.935774619294858,-1.9299653004317712,1.4038650318815176,-2.660996199832907,-0.07595461037595454,0.8824537584997838,5.160657547049438e-05,-2.2427932591424096e-05,0.00013602601544300246,0.00020056502267363208,0.35118397315051103,-0.3327962192857213,2.1561914266543267,36.16961087600381
85.1499999999973,-2.680426531740341,-0.09807995607136269,0.8823693279659496,-1.9327352141349639,-1.9127344474677241,1.3885333426829618,-2.652418747988533,-0.0631348462236367,0.874774946519258,5.147466346757392e-05,-2.201134062290909e-05,0.00013523352116355286,0.00020047814257759746,0.3499407232435909,-0.3066337839711415,3.5792495517995846,33.62044799930388
85.1999999999973,-2.669939578748456,-0.08446232123345102,0.8670613643505379,-1.9294831659570082,-1.8958394620563186,1.3727388473217497,-2.639006320214333,-0.05044918569530072,0.8535030261832905,5.1335352620538626e-05,-2.1597824875452106e-05,0.00013444634825781802,0.00020039501083215364,0.3441060902203066,-0.3158899072242654,2.049833299807469,36.60893411723663
85.2499999999973,-2.659223760690583,-0.07098511047667992,0.8519806804661917,-1.9259295447263791,-1.8788205256226707,1.3571610233369231,-2.6292669062625977,-0.03872528999106858,0.839665437676187,5.1208832259774384e-05,-2.119469206632671e-05,0.00013364591064019292,0.0002003140307328504,0.34772318526454976,-0.3115564796965456,2.683245541637292,33.824246749498194
85.2999999999973,-2.6483411671151877,-0.057704611050456225,0.8370730472734719,-1.922085949047713,-1.8617241478822464,1.3421467443073496,-2.620176341212907,-0.02525587491187729,0.8326064047068753,5.109131748963659e-05,-2.080033253533663e-05,0.00013284258560030781,0.00020023382368969237,0.3504654778884087,-0.3002855805914839,3.8878869720023856,32.13165972942297
85.3499999999973,-2.637218586549115,-0.044562373949231696,0.8223291973235652,-1.9180419641058493,-1.8449030932479293,1.3275767233771276,-2.6076334580549125,-0.014269434453447359,0.8123244430010494,5.096872654577498e-05,-2.040826142207298e-05,0.0001320451180667852,0.0002001562645167911,0.34600981954928145,-0.2914004186044565,1.717107889273489,31.924590152942923
85.39999999999729,-2.625932952401751,-0.0316200194304305,0.8077550603732728,-1.9137315338096814,-1.8280499848119398,1.3132222005037093,-2.596563104092721,-0.0012195727532324215,0.8024122394841244,5.085530011326712e-05,-2.0026558952559633e-05,0.00013123758611298053,0.00020007997412882655,0.34791508700900176,-0.2870904574683718,2.5699204804094724,32.137458337453815
85.44999999999729,-2.614425755619706,-0.0188243955445729,0.7933332572632216,-1.9091428706428577,-1.8111495746013873,1.298129440198581,-2.585660768892645,0.011691895643692095,0.7900763559358936,5.074874645625871e-05,-1.9651734350918655e-05,0.0001304305436018903,0.00020000449222033623,0.35024877820960076,-0.30185520610257477,1.9528772200893745,31.53229373388706
85.49999999999729,-2.6027357853209407,-0.006203439531494545,0.7790810842949194,-1.9043031327098552,-1.7943257851488887,1.2832453216990878,-2.5737319644994137,0.02388505707906205,0.7705580030246311,5.064549580756882e-05,-1.9283163278149134e-05,0.00012962287618874176,0.00019992980445185965,0.3501248992029722,-0.29768236998987485,1.5698619076123093,30.856596224676398
85.54999999999728,-2.5908510915818104,0.00625329511741963,0.7649875895053865,-1.8992872080472216,-1.7777971518898374,1.2690750465328993,-2.5620911745421133,0.035957613122953834,0.7546124655913107,5.05402591431127e-05,-1.892033936003543e-05,0.00012880943731711882,0.0001998575125362438,0.3454621311106687,-0.2834055033237914,1.0158727687572984,30.037219313310004
85.59999999999728,-2.578786974128688,0.018536988474829773,0.7510589286877403,-1.8939276724851972,-1.7609888440921977,1.2551764543131059,-2.549224731506107,0.04592989255640749,0.7406241580186106,5.0450694588669655e-05,-1.8570262406463336e-05,0.0001279891390772564,0.0001997844032381739,0.3528449193508551,-0.27797184439588135,1.6192551364374326,29.61010883719823
85.64999999999728,-2.566567985940783,0.03064207521243803,0.7372851182240319,-1.8883366604509346,-1.7442336140379435,1.2422775287502485,-2.538461263838334,0.0571712745393118,0.7322045966853916,5.036522087127327e-05,-1.822797585672644e-05,0.00012716818108881982,0.00019971059481150983,0.35327127008804354,-0.25797851125716853,3.127877420083859,27.418293742464463
85.69999999999727,-2.5541424693607526,0.042595016614634065,0.7236832621295334,-1.882588107042289,-1.7277627886330356,1.2277223045265426,-2.52723999325192,0.06816190055363264,0.719784770005722,5.027601813372403e-05,-1.7888218158410088e-05,0.00012635162049348553,0.00019963827625016597,0.3489064795877517,-0.2911044844741282,2.089012364896835,25.267047296087256
85.74999999999727,-2.5415770293166244,0.0543584390491233,0.7102264973396558,-1.8766017112633704,-1.7113762288752778,1.2133497162597564,-2.5164708881981324,0.07976038321300737,0.7143371697915044,5.0190197041670665e-05,-1.7555030337852463e-05,0.00012553530314622817,0.0001995672473212363,0.3489191966304038,-0.2874517653357346,2.017514553071199,23.928484212478164
85.79999999999727,-2.5288602237690947,0.06594480930590785,0.6969262765974874,-1.8704428276209144,-1.69522038051313,1.199822942181446,-2.5028708092951297,0.09003133893789214,0.7005218883974873,5.0101968978395365e-05,-1.7223261225999525e-05,0.00012472493242689678,0.00019949860884718737,0.34580216441866835,-0.2705354815662302,0.9346707545067354,24.144762828978628
85.84999999999727,-2.515966201168875,0.07737250818719682,0.683787557065487,-1.8639799486896076,-1.6789492929419279,1.185588886625295,-2.490048883632781,0.1003412139502826,0.6773788671690504,5.002349936101285e-05,-1.6902143482490736e-05,0.00012391211327430018,0.0001994302755165618,0.35015554836453855,-0.2846811111230335,3.5572030628663325,22.15730354288936
85.89999999999726,-2.502920212091431,0.0886182695470353,0.6708249454577887,-1.8572935149233136,-1.6628010812521734,1.1708566391784432,-2.477089041280459,0.10898019010662267,0.655657017003239,4.9949925433883265e-05,-1.6591595937541404e-05,0.00012309033192941274,0.00019936241635603027,0.34955895772611684,-0.2946449489370478,3.5472551798120717,20.52636227340849
85.94999999999726,-2.4897031020784697,0.09970645481494239,0.6580358450733365,-1.850285124593648,-1.6464918629521401,1.159013279798998,-2.4641413065943167,0.1189989110219249,0.6452027746177191,4.988795224943016e-05,-1.6296005904283797e-05,0.00012226285471038083,0.00019929279391762517,0.3550277847275787,-0.23686718758892122,3.5866541174486652,19.637280144404418
85.99999999999726,-2.4763509539804054,0.11060531144517922,0.6453896289277977,-1.8433092571692709,-1.6307740901727155,1.1471732572056181,-2.4490491735789477,0.1270898201069055,0.6298662455323374,4.981539691859496e-05,-1.5997039548842475e-05,0.00012143599001654679,0.00019922611431046422,0.3439270632224948,-0.23680045186761722,2.8591937598600468,20.508636212646902
86.04999999999725,-2.4628618813502956,0.12132456357297908,0.6328745268532489,-1.836044515379252,-1.614926124282882,1.134781085171939,-2.4350354709325197,0.13716199994556852,0.6147564010270541,4.97522665142202e-05,-1.571003132064915e-05,0.00012060740818105815,0.0001991600012170933,0.3486765754388673,-0.24784344067360023,1.599674071052418,21.006257491002557
86.09999999999725,-2.4492258222346246,0.13187772656154334,0.6205038567971541,-1.8285133519051526,-1.5990305793244575,1.1218889648359243,-2.422375291040522,0.14845607368921376,0.6068720108803802,4.969578396181495e-05,-1.5432872640959646e-05,0.00011977884506629361,0.00019909361678870614,0.35179031141622635,-0.2578424067203067,1.8066916064046863,19.935983248436003
86.14999999999725,-2.4354572171105473,0.1422570715685692,0.6082871964217497,-1.8207987848857483,-1.5832563036417269,1.1099889772704508,-2.4083786079756773,0.1585810669388478,0.5934403791344116,4.964031709525762e-05,-1.5158842094682034e-05,0.00011895495992428238,0.00019902751257490996,0.3511956470835973,-0.237999751309476,0.5379746189759305,20.137098999743383
86.19999999999725,-2.4215557393603975,0.15246555818730573,0.5962226073108795,-1.8128131524845479,-1.5674181561153786,1.0975958860975847,-2.393485817461953,0.1672350029084563,0.5742388806686294,4.959141730507567e-05,-1.4894492094280756e-05,0.00011813189300515025,0.00019896022515234968,0.35475133192087943,-0.2478618234573298,2.279593251491416,21.241969430226444
86.24999999999724,-2.407505610132867,0.16251612589336945,0.5843111625845662,-1.804659427173541,-1.5517269778588128,1.0855288873671673,-2.3782997256484024,0.17559435569966086,0.5587064496336591,4.954521217090748e-05,-1.4638642291347916e-05,0.00011730466450841658,0.00019889224261739573,0.3536665694846255,-0.2413399746083658,0.6415569103557365,22.469734078329413
86.29999999999724,-2.393366878934342,0.17236936384837143,0.5725733875277439,-1.7965400011892423,-1.5365160921821828,1.075437426951245,-2.3646928665669056,0.18436441262033085,0.5530735608803585,4.949353110408013e-05,-1.4382482575627286e-05,0.00011647499429850807,0.0001988272842937526,0.3448470063015525,-0.2018292083184552,2.130701626502822,20.698877079502537
86.34999999999724,-2.3790893200270173,0.18206715678389948,0.5609768487172482,-1.7881588102930916,-1.5212271433249205,1.0632560312234238,-2.349452199982434,0.19363152396049216,0.5388028508403595,4.9447260884035e-05,-1.4133180068650917e-05,0.00011565159073501822,0.00019876345968181303,0.34871195970443597,-0.24362791455644098,1.9786310066139041,22.04362040930026
86.39999999999723,-2.364690911540529,0.19160228807689667,0.549567636285493,-1.7796383541548404,-1.5061226058544572,1.0511298540996084,-2.3361618960899175,0.20304616720489796,0.5316457721367502,4.9402133233665446e-05,-1.3888850491595278e-05,0.00011482813656583021,0.00019870136436915114,0.3468422755453308,-0.24252354247633148,1.619808428397599,20.21546179146065
86.44999999999723,-2.350177933734636,0.20096191782955378,0.5383436195733248,-1.7709546659602156,-1.4911405756538727,1.0398835982441534,-2.3217233814499383,0.21164050482696575,0.5211428257219457,4.9358212357609115e-05,-1.3647340664514706e-05,0.00011400982452081501,0.00019864104819539047,0.3463355772511609,-0.22492511710910457,1.5844877246360807,19.815134434095633
86.49999999999723,-2.3355511282182713,0.21015593776290253,0.5272667952705934,-1.7620385224200505,-1.476143262628324,1.0289541783304257,-2.307245027177877,0.22129600296402718,0.5116334950766364,4.931877235514853e-05,-1.341324493897181e-05,0.00011319554633624246,0.00019858107472234607,0.34895274402546267,-0.2185883982745634,2.1949188980381984,19.687973421392687
86.54999999999723,-2.3208266446802974,0.21918416519684875,0.5163592139488326,-1.7529571859151185,-1.461229106924541,1.0187521364386436,-2.2957841142692113,0.2309196590463013,0.5157262568974206,4.9281303109000076e-05,-1.318335394680227e-05,0.00011238538730232426,0.00019852149109066903,0.3492307876756014,-0.20404083783565402,6.7360267059389205,16.13160219117625
86.59999999999722,-2.306012837993802,0.22804682214507857,0.5055968219575826,-1.743579002584962,-1.446202746911436,1.0069145646995175,-2.28105083573983,0.23998067432061881,0.5098526440729705,4.924732391806622e-05,-1.2956391840614356e-05,0.00011158987541014301,0.00019846061869101543,0.3542572407241401,-0.23675143478253308,0.7491084132661281,16.569349521131063
86.64999999999722,-2.291083179004743,0.23675340179436577,0.49498578144254185,-1.7341619432103483,-1.4314732754347803,0.9969962225671507,-2.2660023821418642,0.24903156557530182,0.5012681117444475,4.9210822022229824e-05,-1.2728047773285921e-05,0.00011079765144726266,0.0001984003419533635,0.349651736914693,-0.19836684264734764,0.43636359409370684,17.05940676230819
86.69999999999722,-2.276053836605326,0.24530237694991305,0.48453204386788096,-1.7247320173775613,-1.4170510307118709,0.9864482234627356,-2.2530754007444083,0.255940732739647,0.4905945593012708,4.917253970639838e-05,-1.2499849045508438e-05,0.00011000558117700186,0.000198342567943406,0.3446316277233295,-0.21095998208831682,2.348094448372729,14.137670556796738
86.74999999999721,-2.260921874689046,0.2536894129349592,0.4742273740224756,-1.7149517844604194,-1.4024285016168991,0.9761235072943286,-2.2370837353054593,0.26312513135178506,0.48197342247845354,4.9141980363473686e-05,-1.228367044340412e-05,0.00010922033549933123,0.00019828386140632528,0.3518374978266438,-0.20649432336814885,2.054570446406162,14.910175656749717
86.79999999999721,-2.245733694418515,0.261901481231963,0.464072170686619,-1.7050284534607887,-1.3879091791054285,0.9663957326897084,-2.220859494416458,0.27109475228974517,0.47128262349558536,4.911304187073989e-05,-1.2071725473860817e-05,0.00010843861459671932,0.000198224493216148,0.3517303872442774,-0.1945554920924157,0.8152246346179356,15.873591111017047
86.84999999999721,-2.230435767814224,0.26996827223950404,0.454064192377991,-1.6948623437475505,-1.373333849376458,0.9571215112560125,-2.2051128710628345,0.27970234870204097,0.4601240540495164,4.9088557837348764e-05,-1.1867857641999296e-05,0.00010766170777308073,0.0001981633140992276,0.35541090972321404,-0.18548442867392081,1.4588875728672748,16.342787773860028
86.8999999999972,-2.2150508774379376,0.277878214912811,0.44421332596470037,-1.6846811998530713,-1.3590379262653423,0.9467753510065187,-2.1876899063118733,0.288141287332477,0.44850164605452925,4.906335946097859e-05,-1.1665578078053136e-05,0.00010688282142973327,0.00019810250024306257,0.35101672684431356,-0.20692320498988442,2.3132112378118985,18.659299330596777
86.9499999999972,-2.1995860356275214,0.2856291537347178,0.4345116632936196,-1.674488040717661,-1.3450179641417777,0.9375211818977718,-2.1729331424292213,0.29495303233595427,0.4395254256347063,4.903755199390556e-05,-1.1464677067297414e-05,0.0001061022540261979,0.00019804374337442356,0.3466767805250279,-0.18508338217495543,2.224732344824352,17.569301719059236
86.9999999999972,-2.184050977977882,0.29322480320922817,0.42495000396764404,-1.664010871524524,-1.3308776412623662,0.9287130723030694,-2.15674292850903,0.3023081076278372,0.430017511220365,4.901684862841148e-05,-1.127275363348457e-05,0.00010532926432178278,0.00019798476386335233,0.35197829924817664,-0.1761621918940554,2.6160527834925666,18.259716913110264
87.0499999999972,-2.168434638340835,0.30066865025101713,0.41554053391398094,-1.6533775705459632,-1.316815164846495,0.9180322441541344,-2.1397509407988053,0.3105944667939947,0.42445065612799926,4.899824404511684e-05,-1.108591654826838e-05,0.0001045593481550566,0.00019792519502159992,0.3526036230852516,-0.21361656297870885,2.432195999026905,20.752266454247266
87.0999999999972,-2.152755266228726,0.3079549498052753,0.4062735114161798,-1.6426192797342174,-1.3028962933728447,0.9075313813000543,-2.124401876950664,0.31901279134677657,0.41679059231071003,4.8980251246762546e-05,-1.0900608079644064e-05,0.00010379348655213552,0.00019786579105903756,0.35184010463963844,-0.2100172570816144,1.1405001163904906,20.92041536268975
87.14999999999719,-2.1369855930787613,0.3150936166560081,0.3971368284295148,-1.6318002339128326,-1.2891804158877285,0.8983161869564373,-2.1085743945336226,0.32558219571075175,0.40291173971088234,4.8962282294822504e-05,-1.071638580311376e-05,0.0001030298244530026,0.00019780775976111262,0.34938758267143466,-0.18430388687234886,2.203524937128817,20.042280731306136
87.19999999999719,-2.1211544186508067,0.322081400223937,0.3881408353315946,-1.6207813573574739,-1.2754785588352788,0.8886970207512856,-2.0928502007860015,0.3310262769916677,0.3898692028047033,4.894800385600745e-05,-1.0540802534944101e-05,0.0001022690936786811,0.00019774964138146052,0.3516583063436608,-0.19238332410304787,1.0048827581596491,18.971376318224532
87.24999999999719,-2.1052500701019756,0.32892513074247554,0.3793051165685995,-1.6096405657494515,-1.2618726639324434,0.880671174265931,-2.0768473748336134,0.3394723365946896,0.38172439757694576,4.8935762736403074e-05,-1.0371317416451468e-05,0.0001015112511774683,0.00019769155336833212,0.3517040083406458,-0.16051692970711187,2.0095392287499854,19.62300066695009
87.29999999999718,-2.0892721469164153,0.33562874571235646,0.37060019448117887,-1.5984221425546143,-1.2484231170370013,0.8705266585760896,-2.0615688344492313,0.3456064188339725,0.3710117087819409,4.892425031862689e-05,-1.0204238388733381e-05,0.00010075574201497506,0.0001976342624110124,0.35028329180538864,-0.20289031379684702,2.565960050512537,18.400028741581618
87.34999999999718,-2.0732427368728543,0.34218541371131156,0.3620382039366282,-1.5870603860918708,-1.2350527086052312,0.8623462977845113,-2.045026851692945,0.35072384895636716,0.3626515454865542,4.8914910011044004e-05,-1.0042412049055334e-05,0.00010000390790164415,0.00019757733936081063,0.3509182516376138,-0.16360721583157783,2.910613070996604,18.583612861388996
87.39999999999718,-2.0571518330024317,0.348600476222627,0.3536196589457625,-1.5755473686289483,-1.221717279853765,0.8548699901514736,-2.028587622065272,0.35661790319391334,0.35537099448286114,4.890762644825299e-05,-9.885380152029218e-06,9.925736477574583e-05,0.00019751989870503794,0.35235475125778926,-0.14952615266075917,1.479000002217016,18.923952018603096
87.44999999999717,-2.0409828999374575,0.354880908553063,0.34535790971491787,-1.5640619495392807,-1.2086188591731974,0.8469630603612384,-2.012549367247832,0.3624443730411257,0.3481170908681883,4.8900053837536394e-05,-9.728698661692989e-06,9.85109876444735e-05,0.0001974638644201904,0.3484164503192392,-0.15813859580471534,1.2486987930611946,18.69415619138412
87.49999999999717,-2.024791014777961,0.3610115835840402,0.3372534644240819,-1.5524003159007969,-1.195525336466519,0.8393886161429962,-1.9963807189089806,0.3676052415202159,0.3376379134686105,4.889476129686096e-05,-9.57698137457296e-06,9.77713773174835e-05,0.00019740816150180056,0.3506767775830924,-0.15148888436485422,1.59848550260644,18.22090652231387
87.54999999999717,-2.0085464388740206,0.36700666055126624,0.3293190429780131,-1.5407142723388516,-1.1825834317817598,0.8333061114912677,-1.9807808242594938,0.37087688112796546,0.32866850854188634,4.8890584412519925e-05,-9.428612686633326e-06,9.703262228249152e-05,0.0001973534308844491,0.34874486286161965,-0.12165009303457483,3.9873058879286085,16.775103102646423
87.59999999999717,-1.9922361830706705,0.37287130252322975,0.32149767586829214,-1.5288712334279106,-1.1696374888335852,0.826414977882918,-1.9636216013994314,0.3758987151263078,0.3238047556901815,4.8888836956664005e-05,-9.286598671303936e-06,9.630011192181724e-05,0.00019729843034011247,0.35091664408753964,-0.13782267216700342,1.0243110537644935,17.812324610847593
87.64999999999716,-1.9758533715674904,0.3786115276125905,0.31381490667257983,-1.5169987761654717,-1.1568446288908862,0.8189780647446803,-1.94693330080506,0.3833112124674423,0.3210000783090363,4.8887372497742336e-05,-9.145273242346971e-06,9.557066500441596e-05,0.00019724406976865292,0.34906383995866097,-0.1487382627647638,3.395075630285552,18.975065955667493
87.69999999999716,-1.9594552549179578,0.3842120341584614,0.30627802509614144,-1.505113969325197,-1.1442169961002977,0.8124077993672487,-1.9312700618130212,0.38714482404767353,0.3110402218306625,4.888584885102777e-05,-9.002647117915724e-06,9.484400484164452e-05,0.00019719142547269434,0.34681800718846967,-0.13140530754863894,1.8044782621536068,17.448056586515296
87.74999999999716,-1.9429974350802308,0.3896895770396023,0.2988832269546048,-1.4929215497882622,-1.131443608622816,0.8049212196029227,-1.914801801018552,0.39313283180434166,0.3064351829824945,4.888782443063729e-05,-8.869287303089022e-06,9.41288072622604e-05,0.0001971372291260491,0.35316623747074594,-0.14973159528652807,2.0852255922797847,17.834878545323125
87.79999999999715,-1.9265018275022414,0.39504228446854556,0.29165575060899845,-1.4808282985479557,-1.1189332965390113,0.7997743353797024,-1.896786894199262,0.39779300113245386,0.29669094791728057,4.8889130328275054e-05,-8.7336064345436e-06,9.34123959358964e-05,0.00019708423186278913,0.3479973001835897,-0.1029376844644122,1.9611588802776228,19.282040563744413
87.84999999999715,-1.9099572986161735,0.40027178629326726,0.2845529385349037,-1.4686191233555939,-1.106457897605476,0.7925912045149914,-1.8794059928915658,0.40271225758125695,0.285516634275095,4.8892554186322015e-05,-8.603604968976551e-06,9.269960726940654e-05,0.00019703131379124252,0.3491136477270651,-0.14366261729423002,1.7030770969575013,19.941323958912623
87.89999999999715,-1.8933697815877923,0.4053798295260057,0.2775477024231954,-1.4562252889072789,-1.094002360921394,0.7831712124581669,-1.8638343013130525,0.4077634948063615,0.28070915757887605,4.8898362640834644e-05,-8.480463156905893e-06,9.199210409748163e-05,0.0001969776096120912,0.35142555941331405,-0.18839984113650227,1.4602556354042953,18.77398843823635
87.94999999999715,-1.8767529756577364,0.4103665767685928,0.2707264632786974,-1.443668467387867,-1.0815962474194996,0.7755507179250856,-1.84746635656298,0.41198067919750997,0.2776799430344288,4.8905375322383815e-05,-8.359611861864339e-06,9.129223168434545e-05,0.00019692291185572765,0.353036500526915,-0.15240989066163504,2.5956427132427287,18.703472103028854
87.99999999999714,-1.860083668436643,0.4152398186607775,0.26404671429781135,-1.4313084301928964,-1.0695777945299254,0.7672240248702371,-1.830630449115334,0.4183032063857353,0.27250357596023633,4.891093018732413e-05,-8.234884019709695e-06,9.058790996593678e-05,0.00019687082192753973,0.344798750910054,-0.16653386109697502,2.6126170084716502,19.280804143454528
88.04999999999714,-1.8433971965417755,0.4199928701884007,0.2575018409524892,-1.4186070941983397,-1.0574153561673056,0.7602310727675654,-1.8146244199582866,0.4210072113953775,0.26186255136520664,4.89191937611674e-05,-8.115777763831e-06,8.989667076694307e-05,0.00019681801042231397,0.3517101665854091,-0.13985904205344304,2.9902037010483125,17.680040245061967
88.09999999999714,-1.8266669191504068,0.4246346627220484,0.2510643306431054,-1.4057624834519165,-1.045296362457257,0.7524476223721441,-1.7990695475716256,0.4252342084563494,0.2504137670377222,4.8929204910733664e-05,-8.002881235470052e-06,8.921159613842982e-05,0.0001967637521135802,0.3531886794187015,-0.15566900790843674,2.7374586093110356,15.9188914048689
88.14999999999714,-1.809903933673563,0.4291641984667772,0.24477081914151272,-1.3930654148794883,-1.0334794681324404,0.7465695055951072,-1.7824606663828726,0.430678807849758,0.2418735970362138,4.893932695653408e-05,-7.890997280447189e-06,8.85221095297978e-05,0.0001967112419277393,0.34690368005273153,-0.11756233554074716,2.883973410736375,15.796191017142233
88.19999999999713,-1.7931134095286538,0.43358514225671396,0.23858974073966552,-1.3801540405990804,-1.0216048230882933,0.7406211993216996,-1.7658362184521144,0.43578535516156475,0.2367344887682732,4.895145739399454e-05,-7.784492500053862e-06,8.784174885291102e-05,0.00019665833023934282,0.35083425604068313,-0.1189661254681582,3.3500138328353395,15.704668234809779
88.24999999999713,-1.776280401520074,0.43790194145317846,0.23254338233160468,-1.3671949194325204,-1.0098090352863802,0.7362561302402013,-1.7491805887973673,0.44110983690644323,0.23482473660549896,4.8964099306236046e-05,-7.678844146737012e-06,8.716631602296706e-05,0.00019660514679066006,0.3504739184957372,-0.08730138162996912,2.28940586078718,15.790741899201805
88.29999999999713,-1.7594239368399918,0.44211077859194836,0.22663596361981084,-1.353952615570735,-0.9978767426427494,0.7305599245159344,-1.733278847544401,0.4460466738745562,0.23735380093705638,4.8978438122854474e-05,-7.5766720225716254e-06,8.650444713454266e-05,0.00019654928777903041,0.3565047424278307,-0.11392411448533979,3.2808315129575853,15.625571800820245
88.34999999999712,-1.7425453300560818,0.44621590409685064,0.22083510174823925,-1.3409562007819391,-0.9863054756335567,0.7243481840177934,-1.7166773881165331,0.44899422709495673,0.22985451734571205,4.899133718761302e-05,-7.468272390696981e-06,8.583741592325569e-05,0.00019649520227901763,0.34802413204373295,-0.12423480996282665,1.1714227719875583,14.898961502368069
88.39999999999712,-1.7256236578634905,0.4502233768139421,0.2151379496067082,-1.327822352715203,-0.9747368150597314,0.7198943605244712,-1.7003311258764453,0.45129792024556625,0.22324625141494536,4.90057391583555e-05,-7.364078064464941e-06,8.51774125299429e-05,0.0001964413622092486,0.35004707048823014,-0.08907646986644664,1.347306784186435,13.94880872694271
88.44999999999712,-1.7086914916299978,0.4541260234385273,0.20960463799742557,-1.3144858743911108,-0.9631050513262426,0.7145629226355066,-1.682062259090681,0.4557875737272739,0.2168571738213143,4.902180303407202e-05,-7.265039571103659e-06,8.452727218144157e-05,0.00019638585113571574,0.353926728811739,-0.1066287577792937,1.0419731305425612,15.35584780485264
88.49999999999712,-1.6917118611151103,0.4579371459115209,0.20419614553493484,-1.3010930023607117,-0.951545908865133,0.7095166719603241,-1.6666566742105606,0.4581536845557573,0.20391766254533206,4.903878232614426e-05,-7.16820541815884e-06,8.38807876278292e-05,0.00019632907788560635,0.35382677107652505,-0.10092501350365632,4.987882900898251,13.012608973065445
88.54999999999711,-1.6747500412161649,0.4616445092042212,0.19890943797380883,-1.287818907268551,-0.9402024326604804,0.7047511828417949,-1.6502938224579506,0.46068787088929436,0.1965730248403723,4.9056801001190546e-05,-7.075240147048174e-06,8.323085807494709e-05,0.00019627370707783176,0.3492143352710422,-0.09530978237058937,1.7426912965880301,12.273170700925263
88.59999999999711,-1.65773811284053,0.46526142194023007,0.19377613133182764,-1.2744267175472146,-0.9288719534878935,0.699643124271955,-1.632823696595478,0.4631829966468215,0.19268241572991718,4.907617046534963e-05,-6.986332371215611e-06,8.258754027089218e-05,0.00019621856123102323,0.3508453636170831,-0.10216117139680687,2.4826576943523424,12.690337192684256
88.6499999999971,-1.6407014465718734,0.46878829881639456,0.18875780905944736,-1.2611261095479689,-0.9177344600141976,0.6945853299611819,-1.6156234169767525,0.4646939589619722,0.18274565860167025,4.9095874522105404e-05,-6.897086025827502e-06,8.194276879556793e-05,0.0001961651204230677,0.3469585425287581,-0.10115588621546066,1.8137132700011316,12.857541836417447
88.6999999999971,-1.6236714352477601,0.4722224592270338,0.18384450821296944,-1.2476324477877871,-0.9065418824966064,0.6903216628179791,-1.5985962388859682,0.46712573828091797,0.1712009106943868,4.911732735149721e-05,-6.81391505797146e-06,8.130719986532245e-05,0.0001961114226897454,0.35062981321959064,-0.08527334286406288,2.2738750993009256,13.2975805802177
88.7499999999971,-1.6065838934201497,0.4755726620152278,0.17907520340386282,-1.2342132253690123,-0.8955093263309063,0.6858769653761327,-1.58095845071249,0.4689327340158105,0.16679622523780813,4.9139938542746774e-05,-6.7344453807158e-06,8.066959098992617e-05,0.00019605888042098827,0.3474439941684186,-0.08889394883693015,1.2916778075665372,13.893222098086817
88.7999999999971,-1.5895019618957185,0.4788325190877537,0.17443547041548274,-1.2206984551328952,-0.8845040564991016,0.6809398282482548,-1.5651478571113362,0.4712062826235677,0.16230417596773394,4.9163406077631776e-05,-6.657047084003982e-06,8.003826659850565e-05,0.00019600662032090066,0.34857744943553043,-0.09874274255756248,1.5658270618295438,12.69625311097199
88.8499999999971,-1.5723854185861246,0.4820114426751899,0.16992908133801068,-1.2071052188532894,-0.8735484592497311,0.6757885815731188,-1.5490578469337524,0.4755184918007424,0.16097480450577129,4.9187532320460635e-05,-6.5814228568745066e-06,7.941330412686553e-05,0.00019595467386960278,0.3491715095163742,-0.10302493350272847,3.002680960259466,11.391131364692514
88.89999999999709,-1.555266575227506,0.4851058153736207,0.16554476046830702,-1.1935194450736601,-0.862707078325066,0.6712459122366434,-1.5332477517180614,0.47819123483592757,0.1578331047413526,4.921195811056166e-05,-6.504758699805163e-06,7.879145818008804e-05,0.00019590391270292565,0.34762583854946016,-0.09085338672950874,2.7507640073520143,10.176368663117168
88.94999999999709,-1.5381166982128573,0.48812532626386596,0.1612652447874925,-1.1796623963848591,-0.8517507922590143,0.666800110492729,-1.5147057060147557,0.4810927515836526,0.15227616986884795,4.923739998293309e-05,-6.431015248182369e-06,7.818373078210877e-05,0.00019585110135211212,0.35330356166617294,-0.08891603487829507,1.116935248315696,11.523095063497712
88.99999999999709,-1.5209424156729479,0.49107065755176,0.15708673245582347,-1.1658860248673784,-0.8409583399713221,0.6622771695511576,-1.498143137381236,0.48452917313072186,0.14851840159466434,4.926326890431481e-05,-6.3578975782603585e-06,7.75744425676806e-05,0.0001957976004771714,0.35000912026757885,-0.09045881883143433,2.029633934062032,10.895173288592268
89.04999999999708,-1.5037971750020094,0.4939346662878619,0.153001432473798,-1.1520320592882891,-0.8301983165069224,0.6584337298890182,-1.4830357365816693,0.48666433575890994,0.1412826101573179,4.9289781139081094e-05,-6.286145217445969e-06,7.697152758817713e-05,0.0001957439335251166,0.35083377603283755,-0.0768687932427903,2.4438771812807603,9.444892963583504
89.09999999999708,-1.4866133513693744,0.496728613553993,0.14903401898748575,-1.1381153846203855,-0.8194763029243461,0.6544806169778825,-1.466596589257754,0.4880119413222393,0.12820826331880797,4.931721196671369e-05,-6.217603701029608e-06,7.637425845601844e-05,0.00019568990861282225,0.35136067566001006,-0.07906225822271574,4.067883417667157,10.295034302799811
89.14999999999708,-1.4694082229358516,0.4994481202003892,0.14522455978517856,-1.12430762355054,-0.808922050091205,0.6507900161447289,-1.4494974607892228,0.4905610452409672,0.12944673044176636,4.9345635325232354e-05,-6.153744541833376e-06,7.577436725256069e-05,0.0001956367748998596,0.3475899086362112,-0.07381201666307761,3.018807745647255,9.441069064497544
89.19999999999708,-1.4521786237162524,0.502099952132601,0.14153774100343594,-1.1103878560600495,-0.7983637219728706,0.6470647108822805,-1.4336874537481386,0.4927849309072132,0.12452702488950784,4.937440810176792e-05,-6.0890614170764955e-06,7.518261517557212e-05,0.00019558362728504177,0.34942156353003856,-0.07450610524897143,1.3811635738027401,8.62652328464256
89.24999999999707,-1.4349572959263954,0.5046822185760875,0.1379616144816476,-1.0963237743624352,-0.7877729209007802,0.6438216699898769,-1.4163462453134594,0.49629428248380303,0.12566111728320406,4.940378919659758e-05,-6.026781993594168e-06,7.460036253903706e-05,0.00019552919848439356,0.3521157383652252,-0.06486081784807073,3.788185655127252,8.001396126328434
89.29999999999707,-1.4177133325180753,0.5071999457583888,0.13451463997338675,-1.082398488414042,-0.7773496027379013,0.6412814070666397,-1.3997283307848543,0.4996549599813805,0.12769529699307514,4.9433182478565264e-05,-5.961765718102205e-06,7.401576377897709e-05,0.00019547582082222846,0.34788464350629444,-0.050805258464745755,1.136386679392404,7.038685893990083
89.34999999999707,-1.4004768600232218,0.5096538599582646,0.13117652451033304,-1.068383652815944,-0.7669104574455297,0.6391303962618431,-1.3842441073182938,0.5027558644892155,0.13022708210208833,4.94624711407566e-05,-5.8954476633039435e-06,7.343930036260516e-05,0.00019542235110943138,0.349509078009118,-0.043020216095935176,1.7203243044582512,5.673953859022774
89.39999999999706,-1.3832304810947256,0.5120458964610962,0.12795362364348653,-1.0542288930036017,-0.7564354630314832,0.6350533689636553,-1.3663519815833673,0.5034626926038509,0.1233601109840401,4.94920174543925e-05,-5.8287984690490824e-06,7.287266241938383e-05,0.00019536796598397546,0.3521835673849602,-0.08154054596376173,1.0768921136715277,6.379729157798074
89.44999999999706,-1.3659564354606046,0.514380807552697,0.12484255677054612,-1.0401265962570505,-0.7460787466480822,0.6318299254424344,-1.3498322433246808,0.5051965949362437,0.12244342757353044,4.9522232939452034e-05,-5.7647086577813544e-06,7.230559620215831e-05,0.00019531285161662916,0.34993520134574485,-0.06446887042442383,1.113478909932408,5.995817613261185
89.49999999999706,-1.3486957495977447,0.5166557802187188,0.12183677215829668,-1.0259550041202767,-0.7357386127923822,0.628853357858719,-1.3325743280196642,0.5061232854103322,0.11979448567675677,4.955274106166271e-05,-5.7011639317976326e-06,7.174465406724093e-05,0.00019525718072478294,0.3508575888121474,-0.05953135167430719,3.018091194101923,6.309205302294649
89.54999999999706,-1.3313831414116384,0.5188804057818925,0.11894371080564073,-1.0116510317370218,-0.7253634265042497,0.6262034476642651,-1.315137176048786,0.5084851750810733,0.11489949364665097,4.9583699284569645e-05,-5.639453262081242e-06,7.119220793614506e-05,0.00019519955108521832,0.353410978421593,-0.052998203889078575,1.1841116005516648,6.364287802693026
89.59999999999705,-1.314101375523059,0.5210448553299707,0.11616724058950276,-0.9974260862236792,-0.7150931035686129,0.624466405128774,-1.2975237241675879,0.509375296695097,0.10465117689516878,4.961524395173598e-05,-5.579161853539383e-06,7.063898439917666e-05,0.0001951418368974748,0.35090094640011027,-0.03474085070982589,2.730095711348204,7.264679730864271
89.64999999999705,-1.2967572780701269,0.5231570132507097,0.11357508902187645,-0.9831496284970076,-0.704842244758742,0.620976326544656,-1.2794268058141283,0.51209090013043,0.10527494865869125,4.964779493935987e-05,-5.5242138658048975e-06,7.008964464535688e-05,0.00019508313104466278,0.3515096955186776,-0.06980157168236263,0.9819482860066425,7.3890484305699795
89.69999999999705,-1.2794192758106762,0.5252248308838131,0.11107509669210633,-0.96880608507215,-0.694609877856747,0.6183198899829723,-1.2626293588419175,0.5141337896504116,0.10721467309739596,4.968047045661503e-05,-5.4687346375859215e-06,6.954589636705125e-05,0.00019502368686274938,0.3523854440539588,-0.05312873123367762,1.98604213697497,6.915877950873994
89.74999999999704,-1.2620198090109371,0.5272554218647254,0.10864023535859423,-0.9545837841331682,-0.684518081889618,0.6159272921275494,-1.2458886637002697,0.513020440092269,0.0949086694830048,4.971313787619846e-05,-5.411678183334221e-06,6.900041177487529e-05,0.00019496591246313515,0.3487797786104298,-0.04785195710845787,2.6396153009161165,8.009892636091324
89.79999999999704,-1.2446258136043262,0.5292382548399137,0.10631010462899891,-0.940319115995177,-0.6744478739878924,0.6134950315113699,-1.2278693766556992,0.5151708155977435,0.09286321847722867,4.974682010998638e-05,-5.3609953814784915e-06,6.845871285777056e-05,0.0001949081085768714,0.3492219893300165,-0.0486452123235955,1.3203856672340286,8.332780714434652
89.84999999999704,-1.227231157843606,0.5311773314235558,0.10408303688346125,-0.925888131380249,-0.6642955638220425,0.6126575916916255,-1.2106679490488041,0.5180823010050448,0.09695438523490951,4.978069430412014e-05,-5.311404861077977e-06,6.792723970317459e-05,0.0001948487532977078,0.35288680159755537,-0.016748796394890655,1.1671245577351785,7.477493043579718
89.89999999999704,-1.209837400507591,0.5330718184172956,0.10196222870089487,-0.9114251654596106,-0.6541373878446366,0.611955577095026,-1.193476154985698,0.5198212082303878,0.0943922125660448,4.981435492329441e-05,-5.2599513076318825e-06,6.740147778801218e-05,0.00019478855825034717,0.35347754397591846,-0.014040291931995037,1.6086557681980835,7.436186004318324
89.94999999999703,-1.1924361135407746,0.5349274039690891,0.09994029570613576,-0.8970202000461502,-0.6440395537705881,0.6108336573308368,-1.175500298076102,0.5209046946828737,0.08892774595194375,4.9848346284507384e-05,-5.209733959338456e-06,6.687646719635864e-05,0.00019472829225970667,0.3518347987399034,-0.022438395283787,1.3071546420301674,8.275940662394357
89.99999999999703,-1.1750523382402769,0.5367410697466825,0.09802133831786206,-0.8826203850213601,-0.633967268256595,0.6099110587355043,-1.1587659568338105,0.5227285464304547,0.08983434525674872,4.988278356398176e-05,-5.162408142867594e-06,6.63539881522439e-05,0.00019466768194239457,0.35145732607412006,-0.01845197190664848,3.3750778829457433,7.717732060949946
90.04999999999703,-1.1576940046653887,0.5385313887759957,0.10167473711335095,-0.8680558713004602,-0.6236923362610416,0.6188738808151357,-1.1415864792646484,0.5244068571442957,0.10169370128669808,4.991668371443784e-05,-5.113600650433239e-06,6.584551261008683e-05,0.0001946046354758174,0.35648361209895707,0.17925644159264137,1.0063311395137085,7.669058718164378
90.09999999999702,-1.1403485808308538,0.5401143419089108,0.11399916850096097,-0.8538387946820615,-0.6134012769146473,0.6342367257491044,-1.1242348108406102,0.5252694061203774,0.11747557790953778,4.99488592268554e-05,-5.057549623612542e-06,6.533255291332454e-05,0.0001945427062594511,0.35101978776063253,0.3072568986793879,2.796616482019185,8.214833235820805
90.14999999999702,-1.1229316351641707,0.541486439627828,0.13029576066200527,-0.8399032023978884,-0.6029643368193633,0.6514096204964295,-1.1074930138785977,0.5274945790862505,0.13962996079149992,4.997884009719593e-05,-4.994576007852721e-06,6.482015732338844e-05,0.00019448323310523665,0.3482171165316176,0.34345789494652323,2.083971785372881,8.140059524628953
90.19999999999702,-1.1058810100195766,0.5429958071264755,0.14956274993110366,-0.8259901770926094,-0.592145911612682,0.6704244081176522,-1.0908079971266795,0.5312261052138986,0.16228491395165268,5.00053261655028e-05,-4.923476426458043e-06,6.432273238177161e-05,0.00019442422752034637,0.35248827272408373,0.3802957524244751,1.694611844406207,7.608405751706723
90.24999999999702,-1.0889158449658936,0.5448515070778037,0.16944516792047215,-0.812468725199251,-0.5812297340007928,0.6879559836452049,-1.0721004614680056,0.5357991742854286,0.18395217975382083,5.002807546964248e-05,-4.843201802572306e-06,6.382382049581497e-05,0.00019436947239275605,0.34756313384333265,0.3506315105510693,3.3202416787021134,8.127939211469721
90.29999999999701,-1.071950585835645,0.547075294026562,0.18905966300531357,-0.7988422856964641,-0.5698039244253932,0.7076069058349272,-1.0567071454037444,0.5400418584862324,0.20757034579842992,5.0047060218243766e-05,-4.757808160009639e-06,6.334700082804486e-05,0.0001943140603605763,0.355662286102032,0.3930184437944648,2.3563049883456486,7.456361705091018
90.34999999999701,-1.0550309186939548,0.5496305113950715,0.2082014129848026,-0.7855300353831662,-0.5582093365554308,0.7254804810567403,-1.0400531989899287,0.5448675146821083,0.22952329205810074,5.006179990590214e-05,-4.6647756209684186e-06,6.287468364128821e-05,0.00019426146163559137,0.3530772001631774,0.35747150443628695,3.756443971450362,7.507950204196946
90.39999999999701,-1.0381502044232318,0.5524958522663812,0.2270401144777056,-0.7727232189949804,-0.5466478273994665,0.74319763851536,-1.0229681801615274,0.5470949736711311,0.23650849103512162,5.0072362054701165e-05,-4.563132183770093e-06,6.239667066671212e-05,0.00019421635378834073,0.3450743843989283,0.35434314917240994,3.8771625318847316,5.58110352645407
90.449999999997,-1.0211673809833894,0.5557301408758499,0.24504574644057264,-0.7599528750969472,-0.5346927520317366,0.7616767916520994,-1.0070802637084726,0.5515879864380937,0.2552157424441299,5.008309244177155e-05,-4.46363951231186e-06,6.193230808948649e-05,0.00019417336370747298,0.3498652416829797,0.369583062734809,1.6864102720111682,4.866648270348202
90.499999999997,-1.0040275943967891,0.5593725701001329,0.2619344606876035,-0.7473147152159474,-0.5224197759205302,0.7798027176373852,-0.9897624210943975,0.5562957682435579,0.2711911559872604,5.009121784191552e-05,-4.361300804600944e-06,6.148106127119674e-05,0.00019413303701476528,0.35233933928555705,0.3625185197057306,1.8764384742933253,4.753480902271106
90.549999999997,-0.9869799140256905,0.5633169048042811,0.27885515331095845,-0.7350088897373567,-0.5100026060846,0.8000008999917583,-0.9738344334673399,0.5591234692114095,0.29030924190705765,5.0097004404011727e-05,-4.254939296712606e-06,6.103267664754816e-05,0.00019409715077200784,0.34964544204989506,0.4039636470874873,4.832479793174263,4.580507068988592
90.599999999997,-0.969997414407503,0.5675667903210744,0.2958264537732733,-0.7230810836335985,-0.49748286316941914,0.819211010554687,-0.9585268910109067,0.56310962112998,0.30488161122931423,5.00996166304651e-05,-4.143875506900387e-06,6.0586605395039796e-05,0.00019406727330272406,0.3458472013737713,0.38420221125860204,1.992482209049134,3.5019511869288364
90.649999999997,-0.9530875251042363,0.5720897883684015,0.3129231800866833,-0.7111672849519952,-0.48450133895339365,0.8373099795353358,-0.9420268617536142,0.569001816630885,0.32410423053243864,5.010215846850991e-05,-4.035193820351946e-06,6.016037052515735e-05,0.00019404009396568658,0.3524015011023527,0.3619793796130012,2.580328143147521,3.4268186179684776
90.69999999999699,-0.9362631792628153,0.5768797675485865,0.3301450079263049,-0.6993724450913871,-0.4711727125666027,0.855434906204533,-0.9249282689343801,0.5749973736767228,0.3380642820926192,5.0103247624963826e-05,-3.925934818095975e-06,5.974985705021878e-05,0.0001940152092109741,0.35596584149271876,0.3624985333839674,1.849743447409323,3.067546204861982
90.74999999999699,-0.9194915205322532,0.5819452377308333,0.3474454503875489,-0.6879035011087326,-0.4577047216028729,0.8753475033721445,-0.908539415093179,0.5812841156072057,0.3577458315536348,5.0103295819332623e-05,-3.8146770824430674e-06,5.934372383573256e-05,0.00019399418107875926,0.35379869795945673,0.39825194335224895,3.0150250904946914,3.1184636676935518
90.79999999999698,-0.90283185789276,0.5872940261297799,0.3648848489176145,-0.6767154172265848,-0.4440424459146868,0.893921976208361,-0.8922216327706859,0.585967432305754,0.37160672262150385,5.0101824215883187e-05,-3.701400826283183e-06,5.894648010206078e-05,0.00019397868491395477,0.3531798202144491,0.3714894567243535,0.8781299064231681,2.6258200165130567
90.84999999999698,-0.8862517598281053,0.5929506817810715,0.38239328247915244,-0.6658559479926931,-0.43025502189520515,0.9133582449695394,-0.8758784293517862,0.5914262499914426,0.38937243568583035,5.009990482699051e-05,-3.586860314209457e-06,5.855379141979764e-05,0.00019396897952081313,0.35101614210322507,0.38872537522358686,1.749621115901634,2.570468379608045
90.89999999999698,-0.869778801193114,0.5988859975439975,0.39996948693827483,-0.6552218683205275,-0.4161998912742508,0.9328138294461379,-0.8604776398114554,0.5987666671089609,0.4113634840985241,5.009735170203265e-05,-3.472554511080222e-06,5.817358688490234e-05,0.000193964757582435,0.35249972808051994,0.38911168953200065,2.5471557885927445,2.5993977072310597
90.94999999999698,-0.8534095444661789,0.6051060073395662,0.41760152325176214,-0.6448691438717858,-0.40195206463579464,0.952043233737494,-0.8442669731981131,0.6066803913758766,0.43180334439311396,5.0092815707134855e-05,-3.355910025510628e-06,5.780521048633149e-05,0.0001939677830857181,0.35224368015869634,0.3845880858271488,1.518032998413103,2.974486169802849
90.99999999999697,-0.837151012635308,0.6116089686308155,0.4353046336440277,-0.6348654629722625,-0.3876021268884951,0.9719635905361361,-0.8290476046526617,0.6145718677089127,0.45381040394937466,5.008628268039567e-05,-3.235951379376865e-06,5.744479424797068e-05,0.00019398002572283517,0.349859665483371,0.3984071359728705,2.735357190939404,3.4439795581353647
91.04999999999697,-0.8209998009647567,0.6184018767779011,0.45304552161216344,-0.6251816446610344,-0.37310255797653263,0.9919594646519219,-0.8126634638697414,0.6232511563226084,0.4807778866008854,5.007797764678325e-05,-3.11337109748359e-06,5.709546798614386e-05,0.00019400191815878185,0.3487256603888173,0.39991748231573565,3.1622116560844935,6.0166941508215945
91.09999999999697,-0.8049791263331917,0.6254715675307077,0.47086134053364664,-0.6157392665424316,-0.35833300392066997,1.0119808743021688,-0.797883417620914,0.6313661714704104,0.5005736709739823,5.006808220284489e-05,-2.9901924169267373e-06,5.676410350713066e-05,0.00019403373682567624,0.35060433366752075,0.4004281930049575,0.7824448893848166,6.308578431901759
91.14999999999696,-0.7890744515602262,0.6328337704406065,0.48874665859986033,-0.6065107257250557,-0.34323817105798643,1.0321347896989215,-0.783791838525337,0.6402078087070019,0.5257065006732944,5.006046045800039e-05,-2.8698059418576356e-06,5.64504426931791e-05,0.00019407299832473307,0.35385338217795653,0.4030783079350752,2.7161177298221815,8.485768303503443
91.19999999999696,-0.7733307909854389,0.6404631754035695,0.5067058928143684,-0.5977192954405423,-0.3281665553071741,1.053343181986767,-0.7684153744821934,0.6474803493864014,0.5373150045486392,5.004912481237497e-05,-2.7433133486165512e-06,5.614450667458426e-05,0.0001941228102979267,0.34897235390390907,0.42416784575692895,2.571522381527603,6.1287598690991425
91.24999999999696,-0.7576934873851984,0.6483828925705867,0.5247223060793225,-0.5892718985247306,-0.3129802109705573,1.07299217121445,-0.7524246042893519,0.6553526413001953,0.5503477833973083,5.004078144564706e-05,-2.61774365501345e-06,5.58451556478839e-05,0.00019418147238112155,0.3475590798923734,0.3929797845536754,1.4211473193775772,4.795389870992665
91.29999999999696,-0.7422146848373697,0.6565764751318852,0.5427971701549287,-0.5810518191772398,-0.2975023473481081,1.0921881337957444,-0.7365153133340469,0.6647562549660696,0.5680292116424788,5.003761641110643e-05,-2.4970641803977686e-06,5.5559812493251784e-05,0.00019424749118010856,0.35051014145428877,0.3839192516259014,1.2465028916783751,5.093009190196691
91.34999999999695,-0.7269438732209688,0.6650093708937909,0.5611437069389312,-0.5731881320226472,-0.2819605975969503,1.1125772575821378,-0.7222698555722105,0.6734058534797599,0.5874623771694276,5.003456456281122e-05,-2.37480398798757e-06,5.528367074840188e-05,0.00019432256173453346,0.34836421821848823,0.40778247572789644,1.354406648687245,5.160706021334619
91.39999999999695,-0.7117794133045224,0.6737628409745127,0.5793536967954128,-0.5655159774449854,-0.26603712462818774,1.1310286565620347,-0.7063529821063073,0.6828170328828116,0.604136144281719,5.003747149316712e-05,-2.2588162415028507e-06,5.502766981922577e-05,0.0001944031465785831,0.35351255202305215,0.3690279795979547,1.6914004757670145,5.16556136091053
91.44999999999695,-0.6967859212692699,0.6827906395790747,0.5975934716190486,-0.5582622434238347,-0.2501955418115096,1.1517689973492296,-0.6914811859200375,0.6916612286373576,0.6215418665465693,5.003844476156802e-05,-2.1383124772671285e-06,5.4776601591022487e-05,0.0001944922295621049,0.34847283149424013,0.41480681574391826,0.8293123083948157,4.900947942280906
91.49999999999694,-0.6819294759267724,0.692102513810904,0.6158899970122237,-0.5512660521462083,-0.2340487612835937,1.172085893123148,-0.6765264766329947,0.7013422082194537,0.6350714657478309,5.0044989317864634e-05,-2.0229406499691625e-06,5.45424918292731e-05,0.00019458710121402915,0.35195219328782357,0.4063379154783804,1.7830780562803723,3.998803653785715
91.54999999999694,-0.6674965302640372,0.7014686174778924,0.6356203041302904,-0.5445598591842626,-0.2176727949639466,1.1921439865620425,-0.662341064111806,0.7129398137343811,0.6580221915584223,5.005737676053692e-05,-1.9115505467757556e-06,5.432168076548107e-05,0.00019468679651690767,0.35392417044327323,0.401161868777911,1.4027037755844403,5.353135269051316
91.59999999999694,-0.653339908384774,0.7110026131873723,0.656174714347453,-0.5382676091514209,-0.20136601609406093,1.212921030994094,-0.6480678917888953,0.7243577019339179,0.6757212952727834,5.006642065065194e-05,-1.7946661311390184e-06,5.4110496494178366e-05,0.00019479364410578102,0.3495794261358616,0.4155408886410626,1.4593770801220085,5.585660644866981
91.64999999999694,-0.6393417967680912,0.7208128712756722,0.6771261280159396,-0.532268778062585,-0.18483120416532214,1.232607243161449,-0.6337288949418289,0.7327395166798425,0.6861969496361882,5.008125007226931e-05,-1.6813686212842885e-06,5.391477263290266e-05,0.0001949063473111566,0.35179310507410305,0.393724243347121,3.732286491619249,3.6614505075301422
91.69999999999693,-0.625561831181561,0.7308732225672909,0.6983006259694955,-0.5266880078026432,-0.1683978060200736,1.2542268693390461,-0.6206756849535875,0.7452167943689845,0.7098507842843613,5.00947444858119e-05,-1.564319404799179e-06,5.3722391316624115e-05,0.00019502406755134768,0.3471099558218721,0.4323925235519568,0.9519425660600629,4.843314800924386
91.74999999999693,-0.6119816886580363,0.7412250381523567,0.719578715769097,-0.5213577511761203,-0.1515544107699596,1.2743892875190657,-0.606988730051488,0.7579405480025856,0.7331626223734222,5.011740594581696e-05,-1.454729408215111e-06,5.355320893884423e-05,0.00019514491947368178,0.3533395946409226,0.4032483636004099,2.0656603319028655,6.419586206073355
91.79999999999693,-0.5986213749954532,0.751868249447437,0.7408850608105655,-0.5164032505042379,-0.13470159992227704,1.295341705892561,-0.5948942124625072,0.7709927701834772,0.7595310036236658,5.013917885163119e-05,-1.3422349886912518e-06,5.339673526435585e-05,0.00019527006257290234,0.35132640039309426,0.41904836746992696,0.968060593451219,8.356910992587808
91.84999999999692,-0.5854960701423496,0.7628021510021995,0.762155865923178,-0.5118878907707305,-0.11803944309963686,1.3169731201843877,-0.5828474248163625,0.7823631756263754,0.77925171728522,5.015344389986328e-05,-1.2212478473271278e-06,5.3249701661085975e-05,0.00019540069219606938,0.3452694972710986,0.4326282858365647,1.7530656340518842,8.234420995783584
91.89999999999692,-0.5726118541602465,0.774020408552114,0.7833856155693188,-0.5076995078352876,-0.10120036529779747,1.3370536079487492,-0.5702543431196451,0.7949624921768539,0.79667582063714,5.0173136401040327e-05,-1.1029529546412282e-06,5.311723946566797e-05,0.00019553449842489823,0.3470488210893357,0.40160975528725085,3.245710561218739,8.787641882496622
91.94999999999692,-0.5599882402975449,0.7855113421893615,0.8046289064850691,-0.5038754471897295,-0.08435094173739903,1.358190159897557,-0.5572774987598043,0.806268375475695,0.8133926900159696,5.019374611376081e-05,-9.82953390878597e-07,5.299507333383268e-05,0.000195671397532246,0.34556482944622663,0.4227310389761744,1.9101347947494973,8.411157479371367
91.99999999999692,-0.5476141658556292,0.7972608780086717,0.8258704318685669,-0.500394940631963,-0.06730263162728412,1.3806264194462834,-0.5456561448152654,0.8165599694799566,0.8288904159959061,5.022166501061231e-05,-8.670568823893597e-07,5.28866208226393e-05,0.0001958102884043411,0.34800661154701995,0.4487251909745629,2.8147786211115635,7.1585480946479265
92.04999999999691,-0.5354767643050978,0.8092792619312796,0.8471810197996932,-0.4972859459118915,-0.05020366194597638,1.4012489152190986,-0.534155984170724,0.8285869294973531,0.8503701398963539,5.0252414437156406e-05,-7.513599224462732e-07,5.278716949630525e-05,0.00019594808024830416,0.34759247233691526,0.4124499154563236,2.0507828674890556,7.12655887180219
92.09999999999691,-0.5236014561405425,0.8215400345091008,0.8685562109357732,-0.49450609478728186,-0.0328199463272031,1.4232063497188019,-0.5222072171209777,0.8394438619442836,0.8679090125437652,5.0293368941773495e-05,-6.420173089964325e-07,5.270465622190804e-05,0.00019608391201757203,0.35209861863892106,0.43914868999409323,3.1141480048060632,6.267868599320312
92.14999999999691,-0.5119851715889058,0.834039967564256,0.8899503466280342,-0.49212462579661753,-0.015606530490589274,1.4434325232202454,-0.5107482087565031,0.8512281975221886,0.8823549359745835,5.032911238738233e-05,-5.273331233416179e-07,5.2627365417941744e-05,0.00019621897190723838,0.347553376761561,0.40452347002888334,1.6293466620816013,6.410074334664309
92.1999999999969,-0.5006540231169723,0.8467804447969144,0.911351870710693,-0.4901065131144851,0.001599657344958979,1.4646471638689729,-0.5006341380783171,0.8656481582119376,0.9079414044336183,5.036590700563692e-05,-4.11711837974175e-07,5.255816951629633e-05,0.00019635235188562186,0.3464892120233042,0.4242928129745698,0.783902957892902,7.173728836869742
92.2499999999969,-0.4895814991299582,0.8597901113022435,0.9327998352031482,-0.48844012547090493,0.018981598857008886,1.485791878887663,-0.4901121561236263,0.8794810152228718,0.9302563650766276,5.040908065311866e-05,-2.994902815456303e-07,5.2504697231138124e-05,0.0001964815206581207,0.349239229827536,0.4228943003738213,0.37252708640227195,7.748567750313652
92.2999999999969,-0.4787933287318963,0.8730390531159322,0.9543015428881032,-0.4871649319226302,0.03624239144662227,1.5083126309948822,-0.4818803639919262,0.8935410887359039,0.9492456220776466,5.044728354546878e-05,-1.8329049168700159e-07,5.246029020028491e-05,0.00019660829632182637,0.34616397315958986,0.4504150421444085,6.654269502700318,9.001827728224375
92.3499999999969,-0.4682797159077422,0.8865598889466977,0.9754804554196671,-0.4862817100728735,0.05357800482363818,1.5314712415823166,-0.47228395670030554,0.9074297170629054,0.9779138255337951,5.048946700229419e-05,-6.796302835976746e-08,5.242654548597048e-05,0.00019672926263198745,0.3471697214024512,0.4631722117487073,2.0990932736630237,8.765067921304446
92.3999999999969,-0.4580832895869501,0.9002399196397246,0.9970485046451725,-0.485769563779938,0.07115712261788038,1.5518703128066393,-0.46109088187443703,0.9232861830508405,1.0011880630943928,5.0542350730159364e-05,4.1291683437016185e-08,5.240826977139299e-05,0.00019684542625796443,0.3517376303964942,0.4079814244864735,3.0189016550955388,10.376777665314089
92.44999999999689,-0.44816610252305233,0.9141466315080281,1.01878838578788,-0.48563062233977555,0.08867863905999207,1.573863150915968,-0.4517628314702932,0.9388863433342498,1.024190847985066,5.059360429171236e-05,1.5233143093438167e-07,5.239940863030337e-05,0.000196958041909998,0.3504484091262483,0.4398567621865933,3.0945788618223276,11.98733942641223
92.49999999999689,-0.43856935781573514,0.9282346726980482,1.0405448385854537,-0.4858800265470209,0.10627290562407483,1.5960782267655471,-0.4424828961902942,0.9526524412472264,1.0439468247664578,5.0649743504501316e-05,2.616828649617631e-07,5.240097346580481e-05,0.00019706493431795473,0.3519279199427694,0.44430151699161813,1.1265288207516038,11.823964292905737
92.54999999999688,-0.4292679521846211,0.9425280962633849,1.062321859715124,-0.48651662956682046,0.12369596401935602,1.6185578545552293,-0.43399726447677217,0.9661282663198695,1.0601223962539628,5.069931930188458e-05,3.7495707120113267e-07,5.240838935269777e-05,0.00019716817718242648,0.34870103413776665,0.44959255579366875,3.2071768812717893,11.720094556099752
92.59999999999688,-0.4202691940101942,0.9570511308761114,1.0841835699494253,-0.4875237555915398,0.14103321152924223,1.6390849931415055,-0.42586582902607184,0.9813299377256004,1.0770555746598829,5.074701927701382e-05,4.902570278917064e-07,5.242103178706413e-05,0.0001972665144546973,0.34733559814357445,0.4105427717255507,3.6889493848245536,13.355820233103533
92.64999999999688,-0.4116045986682958,0.971734440485025,1.1060560491841693,-0.488877322852362,0.15818709860551675,1.6599959819301038,-0.4167175292784075,0.9975324343667802,1.0980074657131862,5.0786954950013743e-05,6.096856057060882e-07,5.243870945210232e-05,0.00019735927838164448,0.34415041803085533,0.41821977577198494,3.163375837705246,14.87143134756404
92.69999999999688,-0.40327216263856414,0.9866022712609089,1.1279681364340888,-0.4906086632968397,0.1755185719600851,1.680727529170042,-0.4090233546959558,1.012316259639286,1.117071558400001,5.083831903218287e-05,7.237849201564117e-07,5.246599776129908e-05,0.00019744572631142342,0.34836094758447195,0.4146309447987809,3.4932687459668013,15.587739447453114
92.74999999999687,-0.3952579400433591,1.0016737315973845,1.1498724520028702,-0.49273834873790673,0.1930815661903207,1.702206468549326,-0.40192185129882085,1.027378545568773,1.1377095685456684,5.090482721711993e-05,8.317840270287513e-07,5.250214817807711e-05,0.00019752366412760324,0.3538397150574447,0.429578787585706,3.825460449842502,16.23034806592491
92.79999999999687,-0.3875663227371236,1.0169069452411241,1.1718492826767648,-0.4952370394946757,0.21046851288863552,1.7248531195993664,-0.3935763179293431,1.0439066075281211,1.1636093747633653,5.096367643626138e-05,9.426735723572047e-07,5.254369269513241e-05,0.0001975944417955263,0.35131897670912693,0.45293302100084054,1.990403033617174,16.433562710376975
92.84999999999687,-0.3802120498342576,1.0322994808851933,1.193892105305145,-0.4981393607574032,0.22785137623926646,1.7476164479495102,-0.3846896965948447,1.0594656300084555,1.1822648887214866,5.1024599002523924e-05,1.0518564472546703e-06,5.259309359873449e-05,0.00019765867093003993,0.35247741415672024,0.45526656700290463,1.8924524442599486,16.746015531673503
92.89999999999687,-0.37320018095808977,1.0478564613856678,1.2159461318449216,-0.5013721664799771,0.24478810168296422,1.77118979381628,-0.37802248509925884,1.0754355035696854,1.2058452461881721,5.1061874511148946e-05,1.1687047939402104e-06,5.264519009278187e-05,0.00019771979709274213,0.3448579241843747,0.47146691733542495,0.687664420805603,16.94026573207198
92.94999999999686,-0.36653061526228675,1.063567972356649,1.2380610503321297,-0.5050307602783046,0.26183106462384925,1.793322159864399,-0.37041067016030843,1.0904615606508914,1.224038219807805,5.110878872274146e-05,1.281268799470204e-06,5.270468732621434e-05,0.00019777484824225972,0.3486317815699562,0.44264732096240117,2.4342401239015596,16.719620334802368
92.99999999999686,-0.3602124968807394,1.0793822855742115,1.2601728845813414,-0.5090432287648041,0.2786902066578357,1.8155757725348707,-0.36440607089890265,1.1073502390413374,1.2455656708460943,5.114793453697128e-05,1.3955986160008334e-06,5.2768379266136665e-05,0.00019782608181925608,0.34660811762475985,0.44507225340945344,2.777237086337123,18.087301970427394
93.04999999999686,-0.35424538376840375,1.0953661557604186,1.2823099679093632,-0.5135144112602558,0.2958180073615735,1.8367162572342997,-0.3601044669763116,1.123042422708393,1.2665287138288868,5.120809450771884e-05,1.5033641450884533e-06,5.283898789898171e-05,0.00019786819377200433,0.3540422011168706,0.42280969398860296,2.6669624357342046,18.690977211425537
93.09999999999685,-0.3486287380654433,1.111465013940718,1.3044636480985907,-0.5183196246871755,0.31270075644840134,1.8594567070245276,-0.35291818334005337,1.1384170322879965,1.2836765410833761,5.125629574924871e-05,1.6137248552030393e-06,5.291382052352254e-05,0.00019790417926717323,0.35107296743467287,0.45480899580458334,3.2847319109168396,18.655078300396454
93.14999999999685,-0.3433772202967892,1.127688242114563,1.3266474945363986,-0.5235123400883525,0.329521729020225,1.8809831801339163,-0.34902851212448854,1.155273673768521,1.3077062704634788,5.13055345612664e-05,1.7234948839008444e-06,5.299245797705924e-05,0.0001979356688725956,0.35209168076652414,0.43052946218779864,0.9798819939326372,19.291180260473098
93.19999999999685,-0.3384928219307931,1.1440268053187306,1.3488560471574462,-0.5290065563698364,0.34601478810932385,1.9037318446872016,-0.34442230348858127,1.1726895131900905,1.3334591892828112,5.133640759122858e-05,1.836229313624842e-06,5.307571029438687e-05,0.00019796167654865545,0.34768977191736555,0.4549732910657328,1.6997235920883509,19.518999022619564
93.24999999999685,-0.33396527295523626,1.160460398192288,1.3711387142230576,-0.5348871225285875,0.36243074400761516,1.9258232079714332,-0.33904041897886183,1.1894578266128404,1.3536600470530677,5.136721760488697e-05,1.9473550014005055e-06,5.316426409892006e-05,0.00019798337476801587,0.3487560939787049,0.4418272656846686,1.3018977917816894,20.009399892812443
93.29999999999684,-0.3298060361979152,1.176998899090346,1.3934001041161168,-0.5410981645329342,0.3786309289686172,1.9479870032501907,-0.3372977929575719,1.2058438172681865,1.3835052078903516,5.138833145633954e-05,2.059305936144389e-06,5.3256727364084585e-05,0.00019800204499242284,0.34700741120489664,0.4432759055751729,1.9102978177408305,18.995554249264075
93.34999999999684,-0.32602321703563747,1.193733753966923,1.415319839328657,-0.5476457831296059,0.3946436242080638,1.969918929324157,-0.33367299381472676,1.2243916578123026,1.4062757943954702,5.140121136679107e-05,2.170674021684338e-06,5.335488603759621e-05,0.00019801803277730832,0.34599983508084675,0.4386385214793509,1.5523024438808606,20.912001195898938
93.39999999999684,-0.322598804758219,1.2107891829497646,1.4358335138853622,-0.5546853014382259,0.4108419011140927,1.9915949725198647,-0.33312414941332946,1.242382866511435,1.4346876235676094,5.143475798935704e-05,2.27869832051902e-06,5.3457855344390564e-05,0.00019802868059870876,0.3532428098416883,0.4335208639141865,1.7403033474042973,22.156123599888105
93.44999999999683,-0.31953341100309535,1.2276703274709382,1.4578278101228723,-0.5620147999015962,0.4267479375771158,2.0135950036427204,-0.32955204619090833,1.2601200758011026,1.4507325142403307,5.145312814992413e-05,2.387649001217198e-06,5.3565790248163036e-05,0.00019803682990229403,0.35027755577822994,0.4400006224571402,2.0739906610619165,23.816404173258924
93.49999999999683,-0.3168256627710499,1.244526909880142,1.4801377302717456,-0.5695428611686084,0.44218987453604475,2.0352052858157776,-0.3268287234566358,1.2755169825403263,1.470215074121957,5.1443452699296535e-05,2.499272983111576e-06,5.367682638542974e-05,0.0001980448726957357,0.34359080845875467,0.43220564346117013,1.9996528072019972,22.5292901924224
93.54999999999683,-0.31446462142622955,1.2614180947701406,1.5025189317584067,-0.5776271821408393,0.457889130194019,2.0574581939512466,-0.3253942355063524,1.2943624458977367,1.4920095893976146,5.146301387932949e-05,2.6086811196895762e-06,5.379183288222217e-05,0.00019805100111769454,0.35317742951427367,0.44505816270941506,2.313723882479334,25.547979002536017
93.59999999999683,-0.31247590732994446,1.2783396902791284,1.5249206882385826,-0.5859483534843799,0.473186821641201,2.0805065290861133,-0.32255774957887684,1.3127023124139556,1.5103524469662863,5.14596869159146e-05,2.719257412972429e-06,5.3910716013816804e-05,0.00019805461790757653,0.348295668370495,0.4609667026973699,5.76448303866788,27.722173062873143
93.64999999999682,-0.31087661815449324,1.295300115812286,1.5473437344735985,-0.5944804391203911,0.4880811446208167,2.101507249081509,-0.32103964764221266,1.3277469253263823,1.5311802233130196,5.143372962918461e-05,2.8302344732173483e-06,5.403296970296065e-05,0.0001980593255268434,0.3433063770016426,0.4200143999079375,4.169128292058627,25.65614327675019
93.69999999999682,-0.30967169546241574,1.3123034332354055,1.5698096958229155,-0.6035274502996493,0.5030861160841362,2.1252338896297154,-0.31988298444815727,1.3454994077137625,1.554789629221438,5.142863475837585e-05,2.9403229403705e-06,5.4159081924431765e-05,0.00019806481539011003,0.35043514801507675,0.47453281096414557,0.7780176222800493,26.18692425033144
93.74999999999682,-0.3088441914365931,1.3293255889989244,1.5922421995176896,-0.6129277232596234,0.5178998230279248,2.1472559535819684,-0.3187398682672845,1.3625836581944928,1.574925104743956,5.141948623567766e-05,3.0504654732347186e-06,5.4289108247542204e-05,0.00019806904730497446,0.3508979825535657,0.4404412790450861,1.6830646801660967,26.56041604212372
93.79999999999681,-0.3084007688471332,1.3463774714393977,1.6146592324848161,-0.622735760141177,0.5325892178273279,2.1717652113703636,-0.3167841893634868,1.3807020017223015,1.5938054584066794,5.1413340510158255e-05,3.1611490118347757e-06,5.4423006678145034e-05,0.00019807313334875717,0.353265636371468,0.490185155767938,1.5844621489653714,27.842671234652965
93.84999999999681,-0.30832476517843943,1.3634312088274898,1.637107982312471,-0.6327951941867792,0.5469156036494006,2.1941775330598556,-0.31863755358665474,1.3999852260930108,1.621353174638477,5.1389563525745374e-05,3.2719958070829464e-06,5.456044593046544e-05,0.00019807690765370707,0.3501144793569025,0.44824643378985524,3.8435646241917505,30.444319511291827
93.89999999999681,-0.3086336803590023,1.3804803538832453,1.6595607596857118,-0.6430206190544385,0.5608007477221642,2.2169332027366426,-0.3207979927642278,1.4162334215772892,1.6499117174248425,5.13412141673213e-05,3.3807391209955256e-06,5.4702356664568186e-05,0.00019808367487792903,0.3448880232310428,0.4551133935357698,2.1707156465354873,29.104518545506107
93.9499999999968,-0.30933382331996684,1.3975107900884995,1.6819950997188928,-0.6537136507853605,0.5746303201112735,2.2410290807377624,-0.3231727492262108,1.4317279158160081,1.678781895027461,5.130557156185214e-05,3.4902395588894733e-06,5.4849353457899535e-05,0.00019809717667108466,0.3496356884713112,0.48191756002242153,4.721346708372004,27.12385923977675
93.9999999999968,-0.31041420635162115,1.4145382043509676,1.7044675287587971,-0.6647613893214852,0.5882618755374375,2.262728491939919,-0.3248461543335724,1.4488234514731653,1.6974036418656446,5.126958868297127e-05,3.6001194649110923e-06,5.500138196765647e-05,0.0001981167995778969,0.35093242134358704,0.43398822404316584,1.662832227140794,28.160040128340988
94.0499999999968,-0.3118690755863779,1.4314987662653835,1.7270320153138365,-0.6761955758824626,0.6017343866878587,2.2863476128921825,-0.32661628043484797,1.465036254524394,1.7177716335078586,5.1237188684654616e-05,3.7124978554621797e-06,5.515859720654221e-05,0.0001981413972109573,0.3534196912641518,0.472382419045298,1.4117635417953784,27.77397571587743
94.0999999999968,-0.3137073783964589,1.4484418365127432,1.7495641974594167,-0.6877021155604051,0.6146704665099597,2.3092033552191875,-0.32869816922697886,1.480139749219203,1.7368298960231439,5.117455063549146e-05,3.82109644648937e-06,5.5320011416375846e-05,0.00019817474749835362,0.34626906606521185,0.4571148465401266,3.202366185131757,26.39571189363045
94.1499999999968,-0.31593085058469095,1.4653670114507027,1.7720659716740976,-0.6995268140234964,0.6273936866685142,2.3300127616709023,-0.3318946449131447,1.4965987476565066,1.7590309437903446,5.111158219612883e-05,3.931163666928046e-06,5.548656431978456e-05,0.00019821629403277144,0.34739874061424764,0.4161881290343215,1.205670996497238,26.648695353200303
94.19999999999679,-0.318531753665414,1.482199274896783,1.7945608921282368,-0.7116714485542346,0.6399037507730673,2.3527345814355503,-0.3358892626655525,1.5140320778162033,1.7849715479772756,5.1048786257680934e-05,4.043116229922524e-06,5.5658837921389603e-05,0.00019826596257473418,0.34871589064991426,0.4544363952929975,0.9168712239604369,27.712121541788168
94.24999999999679,-0.3215036127278571,1.4989910604243677,1.8171275709241117,-0.7238686681809205,0.6519034766862823,2.375977891336806,-0.34068392219528365,1.5307239817747593,1.8090798725782786,5.0959092215866106e-05,4.149853726945501e-06,5.583542518160699e-05,0.00019832568409451737,0.34221558676147523,0.464866198025131,0.469014282817076,28.91607675074847
94.29999999999679,-0.32485020892782945,1.5156985801675198,1.839716514119789,-0.7366349831375092,0.6639031364622511,2.398303297309872,-0.34386591298105706,1.549512322128517,1.8307266745218378,5.0894355050602e-05,4.265388117839134e-06,5.602025595704915e-05,0.00019839542182336424,0.3504188252641687,0.44650811946134866,2.520992719820632,31.347514989379267
94.34999999999678,-0.3285819001997309,1.5323242030118864,1.8623079214861615,-0.7496945082472326,0.675655000402617,2.4193963860675805,-0.3497489438869922,1.5652042250849125,1.8586727751020584,5.082822647880631e-05,4.383579120734854e-06,5.621159527100063e-05,0.0001984726533036316,0.35137953632445956,0.421861775154187,2.3057961205914137,31.357780100302005
94.39999999999678,-0.33269474968901086,1.548878754806308,1.884807891404931,-0.7629753949912818,0.6870880702310538,2.4422511838261203,-0.35467041987562303,1.5815448651219413,1.8857363227003834,5.075683352943128e-05,4.501856360074141e-06,5.640978464802278e-05,0.0001985649071108528,0.3504913158565611,0.4570959551708237,1.7271939797126756,31.313450418298146
94.44999999999678,-0.33718947038023417,1.5653332228201988,1.907264700297834,-0.7765973634162849,0.6982649221179706,2.466698676197762,-0.3607217501006865,1.5988740129383159,1.9101458899468042,5.0688547039269765e-05,4.624214261703429e-06,5.6616219304963405e-05,0.00019867032888515372,0.3524176535356662,0.48894984743286835,0.9972108586818944,33.849594512795015
94.49999999999677,-0.3420302685071302,1.5816680176097062,1.9298304685693835,-0.7903644481894075,0.7090213958228571,2.4899959634467503,-0.36541287850466364,1.6140631882705734,1.9307906780109985,5.0608187416274585e-05,4.744777194908656e-06,5.68292341981194e-05,0.00019879189283972745,0.3494270487126038,0.46594574497980773,1.769755683194997,32.40260986976753
94.54999999999677,-0.34724028696413056,1.5978995881934333,1.9522947729024556,-0.8043523908937047,0.7194439197562491,2.512463978788789,-0.37296897949799007,1.6301781420788135,1.952713616588662,5.0523463619857786e-05,4.867222376981214e-06,5.705008133427595e-05,0.00019892965757358036,0.3488864270171809,0.4493603068407864,2.189870085690056,34.99254914003971
94.59999999999677,-0.35285902602140523,1.6140610533512718,1.9744715056334101,-0.8186325421703349,0.7296035096383262,2.533985008847706,-0.3811846334818377,1.6460171051504833,1.9789676217899528,5.044320497767335e-05,4.994950001282003e-06,5.728093274691996e-05,0.00019908668180923858,0.3505149593241036,0.4304206011783553,2.7810062951758088,37.44715871630136
94.64999999999677,-0.3588323570317902,1.630084677013815,1.9966100086553444,-0.8332709286265793,0.7395389439155433,2.5565921525597304,-0.39002084530394865,1.6619566695937962,2.0008666792392624,5.03734247524495e-05,5.131112931632088e-06,5.752406707430236e-05,0.00019926552393088545,0.3538409491299207,0.45214287424051475,1.736166304942109,41.25424924737042
94.69999999999676,-0.36515513551198875,1.6459695940687387,2.0187771402921153,-0.8479319145230613,0.7490173728628283,2.57876172880158,-0.39778554217257955,1.6778673085588065,2.0194945425406745,5.028924876279594e-05,5.264087280198259e-06,5.77741746016021e-05,0.0001994673043396537,0.3491690744105887,0.443391524837021,2.0767055312706373,43.80342649574551
94.74999999999676,-0.37182632761625956,1.661720003307805,2.040966235811143,-0.8627057331354149,0.7581034469494681,2.601654397064838,-0.4058066990493744,1.691922455466912,2.0465413641657797,5.0199735689797824e-05,5.3962073892138865e-06,5.80322031197449e-05,0.0001996902759996869,0.3468922580966905,0.4578533652651689,1.6948289322671355,43.30548652889488
94.79999999999676,-0.378847061345402,1.67733321876154,2.0631788782490057,-0.8776894757547817,0.7668433418256639,2.62544392455722,-0.41307678546695376,1.7063780453071888,2.069980716710715,5.0113117821011634e-05,5.531235676007736e-06,5.830049133193094e-05,0.00019993704252092747,0.34693659169257457,0.47579054984767255,1.8263771278205345,42.29134776405586
94.84999999999675,-0.38624378509313295,1.6928408769603114,2.0851448642360575,-0.8929864794152855,0.7753063261262283,2.6470797133778987,-0.42219896985812755,1.721813117510752,2.095649271910349,5.003729747008983e-05,5.6744415726934446e-06,5.8582393110504126e-05,0.0002002069205245089,0.3496468769892951,0.43271577641360104,0.7554290297032472,44.74401977770283
94.89999999999675,-0.39400291777731783,1.7081744872776863,2.1069338146198757,-0.9086195199157341,0.7835150444230747,2.6690739924707145,-0.4299864989322519,1.7375008722613958,2.1180917814968243,4.9974025769737526e-05,5.827818770989478e-06,5.8879905437239016e-05,0.0002004982041114111,0.3531501550649514,0.4398855818563508,4.696878985167878,45.23361445961353
94.94999999999675,-0.4020335559571276,1.7232390428001534,2.129295198918427,-0.9241511309248291,0.7912295309702086,2.6921097398307072,-0.439548910199442,1.7521687148662295,2.141345705785427,4.989618677517575e-05,5.97387062049643e-06,5.918179477765308e-05,0.0002008147049420039,0.3468472531987808,0.46071494719987316,1.1625535765700383,47.31771061411263
94.99999999999675,-0.4104017609811533,1.7381698736241624,2.1515979172835804,-0.9399236125341165,0.7986180206241154,2.7149078689007764,-0.4471686133198807,1.7673448604615,2.1567674448329273,4.982633454508664e-05,6.1276435124391195e-06,5.9498082465933576e-05,0.0002011567158057466,0.3483527495299154,0.45596258140141305,6.129879987644589,46.71510147554255
95.04999999999674,-0.4191538645939149,1.7529765438896743,2.1731391473596844,-0.9556655364351853,0.8055536450187117,2.7382869866080313,-0.45703893407478186,1.7806157830961473,2.181986338863501,4.975017619013058e-05,6.276344413805805e-06,5.981998396244518e-05,0.0002015209770184902,0.34404914332183173,0.4675823541451123,1.3109451766616111,46.72421751370854
95.09999999999674,-0.4282883799375428,1.7676304178410063,2.194309030987217,-0.9718041544558006,0.812233641936922,2.7600119159294145,-0.46699683160744376,1.795900794288877,2.2069122712267486,4.969471837497875e-05,6.440594219171104e-06,6.016319904121183e-05,0.00020191341156311398,0.3493361416957497,0.43449858642768774,2.2811813908590532,48.83083354507064
95.14999999999674,-0.4377490292345829,1.782086932998006,2.215382295098869,-0.987933236053106,0.8184865562326589,2.783492700318221,-0.4768119008821411,1.8093922634689832,2.230599299445151,4.963748603159601e-05,6.601622379187441e-06,6.0514138304187036e-05,0.00020232931438901467,0.3459826352804439,0.46961568777615703,3.271205723783406,48.527632456476375
95.19999999999673,-0.4475033030786273,1.7963439215749617,2.236451885742205,-1.004185530690572,0.8243649175862093,2.805583350441956,-0.4865714379107386,1.823392425922626,2.2497935114946728,4.958685683019627e-05,6.766776568591478e-06,6.087830766181286e-05,0.00020277230853953636,0.3456613141327396,0.4418130024747219,1.5006029188452183,48.30051055663639
95.24999999999673,-0.4575622141819179,1.8103951007947678,2.257567976981403,-1.020862245029519,0.8299878967122267,2.827192977646412,-0.4971628386808732,1.8361834541411024,2.2723296555336194,4.955933271854238e-05,6.9501262158990514e-06,6.126869750390255e-05,0.00020323986047586745,0.3519901980126051,0.4321925440891454,0.8195510093682722,48.01322909218514
95.29999999999673,-0.46789985759407343,1.82419925400891,2.278763451526878,-1.0376385437108957,0.8352435364321633,2.8488059466926217,-0.5072156647619621,1.8483383596454583,2.292489022622277,4.9539561253569005e-05,7.1366564171461254e-06,6.167372861950545e-05,0.00020373149328517388,0.35161227368323794,0.43225938092420785,1.7858190438049577,45.892509659150384
95.34999999999673,-0.478555070154876,1.8378140107234286,2.299757957449857,-1.05463573375528,0.8401555075136174,2.8717334061742754,-0.5179966222472564,1.8608626470369964,2.311998854862507,4.9532799346330324e-05,7.332425744822992e-06,6.209903293236063e-05,0.00020424453147094743,0.3538619178454568,0.4585491896331028,3.25854181833544,45.09440766376795
95.39999999999672,-0.48944405006877023,1.8511438460351024,2.3209009862486285,-1.0718207619650197,0.8447063180002606,2.893710827731148,-0.5283373073955848,1.8723816888729294,2.3325434830218903,4.9537673860914636e-05,7.5356426859557565e-06,6.254375749443392e-05,0.00020477502870940403,0.35555466052893747,0.43954843113746933,3.0469742548832732,42.55025062156967
95.44999999999672,-0.5006368288694858,1.864290976083733,2.341906010216561,-1.08875395895965,0.8488030570871328,2.9147262222199606,-0.5386586537871291,1.8833440725047284,2.3494015811071893,4.953495931580968e-05,7.726316708316743e-06,6.298684997232112e-05,0.00020532306206830737,0.34844087156365994,0.4203078897762743,4.325947571932917,39.348183223124344
95.49999999999672,-0.5121214525587833,1.8772231462368179,2.3628727692461466,-1.105892218937776,0.8525625367298642,2.936576102701302,-0.549592037937684,1.8947108832934427,2.371184200677366,4.954675976991259e-05,7.925857409070678e-06,6.34511774959969e-05,0.00020588692309516044,0.35092215116271197,0.43699760962687034,1.8472625742098077,37.236255792573054
95.54999999999671,-0.5236836652113538,1.8897366596710412,2.3848784880249996,-1.123285105097189,0.8559632973098911,2.9604293840850513,-0.5621421088612694,1.9078823664112583,2.3877513619175987,4.957442869176896e-05,8.13802263824755e-06,6.394125017299434e-05,0.0002064697235342813,0.3544531302543009,0.47706562767500427,1.7144174041914657,39.704529508546344
95.59999999999671,-0.5354950458119063,1.902022643995712,2.406894631058961,-1.1404697651770588,0.8589182463707331,2.982181092566524,-0.5753101278401184,1.9198513383022735,2.4126655557692,4.960010520732685e-05,8.340412808135892e-06,6.443164637567235e-05,0.000207067639819055,0.3487441779726943,0.4350341696294821,1.6935627616256383,41.6307047711601
95.64999999999671,-0.5475959074836464,1.914073079282657,2.42889479258027,-1.15770118921268,0.8614960267465276,3.0040113773283856,-0.5890772603298786,1.9288872191011668,2.4401231849476925,4.9635177701639985e-05,8.544385358970274e-06,6.493789758410992e-05,0.00020767821871511624,0.3484703614006505,0.43660569523725407,4.7576509540128535,42.26885120079748
95.6999999999967,-0.5599519757346846,1.925838251231675,2.450948137924841,-1.1750724986443593,0.8637114576072629,3.0254756705653696,-0.6030035845121712,1.9393931197466467,2.4646796911632407,4.968365564531838e-05,8.754139328359478e-06,6.546783700811928e-05,0.00020830142652667762,0.35024694119413763,0.4292858647397038,0.9892504066854361,44.297841019344936
95.7499999999967,-0.5725733770887056,1.9373254046490753,2.472935114065258,-1.1924077671189446,0.8655516091702571,3.0462002130321935,-0.61617708001429,1.950739768066684,2.4848952032127194,4.9738116438906454e-05,8.961835529432894e-06,6.601062035366315e-05,0.00020893447359587365,0.3486594718448923,0.4144908493364932,0.25183073296211844,45.25713561534272
95.7999999999967,-0.5854239620541893,1.9485094833273948,2.4948646804998917,-1.209740353416825,0.8670233748607803,3.0675650640165726,-0.6286968718044802,1.961336314677387,2.4991373786954156,4.979939948330611e-05,9.169450718481683e-06,6.656779094307928e-05,0.0002095744008132191,0.34790582175078993,0.42729701968760314,2.336911213221739,44.6591191013667
95.8499999999967,-0.5985594493889946,1.959431184489251,2.516744609322066,-1.2273105728419895,0.8681354171320018,3.0892062316365063,-0.6405275961974672,1.9714974302344639,2.5128198697888386,4.987480066521182e-05,9.38920602463274e-06,6.71551801207039e-05,0.00021021682289609276,0.35211438241050846,0.4328233523987029,2.4869606431209093,42.84821033699329
95.8999999999967,-0.6119080102165105,1.9700348755081158,2.5384881250548093,-1.2448289569229944,0.8688662115172916,3.110595709652487,-0.6527213597049053,1.9828682317464104,2.529245095931717,4.995452636173138e-05,9.607487159812264e-06,6.775277743612361e-05,0.00021085920996621215,0.3506790911634578,0.4277895603196337,3.596847263889877,42.05104874240867
95.94999999999669,-0.6255033138753704,1.9803602187253624,2.560236300116219,-1.2625195176591506,0.8692293162177714,3.1315446891086562,-0.6691422179055698,1.9912487441937499,2.553761437734149,5.0045856191287735e-05,9.834929443590046e-06,6.837799300738894e-05,0.00021150027548580836,0.35389220650911973,0.4189795891234006,2.636902398363556,45.77584624328483
95.99999999999669,-0.6393207535534952,1.9903795666374062,2.5819698335023777,-1.2797931045461632,0.8692170306331388,-3.1301222187622812,-0.6821990738309043,2.0014014881139444,2.5705659494428765,5.0130571516643536e-05,1.00410077478718e-05,6.898931302914897e-05,0.00021213490306355576,0.34547849053448837,0.43036798617299676,1.4089365798561302,45.39070404973647
96.04999999999669,-0.6533286465371625,2.00008745119696,2.6036826026003235,-1.297196685007611,0.8688317151222148,-3.1087902938306007,-0.6969504094268508,2.010070798090937,2.594388556407427,5.022449551814569e-05,1.0253519064307796e-05,6.962598264253932e-05,0.0002127603658542369,0.34816350898696596,0.4266384986336397,1.9675795938527665,45.714418207811256
96.09999999999668,-0.6675708790117885,2.0095065116514723,2.6253806752924596,-1.3146678701375178,0.8680717780311769,-3.087456620403492,-0.7128074297465473,2.0187759888147356,2.6183969650681584,5.0325729124410706e-05,1.0469417411672251e-05,7.028734091138803e-05,0.00021338169266403435,0.34976072584509904,0.42667346854219573,2.4195755665707077,47.918013685146356
96.14999999999668,-0.6820092932806303,2.0186064728329893,2.6470642377845515,-1.3321453111877781,0.8669369421627162,-3.0660477994168005,-0.727750520807166,2.0277575598881437,2.637277602129563,5.043075902371467e-05,1.0685119839696442e-05,7.096845562302804e-05,0.0002139931664372817,0.350291601150593,0.4281764197338576,1.1115892334972657,49.38316605729479
96.19999999999668,-0.6966821720582549,2.0273907136405063,2.6685726602736293,-1.3496829774467725,0.8654109642920366,-3.0435517875417943,-0.7407388954944139,2.0344515065887614,2.656722419495697,5.054053041064869e-05,1.0902438811655342e-05,7.167350243213357e-05,0.00021458847336735062,0.3520860211974515,0.4499202375001498,3.510325089123161,45.68617439414963
96.24999999999667,-0.7115984678755657,2.0358871346314302,2.689871512324539,-1.367184860766217,0.863485659608812,-3.0205034555987833,-0.7571881711563895,2.0420958558992965,2.6838207373041563,5.0651796790054875e-05,1.1118165903755748e-05,7.23942722161047e-05,0.00021517141207576495,0.3521570346019508,0.4609666388602459,2.8280710902452233,46.818824750685565
96.29999999999667,-0.7266782285726252,2.0440465446278666,2.7111245250433886,-1.384390893212153,0.8611979841947619,-2.9983168629979193,-0.7728791335038201,2.049863960335246,2.705502913704632,5.075793182738031e-05,1.1318847933411808e-05,7.310957901856178e-05,0.0002157390226158775,0.34715608610811133,0.4437318520173073,1.634844742088053,47.64537160781485
96.34999999999667,-0.74194393126736,2.051894892789432,2.732393686444856,-1.4018127998751448,0.8584925605159995,-2.976752189869412,-0.7882338214475698,2.058592470460444,2.72780483948341,5.087022331235734e-05,1.1528684233909813e-05,7.386730181601176e-05,0.00021628967048527013,0.3526211538628573,0.4312934625701661,2.8555923688560068,47.74201782940621
96.39999999999667,-0.7573485334747632,2.059405341430868,2.7536681217284977,-1.4189176764082057,0.8554554953530074,-2.9549847895468893,-0.8039359577333414,2.0633429476049847,2.7528785351337532,5.097567237729019e-05,1.1722403919949485e-05,7.461341814966835e-05,0.00021681831693840895,0.3474550232108307,0.43534800645047994,4.076452534867638,46.62199589586991
96.44999999999666,-0.7729125150773528,2.0665890038324486,2.7748686739199466,-1.4360838201227708,0.8520219620071628,-2.933375274202003,-0.8198667250053253,2.0691589020828998,2.775035513965122,5.108125666654733e-05,1.1917091563831568e-05,7.53887398279746e-05,0.00021732777306628011,0.35013001438272684,0.432190306897744,0.31037821048917824,46.66304162453053
96.49999999999666,-0.7886309381905794,2.0734375763274597,2.7960367004271824,-1.4530240726682198,0.8482586893893159,-2.912610295013018,-0.8348326311721523,2.077160570095746,2.7896713304200818,5.1182251490893424e-05,1.2101367429687848e-05,7.616287444256464e-05,0.00021781970370724735,0.34707071193209643,0.4152995837797275,1.4622401092427202,46.49648475932748
96.54999999999666,-0.8044918320376457,2.0799626709318204,2.8171273205289267,-1.4699636389946262,0.8441192384653029,-2.891237189914643,-0.8519465023468878,2.0845200090614293,2.8075904594339356,5.128409384577293e-05,1.2286596600316483e-05,7.695834430095197e-05,0.00021829414368388313,0.34876670554975986,0.4274621019675256,1.515375634190812,49.72689028310799
96.59999999999665,-0.8204893068926411,2.086163815715331,2.8381625432194495,-1.487011286021662,0.839575801062406,-2.8710283188706547,-0.8685619530024062,2.090772069411733,2.8336921660404535,5.138680794741853e-05,1.2476253762243471e-05,7.778935279724709e-05,0.00021874785031087825,0.3528601344202756,0.40417742087979136,3.594016272914832,49.77448701052699
96.64999999999665,-0.8366245662528229,2.0919845260214025,2.8591358782279226,-1.5039095131269047,0.8346877165124361,-2.848996311553253,-0.8839721843199387,2.09675916892148,2.849521629405886,5.148274163918211e-05,1.265705874358546e-05,7.862859626237089e-05,0.00021918000805889237,0.35182721179603205,0.440640146348062,3.1235365895082743,49.19454602542796
96.69999999999665,-0.8528816421649645,2.0975136344172496,2.880036915390231,-1.520836225748448,0.8293973700484506,-2.8283386590988413,-0.9011892654881078,2.102567417118483,2.865688107396391,5.157812749639691e-05,1.2839452065118946e-05,7.949557303305828e-05,0.00021959298562269358,0.3546900338471158,0.41315304908825756,3.4253300113796503,52.17396701168138
96.74999999999665,-0.8692548745060847,2.1027009893868494,2.900872128901563,-1.537386876242567,0.8238409643187647,-2.8070503014416337,-0.9167140779672002,2.106022138860657,2.8906792507847783,5.166618170193695e-05,1.3005488531522238e-05,8.03407273193764e-05,0.0002199775317110351,0.349175708041929,0.42576715314417884,2.3839062230994448,48.80131172266403
96.79999999999664,-0.8857073905370513,2.1075365747366237,2.9216598946533785,-1.5537295964190745,0.8179739034808017,-2.7867923130960035,-0.9325175704822987,2.1105296153364974,2.909822455541434,5.1746624708684063e-05,1.3161351783705474e-05,8.118517292098046e-05,0.00022033951745663703,0.34728502244831766,0.40515976691262706,2.3163538387776947,47.63797617021064
96.84999999999664,-0.9022932869099248,2.1120263060377367,2.9423384980818295,-1.570146736673404,0.8117089410746605,-2.7672849155776515,-0.9473973291494592,2.113047243245114,2.9337607160055335,5.182359143645376e-05,1.3317050784530527e-05,8.206260504689717e-05,0.00022067353772920278,0.3514439015902999,0.39014795036706096,3.9651942497569985,43.096371711947
96.89999999999664,-0.9189759603647383,2.116157176068419,2.9630177634390544,-1.5862208072165107,0.8052004905487887,-2.746447316293377,-0.963624742071405,2.115208186368385,2.9560931365842933,5.189045659424568e-05,1.3455744233579236e-05,8.29194929706075e-05,0.00022098020179104228,0.3468409168865633,0.41675198568551197,2.6293686076662928,41.47695700119365
96.94999999999663,-0.9356996091944703,2.1199383700098293,2.9835589098165727,-1.6022407431495058,0.7983144102529207,-2.724804469668504,-0.9788928003737843,2.1180128120984283,2.9807365023405836,5.195077825425584e-05,1.3589589630019863e-05,8.379630866482643e-05,0.00022126553588766798,0.3487510963869407,0.43285693249749285,3.175379047537612,37.91458292985262
96.99999999999663,-0.9525338247462288,2.1233696596083336,3.0040354759006354,-1.618252595214535,0.7910274668986731,-2.704212092887553,-0.9969198427485986,2.121994520218178,2.999276214661881,5.200444811715477e-05,1.3719973748906806e-05,8.470076973695457e-05,0.00022153253514074002,0.35184649285793274,0.4118475356190483,1.0682125872128831,40.28426717718666
97.04999999999663,-0.9694326706312182,2.1264490644673506,3.0245011595585285,-1.6338734806067376,0.7835261256424674,-2.683588206320532,-1.0130825246758706,2.125414329292893,3.0124211738195115,5.2051019062299475e-05,1.3836037879133269e-05,8.557839861974752e-05,0.00022177744141054062,0.34657918282795525,0.41247773134044036,1.6359142270422216,40.300867951206385
97.09999999999663,-0.9863625454758418,2.1291795935755022,3.044926384621825,-1.6495149702236531,0.7756201216968348,-2.663599580097806,-1.029232446112242,2.1272131808984427,3.0337341457576885,5.209498339902266e-05,1.3951326697488018e-05,8.648599281985505e-05,0.00022199958601762406,0.3505260749730388,0.39977252445454675,1.3613849478316884,38.501664516854326
97.14999999999662,-1.003347053553632,2.131568109531773,3.065353775484828,-1.6649221368761429,0.7674431742139394,-2.6437390219697345,-1.045258813726403,2.1275563803656556,3.0545471593879157,5.2130786869253096e-05,1.405473632886108e-05,8.73863892875526e-05,0.000222197868195765,0.34885713701371796,0.39721116256145217,1.6657455356340671,36.558446619753596
97.19999999999662,-1.0203632564890808,2.13361841661158,3.085693641839268,-1.6801753321555388,0.7589510726852903,-2.623436235561945,-1.060786845934333,2.1300169980139922,3.076268324903224,5.215915327151247e-05,1.4149673268404433e-05,8.829320791427209e-05,0.00022237614827847168,0.3491625546629501,0.4060557281558152,2.2517180818874936,33.67624424608473
97.24999999999662,-1.0374629985746542,2.13531470916275,3.1059854704608725,-1.6953746279655473,0.7500641424439913,-2.601571621386604,-1.0783228218034828,2.129760857535216,3.102069157888253,5.2179640211429656e-05,1.4237650151350074e-05,8.92225698949761e-05,0.00022253625799155708,0.3521411491393171,0.43729228350685034,1.2153542686710854,33.2771007082366
97.29999999999661,-1.0545496478378775,2.1366581757839294,3.1260837997223376,-1.7102718516765911,0.7409294337141177,-2.5815021410152372,-1.0964967906054461,2.129694553724012,3.122523153795534,5.219018650647498e-05,1.4311174919621799e-05,9.013683102992381e-05,0.00022267352975550842,0.34950274845034734,0.4013896074273532,1.8333022211925616,34.90084927230384
97.34999999999661,-1.0717027750161485,2.137644404794488,-3.1371671070443217,-1.725039750364205,0.7314530266053079,-2.5606613366185558,-1.1135755769614322,2.1305362873394103,3.1393660334800977,5.219330040675012e-05,1.4376080908516441e-05,9.106354975227873e-05,0.00022279182441779904,0.3509440227448303,0.4168160879336536,0.8818568363122181,35.192965320646856
97.39999999999661,-1.0891298145564412,2.138228395893525,-3.1185050169840234,-1.739413190449192,0.7218198464162878,-2.541624767156523,-1.1313292163670285,2.130099398786217,-3.1224129030677408,5.2191718459912164e-05,1.4429627322367267e-05,9.195765041765723e-05,0.00022289064982814475,0.34606530139069525,0.38073138924067945,1.5223754369605698,35.218481667048536
97.4499999999966,-1.1068066012401652,2.1384816765181087,-3.100071155974418,-1.7537986879532554,0.7117774292298916,-2.5226704425468083,-1.1493142541338843,2.126872930282242,-3.097397671581123,5.218185123929526e-05,1.4474403265078181e-05,9.288435652875154e-05,0.00022296777998807214,0.3508856774023178,0.3790864921943164,2.459069043349208,35.02098533951003
97.4999999999966,-1.12448947921234,2.13838298593512,-3.0817848526295317,-1.7677944427920709,0.7015822608964137,-2.5013868211015606,-1.1645686038494343,2.12567521655822,-3.074140710399333,5.21617840032371e-05,1.4503420098697762e-05,9.377874101902535e-05,0.00022302644908821722,0.3463142672370188,0.4256724289049744,2.525521941121805,30.887384062984466
97.5499999999966,-1.1422739538593158,2.1379620371045336,-3.0637930391784445,-1.7815870322981284,0.6910860941945597,-2.4807898903645698,-1.180937427202127,2.126816933164143,-3.0589740265064114,5.213406474412594e-05,1.452273952088329e-05,9.467482004297726e-05,0.0002230721600319026,0.34665006049285046,0.41193861473983945,2.0886334190415976,28.786943603614755
97.5999999999966,-1.1599122243593951,2.1371970802290976,-3.045851860851915,-1.795103836664965,0.6803683054631394,-2.4615735306629047,-1.1964553947313907,2.1247759794390273,-3.0387688883676,5.210317502051066e-05,1.453330700207509e-05,9.555621463428196e-05,0.00022309914534743652,0.34501255214305054,0.3843271940333179,3.009033557295737,25.720053183513446
97.6499999999966,-1.1775455165521218,2.136127038330893,-3.0278744640848125,-1.8087863571962723,0.6690834897378145,-2.442295580832545,-1.2137441873195538,2.124637796759133,-3.0189208699886145,5.206496483282079e-05,1.4536178195205744e-05,9.650376141351227e-05,0.00022311687694707153,0.35472139832996313,0.3855589966072241,1.8317198476226988,25.19039182112916
97.69999999999659,-1.195131117548323,2.134766472955842,-3.0098878228168267,-1.8219920022549374,0.6577528295174451,-2.4226304568240513,-1.2301216073090842,2.12209744574802,-2.9987006385475046,5.202137806653931e-05,1.4527146313314805e-05,9.740007367191211e-05,0.0002231190091364115,0.3480130341941477,0.3933024801698906,1.11654708797006,23.661371641267166
97.74999999999659,-1.2127537118051823,2.133108636918707,-2.9921015295320137,-1.8349055029284025,0.6462323102562395,-2.403655068484346,-1.2480274929864563,2.1161958460158057,-2.9721848547914633,5.197172736255444e-05,1.4505914553134576e-05,9.827686112322822e-05,0.0002231033722553628,0.34611550090127946,0.3795077667941347,2.6344437077295155,24.90604577675153
97.79999999999659,-1.2303060413480402,2.131113832386945,-2.9742106276593003,-1.8478083937308365,0.6342636064849582,-2.3838194145974145,-1.26515573070687,2.1131649543083215,-2.9561602311031847,5.19111856759094e-05,1.4469275376865642e-05,9.919039766835436e-05,0.0002230750426359222,0.3519912593939729,0.39671307773865133,1.7053232643053582,24.357775301340187
97.84999999999658,-1.2478108896817706,2.1288085223011977,-2.956440820409835,-1.8602483702286767,0.6222819494272919,-2.366099049150628,-1.2818810592012149,2.1115089327516836,-2.943566664038404,5.1849125734323667e-05,1.4426600758202737e-05,0.00010005397914578908,0.0002230343904572905,0.3454393882458341,0.3544073089357493,1.5487445206885169,23.055379093945405
97.89999999999658,-1.265225464373709,2.1261589932316327,-2.9387133377850523,-1.872573945680737,0.6099692441887697,-2.3473346642273363,-1.297965890916446,2.1086691858299673,-2.929755548673984,5.178498575446581e-05,1.4375636402815253e-05,0.00010093374939277395,0.00022298179267537456,0.34844306655910723,0.3752876984658624,1.556094301391162,21.438268595788305
97.94999999999658,-1.2826188183291483,2.123198455550896,-2.921296351675894,-1.8847063976775689,0.5973843146604062,-2.328446312370124,-1.3136278310071299,2.104349154400742,-2.908678540455221,5.171869928032469e-05,1.4316540175563376e-05,0.00010181611633572453,0.0002229188761600208,0.34962032429560364,0.3777670371442701,3.3526515246821034,19.68522802179642
97.99999999999658,-1.2999351966976673,2.1199735863468065,-2.9037344814203165,-1.8965152511239167,0.5846643601795795,-2.309688560546303,-1.331529710286886,2.102048511301609,-2.897347530238141,5.164687050418546e-05,1.4247726550489659e-05,0.00010267399348763101,0.0002228470875892666,0.3471340344824497,0.3751550364764366,1.8377537915270008,20.25325057377979
98.04999999999657,-1.3172340872048298,2.1163981418736535,-2.886256349181877,-1.9081401538408986,0.5716542600384699,-2.2903610509986887,-1.3466520247695979,2.098180526298427,-2.87816192383674,5.157414969453959e-05,1.4171143753071252e-05,0.00010353875520065356,0.00022276472968361057,0.34894729966355575,0.386550190952308,1.4186936143243782,17.826991413472598
98.09999999999657,-1.3344598044938425,2.1125425882929076,-2.868962013157395,-1.9195909479354873,0.5583377299511405,-2.2716508609215307,-1.3627651844622581,2.093844229140321,-2.8593754131864144,5.1496845484527174e-05,1.4083096998484833e-05,0.000104412049581586,0.00022267611250319043,0.3512603919766509,0.37420380154318,2.137581797810098,16.752407551171768
98.14999999999657,-1.3515960554173452,2.108371400501898,-2.8518089437998992,-1.9308447511492774,0.5447458278907186,-2.2530812648054304,-1.379721280977817,2.0888146607219853,-2.8418187568927586,5.141520077011402e-05,1.3982622971567659e-05,0.00010528811247309154,0.0002225798317716978,0.35292879538909605,0.37139192232202894,1.3833106355170155,16.782347394267425
98.19999999999656,-1.3686729044077581,2.1039238792640935,-2.8345357911477405,-1.9417245337045717,0.5310921363193392,-2.2341314269479686,-1.3951267631976079,2.082225667328881,-2.823869215778977,5.133023776042707e-05,1.3874236631797114e-05,0.00010612828945531516,0.00022247357589536332,0.34917163858334094,0.3789967571492541,2.10701833355753,15.703484738129653
98.24999999999656,-1.3856664009599966,2.0991738251928544,-2.817417480375954,-1.9522656592652061,0.5173353319750957,-2.215099366946534,-1.4112307839959153,2.0777092921212663,-2.805204979341717,5.124198107451923e-05,1.3759002309842301e-05,0.00010694238966066099,0.0002223600799475903,0.3466260581751527,0.3806412000287151,1.5266211801024616,14.82811865836895
98.29999999999656,-1.4025395326857808,2.0941620165028505,-2.8004911674988504,-1.9626293110639021,0.5032571964745772,-2.1956523139563036,-1.4280489007895927,2.0732752850794824,-2.793642012615985,5.114996025074483e-05,1.363058015524806e-05,0.00010776779280809892,0.00022223996456883623,0.3496334132294787,0.3889410598046279,1.897418150168368,14.691191157706665
98.34999999999656,-1.4193381866855515,2.088823892044401,-2.7836036480250335,-1.9726045803465766,0.48913423954419405,-2.1758448789350706,-1.4439919708058984,2.067025589776669,-2.770546890888869,5.10583010660355e-05,1.3500829948594587e-05,0.0001085595273589058,0.00022211221486348223,0.3458171102757452,0.39614870042468214,4.35535203096935,14.164653699592213
98.39999999999655,-1.4360451230665023,2.083175968844203,-2.7666064546961544,-1.9824402374295829,0.47464085598853384,-2.158227417408076,-1.4600755835376393,2.060320150346904,-2.755049376354971,5.096156472445858e-05,1.3352879429456714e-05,0.00010936974584330409,0.00022197846501076075,0.35031771435571324,0.35234923053990463,0.701572610921734,13.923179052440394
98.44999999999655,-1.4525739494221297,2.077275035867293,-2.7498644549898255,-1.992125779530562,0.4598024280661178,-2.139954405807642,-1.4758406591263467,2.0529767582214493,-2.7307103484413204,5.086360045259882e-05,1.3189921353197736e-05,0.00011019702743501993,0.00022183991060860042,0.3543994390269039,0.36546023200870675,1.1088147254624756,14.085087809639445
98.49999999999655,-1.4690267067339133,2.071090560611081,-2.733236113054959,-2.001374212288884,0.4450402332807588,-2.1209847228212584,-1.492097727611043,2.0471019242906108,-2.7177703064840433,5.075950338257611e-05,1.3021903046692135e-05,0.00011097027499407118,0.0002216950967270573,0.348404938762495,0.3793936597276959,1.1763688901657579,13.62544330870445
98.54999999999654,-1.4854267519870406,2.0646219666543115,-2.7166826133297195,-2.010361071899135,0.4301107322150914,-2.104316678444557,-1.5081105925389304,2.039902437814923,-2.702461336696522,5.065664690317433e-05,1.2848147611873343e-05,0.00011173556086373744,0.0002215444655168794,0.3485172466341156,0.33336088753404847,0.48097334800636315,13.519627734445697
98.59999999999654,-1.5016613738108657,2.057913979444141,-2.7004427372161577,-2.019101245163816,0.4150135076745423,-2.086835256869638,-1.5238763214529898,2.0338406341145956,-2.6892375700812887,5.0552947568916154e-05,1.2665926559945746e-05,0.00011249314686876243,0.00022138912156785185,0.3488980180971757,0.3496284314983972,0.7567254652479962,12.896728398562258
98.64999999999654,-1.5178421253585308,2.0509307741351397,-2.6841882527859013,-2.0276497375663087,0.39961902427754176,-2.0685574194182537,-1.539430217615839,2.025281715836195,-2.665467184143648,5.04502626604032e-05,1.2470426286252558e-05,0.00011326070567766379,0.0002212297530887662,0.35217920086461485,0.36555674902770624,1.5972261439764868,13.28059800142316
98.69999999999654,-1.5339213050750513,2.0436822574229128,-2.66823051752729,-2.0359661018696182,0.38399334306349187,-2.051221929485125,-1.5551893390578495,2.0207191121930843,-2.6524963031032454,5.0343840760572005e-05,1.225987721677688e-05,0.00011402675620960719,0.0002210673300583508,0.35402354464012803,0.34670979866259966,3.4324290957684394,12.059456458040522
98.74999999999653,-1.5497871283209912,2.036195322389549,-2.652320011515032,-2.043907140263199,0.3683969827710322,-2.0322677296994898,-1.5708610247191146,2.0130312627235223,-2.634623162865985,5.02375645569452e-05,1.2050262200638546e-05,0.00011475510104710643,0.00022090070137888238,0.3500375497890911,0.3790839957127215,1.068922116770944,12.179099673166691
98.79999999999653,-1.5655789236136752,2.0284381936323403,-2.6366528089397008,-2.051501016057467,0.3527885406543812,-2.0149419241726267,-1.585131684862515,2.004385179931348,-2.6159580348247617,5.012958130366535e-05,1.1837253559280353e-05,0.00011545198739355656,0.0002207301216488038,0.34715872558200983,0.34651611053728354,1.6426690511019961,11.644401051297914
98.84999999999653,-1.5812164458921845,2.020429620233192,-2.6210385869258728,-2.0589035035143017,0.3368826784478388,-1.9978133280242787,-1.59948580049715,1.993980886847853,-2.59998810435834,5.0021525233548414e-05,1.1605898294388576e-05,0.00011615681286491965,0.00022055659323754777,0.3508850515202638,0.34257192296698014,3.0281106191429576,11.538860819021117
98.89999999999652,-1.5967306422224172,2.0121777571901776,-2.605615818299294,-2.065962649106314,0.320989844116231,-1.9797722537600158,-1.6144748627254384,1.9865045270893211,-2.5823650111189465,4.991206681968025e-05,1.1373797408049369e-05,0.00011683123279338867,0.00022037996201179053,0.34780564813808806,0.3608214852852778,2.9676592541652,11.2858617333753
98.94999999999652,-1.6120672248149461,2.0036929835925923,-2.590119507000922,-2.0727414034203466,0.3049999146225343,-1.9637636123565931,-1.630935557896116,1.9783410406625705,-2.573921033853672,4.9802367696459714e-05,1.1135275066323703e-05,0.00011748993324071813,0.0002202000645621182,0.34735330547332544,0.32017282806847064,1.8177077081514494,11.252537577131875
98.99999999999652,-1.6272524421874142,1.9949871358606814,-2.5749800535094214,-2.079240703640388,0.2889180078747809,-1.9459650765485872,-1.6454872830737926,1.9689204741864685,-2.5560792715478455,4.969565306809793e-05,1.0894465416686498e-05,0.0001181375774737528,0.00022001711037885133,0.3469158807246163,0.35597071616014114,1.6320231586157312,11.321065308100044
99.04999999999652,-1.642291405216343,1.9860585628848324,-2.559953556594008,-2.085520472357406,0.27255844153106695,-1.9286572927675592,-1.6600285860664175,1.9598074615188235,-2.5410954526710756,4.959039544300214e-05,1.0636970054332045e-05,0.00011879242302950635,0.0002198335747716459,0.3504731497310264,0.3461556756205809,1.3727219739898233,11.090753295798486
99.09999999999651,-1.6572133105686475,1.976891823534465,-2.5450575801683106,-2.0914306482026115,0.2563454193996894,-1.9120601248466838,-1.6749473896741318,1.9509844603278492,-2.5301596411548504,4.948302793349956e-05,1.0385890508417797e-05,0.00011940372646618744,0.00021964810534629212,0.34513713287208164,0.33194335841752703,0.8010407707093132,10.704925390745968
99.14999999999651,-1.6720029839168036,1.9674938016546757,-2.5302637587978465,-2.0971879270218006,0.23972609877373485,-1.8964979212488282,-1.690098818790944,1.9425623608412217,-2.5162478957292405,4.9382711959239043e-05,1.0115634950276799e-05,0.00012004456377145119,0.00021946177742701182,0.3517694249145601,0.31124407195712933,2.007451662083981,10.61018963236333
99.1999999999965,-1.6866499804547037,1.9578752327169044,-2.5155706730822316,-2.102669475316508,0.22304916290333607,-1.8802269068061135,-1.705386341434513,1.9326770522604717,-2.50163847738524,4.928336924524152e-05,9.840600329628555e-06,0.0001206685605246455,0.0002192749848626107,0.3510979126479999,0.3254202888543121,1.9059220689929273,11.181383914392677
99.2499999999965,-1.7011388992248342,1.948055050918389,-2.5009955840806857,-2.1078441984442216,0.20634672406232207,-1.86224574052624,-1.720700118255803,1.9225474457914016,-2.487580613940041,4.9183899429099457e-05,9.562773208571105e-06,0.00012127192924448253,0.00021908716293652348,0.34971843576361794,0.35962332559748783,2.5404540157653015,11.899859112630198
99.2999999999965,-1.7154649974910026,1.938026093724438,-2.4864528294537447,-2.1127562822435517,0.18945809577313188,-1.84543238864153,-1.733815916844602,1.9104689332863667,-2.4754945400604007,4.908799449946596e-05,9.272321419078733e-06,0.0001218728638336395,0.00021889995068039586,0.3517735751468092,0.3362670376942192,3.0686654162752096,11.707501677604784
99.3499999999965,-1.729658007297265,1.9277767588613308,-2.4720107118752526,-2.1174041968934647,0.1724205822680614,-1.8288085914380294,-1.7487312306641964,1.9023857176975318,-2.465457427047077,4.899569101074302e-05,8.97468978760924e-06,0.00012247223672486005,0.00021871370930669028,0.3532065455112898,0.3324759440700297,2.230127298678006,11.397591392013943
99.3999999999965,-1.7437176047005216,1.9173065929116297,-2.457654567250944,-2.1217617298691005,0.15532920731124245,-1.8120576801637498,-1.7626164793071608,1.8921596195858772,-2.4501904002309356,4.890645454032653e-05,8.675458510508525e-06,0.0001230584346556204,0.00021852774611050673,0.3527664757877762,0.33501822548561205,1.304183183202675,11.21300453867256
99.44999999999649,-1.757586768710846,1.9066623938209286,-2.4434027475433853,-2.1257844228876013,0.13841988720258303,-1.796647958624435,-1.775337376256843,1.8804676480649647,-2.432669480353789,4.8813708633118224e-05,8.384008783108985e-06,0.00012360350822796673,0.00021834259277734664,0.3476280448493099,0.30819443078631387,0.7515977871481074,10.889373433881739
99.49999999999649,-1.771321731310572,1.8957945459765468,-2.429292207067831,-2.1295299973115753,0.12148035527321077,-1.7801707115600756,-1.7872169232408242,1.8692230794180684,-2.4149780641643743,4.872036295765053e-05,8.086095899473943e-06,0.00012412888455735983,0.00021815829720037353,0.34697773959847816,0.3295449412872091,1.453275337621686,10.044818172982776
99.54999999999649,-1.7849074832997947,1.8847317212897121,-2.4152774180887087,-2.1330306169727224,0.10437236260710302,-1.7650877351232253,-1.7987546024946186,1.8588786772222448,-2.397987753091465,4.863024619980985e-05,7.774684463362186e-06,0.00012465027396126832,0.000217974931483625,0.34925264904124087,0.301659528737022,1.4084109342974105,8.896834184332526
99.59999999999648,-1.79832249074003,1.873496246600172,-2.4013857230054203,-2.1363221817040148,0.08701791766361819,-1.7513858906390567,-1.8106471991299622,1.8458758320541921,-2.3810958596508516,4.8546329285081575e-05,7.444735841900367e-06,0.00012517496594585475,0.00021779212780817834,0.35327951491771875,0.2740368896833849,2.397192812066667,9.065354168720702
99.64999999999648,-1.8115843836478374,1.86206397539268,-2.3876245008411,-2.1393799660065618,0.0693828603999999,-1.7335775200618337,-1.8220601995068149,1.8332136075892973,-2.360149111889066,4.846925613804854e-05,7.092092819690475e-06,0.00012570343565402814,0.00021761007778574033,0.3579685772839038,0.3561674115444783,1.410719270388693,9.753993760379988
99.69999999999648,-1.824674768402494,1.8504542863022384,-2.373966434161213,-2.1420781722010513,0.05211148957326579,-1.7179582586966726,-1.8340924202607258,1.8188257480417258,-2.338902735538127,4.838279433793124e-05,6.7551792837255e-06,0.00012617119983264575,0.00021742803041020832,0.3496208114314951,0.31238522730324153,2.0099846485408874,11.96173790301609
99.74999999999648,-1.8376059180258704,1.8386492017008127,-2.3604013764570286,-2.1445187107432164,0.03474664600098948,-1.702894860695413,-1.845813366826282,1.8050715135024962,-2.3232115955561228,4.829842160059846e-05,6.404945578242307e-06,0.00012662400877029535,0.00021724522805940426,0.35071346428876504,0.3012679600252081,1.9072295942281232,12.774675818556002
99.79999999999647,-1.8503709486835345,1.826674006115389,-2.3469302707421567,-2.1467116375424578,0.017221097533141213,-1.6876587126469083,-1.8583987339775179,1.7944145211962559,-2.3144753691828304,4.822027004085393e-05,6.042246736419689e-06,0.00012707389309560909,0.00021706075350211938,0.3532476818703945,0.3047229609701132,2.2673461395939745,11.132646964601062
99.84999999999647,-1.8629669538493463,1.81453110238059,-2.333560224621292,-2.148624009308196,-0.00016428538059314393,-1.6730506808889205,-1.8680250017648927,1.7806880462077268,-2.2938420699597226,4.814246402155571e-05,5.688948780751909e-06,0.00012749756786432104,0.00021687605090142415,0.3498080301103659,0.2921606351597715,1.566934938136222,12.611897984994274
99.89999999999647,-1.8753911446522373,1.802224875471591,-2.3202923613879887,-2.1502691650962342,-0.017569335554893185,-1.6570254757534069,-1.8801719055358117,1.7692857351565967,-2.2827291231781235,4.806519774807884e-05,5.328231452227465e-06,0.00012790039727782527,0.00021669098830189094,0.349656317059845,0.32050410271029317,1.0433123332216216,11.668779276040862
99.94999999999646,-1.887662530544262,1.789742598384415,-2.3071322409473343,-2.1516381200993733,-0.035078951848167686,-1.6406158176135774,-1.8895804313187796,1.7571654924251114,-2.270060708936134,4.799486339337361e-05,4.960145964148339e-06,0.0001282978581418364,0.00021650545445560035,0.35126492703341916,0.32819316279660865,3.030016263534584,10.839343775399843
99.99999999999646,-1.8997673501878538,1.7770968361232513,-2.2940820001917546,-2.152734646301312,-0.052627280704294684,-1.6257867153213983,-1.9003422045260223,1.7424494370662316,-2.2453619503322315,4.792941953768771e-05,4.588309963778842e-06,0.00012868298053358605,0.00021632108296524148,0.3516543078534039,0.29658204584359943,3.5472025883780174,14.959255744742089
100.04999999999646,-1.9116870970536168,1.764313429717474,-2.2811493425088174,-2.1535609070489494,-0.06993265789782062,-1.6112252669954177,-1.9126440340143145,1.7308542967376312,-2.239427999569754,4.785521547457593e-05,4.223434192232427e-06,0.0001290242537681185,0.00021613573765239495,0.3465048861933669,0.29122896651962915,1.8344681380988632,12.345558407363063
100.09999999999646,-1.9234678530232827,1.7513390255528911,-2.2683921842681065,-2.1541280385172126,-0.08728152974832262,-1.5957237493331222,-1.9223880077059172,1.7193915606175618,-2.2263115323485563,4.778758842599637e-05,3.858267182815131e-06,0.0001293627028272189,0.00021594990499162887,0.3471662577027689,0.3100303532459265,2.8799369990224424,11.719620432134162
100.14999999999645,-1.9350505543846128,1.7382335242573745,-2.2557165631854397,-2.1544329070682444,-0.10483499450554386,-1.5806014093807503,-1.9324497185063236,1.7075639635594144,-2.216566720359009,4.7731031051752106e-05,3.4781454612030205e-06,0.00012970275329553078,0.0002157647348180995,0.35112558642528546,0.3024467990474547,3.4491200301168687,10.42640576977184
100.19999999999645,-1.9464611425706935,1.72498402212041,-2.2431694662827693,-2.154486847234215,-0.12255894693340645,-1.5670779226359273,-1.9424813570270414,1.6942314104227323,-2.2043243365844565,4.768597344943898e-05,3.0869898218605335e-06,0.00013004469235874141,0.00021558109904895289,0.354483391367356,0.27046973489647663,0.5429984879716641,10.426864095223655
100.24999999999645,-1.9577244777933878,1.7115606967833088,-2.2307451972415966,-2.1543119305642064,-0.1399882914573217,-1.5544438903326072,-1.9523123743454802,1.680660572556882,-2.185952131737443,4.763325040208782e-05,2.7131178740768493e-06,0.00013035264002723344,0.00021539967207500517,0.3486067627516904,0.25268064606641455,2.154138969646731,12.258921437310489
100.29999999999644,-1.968796481542919,1.6980282622428178,-2.2184267479934077,-2.1538999496960476,-0.15743219162321284,-1.5399225935432714,-1.9627687306867359,1.6679729915210724,-2.1756624271914946,4.758316078532987e-05,2.332348610475212e-06,0.00013064294307718873,0.00021521907636094334,0.34897835540503885,0.29042593578673104,1.5019579995426515,11.437654139839035
100.34999999999644,-1.9796998724481605,1.684347711515508,-2.2062389910265328,-2.1532495834929875,-0.17482883564378807,-1.5269357066020484,-1.9720847697550279,1.6560871196420253,-2.1632048847728456,4.753568858836914e-05,1.95450416078438e-06,0.00013092162028847156,0.00021503978208209468,0.3481783789891041,0.2597377388244762,1.8203286737601443,11.183585116105613
100.39999999999644,-1.990437551875992,1.6705187427622235,-2.19418876412703,-2.152371037024792,-0.19217293821250062,-1.513435656043727,-1.9817673744066624,1.642576562396977,-2.146230459317313,4.748999550480155e-05,1.5777742856286646e-06,0.00013118380991990888,0.0002148621006506348,0.3473294218928328,0.2700010111664425,1.7696751258901364,12.862408685881586
100.44999999999644,-2.0010073351755655,1.656566863028812,-2.1822390568780476,-2.151246670586764,-0.20955586442642443,-1.4989724965411748,-1.990531949639331,1.6298152122235452,-2.1336783922550198,4.744918835295608e-05,1.1932413551209945e-06,0.00013143213936488615,0.00021468568261356024,0.3483880670015682,0.28926319005106044,1.5864861060226256,13.145204409644347
100.49999999999643,-2.011401095889302,1.642494217591923,-2.170422333710236,-2.1498700694445856,-0.22710144384217554,-1.4860238056934842,-1.9990802158793046,1.6151028577615054,-2.1203789196438527,4.74208137828134e-05,7.956808624952467e-07,0.0001316788443873548,0.00021451065361052075,0.3519924519728395,0.25897381695382526,0.5402221527145141,14.333717699371471
100.54999999999643,-2.0216246597517884,1.6282959636523031,-2.158718481099792,-2.148305922620276,-0.24431980184197546,-1.4743825310392271,-2.008616349760771,1.6030458078601242,-2.113877154975583,4.738139041167434e-05,4.1713853942542096e-07,0.00013189512084141596,0.00021433749854745117,0.34578709246433703,0.23282549308515543,3.5486474201482068,12.308049826061692
100.59999999999643,-2.0316688083085195,1.613991290381112,-2.147128303714212,-2.1465029667320072,-0.26164708144267335,-1.459850284376011,-2.017924120457982,1.5888538294103762,-2.0982976197372003,4.735291079307861e-05,3.1010082402288436e-08,0.0001321109939078511,0.00021416605655678192,0.34841963741659443,0.2906449332643391,1.4921467021470676,13.8176913775902
100.64999999999642,-2.041549224027869,1.5995619209598875,-2.135651432314074,-2.14444966490101,-0.27906473677879146,-1.4470530688717378,-2.028223896564674,1.5753011942756265,-2.096223721818185,4.733330909057488e-05,-3.649320140367733e-07,0.0001323198962066449,0.0002139958941489036,0.3507677086983235,0.25594431008548174,2.811715629220401,10.658722003712708
100.69999999999642,-2.051281327268223,1.5849886478027315,-2.1242922983950048,-2.1421545360278498,-0.2965673722240394,-1.4337665268284387,-2.0383500736930635,1.560803049749887,-2.083021875699599,4.7324931302790544e-05,-7.644527497675788e-07,0.00013253459288223597,0.00021382845650345852,0.3530520914607638,0.2657308408659952,2.252554047079807,10.924417826196626
100.74999999999642,-2.060823721066591,1.570332470120409,-2.113056640126074,-2.139621881310756,-0.3140693818214314,-1.4204082012565715,-2.047011819861727,1.5470287234712266,-2.0714263428081736,4.732160109094905e-05,-1.1674487702607194e-06,0.00013273860254132307,0.00021366337074046622,0.35368875039850983,0.2671665114373594,0.9477273882470176,11.127277588616092
100.79999999999642,-2.0702099940565732,1.5555438344636805,-2.1019576509779725,-2.136888784836866,-0.3314053509924068,-1.4084491732448876,-2.054990676532934,1.5310674541949354,-2.057502005816845,4.731531137001106e-05,-1.5625956721939371e-06,0.0001329235080417091,0.0002135015801475577,0.3510038827879178,0.2391805602336917,0.5750366339119911,12.766226204092145
100.84999999999641,-2.079417594696604,1.540662854296381,-2.0910146218308716,-2.133998075275262,-0.3483422825573685,-1.3950513731968928,-2.0648063600297424,1.5180326157126016,-2.0482788514835186,4.729208038356169e-05,-1.936013237248229e-06,0.00013307631960078378,0.00021334264227531346,0.34363950215787303,0.2679560009599128,1.7885790329042623,11.56857892159612
100.89999999999641,-2.0884522758602193,1.5256739716222145,-2.08019935701042,-2.1308436786528078,-0.3654857906300051,-1.3826129085819654,-2.0732866285606764,1.5020164955396433,-2.039457728068391,4.7286566761063185e-05,-2.3254304842804855e-06,0.0001332333555962219,0.0002131865141602113,0.348628171347456,0.24876929229856173,2.464792887520478,11.48927504845508
100.94999999999641,-2.097331138355364,1.5105672489555808,-2.0695091819890434,-2.1274477560858065,-0.3827735440323602,-1.371048767204902,-2.082456013870327,1.487680160640962,-2.027752943287979,4.7295080374144244e-05,-2.7257188341626358e-06,0.00013339459355799985,0.00021303287672071457,0.3523646786631191,0.23128282754128124,2.8382126653106603,11.412080871999418
100.9999999999964,-2.1060302223538683,1.4953897943697494,-2.058934074138292,-2.123896347081574,-0.3997752590092483,-1.3586951364414852,-2.0904402345687543,1.472488251750271,-2.0136792770572036,4.729321033984084e-05,-3.1112239556447748e-06,0.00013353143104342499,0.0002128822027066614,0.34737567828145394,0.24707261526834962,1.9523489402840526,12.709953721071395
101.0499999999964,-2.1145905422915603,1.480084149301608,-2.048444763297608,-2.120121728015776,-0.41675699967616686,-1.3454587398665327,-2.097860126352229,1.4549801500164308,-1.9972126284195575,4.7296227868965466e-05,-3.501251714323589e-06,0.00013365499765765362,0.00021273462646837884,0.3479262471401158,0.26472793149906404,0.9597389580770421,15.64007388606441
101.0999999999964,-2.1230767349047004,1.4645302996433078,-2.0369971500978132,-2.1160932397884316,-0.43388916486201773,-1.3342412360753722,-2.1059161116583365,1.4387961950146786,-1.989857978844676,4.731420823567077e-05,-3.906713853954718e-06,0.00013377381962346936,0.00021258896173509704,0.3519903687973622,0.22435007582322497,1.4244017306740249,14.599125238155024
101.1499999999964,-2.131423445789381,1.4488765304751543,-2.025487887170672,-2.1118234569945695,-0.45118567003794496,-1.3233125716422673,-2.113125973397872,1.42504600131972,-1.98041343721605,4.7349295249810945e-05,-4.323909718860365e-06,0.00013389724090151505,0.00021244493788387338,0.3563163176181095,0.21857328866210662,2.346055967976141,14.098260093744276
101.1999999999964,-2.1395967561003655,1.4331214107096213,-2.01401467991004,-2.107438165794261,-0.4681213842311227,-1.3115349577124724,-2.1202500943530147,1.410051823933877,-1.969701378096176,4.736901770029961e-05,-4.7201921347583806e-06,0.00013399671261266747,0.0002123027993318988,0.34988725721213154,0.23555227859591235,0.655089866167991,14.291517347815217
101.24999999999639,-2.147584984793692,1.41727763475301,-2.0026695016854634,-2.102853385519082,-0.48497139514518245,-1.2987333772857679,-2.1264934437872522,1.3951079602936076,-1.9567266896677507,4.7390313486419866e-05,-5.11450777506057e-06,0.0001340847855296372,0.00021216281269890015,0.3492547737840996,0.2560316085341056,1.5783524026073015,15.621645660669172
101.29999999999639,-2.155376643534383,1.4013536609859423,-1.9915226752203117,-2.0980421904210282,-0.5018688695370034,-1.2880829257845854,-2.1308044047766814,1.3794954960514745,-1.9451058222224333,4.742201543362632e-05,-5.5159665224530505e-06,0.0001341646354292959,0.00021202553837294206,0.35138307124229334,0.21300903002366292,3.5421114259307673,18.243037426088822
101.34999999999638,-2.1629928591909793,1.3853250583133312,-1.9805734984545043,-2.093093106192392,-0.518548316663706,-1.2766244612391615,-2.138185370679066,1.3645410683351424,-1.9409935944006556,4.744633865464296e-05,-5.906871852864134e-06,0.00013422628651751724,0.00021189025665306298,0.3479659196529309,0.22916929090849028,2.4298711942440576,16.685524151161705
101.39999999999638,-2.170408434798285,1.369247025337931,-1.9697944250257318,-2.087889841914688,-0.5354044992424933,-1.2661556911639271,-2.1458207686321633,1.348412236295458,-1.9338716589728109,4.7490518735695906e-05,-6.309689701806851e-06,0.00013429572573099292,0.00021175736269248208,0.3528215937271547,0.2093754015046998,1.2177108434364743,15.853331356961425
101.44999999999638,-2.1776547164285662,1.3530668050546386,-1.9591662451663265,-2.0825554218094715,-0.5520535326643163,-1.2552978643207342,-2.1536301955631796,1.3325025707924079,-1.9320066039383053,4.7528309310053315e-05,-6.701883086977139e-06,0.00013435456262125074,0.000211627625867158,0.3496566055658514,0.2171565368638719,2.745533151623834,14.426425869730258
101.49999999999638,-2.1847178008835604,1.336811527795204,-1.9486717272994676,-2.0771064675450788,-0.56846712246554,-1.2452338820514828,-2.160321481747222,1.3163092286209315,-1.9212692278464898,4.755796438309992e-05,-7.079785076616007e-06,0.0001344086736277145,0.00021150228094244083,0.3458898999527132,0.20127964538503898,1.8787414709555135,14.721928355265039
101.54999999999637,-2.1916049898587384,1.3204697380768435,-1.9383666632231578,-2.0714394609575355,-0.5849238147390508,-1.2330779175810855,-2.1667160727858357,1.3001842985438645,-1.9113464113076413,4.759796362597508e-05,-7.4650477982624935e-06,0.00013445721625491303,0.00021138029348920112,0.3481042456720128,0.24311928940795813,0.40590827794521567,15.0771013070301
101.59999999999637,-2.1983103123996965,1.3040837998576678,-1.92819194625531,-2.0655639846271683,-0.6014030627033702,-1.2235401211272616,-2.1726653510697376,1.2842908796921102,-1.9049801013443448,4.7647418258661734e-05,-7.855061993521595e-06,0.00013450243963288486,0.00021126135105214468,0.34990807705505117,0.19075592907648767,2.186647711514991,15.630912107451683
101.64999999999637,-2.2048493887337486,1.2876294641595094,-1.91817971047965,-2.0594867680951534,-0.6179137393867828,-1.2126759655074644,-2.180337757520099,1.2690101183942561,-1.9026212373718299,4.7706951742850167e-05,-8.249293767244581e-06,0.00013454628256754145,0.00021114508966534921,0.35187386937409043,0.2172831123959554,2.3098184343190824,14.4997442592251
101.69999999999636,-2.2112100428338524,1.2711181402133633,-1.9083187151911736,-2.0531418678401803,-0.634594870964352,-1.201986779470671,-2.1868958566809646,1.2535787928516346,-1.8942830390889749,4.778747083946915e-05,-8.655142517448819e-06,0.00013459966111601345,0.0002110312455830712,0.35694310065214063,0.2137837207358838,2.0853317564408234,14.121949090106593
101.74999999999636,-2.2174142633173854,1.254517093236023,-1.8986116261710901,-2.046801703594562,-0.6507508390693069,-1.191670482774281,-2.1916285685105286,1.2370819159827537,-1.8775571581748773,4.7837610621107974e-05,-9.031702997511629e-06,0.00013463047660249955,0.00021092190245866954,0.3471113132648991,0.2063259339278098,1.7129055827047992,15.131476375306073
101.79999999999636,-2.223437740991527,1.237904777026344,-1.889053206078725,-2.040215860522394,-0.6670329806621658,-1.1811927507635318,-2.1968657927021282,1.222163387732376,-1.8661672453350475,4.790483927226715e-05,-9.42215555248227e-06,0.00013465185814461137,0.00021081487324541243,0.3512744146684475,0.20955464021499645,1.654841003037621,15.576774817400521
101.84999999999636,-2.229308941185738,1.2211872914784367,-1.8796482745921863,-2.033458363061497,-0.6832858554545836,-1.172342030918746,-2.2026943864205775,1.2078720111638064,-1.855393029620919,4.797775634376451e-05,-9.813686282182994e-06,0.0001346652795499709,0.00021070922000974843,0.35203507407273343,0.17701439689572407,2.9833469285419745,15.238398163147417
101.89999999999635,-2.235010397655567,1.2044400837070552,-1.8703934926246155,-2.0266382196969044,-0.6992937248726094,-1.1637322755172839,-2.2075545303450497,1.1914244740258204,-1.850424284874913,4.803957107249417e-05,-1.019313052297386e-05,0.0001346631968809176,0.00021060495825280992,0.3480046603770024,0.1721951080292514,1.6399599709381643,16.16169337695789
101.94999999999635,-2.2405486118768514,1.187645929016328,-1.861296551546448,-2.01956203375643,-0.7155002366120911,-1.1545069792077483,-2.210271978151594,1.1722758366252104,-1.8343867003318057,4.8125950560727906e-05,-1.0587612028160677e-05,0.00013466407596630472,0.0002105041686624604,0.35368101341445035,0.18450592619072403,2.9060272274661028,19.622117304470944
101.99999999999635,-2.245929480322761,1.1708050089394006,-1.852350371030892,-2.012491230179696,-0.7312929626584167,-1.1451642655260723,-2.2153635998049928,1.1538359664913986,-1.829983997148213,4.818795156896516e-05,-1.0963313945102045e-05,0.00013464004210688644,0.0002104067820400148,0.3460685695319531,0.18685427363352905,2.459632251232602,20.277391959183653
102.04999999999634,-2.251157518259457,1.1538918172087806,-1.843565895681895,-2.0052122840147746,-0.7471313848256793,-1.1348522277108501,-2.220840722779865,1.1355331335035155,-1.823216129012551,4.82630170139282e-05,-1.1345056580630146e-05,0.00013461841371126515,0.0002103120220761945,0.3486209210613498,0.20624075630445604,2.758651598636344,20.28253654463389
102.09999999999634,-2.2562270426897766,1.1369608792484098,-1.8349372700738371,-1.9977230330765885,-0.7630387817247272,-1.126703557157919,-2.226638083397192,1.1203328626208966,-1.818427589647029,4.8352460140236224e-05,-1.1733560848800994e-05,0.0001346000036274844,0.0002102188387252044,0.3516451997615985,0.16297341105864038,3.716570341417763,19.345027272940445
102.14999999999634,-2.2611373422755197,1.120000669536419,-1.826460235036384,-1.9901921722322506,-0.7787241157133005,-1.119652201524569,-2.2297500894873385,1.1035871328784501,-1.8087622427522148,4.843209119920641e-05,-1.211043372405686e-05,0.0001345751007686733,0.00021012856845803977,0.3479912767879776,0.1410271126670072,1.5308349246645856,21.466386108443356
102.19999999999634,-2.265904189391645,1.1029808114232607,-1.818150489167818,-1.9824053780787294,-0.7946387588838681,-1.1118628100526031,-2.236032392560072,1.0861131554554877,-1.8051938816013837,4.85385560838171e-05,-1.2503486199263716e-05,0.00013454935882874618,0.0002100393106872612,0.354351022370925,0.1557878294393202,1.8297163414087658,20.11195444732879
102.24999999999633,-2.2705251950924934,1.085924687859003,-1.8099921508597225,-1.974618054161792,-0.8102660532659955,-1.1051315485461277,-2.242499622110261,1.0685484834869399,-1.80432368021677,4.8629142366562554e-05,-1.2881294374407308e-05,0.00013451956410137476,0.000209953000242183,0.3492024596553131,0.13462523012951855,2.5933592483416867,19.179087018993705
102.29999999999633,-2.274992974687607,1.0688523374486398,-1.8019954172512977,-1.9667330741078646,-0.8257896854741175,-1.0965118715257844,-2.2459924151857242,1.0519320064384348,-1.795897084428652,4.871950472458961e-05,-1.3254816711288329e-05,0.00013449181341240914,0.00020987029893460946,0.34822862857766107,0.17239354040687282,0.6397364908872979,20.192671651208354
102.34999999999633,-2.279325464265247,1.0517211482551299,-1.7941560907894054,-1.958659633077969,-0.841375215689697,-1.0891795915976346,-2.251718134986389,1.0349368027794807,-1.7890006966276457,4.882367629533082e-05,-1.3634839078023009e-05,0.00013446194030872167,0.00020979020346899017,0.351050185852167,0.14664559856300557,2.221496639017847,18.515615362960084
102.39999999999633,-2.283513661990408,1.0345778937441277,-1.7864686440539517,-1.9504861810023384,-0.8568630650901874,-1.0812386336962279,-2.254711178809997,1.0180500598956612,-1.777971246936917,4.89280490596326e-05,-1.4012206652513024e-05,0.00013442722302205737,0.00020971298788139716,0.35024586190660467,0.15881915802814772,1.8908928936489895,19.206125861757915
102.44999999999632,-2.287565243904428,1.0173895719335642,-1.7789396295874744,-1.9421658864492868,-0.8723340791892735,-1.073498940884492,-2.2590122686426226,1.0008411292467598,-1.774829991176631,4.903984821117001e-05,-1.4392342671629294e-05,0.00013438388387628262,0.00020963803908986156,0.3513295427986998,0.15479385623473127,1.619071932652635,19.814634049482272
102.49999999999632,-2.291481109499487,1.0001723362970814,-1.7715769886617752,-1.9337258122497398,-0.8877451396982058,-1.0659986596947348,-2.264073333801009,0.9838855902239475,-1.772385737636938,4.915511400204102e-05,-1.4770792118289927e-05,0.00013434199257658509,0.0002095650072554968,0.3514183181422185,0.1500056237951566,0.7715991063319526,19.555021400826856
102.54999999999632,-2.295265251727765,0.9829155608806044,-1.7643660351366341,-1.9251386136843112,-0.9031577467789259,-1.0589554520685835,-2.2690083722346177,0.9680534352297119,-1.7677235585143356,4.927920478635597e-05,-1.5150918729895106e-05,0.00013430358980608072,0.0002094943122459596,0.3528680904046622,0.14086415252303025,3.0927919018720615,18.531124453641784
102.59999999999631,-2.2989189198613498,0.9656468790350378,-1.7573272331976695,-1.916488782271167,-0.9184272308522461,-1.0518243703335743,-2.2723695585136214,0.9500816836997009,-1.755929025170351,4.939903696158695e-05,-1.552484367726074e-05,0.000134261264847766,0.00020942642336029295,0.35098605810239214,0.14262163470018674,2.4082251064543483,17.589337183838662
102.64999999999631,-2.302437477179815,0.9483810007790827,-1.750433666313621,-1.907725186953033,-0.9336514344618914,-1.0451444739156046,-2.2753594641993193,0.9328124824474846,-1.749661476371005,4.9523337382656026e-05,-1.590015059522191e-05,0.00013421005027204426,0.00020936110738801157,0.35132783884499663,0.13359792835940248,1.11531265150429,18.36016620589461
102.69999999999631,-2.3058343487400865,0.9310760227078821,-1.7437102048866524,-1.898825536728485,-0.9488905826545178,-1.0393059584969597,-2.2784689668073037,0.9137640483236672,-1.7409963821596774,4.965746880503077e-05,-1.6278583754706993e-05,0.00013415669882215893,0.0002092981437084912,0.35295115608178335,0.11677030837290793,1.272805815003133,18.448446352618788
102.7499999999963,-2.3091059307605244,0.9137432787738119,-1.7371383933562259,-1.8899171837378623,-0.9639202539329109,-1.0321912946607963,-2.280657175393731,0.8969348002717282,-1.732701777066255,4.9780741884771567e-05,-1.6648874353741814e-05,0.00013409450648865507,0.00020923818928770565,0.3494287105267804,0.1422932767232754,1.163237481423152,19.23610581735582
102.7999999999963,-2.312251239601144,0.8964096638308071,-1.730721444922169,-1.8808896449222583,-0.9789402247193871,-1.027039950419406,-2.283658190665962,0.8794887296574505,-1.7260054501919988,4.991136646575222e-05,-1.7020854167290077e-05,0.00013402851706316852,0.00020917972143863522,0.350483470991276,0.10302688482780786,0.7943986065109931,19.30304485354016
102.8499999999963,-2.3152815616231543,0.8790509169622969,-1.724478803433168,-1.8718318739386604,-0.9938148431624237,-1.0206164377543514,-2.2855586633325577,0.86370415332814,-1.7176396943304755,5.0036352585040286e-05,-1.738700336051237e-05,0.0001339564703755484,0.0002091233551853632,0.3483093635810456,0.12847025330110234,2.548713401444666,19.993939656192588
102.8999999999963,-2.318197109346742,0.8616746558087816,-1.7183922333919583,-1.8626959925265214,-1.0086334100947898,-1.0160260585184524,-2.288786489399579,0.8464941749588442,-1.711236348958208,5.01636996066892e-05,-1.77515894178854e-05,0.00013387934026905964,0.0002090681396540571,0.34816937674584925,0.09180758471798185,1.1611541549576252,19.42580095150466
102.9499999999963,-2.321007051439195,0.8442768996052494,-1.712475279841017,-1.8535581448441623,-1.0232924924056548,-1.010732075374583,-2.291357057999333,0.8275985074273422,-1.7050115129426744,5.0283426338126376e-05,-1.810963835610425e-05,0.000133796759267123,0.00020901502817784025,0.34547917526678124,0.1058796628773913,2.2955677729953043,19.798928058997955
102.99999999999629,-2.3237050617035937,0.8268797912200097,-1.7067206106146993,-1.8442476684756264,-1.0380282872718418,-1.003873132716183,-2.2933951144333937,0.8114827773139213,-1.6969063339626187,5.0419628633104426e-05,-1.847483044578406e-05,0.00013371281301951748,0.00020896418343900152,0.34861429212665535,0.13717885316800976,1.0001919223488573,19.959869233068666
103.04999999999629,-2.32629755970504,0.8094607146271835,-1.7011334076721507,-1.8347429741032015,-1.052864492329513,-0.9981826707239376,-2.2979124050402593,0.7926543092923674,-1.6937542237851482,5.057459107652278e-05,-1.884720858045665e-05,0.0001336257428111768,0.00020891311233061288,0.35239354895713126,0.1138092398449084,2.7499830590250562,18.075629523113378
103.09999999999629,-2.3287869171113176,0.7920324950735746,-1.6957117008856697,-1.8251287909061538,-1.0676791062964508,-0.9921137764117858,-2.3029905552742056,0.7753330152321678,-1.691761632194054,5.073608874369495e-05,-1.922045487564246e-05,0.0001335419472011183,0.00020886246146502148,0.3532173624641699,0.12137788624304603,3.0648685529081576,15.636754698976732
103.14999999999628,-2.3311767091782265,0.7745867166918845,-1.690463511781039,-1.8155026096111153,-1.082310041898283,-0.9856146656189986,-2.3055063757493826,0.7587851131714682,-1.6855684998301141,5.0888437966364616e-05,-1.9585800278152696e-05,0.00013345894865234449,0.0002088135013191484,0.350273448924512,0.12998221585574965,0.7696837567527407,15.098676122661344
103.19999999999628,-2.333462458442276,0.7571474480030467,-1.685345745763375,-1.8057492039300471,-1.0969474606177694,-0.9804338534231372,-2.3071712437316036,0.7412649222917463,-1.6806529739018439,5.105041235083568e-05,-1.9953378275482163e-05,0.00013337355576443694,0.00020876623923247933,0.35178609475507866,0.10361624391723054,1.7096859225602514,15.805296879788244
103.24999999999628,-2.335658314643326,0.7396684424781454,-1.6803773305861194,-1.7959623714847268,-1.1114585558287393,-0.9744319951988611,-2.3106441155717405,0.7249585560766603,-1.6828019508793004,5.1207949272316893e-05,-2.0316165482352007e-05,0.00013328606111232824,0.00020872064388513683,0.35005993382138567,0.12003716448553084,1.994015998388313,15.910929488410263
103.29999999999627,-2.337754712976599,0.7222152592046186,-1.6755995367996894,-1.7860615904137076,-1.1259856404804227,-0.9707034942473332,-2.311493621818551,0.7067197131514054,-1.6752075662896506,5.137521835037864e-05,-2.0680289234130527e-05,0.00013320681677862073,0.00020867743807672517,0.3516031924396669,0.07457001903055915,0.8764637119222394,16.642318581057527
103.34999999999627,-2.3397674501521393,0.7047367996941092,-1.6709683597334088,-1.77626343432511,-1.140233292131596,-0.9660384859050124,-2.3152788571011467,0.6902454229022073,-1.6761718176262184,5.1520805512202324e-05,-2.103208820909193e-05,0.000133120819623589,0.00020863765007759732,0.3458323192261585,0.09330016684641691,2.8111511592822875,15.99389442583671
103.39999999999627,-2.341689934422376,0.6872470094702016,-1.66652385660858,-1.7662133999018843,-1.1547083171247947,-0.9617714606162706,-2.318914908253921,0.6739710439157538,-1.6787718785382755,5.169752589376557e-05,-2.139605829405422e-05,0.00013304374104921833,0.0002085994320130508,0.3524372350511306,0.08534050577484088,2.7266162576854795,16.257160665277805
103.44999999999627,-2.3435329476515068,0.6697470902878045,-1.6622398567382448,-1.7562140377846795,-1.168991229338041,-0.9582448831248325,-2.322958692231599,0.6563887818315625,-1.680268868083197,5.1860907453422946e-05,-2.1750537686690606e-05,0.00013297334335548165,0.00020856411857810546,0.3487056862715255,0.07053154982876902,1.2013619010943626,16.08359136942991
103.49999999999626,-2.345291537989545,0.6522461261290232,-1.6581303312995552,-1.7463327008390102,-1.1829717634535502,-0.952807429428217,-2.327397130760757,0.6389576078835333,-1.6818159335347458,5.20001405288288e-05,-2.2091273099961722e-05,0.00013290611345668918,0.00020853370489259956,0.342401446333147,0.10874907393231772,2.4680692098597143,15.73269642777257
103.54999999999626,-2.3469699953293808,0.6347696428917787,-1.6541816267867244,-1.736102774474523,-1.1973085496940419,-0.9492689999035662,-2.3309746457767155,0.6219247642186264,-1.6791842193979878,5.218508048696687e-05,-2.2451964048380167e-05,0.0001328509787989991,0.00020850671194142193,0.3522471613953608,0.07076859049302232,1.2014656406457647,14.387121725765565
103.59999999999626,-2.348574413974651,0.6172705872860978,-1.650400562958426,-1.725950176461972,-1.2114283495075617,-0.9455522151531848,-2.3331466282323245,0.6045264622478679,-1.6790831762903828,5.235393680725458e-05,-2.280326730627288e-05,0.00013279472146200664,0.00020848380989323709,0.3478185396751496,0.07433569500763221,0.7133158621102977,15.585385815933126
103.64999999999625,-2.35010364038731,0.5997727068061067,-1.6467932826996223,-1.715828907581827,-1.2253966244719117,-0.941961969631782,-2.3343319268942135,0.588048623590903,-1.675202919994875,5.251360397949659e-05,-2.314848193583874e-05,0.0001327414074104753,0.00020846550961644392,0.34499455580748184,0.07180491042805988,1.9703893333212423,15.568320114048856
103.69999999999625,-2.3515675438692036,0.58226015885442,-1.6433500408349624,-1.7054934313334806,-1.239564423701691,-0.939121536875688,-2.3370750101138036,0.5718819499817016,-1.6729579039237774,5.270125726277437e-05,-2.350519226010193e-05,0.00013269011025972396,0.00020845008605700579,0.3507413925228885,0.05680865512188283,1.845699077051477,14.751859713599252
103.74999999999625,-2.352966376360606,0.5647553425145329,-1.640069008973596,-1.6951883170862188,-1.253599864655396,-0.9358195708523591,-2.3408226868277127,0.5547123950464996,-1.6727392117874837,5.288066777380763e-05,-2.3856251658537017e-05,0.00013263932856705007,0.00020843701987800108,0.34824661255276324,0.0660393204665828,2.9507553182776456,14.188734515366443
103.79999999999625,-2.3542984665045124,0.5472598588712854,-1.6369610743441614,-1.6846817813246222,-1.2678413334182956,-0.9345530868279659,-2.3412162440694337,0.5385852918285576,-1.6675726526674342,5.3088304198960445e-05,-2.4218554005013876e-05,0.00013259528211693718,0.00020842630530560583,0.3539529732036228,0.025329680487863587,2.5941914828979438,13.744340488647238
103.84999999999624,-2.3555724241067355,0.5297422632036513,-1.6340196411570276,-1.6743801585666904,-1.2817277052065226,-0.9305085657479122,-2.340909718236319,0.5214598844330499,-1.657428776119818,5.3263143605285075e-05,-2.4564250822843205e-05,0.0001325426507957382,0.0002084193766585972,0.3458063969430672,0.08089042160107798,3.026745363525971,11.719859901475717
103.89999999999624,-2.3567889565798366,0.512235207431778,-1.6312328210711948,-1.6640102071938423,-1.2956182734868018,-0.9285100305413545,-2.342634904927903,0.5045618101536955,-1.6544724681012801,5.3444895036387445e-05,-2.4912096987378626e-05,0.00013248391768103736,0.0002084142676044064,0.3466894164170696,0.039970704131161376,2.1813131813204993,11.139212127803754
103.94999999999624,-2.357950634104192,0.4947227481945345,-1.6285966606445321,-1.6534209097800705,-1.3097546056399867,-0.927253656715207,-2.3451418763812564,0.48722783589085694,-1.6550782653397917,5.36589948078582e-05,-2.527282975646973e-05,0.00013242798686120832,0.00020840966199146867,0.3532529674320238,0.025127476522956934,1.372955923188274,11.38871407051082
103.99999999999623,-2.3590524481114405,0.47721171082695035,-1.6261685536539128,-1.6429146734403044,-1.3237390040594745,-0.9256959579340331,-2.3484802768571718,0.47067206446639326,-1.6557522130122648,5.386067738050766e-05,-2.562652094284168e-05,0.00013237629660321827,0.00020840638619284204,0.34982536388583607,0.03115397562347935,2.303070858138002,10.957374962557347
104.04999999999623,-2.3601077313131604,0.4596929558809192,-1.6239006811530783,-1.6323847998643106,-1.3377012113264446,-0.9235679437351161,-2.3511589704655016,0.45474577324561943,-1.6565332194690146,5.4064722964959216e-05,-2.597945782264851e-05,0.00013232946079369596,0.00020840404031104306,0.34975510558118894,0.04256028397834517,1.8118166318009836,11.08489505358573
104.09999999999623,-2.3611164372934876,0.44217618333643466,-1.6218045438669522,-1.6219347939360091,-1.35149050475962,-0.9210316507786649,-2.353681458828267,0.43806289312424823,-1.6530437728618355,5.425487757984028e-05,-2.6324407705894406e-05,0.00013228535004400498,0.00020840397921572466,0.34603317630392005,0.05072585912902367,0.8093342455665048,9.377996151314548
104.14999999999623,-2.362084116318987,0.4246749630407474,-1.6198581753135757,-1.611379599159837,-1.3653553122524145,-0.919180657920283,-2.3552812545700683,0.4207711293300306,-1.6477845273727678,5.445934566787249e-05,-2.667435601432796e-05,0.00013224197265558456,0.00020840589921953176,0.3485083128249841,0.03701985716764097,0.6083472015930638,7.586069186936547
104.19999999999622,-2.363013375371098,0.4071666455820645,-1.6180735396189376,-1.6007947455573805,-1.3792236199076051,-0.9185694093476497,-2.3539812156667734,0.40212367640017005,-1.6381667606478227,5.466950651864978e-05,-2.7025754860064748e-05,0.00013219555581214695,0.00020841046804972088,0.3489235403243564,0.012224971452662678,3.091745623610375,6.053869771628938
104.24999999999622,-2.3639002583909106,0.3896667964725903,-1.6164784432255361,-1.5901816528695045,-1.3930978643086027,-0.9170229006497896,-2.354519094091519,0.3836410061392903,-1.6322809153188578,5.488544505337449e-05,-2.7379157254261835e-05,0.00013214091655584675,0.00020841690585816257,0.34936081916280065,0.03093017395720545,1.4643161159466425,4.978175856627622
104.29999999999622,-2.364754613271776,0.3721652520238592,-1.6150467427231243,-1.5794076502067893,-1.4071390151611485,-0.9155863809572562,-2.3550856591881084,0.36687761976767547,-1.6264784485515293,5.5125996700972e-05,-2.774209924436752e-05,0.0001320847301788697,0.00020842343037390495,0.35396785419330795,0.028730393850665566,1.508996359514474,3.9697614201892097
104.34999999999621,-2.3655759789558233,0.35466737105804425,-1.613791484186514,-1.5687025095661595,-1.4210662379200218,-0.9153466919032955,-2.3555537193747194,0.3485106953926946,-1.625580169288472,5.53577963730982e-05,-2.8099755591399595e-05,0.00013202434163340628,0.00020842974010786333,0.3513218304564263,0.004793781079211161,0.958845952924294,4.2645852934469195
104.39999999999621,-2.3663695518671535,0.33717354839290153,-1.6127000785808014,-1.5578641117048693,-1.4351528057174991,-0.9146249106002671,-2.3541164898930313,0.33048424453752456,-1.618700580203732,5.56124951117618e-05,-2.8465747071038535e-05,0.00013196658281005883,0.0002084365880003155,0.3554727973993156,0.014435626060575208,2.9280758310748993,4.276665575331294
104.44999999999621,-2.3671418643678845,0.31966889873793,-1.6117645072441549,-1.5472309347300588,-1.4489439238696267,-0.913334888673468,-2.353882699632963,0.31260736852751525,-1.610953073244507,5.583769545544704e-05,-2.88185715332856e-05,0.00013190159159500963,0.00020844474891508797,0.34828691305848003,0.02580043853598031,1.3097452264136844,3.7770234212717115
104.4999999999962,-2.367885857031909,0.3021797736858708,-1.6110176319208283,-1.5364758255032978,-1.4628619683968414,-0.912457464018229,-2.355154546362836,0.29397304316585954,-1.6154077759913068,5.608281304982391e-05,-2.9178196564582344e-05,0.00013183167776617273,0.00020845256510057436,0.35178650217993856,0.017548493104784867,1.3996694142815724,4.275515847545922
104.5499999999962,-2.3686097366523864,0.284690088990725,-1.610442588463545,-1.5258533515518489,-1.4765898194470866,-0.9120278403681601,-2.357216617904535,0.27606992636009986,-1.6241633495011367,5.631020375083178e-05,-2.9529975327062225e-05,0.00013177031865150202,0.00020846186890734403,0.3471546352512533,0.008592473001378442,3.1908055086231037,5.626703243027819
104.5999999999962,-2.3693169758601,0.2671947996813505,-1.6100428664856772,-1.515051413918767,-1.4905357963071153,-0.9114997960128703,-2.357602930437337,0.2588452095531117,-1.617986498337617,5.6567200303756345e-05,-2.9892394727262213e-05,0.00013172398582333747,0.00020847260662979652,0.35280143675440667,0.010560887105797888,1.8074892638553486,4.363053361749291
104.6499999999962,-2.3700092739794267,0.24970763762352427,-1.609818471693549,-1.5044946016502738,-1.5041465531205476,-0.9106948550617471,-2.357369166750152,0.2423250534874044,-1.6168845708557227,5.6788963031382374e-05,-3.0239713241185215e-05,0.00013167113538112776,0.00020848576226825257,0.3444990579532162,0.016098819022469648,4.123540599277216,4.66016120498483
104.6999999999962,-2.3706934955760075,0.23223499110316953,-1.6097481519663566,-1.4938259376397387,-1.5178996030852114,-0.911364881654785,-2.356406239831376,0.22539760430013853,-1.612916551370667,5.703121837415155e-05,-3.059383623741972e-05,0.00013162101565317814,0.00020850083586127364,0.3481188224928542,-0.013400531860756465,2.420383664985122,4.913451290455419
104.74999999999619,-2.3713725266130377,0.21473642321952413,-1.6098484466916831,-1.4830703943196186,-1.5317855031404324,-0.9121502842483666,-2.3574469517721592,0.20866116804262133,-1.6126429236211086,5.7291546349792336e-05,-3.0953730958027084e-05,0.0001315700770831462,0.0002085164245205645,0.35128333197748285,-0.015708051871638585,0.7623437809221283,4.60510486218932
104.79999999999619,-2.372046748076671,0.19728176674804382,-1.6101054253907507,-1.4722392060233922,-1.5457740278386716,-0.911708483770834,-2.3565687395730954,0.18998808525400945,-1.6098016224663432,5.756751096678332e-05,-3.131833429218477e-05,0.0001315205250884669,0.000208532655529961,0.3538324282665594,0.008836009550648189,0.9043835857997005,5.09078683397331
104.84999999999619,-2.372719076099726,0.17979538251764474,-1.6105439202958514,-1.4616128389950767,-1.5594977467956914,-0.9121306569803718,-2.355961629116004,0.1718189609728022,-1.6037125778304204,5.781581336521198e-05,-3.167194116896765e-05,0.00013147018895977498,0.00020855161412625578,0.3471369428373678,-0.008443464190755638,2.013077307791104,5.155693321862307
104.89999999999618,-2.373391913313766,0.1623316564686519,-1.6111503038162927,-1.4510498788808155,-1.5731599924400206,-0.9131559961855036,-2.3556764890661257,0.15357215051794237,-1.6025783869643266,5.806000342787745e-05,-3.202330681621737e-05,0.00013141557848346874,0.00020857256751302547,0.3453885397923346,-0.02050678410264127,0.7043446757845245,5.626505809744366
104.94999999999618,-2.374070069722345,0.1448616524228181,-1.6119222806101117,-1.4403920134603325,-1.5869687686921217,-0.9137982933153443,-2.3574988454580814,0.13602219001047433,-1.606568916938001,5.832466246212501e-05,-3.238168415965502e-05,0.00013136334363361907,0.0002085943872842459,0.34886811683629937,-0.012845942596815853,0.8309641910469427,5.115723097358721
104.99999999999618,-2.3747559284691837,0.12740955427451675,-1.6128666109744387,-1.4296666397222482,-1.600879968633765,-0.914196514375051,-2.356991998055065,0.11814578466993092,-1.6044165216365516,5.8604731049535737e-05,-3.274490659366873e-05,0.00013131853286497294,0.00020861694523542626,0.351314747607119,-0.007964421194131118,1.2550722020988734,5.611057234902063
105.04999999999617,-2.3754527029541554,0.10994160997847317,-1.6139804326341518,-1.4188698753202988,-1.6149269209722537,-0.916772915589199,-2.3577924756983837,0.09923584715939253,-1.6080069015564338,5.890317425789546e-05,-3.311430093310618e-05,0.00013127559182669128,0.0002086404784291225,0.3543372208384498,-0.05152802428296678,0.9672514204029188,5.737796834323176
105.09999999999617,-2.3761575176972882,0.09249626975722143,-1.6152838301086883,-1.4081867618174853,-1.6288822564650371,-0.9180971898379493,-2.3581779172604715,0.0820070574018454,-1.608019209422453,5.919180274779329e-05,-3.3479815950823416e-05,0.00013123903312234635,0.00020866580912586198,0.3514998423729476,-0.02648548497500128,0.3952268698826757,5.796934687097984
105.14999999999617,-2.376880050409093,0.0750310562135813,-1.6167515738020142,-1.3976282122804036,-1.6427201751332239,-0.9199369358083613,-2.359753868938111,0.06418085252969094,-1.6137152913447732,5.9467743605882394e-05,-3.384000480923435e-05,0.00013120497891365408,0.00020869309697132293,0.3481212701625883,-0.03679491940824308,1.0689885831348689,5.667618171435362
105.19999999999617,-2.3776241970036147,0.05758501884492331,-1.6183719964169212,-1.3871106842710403,-1.6565540940243952,-0.9215712434982155,-2.361432562615987,0.04615736897664039,-1.6175058107939029,5.974457976546064e-05,-3.420026782115671e-05,0.00013118042216698548,0.0002087226888669672,0.3475605124484256,-0.032686153797084984,2.1553794827045105,5.353518816761394
105.24999999999616,-2.3783847421201445,0.04016551190365478,-1.620181112155077,-1.376594803064218,-1.6704212422381122,-0.922398741390877,-2.363710739072299,0.027726802342995533,-1.6259409894773251,6.002760678248127e-05,-3.4562623656760483e-05,0.00013116286136274815,0.0002087545308272838,0.3480698633438411,-0.016549957853224856,3.0838330541761607,5.635355549651819
105.29999999999616,-2.3791749049887665,0.022731071520636765,-1.6221440536997114,-1.3660812653321142,-1.6843315997973942,-0.9247801506997053,-2.36488181793844,0.009475833494833646,-1.6289847654388545,6.031783225468994e-05,-3.4927852802595996e-05,0.00013115827619148516,0.00020879013120720248,0.3487306506489126,-0.04762818617657276,0.8065694692007626,5.6859379132685275
105.34999999999616,-2.379997218215629,0.005290824195403328,-1.6242632067651817,-1.355530108816384,-1.6983483644366335,-0.9262915653572765,-2.36567935373235,-0.007999153215110884,-1.6296244021748345,6.062242617325429e-05,-3.5298593820268016e-05,0.00013115981759910842,0.0002088290262710375,0.35088268886616103,-0.030228293151421476,0.1836358013424022,5.361637565779715
105.39999999999615,-2.3808444803180318,-0.012125298820729814,-1.6265677720672709,-1.344917380387301,-1.7124979077497238,-0.9282472227242091,-2.3679753066812896,-0.02496974493061676,-1.6388577721652906,6.0944522555894624e-05,-3.567589049304471e-05,0.00013116597888191857,0.0002088699785913452,0.35374549064863614,-0.039113147338651656,2.4075812033107806,6.100608677080745
105.44999999999615,-2.381728541344539,-0.02954503891342245,-1.629031419931826,-1.334581937838216,-1.72632819210185,-0.9297971016038522,-2.3674315945724387,-0.04173102713178038,-1.6382191769009928,6.122862199495319e-05,-3.603863017139617e-05,0.00013118146467837102,0.0002089147763084516,0.3453104097003326,-0.03099757759285833,1.276229398502205,6.06191723846914
105.49999999999615,-2.3826444326306593,-0.04697451531863282,-1.631684972143633,-1.3242435937058215,-1.7402202702065948,-0.932251034005894,-2.3681599368424733,-0.05948090464762557,-1.6424715333788982,6.152152611601524e-05,-3.640456691504324e-05,0.00013119892576396753,0.0002089631575403946,0.34633587394215115,-0.04907864804084397,0.7378249056533734,6.5898308861353865
105.54999999999615,-2.383601752036098,-0.06437984245496801,-1.63449216135876,-1.313771263964193,-1.7543675725473948,-0.9348971718570258,-2.366245379385312,-0.07760275235323678,-1.636830526098644,6.184665162762083e-05,-3.678283200615837e-05,0.0001312238611223612,0.00020901484895464176,0.3520318363547511,-0.052922757022634014,3.4873527287324215,6.550196264605818
105.59999999999614,-2.3846024599945608,-0.0817847317273588,-1.6374675097580575,-1.3033851287955454,-1.7684896441401412,-0.938442403803105,-2.3687689255589595,-0.09498329295603868,-1.6436105124439604,6.216892792042608e-05,-3.716022879114391e-05,0.00013124510308740064,0.00020906930655550658,0.3506023569115949,-0.07090463892158229,1.2016151382018787,6.304826557091124
105.64999999999614,-2.3856447903573916,-0.09917357053153855,-1.6406184736188059,-1.2929930171325206,-1.7827098768960004,-0.9409545167424649,-2.369259452105652,-0.11243638932563342,-1.6384531442601853,6.25027683768821e-05,-3.7542101096635757e-05,0.0001312760640714212,0.00020912462593327018,0.35225625194470295,-0.050242258787200844,1.779359025137774,5.135415988501665
105.69999999999614,-2.386739597182777,-0.11657736043014774,-1.6438787678553772,-1.2826982083226104,-1.7968690429188947,-0.943301171625222,-2.370179246313029,-0.12914261810112915,-1.637186681870683,6.282983267899321e-05,-3.7921173527389626e-05,0.00013130292193223327,0.00020918105408231202,0.35012295642137353,-0.04693309765514353,1.5175114940710146,4.689218251211747
105.74999999999613,-2.387883112589429,-0.13394493793477819,-1.6473035255323785,-1.2725596338596734,-1.810895503411663,-0.9465388741786458,-2.371262075190822,-0.14681645631137488,-1.6397484106965696,6.314065171043644e-05,-3.8293600414912166e-05,0.00013132929107032002,0.00020923816381942796,0.3461401726209976,-0.06475405106847676,0.7673627002286918,4.648075959549469
105.79999999999613,-2.3890837417886512,-0.15134526830121287,-1.6509105618994222,-1.2624320479531357,-1.825005818951145,-0.9499831892487327,-2.373935420830044,-0.1655462811659564,-1.646817445633689,6.34616969242483e-05,-3.8670070983644764e-05,0.00013136112117219034,0.00020929631733051517,0.3473725948608584,-0.06888630140174047,3.34954499126793,4.237362151290989
105.84999999999613,-2.3903346184975676,-0.16868523909487862,-1.6546755119477876,-1.252332948080338,-1.8391931160864892,-0.9543518233728734,-2.375058228412854,-0.18163835371740317,-1.6488614949454607,6.379129298389933e-05,-3.905027838923961e-05,0.0001314038438579341,0.00020935560942453326,0.34829395663689555,-0.08737268248281622,1.9058185982740803,4.0248731991555315
105.89999999999613,-2.391648524070383,-0.18604551520142384,-1.6586158140587894,-1.242288886855477,-1.8534394942687238,-0.9590590538760448,-2.3780961129078024,-0.19764073368960214,-1.6605693021115073,6.412566070820893e-05,-3.943215952633077e-05,0.00013145141437404675,0.0002094153893759189,0.34862186864637934,-0.09414461006343927,2.950792877181444,3.9334301933342495
105.94999999999612,-2.393023737111453,-0.20340247456292668,-1.6627128621141927,-1.2323014700917003,-1.8677335800346733,-0.9628146309845422,-2.3779233820066716,-0.21405921213633994,-1.6586688372960803,6.446365833563534e-05,-3.9815375250237294e-05,0.0001315121802255788,0.00020947646773938878,0.34875191118613086,-0.07511154216994928,2.690956582358269,3.9275912051300104
105.99999999999612,-2.3944651384588247,-0.22074920463144773,-1.666982906414754,-1.2223450612568774,-1.8820933026002662,-0.9662712287455233,-2.3787925118593227,-0.23183413649818377,-1.6618777104577085,6.480899982049008e-05,-4.0201177992246013e-05,0.00013157212754012057,0.00020953943604771618,0.34947504234637683,-0.06913195521962784,1.3357148213340577,4.123733851456361
106.04999999999612,-2.395973445707134,-0.2380783367894223,-1.6714262730663572,-1.2123916702279232,-1.8965742353436286,-0.9709577852665348,-2.379169361924725,-0.2508761619085784,-1.667745828993431,6.516856328644762e-05,-4.059284341054844e-05,0.00013163762196757026,0.00020960450501657937,0.3514358952845586,-0.09373113042022937,2.519605819215019,4.932021071195126
106.09999999999611,-2.3975515795396687,-0.255394851323246,-1.6760206904687973,-1.202426574739094,-1.9112284270860203,-0.9762586777767766,-2.3801137029716934,-0.27035849382949073,-1.6726427155821464,6.55480497046067e-05,-4.0993513497445566e-05,0.00013171233712758814,0.00020967234688039704,0.354428666508825,-0.10601785020484421,1.931858975291619,5.438990730061375
106.14999999999611,-2.3992049406463622,-0.2727114430955243,-1.6807850837063363,-1.1927835454933529,-1.925572093624707,-0.9815699477977864,-2.382734748681619,-0.2884173034006578,-1.680575661821117,6.588739049566577e-05,-4.137954162142538e-05,0.00013179080269810906,0.00020974324025373322,0.34567585108574356,-0.10622540042019779,0.9037972167011177,5.362948936752492
106.19999999999611,-2.4009339085176356,-0.2900256253138867,-1.6857185180433774,-1.1831726899959543,-1.9400374501064646,-0.9871522757603932,-2.383831373443963,-0.3068520476238033,-1.6846208363576487,6.623920056363924e-05,-4.17712840774904e-05,0.00013187994278622813,0.0002098161077715145,0.3473418286306768,-0.11164655925214126,0.8687864110984997,5.672969180820159
106.2499999999961,-2.4027403259196918,-0.3073089457884136,-1.690814903020132,-1.1734159956570498,-1.9549073130157792,-0.9930830995610576,-2.3875298372595166,-0.323965632176364,-1.6905248600869347,6.663776234138935e-05,-4.218280697261175e-05,0.00013197945875617487,0.00020989063852821133,0.3557003427208355,-0.11861647601328826,2.6815916773417916,4.755813430938846
106.2999999999961,-2.404628696365541,-0.3245802440930156,-1.6960807575550756,-1.1638537335109544,-1.9696443766686178,-0.9973655270960036,-2.3897315293699437,-0.34007536887513523,-1.6964528971266186,6.70170127965367e-05,-4.258704652556345e-05,0.00013208408937301233,0.0002099657227603388,0.3513507501679819,-0.08564855069892256,1.2903428422719856,4.523270753892351
106.3499999999961,-2.4066023651331636,-0.34184095115543306,-1.7015081383839625,-1.1542072451667078,-1.9846509509186263,-1.001608287660639,-2.3956458356381276,-0.35717645356760885,-1.703435273829121,6.742670275476553e-05,-4.3004417374080986e-05,0.00013220020136923781,0.0002100410473470305,0.35679264874835404,-0.08485521129271245,4.166548917170734,3.1116242304295296
106.3999999999961,-2.4086660777010023,-0.35909815239780835,-1.7070945804618285,-1.1448647063627357,-1.999349095313134,-1.007574770863049,-2.400161273709853,-0.3733873019756612,-1.7128324185417025,6.779496690976967e-05,-4.3405607606519794e-05,0.00013232272597041533,0.0002101164709051878,0.34832133426749884,-0.11932966404820917,1.0700562731965173,2.7395495746029312
106.4499999999961,-2.4108162860613707,-0.3763192171650267,-1.7128352365875432,-1.135614536585299,-2.0140762232844307,-1.0123611244200066,-2.402475790282664,-0.39050451639088146,-1.7138559197622012,6.816316545712164e-05,-4.380730855524937e-05,0.00013245540228251946,0.00021019317783767293,0.3478243905245109,-0.09572707113915677,2.2355151352269877,2.112311671049851
106.49999999999609,-2.4130643159873557,-0.3935636438178337,-1.7187408480637023,-1.1264870524950976,-2.0287626563792203,-1.0170876976242402,-2.404263888877595,-0.4087725819067646,-1.7149198168312076,6.852489109654799e-05,-4.420661908833168e-05,0.00013258856948532066,0.00021027236551712732,0.3458339714488197,-0.09453146408468309,3.3473524814851197,2.06181158716862
106.54999999999609,-2.415402746907132,-0.4107601504698383,-1.7248047470073624,-1.1173943971910378,-2.0435597969803494,-1.0224971650448462,-2.40615549505917,-0.42433818019995184,-1.7166129079539674,6.889870990413734e-05,-4.461197860399834e-05,0.00013272584552374497,0.0002103536218479397,0.3473513990106533,-0.10818934841212531,2.246861421860308,1.8011369580895134
106.59999999999609,-2.417842639561175,-0.4279457712414043,-1.7310539193329118,-1.1081930658366896,-2.058733577677132,-1.028876038935302,-2.4092002861796473,-0.4413150272921529,-1.7222010218346444,6.931484074242249e-05,-4.503499744482359e-05,0.00013286961669252168,0.00021043493333431176,0.35491361604231303,-0.12757747780912418,1.5054949192348421,1.6833009198982054
106.64999999999608,-2.4203847669918432,-0.4451205515934632,-1.7374617313424143,-1.0992056053017198,-2.073790574205091,-1.0364486170700165,-2.413587874235591,-0.45722033541007895,-1.7346106945634767,6.97117607784997e-05,-4.545095734701949e-05,0.00013301968521908566,0.00021051620968101393,0.35070731996580873,-0.15145156269429844,1.6800568423169318,1.2680737588535351
106.69999999999608,-2.4230277186174263,-0.4622702556139912,-1.7440035510761767,-1.0902927818256343,-2.088973643286026,-1.0434969114650272,-2.417501367362887,-0.4750724004404905,-1.7472006158080697,7.01181232565335e-05,-4.587183962897352e-05,0.00013318385716681755,0.0002105977232840011,0.35211662400209376,-0.14096588790021736,1.1408928860871437,1.5926891334113638
106.74999999999608,-2.425776380855237,-0.47939596005856944,-1.7507144075041168,-1.0815216704525399,-2.1041334925134456,-1.0490619101965981,-2.421113479221617,-0.49262879593318304,-1.7544742340026283,7.051772118286659e-05,-4.629152559694793e-05,0.00013336056817432477,0.0002106812245847852,0.3502880043494928,-0.1112999746314281,0.5871351179151842,1.644793240040099
106.79999999999607,-2.4286360879291236,-0.4965152272577801,-1.757572864993886,-1.0728517325532636,-2.1193395514153255,-1.056147077920679,-2.425053417651846,-0.5097525276328129,-1.7665325463648445,7.091934613024598e-05,-4.6713400707192415e-05,0.0001335461808455371,0.00021076717419591434,0.3500818945549164,-0.14170335448161978,0.8259296740446364,2.1647405369415402
106.84999999999607,-2.4316062778882874,-0.513602752472643,-1.7646219942625372,-1.0643004355127146,-2.1345685722521726,-1.0621664388000767,-2.4276965528308923,-0.5268424109804812,-1.770668272218039,7.131943269555412e-05,-4.713610967337455e-05,0.00013374383369373516,0.0002108553697405512,0.3493128556382184,-0.12038721758796524,2.928696590952883,1.8213813353738864
106.89999999999607,-2.4346913402368866,-0.5306660197011732,-1.7718197810399077,-1.0557105048189503,-2.1501075467868187,-1.0694468751861703,-2.4308538093386534,-0.5439305091179156,-1.7801073909147647,7.175327897371773e-05,-4.757527884694741e-05,0.00013395094808535074,0.00021094644091691842,0.3551045093377357,-0.14560872772188013,1.7154811885614416,2.092621228573377
106.94999999999607,-2.437894376368508,-0.5477098836220663,-1.7791943346602537,-1.0473742397283288,-2.1654716785671524,-1.0778890727295907,-2.4335521682741934,-0.5625596839143908,-1.7842470480221788,7.216086694672772e-05,-4.800399095911147e-05,0.00013416440079403122,0.0002110398698867718,0.3496007298393002,-0.1688439508684169,1.4562578221786868,2.0935684119764053
106.99999999999606,-2.4412155688936132,-0.5647173405702054,-1.7867054914599476,-1.0390908388330236,-2.1810539308284858,-1.0865022821314416,-2.4354066415620923,-0.5803954595679603,-1.7860160697897187,7.259010497986865e-05,-4.84440717045766e-05,0.00013438492001363296,0.0002111360455170726,0.35294375825592456,-0.17226418803702995,3.319149760409992,1.9204938137004646
107.04999999999606,-2.4446622726450067,-0.5817172048084635,-1.7943984956703718,-1.031047598215721,-2.1964834897083927,-1.094025482315839,-2.4402246446435605,-0.5982322700526818,-1.7960503845426221,7.299734144144325e-05,-4.8874778535563864e-05,0.0001346029161837561,0.0002112338255623197,0.3480036981787582,-0.15046400368796123,2.1335372894443294,2.234661538806622
107.09999999999606,-2.4482295328766908,-0.5986713821900789,-1.8022721189504263,-1.0230908392605278,-2.2120478487633033,-1.1024060043701978,-2.444080605915456,-0.6165851561680776,-1.8044022454021094,7.341590035074165e-05,-4.93124761230703e-05,0.00013483344087775046,0.00021133210628785,0.34960610648754714,-0.16761044108718562,2.6455550954123264,2.668045033184576
107.14999999999606,-2.4519263495680796,-0.6156066828169716,-1.810318047251109,-1.015280112875537,-2.227628038420122,-1.109773806018321,-2.4468928273010366,-0.6331132215395705,-1.8066478723179629,7.38321599561987e-05,-4.975066734815261e-05,0.00013507171481526433,0.00021143114140181898,0.348569149801139,-0.14735603296247998,3.4445627965375905,2.3061679263798287
107.19999999999605,-2.4557472349745084,-0.6324899282351831,-1.8184939401377225,-1.0075520436015872,-2.243342609919322,-1.1177232004325255,-2.4513777516354174,-0.6504535628361949,-1.814190168338482,7.42605044309865e-05,-5.019538016505099e-05,0.00013531408848348254,0.00021153085911617667,0.3502413037106481,-0.15898788828410074,2.516169079336374,2.4819230726080983
107.24999999999605,-2.4597046252237282,-0.6493552969508656,-1.826812754810395,-0.9999579072321899,-2.259098780322386,-1.1256158564028231,-2.4539773691872275,-0.6658194780449088,-1.8156160177361493,7.468923648340576e-05,-5.0641420011166585e-05,0.00013556373485426433,0.00021163030512815013,0.34981675265493856,-0.15785311940596836,2.7336089243804964,2.259058804638159
107.29999999999605,-2.4637979770167466,-0.6661893882570364,-1.8353038388433902,-0.9925326449501967,-2.2748499486948184,-1.134946089713715,-2.460687069619377,-0.6825727295867907,-1.8309598127035023,7.511205730471353e-05,-5.108533736854966e-05,0.00013581544703496207,0.00021172872309860094,0.34827347005113546,-0.18660466621785254,3.260857134472468,2.158571708508207
107.34999999999604,-2.468023026758233,-0.6829720481504298,-1.8439416227464902,-0.9851901676159693,-2.290789396004611,-1.1432993948314467,-2.4658079382665625,-0.6989628850044657,-1.8433193739992226,7.555065724877886e-05,-5.153879827057703e-05,0.00013608450929079483,0.00021182654508936004,0.3509870338257622,-0.1670661023546449,3.131885809973148,2.154514729370233
107.39999999999604,-2.4723892179797184,-0.6997206887826547,-1.8527361858014244,-0.9779999360517638,-2.3067679433492945,-1.1525973498667796,-2.472451626679951,-0.714485105865952,-1.8551645263762517,7.598722153706287e-05,-5.199328595059258e-05,0.00013636689184911083,0.0002119242847458096,0.35043722235451036,-0.18595910070666863,1.883903368658797,2.22326351453038
107.44999999999604,-2.476895941325708,-0.7164319647058895,-1.8616576653901649,-0.9709483560557286,-2.3228472073363977,-1.1624105188329898,-2.475819669827364,-0.7318806216854026,-1.8650536493880374,7.642839814389481e-05,-5.2451485646632484e-05,0.00013666115779148585,0.00021202219188093123,0.3511523798137248,-0.19626337932421378,2.5287176185192104,2.2922056227171814
107.49999999999604,-2.4815521492264954,-0.7331214369592216,-1.8707731949584823,-0.9641200863616745,-2.3388112536913037,-1.1708240928057287,-2.4811706619536302,-0.747263297188839,-1.8742227944130827,7.685125628732726e-05,-5.2902048613079466e-05,0.00013696064036919264,0.0002121220522402072,0.3472623339526109,-0.16827147945478804,0.7995871325025932,2.0217152585995484
107.54999999999603,-2.486351273029097,-0.7497579389036433,-1.880035069611186,-0.957433786783278,-2.3548648172183273,-1.1814713843024531,-2.4851777833179844,-0.7624544950788273,-1.8788837593617624,7.727801775737923e-05,-5.335602720368208e-05,0.00013727050025142196,0.0002122226255542138,0.3478082005933103,-0.2129458299344993,2.1492062444843953,1.4247260288435175
107.59999999999603,-2.4912914606867256,-0.7663277161355458,-1.8894579983820246,-0.9509921255900262,-2.3708156951324635,-1.192490281244555,-2.4902174611912824,-0.7796684499272691,-1.8903877279194938,7.76870895839381e-05,-5.3801068065843294e-05,0.00013757968362010213,0.00021232371270964764,0.344051449265953,-0.22037793884205087,1.6887827836511846,1.6247910595911517
107.64999999999603,-2.496383252953118,-0.7828503766527896,-1.8990365469722277,-0.944580985139491,-2.3871514539031096,-1.2011224132214668,-2.494722270680843,-0.7964288698695756,-1.8954011760349005,7.81346576795692e-05,-5.4269069023703675e-05,0.00013790789031493036,0.00021242596186404227,0.3509767221710014,-0.17264263953824785,2.2981779626709784,1.5972938638821335
107.69999999999602,-2.5016242974475813,-0.7993257268136518,-1.9087935560615743,-0.9382670095706364,-2.4036557809884056,-1.2096975898410198,-2.502314343835249,-0.8137129659183157,-1.9068963580649911,7.85971270478172e-05,-5.4746876767832795e-05,0.00013824496459063402,0.0002125284056991114,0.3534181735521379,-0.17150353239107108,1.3743594086573352,2.2314696882356424
107.74999999999602,-2.507025110355124,-0.8157623409911743,-1.9187047304530829,-0.9321240164164276,-2.420133882383318,-1.2182186318855108,-2.5080528008764578,-0.8299785219770985,-1.9167847928586168,7.905163259116672e-05,-5.522232039518992e-05,0.00013859073552820403,0.0002126303631247602,0.35171924129286886,-0.17042084088982817,1.306210565809294,2.2654285347652365
107.79999999999602,-2.512580964991557,-0.8321399526855238,-1.928744031385001,-0.9260808876937415,-2.436809091121445,-1.2280133162638895,-2.5155121925234867,-0.8460813905816139,-1.928309504773227,7.952235805956408e-05,-5.5709513142886274e-05,0.00013895222618120608,0.00021273229113635264,0.3547306055051812,-0.19589368756758618,2.090253025386204,2.685528124126164
107.84999999999602,-2.5182879361720145,-0.848447976814571,-1.9389644978278464,-0.9202870119561132,-2.453317151276591,-1.2384974206614783,-2.5221804284888183,-0.86329664282167,-1.9354882102544326,7.996787130132585e-05,-5.618411048093597e-05,0.00013931735324304993,0.0002128335554651056,0.34990733048211564,-0.2096820879517873,2.066304454996751,3.4488740122935075
107.89999999999601,-2.524166147795318,-0.8647138487349129,-1.9493135505097368,-0.9146292813185949,-2.469974174372655,-1.2482271554924889,-2.5282824867869227,-0.8794242488066168,-1.9399302117934876,8.042513300855929e-05,-5.666723705511503e-05,0.00013969197009475453,0.00021293501355904037,0.3518344927799606,-0.1945946966202244,3.130973255683458,4.057995963765173
107.94999999999601,-2.530192509122521,-0.8808946389362371,-1.9597913596842134,-0.9091715061412818,-2.486595422685532,-1.2588273071956084,-2.53363155412929,-0.8947613739971892,-1.951639234409783,8.087378112356036e-05,-5.71463327452202e-05,0.00014006781463092412,0.00021303582534653966,0.3498891659601546,-0.21200303406240256,1.4984193449712682,3.3454470600011676
107.999999999996,-2.53638172509549,-0.8970261371388097,-1.9704086348062753,-0.9038625884179713,-2.5033725196795418,-1.2698276610327122,-2.5382077380172814,-0.9119713227976031,-1.9587308147254907,8.133330521672703e-05,-5.763396862466121e-05,0.0001404574364954127,0.000213136746553545,0.35194244615826403,-0.22000707674208828,1.9392028185877503,3.51714624958819
108.049999999996,-2.542734707138857,-0.9130836631782182,-1.981176125477323,-0.8987644700161048,-2.5200979593317077,-1.2800333773022872,-2.546147181293248,-0.9279367537836122,-1.9673832792733679,8.17830800237676e-05,-5.811746724491775e-05,0.0001408498293445306,0.00021323779770307603,0.34970490215172895,-0.20411432539151123,1.4396285370627733,4.45183609309118
108.099999999996,-2.5492595014234674,-0.9290775430527409,-1.9920722988386275,-0.8937953038553241,-2.53699426378409,-1.2894929057582227,-2.5526534661322393,-0.9436492338859934,-1.981867786334698,8.224634560184517e-05,-5.861086040343534e-05,0.0001412540137504751,0.00021333726348361995,0.35223857225040284,-0.18919056911872326,1.543337946597807,3.7969853887231233
108.149999999996,-2.5559445868084985,-0.944977750383934,-2.0031179383016506,-0.8890788443018965,-2.553663394398744,-1.3006233565563945,-2.5595084791933886,-0.9589904500690376,-1.991936631908354,8.267890281885608e-05,-5.9087682644771506e-05,0.0001416614203192332,0.00021343596102821455,0.34647251229680914,-0.2226090159634464,0.6137711763699323,3.8117095419590603
108.199999999996,-2.5628104563698693,-0.9608223381683532,-2.014319125707878,-0.8844899897540182,-2.570606745011494,-1.3119891861397956,-2.568645693778669,-0.9745131553856028,-2.005625345727635,8.31346286373789e-05,-5.958174431985976e-05,0.00014208789697924985,0.0002135339609344239,0.351077218396928,-0.2273165916680373,2.0510214180430046,4.373076923849515
108.24999999999599,-2.569848690561456,-0.9765871081045481,-2.0256652114329037,-0.8800960663632725,-2.587542901018933,-1.321915792463418,-2.574940584897571,-0.9894805487638636,-2.014413481760229,8.358325418417503e-05,-6.007333869023468e-05,0.00014252267816013727,0.00021363093714291622,0.34993854142702296,-0.19853212647245594,3.203209834066892,4.1129833500866475
108.29999999999599,-2.577062098479098,-0.9922732603909106,-2.037179186318752,-0.8758770701967746,-2.604516019612594,-1.3324135270543094,-2.583018719147375,-1.0062925678690233,-2.0241106686035377,8.403081721928147e-05,-6.0566311011205805e-05,0.00014296550703213418,0.00021372764316687667,0.34979393510139434,-0.20995469181784193,1.2787088152910278,5.209929821253847
108.34999999999599,-2.584438573727442,-1.0078628783091872,-2.0488969879429795,-0.8718293337345856,-2.6215857946046106,-1.3435222104687077,-2.5893323952931167,-1.020860510448125,-2.0394250367600923,8.448382074640434e-05,-6.106490605837723e-05,0.00014341869313169917,0.00021382376781530458,0.3508643918387496,-0.22217366828797866,3.5868155739509335,3.7883819617326857
108.39999999999598,-2.592005173052078,-1.0233901117481112,-2.060758160586867,-0.8679903389807337,-2.638675977244727,-1.3561429458807297,-2.5970144957230428,-1.0358470120685133,-2.0569018879110836,8.493171541568976e-05,-6.156352358012729e-05,0.00014388494111491654,0.00021392029178335942,0.35032344821422134,-0.2524147082404542,1.665346638213195,3.1015037508673746
108.44999999999598,-2.5997313047278645,-1.038786487490836,-2.0727410811563978,-0.8643666861170807,-2.655748927878041,-1.367166412860607,-2.6069394291393055,-1.0492528302821498,-2.071452217004708,8.537009252253957e-05,-6.205941728926068e-05,0.0001443635084477244,0.00021401644321029223,0.34906709274395537,-0.220469339597557,7.436469163674179,3.222254204240707
108.49999999999598,-2.6076476166927742,-1.0541108200714258,-2.084857582608078,-0.8608846802353217,-2.673161935130599,-1.3797008955415868,-2.6183953179782664,-1.0629993463426672,-2.088432158586419,8.583415574006633e-05,-6.257815097171108e-05,0.00014487217422438944,0.00021411231374722067,0.3551570442541645,-0.25068965361961065,4.494929479294675,4.187618969453645
108.54999999999598,-2.6157453914718736,-1.0693451071824007,-2.0971613514103713,-0.85764595491126,-2.6904291295290905,-1.3910698263184296,-2.626795993223115,-1.0785715845930375,-2.1016259865049762,8.627479926050585e-05,-6.30840659150665e-05,0.00014538579369573464,0.0002142072475839552,0.3513679943168577,-0.22737861553686772,1.371784512822897,4.441030891900401
108.59999999999597,-2.624031006164827,-1.0844850094799166,-2.109566372415349,-0.8546251828813455,-2.7076307075479815,-1.4028475407041388,-2.6347473256983642,-1.093410069291421,-2.111898031571701,8.67032343192087e-05,-6.35842629185898e-05,0.0001459052239026245,0.0002143028774772978,0.34929808239182253,-0.2355542877141953,0.7328926206912203,4.214365831376502
108.64999999999597,-2.632489200566862,-1.099504665201201,-2.1221076315984444,-0.8518127950354354,-2.7248128917609016,-1.414261550358284,-2.644389587853428,-1.1078242819455746,-2.127477000265098,8.712507406062236e-05,-6.408212918682019e-05,0.00014643052469088568,0.0002143986777269301,0.34821847785059723,-0.22828019308291983,1.933116929683966,4.563058541476503
108.69999999999597,-2.6411250151250174,-1.1144145732145412,-2.134755745129966,-0.8491802685810493,-2.742109159853664,-1.4252455311108543,-2.653989813971942,-1.12287917833623,-2.1356827418970834,8.755104646594917e-05,-6.45871555259966e-05,0.00014697327237750199,0.00021449366081825201,0.3499109389109567,-0.21967961505141495,1.0690160805185063,5.3053109173795265
108.74999999999596,-2.6499458813606505,-1.129229433546328,-2.147597765262356,-0.8467735737698524,-2.7592810874095903,-1.4378553967353587,-2.6615095978916523,-1.1367417055835696,-2.142470922961871,8.796099295626533e-05,-6.508179706822957e-05,0.00014751430424030202,0.00021458756294662584,0.34679749710261265,-0.2521973124901043,1.5575725945853902,4.772671997225102
108.79999999999596,-2.6589563305192216,-1.1439377060248952,-2.1605893249634693,-0.844585958793911,-2.776493254342476,-1.4508988398833274,-2.671496541582269,-1.1501608153872405,-2.1552357508305198,8.837108223155488e-05,-6.557829741468075e-05,0.00014806173507929545,0.00021468039139358288,0.3470150532391541,-0.2608688629593864,1.5107094650594584,4.958623460000173
108.84999999999596,-2.6681436143117496,-1.1585063955160226,-2.173697415042982,-0.8425774173328734,-2.7941364615376223,-1.4639854422779586,-2.6802137820454077,-1.163941965336744,-2.164200408660558,8.881532783424195e-05,-6.610580845076188e-05,0.00014864334203322046,0.00021477261735092628,0.3551458849809387,-0.26173204789263743,2.011126814768679,5.070494796680663
108.89999999999596,-2.677510870126665,-1.17295198380121,-2.1868910940147623,-0.8408570251466317,-2.8114485740306505,-1.4795074912988897,-2.689148713444246,-1.1781993245224867,-2.1797283599528368,8.922395214744967e-05,-6.660732273707228e-05,0.0001492120421338759,0.00021486356182854726,0.34795118350517873,-0.31044098041863843,3.2614172409838784,4.387039407121593
108.94999999999595,-2.6870799531521654,-1.187296668164448,-2.2002353015407925,-0.8393746459932945,-2.828806520999057,-1.491697379606699,-2.6984457033246194,-1.190498632920098,-2.196959430210905,8.963115542537976e-05,-6.711127128504688e-05,0.00014979270223306469,0.00021495286042708957,0.3484247574797157,-0.24379776615619797,3.18174634014395,3.263267003237979
108.99999999999595,-2.6968100017306877,-1.201492556510383,-2.213707483315659,-0.8381256039538401,-2.8461917585474388,-1.5064517798500763,-2.707363457993562,-1.2062401697667307,-2.210052451492546,9.003291456716348e-05,-6.761569976111756e-05,0.00015038760382072019,0.00021504110863795612,0.34860413196268686,-0.2950880048675606,2.6731921773955643,3.2590490070989655
109.04999999999595,-2.706735167462026,-1.2155576153272047,-2.227325383710228,-0.8371277517930447,-2.863473126581117,-1.519785955232219,-2.716193327974976,-1.2200639380094125,-2.2223490173438774,9.042170805240563e-05,-6.811228443041341e-05,0.00015098402658507095,0.00021512792186116918,0.3462056208568356,-0.26668350764287196,2.4780666004387166,2.8234292831067895
109.09999999999594,-2.716859738518994,-1.2295047826336134,-2.2410726510451333,-0.8363466995044907,-2.881096492963744,-1.5332264014653754,-2.7289937032030824,-1.232267430382094,-2.236606029627217,9.08360572737442e-05,-6.863547669320415e-05,0.00015161317709085995,0.00021521457633217264,0.35281596903453266,-0.26880892466314205,3.8938715867223883,3.632437154269187
109.14999999999594,-2.7271536579862605,-1.2432718592941896,-2.254966127936802,-0.835813613775403,-2.8985496575535086,-1.5472976656086828,-2.7392727228112745,-1.24607452500664,-2.253142135084145,9.122816067520661e-05,-6.914360555216378e-05,0.00015224108777518576,0.00021529801444046428,0.3492289595417825,-0.28142528286616536,2.1566687026532185,3.360456826735086
109.19999999999594,-2.7376269023303506,-1.2569100587506803,-2.2689928104236396,-0.8355209859025472,-2.9162316891798845,-1.561199112118024,-2.749801052769671,-1.2596825322099854,-2.263815558691875,9.163359565458743e-05,-6.966971302487433e-05,0.00015289788790849956,0.00021538111252102947,0.3536919054643353,-0.27802893018683994,1.171739789187227,3.707873691542412
109.24999999999594,-2.7482836208918666,-1.2704230179911469,-2.283161172107065,-0.8354760950583899,-2.9337409755636856,-1.5752658915134037,-2.7621555198200713,-1.273664567191475,-2.27616719469785,9.202046588507869e-05,-7.018233899287893e-05,0.00015355070227041426,0.00021546251005206027,0.3501897658234003,-0.28133558790760993,1.7667848335832923,4.96908644042193
109.29999999999593,-2.7591087316790652,-1.2837554480158904,-2.2974536916027644,-0.8356766681883468,-2.9511079999931664,-1.5894238923789656,-2.772549423031367,-1.2856737232254891,-2.2874904259005797,9.23910214100753e-05,-7.068356106232468e-05,0.00015420207865521687,0.00021554082953736755,0.34736655337815814,-0.28316001731125395,2.331004072611694,4.869630403223355
109.34999999999593,-2.770150582797783,-1.2969647600308845,-2.3118731275429942,-0.8361282900876126,-2.9686038431022053,-1.603783493796601,-2.7845382011330475,-1.2997877029675606,-2.3030980693008463,9.276793753056735e-05,-7.119496843841726e-05,0.00015487240930855107,0.0002156170052193888,0.3500364277294619,-0.28719202835272317,1.6779710306642823,5.401092355415776
109.39999999999593,-2.7813574048854894,-1.3099935103863891,-2.326416883931809,-0.8368349182335992,-2.9861344478466334,-1.6183820583962898,-2.798769957267349,-1.3118751693774444,-2.3246025277670617,9.314190829393892e-05,-7.170969045577578e-05,0.00015555856054083562,0.00021569087114611468,0.3508999247419999,-0.29197129199379435,1.525573180565775,6.081874741283246
109.44999999999592,-2.792769931117888,-1.3228825236162645,-2.3410902416663335,-0.8377991022937203,-3.003560758482871,-1.6337563086164986,-2.811267166607489,-1.323608749258915,-2.3413965101968146,9.349744140170839e-05,-7.221507246985944e-05,0.00015625343076247002,0.00021576174672422612,0.34906271830572916,-0.30748500440419474,0.4045440551573292,6.246215091288492
109.49999999999592,-2.804348020227991,-1.3355841399624795,-2.3558822377607025,-0.8390310653951056,-3.0210696929071075,-1.648328738071316,-2.823921195860169,-1.3357491981679444,-2.3575284295307255,9.385241035786566e-05,-7.272696174128548e-05,0.00015696897516447977,0.00021583077626982267,0.3510475578614112,-0.2914485890963663,1.6460729984560456,6.685008827353094
109.54999999999592,-2.816107034968092,-1.3481127862993463,-2.370792316538304,-0.8405115602407812,-3.038607945039875,-1.6616949726985735,-2.8358081504282655,-1.3489702768489884,-2.3700066933442243,9.420341096017848e-05,-7.324124331220322e-05,0.0001576996993037667,0.0002158983073813003,0.3520152070262979,-0.2673246925451623,1.5371627824265865,7.176074778807709
109.59999999999592,-2.8280555147014557,-1.3604727947560518,-2.385860188345705,-0.8422330119915309,-3.0561488484399955,-1.675549730657898,-2.849458194382986,-1.3604584823263686,-2.383119850912607,9.455080900767945e-05,-7.375694925976155e-05,0.0001584421508810736,0.00021596464107696896,0.352506259481827,-0.2770951591865043,0.6128773862330855,8.36668147223273
109.64999999999591,-2.8401789530004438,-1.3726502478972824,-2.4010501725741564,-0.8442032344749741,-3.073589947526238,-1.691017900460136,-2.8618383483469847,-1.372610629860913,-2.3965313253484437,9.488549634047696e-05,-7.426475534037345e-05,0.00015918754884677554,0.000216028512970514,0.3510440750846643,-0.3093633960447803,2.240695501187999,8.772797118736102
109.69999999999591,-2.8524896526183983,-1.3846458905295929,-2.4163633227596626,-0.846424631488644,-3.0909543312682586,-1.7050492515618116,-2.874006068022045,-1.384932499816301,-2.4100674025203648,9.521062383406389e-05,-7.476742524086566e-05,0.00015993788211575598,0.0002160896656211566,0.3501208107954549,-0.28062702203352685,2.0664885276282456,9.003368380218893
109.74999999999591,-2.864967806801644,-1.3964477698982767,-2.4317543538265345,-0.8489128473312264,-3.108420162407478,-1.719562832070526,-2.886249291365341,-1.396588551434237,-2.427163021645096,9.553897641885624e-05,-7.527953120200054e-05,0.00016070949218956993,0.00021614931953046159,0.3528466743717157,-0.29027161017430414,3.931366749734363,8.48254694569199
109.7999999999959,-2.877645688165704,-1.4080816238402825,-2.4472742526553204,-0.851634201032786,-3.1256968509079175,-1.7344943522284246,-2.900003163503031,-1.407438138708879,-2.4436110828441864,9.584737623204642e-05,-7.577706480735812e-05,0.0001614785812637028,0.00021620618885733275,0.34979732117751094,-0.2986304031579875,0.6825072612600581,8.915588860578035
109.8499999999959,-2.8904663249753666,-1.4194886486390044,-2.4629276453419693,-0.8546145270856469,-3.1429167366322734,-1.7498521805862675,-2.9129030380261938,-1.4198160424558894,-2.454067128118987,9.614556321542498e-05,-7.627060216066245e-05,0.00016225669207085229,0.00021625984117018527,0.34952127869786276,-0.3071565671568735,1.0089538550696526,10.087061408516611
109.8999999999959,-2.9034842975978723,-1.4306975682702259,-2.478746304829691,-0.8578656245013122,-3.1601063671785092,-1.765587261487115,-2.9256033661910923,-1.429608167475972,-2.473687275080702,9.644030405294807e-05,-7.676403919260863e-05,0.0001630430743044733,0.00021631081652723718,0.34989103875938676,-0.31470161801697144,1.990891590886814,8.730563154066052
109.9499999999959,-2.9166806884366467,-1.4417174218049174,-2.4946502534142816,-0.8613454788355086,-3.1770158455229076,-1.78192461802099,-2.9398388040144012,-1.4395370709866284,-2.4889041220773835,9.670820373618971e-05,-7.723512539880008e-05,0.00016381862151128965,0.00021635799049700858,0.3452804502355925,-0.32674713067751593,1.5135123850296912,9.297344533267808
109.9999999999959,-2.9300239809508497,-1.452528841057132,-2.5106435194170307,-0.8651745100132466,-3.194219554213822,-1.7976688941246777,-2.9556398222371634,-1.4491578996338936,-2.511441138611222,9.698962133837533e-05,-7.773220872154045e-05,0.00016464187892390608,0.0002164028665057019,0.35249708604777485,-0.31488552207377307,1.9426406276555506,10.07008987715267
110.04999999999589,-2.943524526678502,-1.4631120812671496,-2.5267678065880506,-0.8692725910119408,-3.211265196977427,-1.8158042986465777,-2.969146009116813,-1.4597424393935368,-2.5275076485791934,9.724938339054738e-05,-7.821634002999538e-05,0.0001654695193395065,0.00021644447542029226,0.350631789177763,-0.3627080904380226,1.4705866523852944,10.056752190997349
110.09999999999589,-2.9572083228405694,-1.4734808777512867,-2.5430829945782625,-0.8737222703187542,-3.2284422846926875,-1.832739428857829,-2.9821636331319574,-1.4701689316562414,-2.547207465724009,9.751254168090072e-05,-7.871386930246766e-05,0.0001663292606467486,0.00021648471463972473,0.3548856228961084,-0.338702604225045,2.405569041953627,9.268754698049104
110.14999999999588,-2.9710559052411054,-1.4836289435252006,-2.5594958843478817,-0.8784002170058001,-3.2453017216923223,-1.8501708699470223,-2.9937374154320016,-1.4800323708112317,-2.5610731009564582,9.774939703283848e-05,-7.918710918347334e-05,0.0001671722461674623,0.0002165223429372565,0.349932309288608,-0.3486288217838891,2.7707089203605317,7.609601812362164
110.19999999999588,-2.9850582790805396,-1.493546717326669,-2.5759943362300115,-0.883380235161334,-3.262174827575636,-1.865415835398197,-3.008073558104766,-1.4916385312144471,-2.5721491620363635,9.798501771329644e-05,-7.966490750438668e-05,0.00016803308348913465,0.0002165582313196395,0.3518569466744094,-0.3048993090235155,1.0761322192035745,8.838016855862849
110.24999999999588,-2.9992177988323805,-1.5032475022378962,-2.5926127801655157,-0.8886640663482446,-3.2790426319366714,-1.8833118901136419,-3.022206025259352,-1.5012698494363728,-2.5856503703650167,9.821857802097748e-05,-8.014596288032793e-05,0.00016890981297748225,0.00021659111940868392,0.3535251249255706,-0.35792109430891705,1.7569602895942236,9.199850738916881
110.29999999999588,-3.0135320549924365,-1.5127056689515563,-2.609336960668955,-0.8941367265555155,-3.2955102162843968,-1.8999740057053787,-3.0372379997059937,-1.5099090742651224,-2.603249928227607,9.842740460767135e-05,-8.05982335093198e-05,0.0001697573546415999,0.00021661983023505942,0.3470667433892549,-0.33324231183475655,1.6549464092018065,9.365391371782636
110.34999999999587,-3.027990991294238,-1.5219192661626353,-2.626173946072214,-0.899879274977577,-3.311838277731357,-1.9179922767291295,-3.051389523356223,-1.5188053006627638,-2.6212197210725567,9.86219321034788e-05,-8.10416256220954e-05,0.00017060872907310987,0.00021664397653184,0.3461736895159001,-0.3603654204750366,2.8612526014765045,8.851491652388777
110.39999999999587,-3.0426130676261205,-1.5308987371677616,-2.643112481076123,-0.9060174644426471,-3.3283480568018446,-1.935509283587744,-3.0658594222815703,-1.527556119610571,-2.642068945047202,9.881995082773896e-05,-8.150301821660641e-05,0.0001715047335811608,0.00021666535723986508,0.35228290235382576,-0.35034013717231355,1.4131589693973907,8.223204350825998
110.44999999999587,-3.0573770020921485,-1.5396320608403442,-2.66018857574504,-0.9123645200213581,-3.3445399848168806,-1.9532457923437692,-3.081168638094743,-1.533607541837204,-2.6674860312100543,9.899280997968271e-05,-8.194084718391782e-05,0.00017238398947968975,0.00021668271174383,0.3478341999671503,-0.35473017512052185,4.6717041331282365,7.505731183220849
110.49999999999586,-3.072280164856587,-1.5481116434286732,-2.677378216081632,-0.9190001934282591,-3.3606475454179314,-1.9698951812060734,-3.09552365439297,-1.5428903423379878,-2.678786239304729,9.91482151068493e-05,-8.237228214296618e-05,0.00017327818230204378,0.0002166962869211602,0.34842082644418243,-0.3329877772461037,2.623713630094148,7.515776259305728
110.54999999999586,-3.08732688001935,-1.5563332997473582,-2.6946627805844257,-0.9258777602506751,-3.3765434117747106,-1.9883855768699514,-3.111830453475025,-1.5501559571843166,-2.6924336079565023,9.929279434956963e-05,-8.279220665909282e-05,0.00017416626088802157,0.000216705964344361,0.34640325608142714,-0.3698079132775793,1.6955886237733933,8.481113023088632
110.59999999999586,-3.102499284336438,-1.564290047576205,-2.712058239632829,-0.9331186624205741,-3.392493836060702,-2.0054963826369714,-3.127835405474814,-1.5567434209853974,-2.713584464947191,9.943659034943351e-05,-8.322060552188915e-05,0.0001750852336633392,0.0002167120069038312,0.3503450789073788,-0.3422161153404218,1.4912836478002627,8.434531939276889
110.64999999999586,-3.1178226161217446,-1.5720002430266882,-2.729547901282832,-0.9405980839587217,-3.4082469618730937,-2.022649708707926,-3.142837258260745,-1.5640825063126182,-2.7262492842245716,9.956121330793e-05,-8.363480808151142e-05,0.00017600279412001706,0.00021671407579703858,0.34877510004498696,-0.3430665214191115,1.6750897813603114,8.542893686561213
110.69999999999585,-3.133272762974754,-1.5794377433788438,-2.7471324321769925,-0.9484387864563281,-3.424041331647891,-2.0405082075686707,-3.158448425200499,-1.5708522345045206,-2.7459179411986496,9.968496602112628e-05,-8.405715847957462e-05,0.00017695136456373535,0.0002167136821031156,0.35267378481585493,-0.35716997721491683,1.0610254256150686,8.280766471914902
110.74999999999585,-3.1488290531070384,-1.5866068583240138,-2.7648064234673106,-0.9565249712444316,-3.4396283996199672,-2.05819390073332,-3.1739964670227585,-1.5774749491363655,-2.769072488752503,9.979134468109743e-05,-8.446624825734297e-05,0.00017789887978524532,0.00021671014165944335,0.3511985817611254,-0.35371386329300464,3.3833695846556835,7.795475558301592
110.79999999999585,-3.1645227497116624,-1.5935069243244036,-2.7825873484922563,-0.9648185128426788,-3.4549637407795966,-2.07492272023301,-3.1894858602415037,-1.5842570303248065,-2.78221864056978,9.987651651722944e-05,-8.48572998874348e-05,0.00017883741654441915,0.0002167025215801722,0.34869046984712043,-0.33457638999381917,1.8245216511509306,7.892188734956775
110.84999999999584,-3.1803265801391176,-1.6001205945250234,-2.800475090419052,-0.9733966256850456,-3.4701980976530713,-2.0923249556369026,-3.2072305854220864,-1.5913211884108114,-2.8021171798704994,9.995473824721907e-05,-8.524521209920281e-05,0.00017978771966053393,0.00021669097937318386,0.34967262599667576,-0.3480447080778669,2.2437362827956195,9.274572896744429
110.89999999999584,-3.1962439235013944,-1.6064502992125245,-2.818470682751607,-0.9823850631348677,-3.4854938435208753,-2.1118354854276,-3.222112822617525,-1.5964780144565018,-2.8180595019769563,0.00010002459582833919,-8.564007934624378e-05,0.00018077945699454436,0.00021667579674612862,0.35483057033203963,-0.390210595813969,2.807140210422107,8.377444733087934
110.94999999999584,-3.212262197339508,-1.612500768494634,-2.836587250809031,-0.9915423329636995,-3.5004006259047364,-2.1314962353661553,-3.237583526011237,-1.6003231274257264,-2.841899884516218,0.0001000759319213331,-8.601084290464968e-05,0.00018174325424414762,0.00021665748891510896,0.34990147815097555,-0.39321499877112936,1.715647492423241,7.2863845733801575
110.99999999999584,-3.2283944317047313,-1.6182614924981071,-2.8548112677343047,-1.0009326939254555,-3.515048230278188,-2.1502616322606922,-3.253603859507513,-1.6042244834942272,-2.8610961265738006,0.00010010578043424017,-8.636392584191503e-05,0.00018270030199004573,0.00021663489478419642,0.3479885496274707,-0.3753079378907609,2.9969976454040825,6.913345425778683
111.04999999999583,-3.2446164738435046,-1.623728820289849,-2.8731264709752127,-1.0106467677506108,-3.5296271192691178,-2.1668436596999516,-3.269934952317243,-1.6072797488442168,-2.88293526689814,0.00010012451620406705,-8.67147216669156e-05,0.00018368081470513439,0.00021660895864453365,0.3503793755048058,-0.3316405487852043,1.5928861654666342,6.686542528489002
111.09999999999583,-3.2609494902958778,-1.6289008267386709,-2.8914595967614347,-1.0204937993941126,-3.543864336305328,-2.184935590047823,-3.2868608455367676,-1.610517820733893,-2.9026222931620107,0.00010012015270230501,-8.704140812358097e-05,0.0001846386974425383,0.00021657838384770355,0.346219904105833,-0.36183860695744713,2.2150839610788173,6.885687462774566
111.14999999999583,-3.2773590073886174,-1.6337720805669462,-2.909885771518673,-1.0306508632701794,-3.5579848357025297,-2.2037984501887196,-3.301718915440581,-1.6157557708913273,-2.9178188442239916,0.00010010214365740016,-8.736106205280784e-05,0.0001856108933168165,0.00021654280180562104,0.34788700515934723,-0.3772572028179542,1.758342446611048,6.0268894608873245
111.19999999999582,-3.293878181321221,-1.6383446182089685,-2.9284357411693325,-1.0412189568844508,-3.572108029531308,-2.2225921072809562,-3.3172464963550343,-1.6206277955083497,-2.932261874623569,0.0001000794337489112,-8.768598122391229e-05,0.00018662210249369732,0.00021650402475263366,0.35279363085262505,-0.3758731418447552,1.629934410246603,5.631632409757452
111.24999999999582,-3.3104585964990534,-1.6426218081461819,-2.9470691544878593,-1.0520115605860472,-3.585994330373308,-2.240382008307445,-3.333642217851249,-1.6247403927440502,-2.950760777416832,0.00010004761429122895,-8.799941713631386e-05,0.00018762760097740472,0.00021646175139523866,0.3517486622033747,-0.3557980205297883,0.7114305411405257,5.535100727726246
111.29999999999582,-3.327100467303424,-1.6465918520072613,-2.9658076561159135,-1.0630128176828004,-3.5996124345544365,-2.260217702248283,-3.3501885201387362,-1.6265824305250312,-2.977012917677563,9.99999945296195e-05,-8.829734287355729e-05,0.00018862490282909355,0.0002164156383179883,0.350137383461298,-0.3967138788167828,3.3655465188992424,5.364703382387319
111.34999999999582,-3.3438126394214103,-1.6502572364130568,-2.984658166684516,-1.0742053073547022,-3.6129155625587908,-2.28026802396833,-3.3665996465503416,-1.6301511229074246,-2.9921742571492516,9.992856907329639e-05,-8.857389963886776e-05,0.0001896079914909385,0.0002163648076704943,0.34770974421559053,-0.40100643440096345,1.4475072147029255,5.2023566963970325
111.39999999999581,-3.360604547760763,-1.6536114994118147,-3.0036129771290785,-1.0856869004995429,-3.626029986108898,-2.2995435502684085,-3.3835159375966923,-1.6325389921494482,-3.013704703462528,9.984885711764307e-05,-8.88432022071011e-05,0.00019059914180467492,0.00021630949998904103,0.3486112408636305,-0.385510526001591,1.0067560407416325,5.270774432199865
111.44999999999581,-3.3774377453342295,-1.6566519680425134,-3.0226551766923393,-1.0975427862952094,-3.6390622224552636,-2.318384649588405,-3.401827473348653,-1.6343245702311144,-3.0299238858340267,9.975417002762979e-05,-8.910800652176891e-05,0.00019162224979473843,0.00021625045444130866,0.3523693486768167,-0.3768219863999508,1.3205710266396997,5.984207960755599
111.49999999999581,-3.3943313124350163,-1.6593519618638648,-3.041807350289691,-1.1095784757114011,-3.6517705356875276,-2.339651102292221,-3.420106386364741,-1.6357205879517853,-3.0528155769411307,9.964567567868326e-05,-8.935608384815519e-05,0.00019263143742529726,0.00021618769649420864,0.35006890259298623,-0.4253290540763474,5.715379092948576,6.682911345328723
111.5499999999958,-3.411242255167553,-1.6617595111244416,-3.061058977696303,-1.1218693126723402,-3.6642299649182455,-2.3591146175586224,-3.4380049662278793,-1.6364318269151696,-3.0755361368803524,9.951966545213142e-05,-8.958898973554654e-05,0.00019364041110252154,0.00021611998620529795,0.35003526667988905,-0.3892703053280511,1.6834435136717998,7.323742826039935
111.5999999999958,-3.428220014925967,-1.6638429110331803,-3.080378059003463,-1.1343086864625804,-3.6763620629510596,-2.378283832620903,-3.4566204310333464,-1.6377209415541178,-3.0964761423065776,9.937477786518702e-05,-8.98017459132503e-05,0.0001946318346852064,0.00021604763508342977,0.3475255780991697,-0.3833843012456374,0.9443219624951806,8.322518973756948
111.6499999999958,-3.445235639411385,-1.6655995018183334,-3.099775964698835,-1.1471415585396965,-3.6884146429031093,-2.396795313732285,-3.474406346535265,-1.6394424592743952,-3.114618600138061,9.921542028635028e-05,-9.000877466686521e-05,0.00019565861468207494,0.00021597070430100492,0.35211142573362153,-0.3702296222276644,0.8054429977498453,8.721019770082084
111.6999999999958,-3.4622587066801627,-1.6670226010765163,-3.1192426712081573,-1.1604076436984696,-3.7004024796614385,-2.4167390231011368,-3.491931816785253,-1.6403881566430463,-3.128546234307678,9.904376921573666e-05,-9.02116593425178e-05,0.00019672731195347906,0.00021589010913419693,0.35760751807963376,-0.39887418737705804,1.5099713203899674,8.891809546987291
111.7499999999958,-3.4793232560587035,-1.6681137753472217,-3.1388208805020863,-1.1735636702717107,-3.7118390769770984,-2.4352556985876834,-3.5082939232529995,-1.6426848382062245,3.134347154777963,9.886530971673153e-05,-9.038879528320659e-05,0.00019772392762172628,0.00021580524084642276,0.34864622525180894,-0.3703335097309534,2.230854299641796,8.505968322368586
111.79999999999579,-3.4964060586934465,-1.6688704573145412,3.124718562095148,-1.187026850883407,-3.7230822909605936,-2.456359831929105,-3.5260315999266014,-1.6402723439358489,3.1104501859122653,9.867200585267848e-05,-9.055520733128802e-05,0.00019873636152355632,0.0002157164016141197,0.35081534304773265,-0.42208266682845397,1.5909131659856084,9.01305143882422
111.84999999999579,-3.5134936173355,-1.6693041277529646,3.1049420827623653,-1.2008582134083414,-3.7341524964429706,-2.476892641489883,-3.544445779546191,-1.6391317746769456,3.0941684578806754,9.845862790781587e-05,-9.07084903724451e-05,0.00019977586082659828,0.00021562449550794154,0.3543258758047017,-0.41065619121558095,1.705683040245702,9.755375262979475
111.89999999999579,-3.5306062728237158,-1.6694071804967485,3.0851218227414465,-1.2149041642424174,-3.7449422374162666,-2.4962293246123113,-3.561521239433426,-1.6384665206340783,3.069863229356903,9.823592455062338e-05,-9.084848756649297e-05,0.00020081224414268857,0.00021552912340284852,0.3542411721260032,-0.3867336624485924,1.6719308298525857,9.9080440051329
111.94999999999578,-3.547708339592392,-1.6691719474001452,3.0653280884227496,-1.2289599659546624,-3.7552977458706724,-2.5170314483387615,-3.5778905707357667,-1.6367752313477435,3.0493220075283514,9.799499672729401e-05,-9.09641634738463e-05,0.00020180563164248002,0.00021542960019173732,0.34917795390748413,-0.41604247452902693,3.455029441213593,9.606375786964438
111.99999999999578,-3.5648003819463256,-1.6685972284681185,3.0454294668180744,-1.2434039444957594,-3.7654982781049413,-2.5363860221286885,-3.5935073275269636,-1.6353077237919447,3.0317045030838266,9.773982890832258e-05,-9.106857905722692e-05,0.00020282878249165467,0.00021532606713249062,0.35366036528644174,-0.3870914757985654,1.868032332653286,8.82987070366277
112.04999999999578,-3.581877297581748,-1.6676846944690786,3.025393228741928,-1.2577782900332068,-3.775227665187382,-2.556749647368027,-3.608751497826388,-1.6336417419194433,3.0115658955565063,9.747631754431845e-05,-9.11526853828342e-05,0.00020379536618056772,0.0002152183549292071,0.3471559845977133,-0.4072725047867933,1.5683488862043982,8.107354918243331
112.09999999999577,-3.5989201637772985,-1.6664403380839787,3.0052271904468544,-1.272441918016615,-3.784717853472418,-2.5776377297457054,-3.6260401626996734,-1.6296140772618748,2.9930949524142676,9.719906733055144e-05,-9.12235415055955e-05,0.00020477528700925594,0.00021510727470468494,0.3493403797296123,-0.41776164755359163,3.601649548998728,8.653623965142682
112.14999999999577,-3.615936041471733,-1.6648574055036263,2.9849795434255033,-1.2873202756530764,-3.7939168386327284,-2.598043431942521,-3.6424588025956575,-1.627151179374395,2.9754848649627155,9.690991612866231e-05,-9.127941454810299e-05,0.000205754829599123,0.00021499302629565139,0.34985566836418763,-0.40811404393633527,1.0563977422896493,8.674333265067263
112.19999999999577,-3.632901075611948,-1.6629389880190337,2.964648261635079,-1.3021499691306095,-3.8026767279929965,-2.6180365318727388,-3.6594397286981017,-1.6240031296362658,2.952592584041019,9.661349366590142e-05,-9.131829636324282e-05,0.00020668672801395569,0.00021487507309440374,0.34447952167464263,-0.3998619986043822,2.096093287988709,8.892019306743192
112.24999999999577,-3.649842473899549,-1.660663612094971,2.9442681321157096,-1.3173176423948663,-3.811225983080477,-2.6386239273132537,-3.6760836587139005,-1.6225256839860527,2.931710291229466,9.629959829726738e-05,-9.13411737562493e-05,0.00020764086009084236,0.00021475331127439616,0.3482291097771674,-0.4117479088103198,1.4240535540888866,8.601251302338234
112.29999999999576,-3.6667196833177145,-1.6580455601583832,2.9238755616986274,-1.3325517138778977,-3.819400969329768,-2.6595280327245145,-3.6917183964229694,-1.6176264066420993,2.904311241676546,9.597491133113688e-05,-9.134728658195617e-05,0.00020856760068391848,0.00021462713209817995,0.345785030974489,-0.41808210822524006,4.018793349774742,8.960511711397622
112.34999999999576,-3.6835530639684713,-1.6550906835370491,2.9034176964623266,-1.3479590663163474,-3.8272616058183577,-2.680128785643393,-3.7073383541390372,-1.6136460689710095,2.8788835748270216,9.563006359177034e-05,-9.133220518181314e-05,0.0002094870727752152,0.00021449778465068182,0.3459402815695081,-0.4120150583775872,3.2848061608747248,9.341957166384777
112.39999999999576,-3.700316254222799,-1.651791066194691,2.882874953634869,-1.3637158459224252,-3.8348956454273773,-2.7007270750758567,-3.725971826587122,-1.610338436780217,2.8683117979873263,9.526604386163053e-05,-9.129720149557942e-05,0.00021042939457453834,0.00021436416615070526,0.3501802413221191,-0.41196578864929945,2.675709949800765,9.225737046134181
112.44999999999575,-3.7170226262333985,-1.648149863048691,2.8622737674963155,-1.379596056322392,-3.842178514400219,-2.7224716943330165,-3.742392592704371,-1.6058804577449641,2.850747843829609,9.490221885026993e-05,-9.125260499690159e-05,0.0002113597170716895,0.00021422680274037898,0.3494185396048437,-0.43489238514321654,1.1867374197024072,9.404581771366725
112.49999999999575,-3.7336281592444402,-1.6441735849442807,2.8416146746651703,-1.3954619845969083,-3.8490526158652814,-2.743018319845685,-3.7592917185824124,-1.5983208003092366,2.8235955126816634,9.453297840760624e-05,-9.119475023589157e-05,0.00021225580209061843,0.00021408713760301087,0.3458273959252856,-0.41093251025339045,2.555196691569747,10.579840750487428
112.54999999999575,-3.7501563131734743,-1.6398450580016708,2.820877435273767,-1.4119634060724757,-3.8557989598157603,-2.7639695591405333,-3.774602614730216,-1.5910366109363097,2.7976489579621795,9.41374292954873e-05,-9.110953726466709e-05,0.00021321981207178252,0.0002139449826312139,0.35655108638867605,-0.41902478589699027,2.087569402034017,11.606771378514571
112.59999999999575,-3.766575199214054,-1.6351812881816972,2.800059563000307,-1.4282325376696827,-3.8620670780806146,-2.7837160474293703,-3.7912078283315274,-1.5866424092216103,2.784636103791766,9.373084696397913e-05,-9.10059363357002e-05,0.00021411193785708164,0.00021379980788325718,0.3487026394652946,-0.3949297657767587,1.9745538140400951,11.305988305748652
112.64999999999574,-3.782923353611681,-1.6301760688212616,2.779120764816604,-1.4447116044292059,-3.868032752113642,-2.8047922551867535,-3.806734412982862,-1.580245238264441,2.7613611146226518,9.332135265757484e-05,-9.089028022699583e-05,0.00021500938245829951,0.00021365156228555354,0.35051977289830416,-0.42152415514768765,1.6779302371369635,11.728545372161362
112.69999999999574,-3.7991229107079674,-1.6248510291295066,2.758123422207358,-1.461363818100697,-3.8736614045355235,-2.8264817252464334,-3.8244072990861664,-1.5736038048183665,2.7380155447004277,9.289809194156399e-05,-9.075411079997644e-05,0.00021590159384210503,0.0002135006260070946,0.35156226266220797,-0.4337894011936233,1.822357054014216,12.45449150581425
112.74999999999574,-3.8152388787720732,-1.6191694395589564,2.737102962412268,-1.4780209583799047,-3.8788871401555136,-2.8487054066069124,-3.8405163549401564,-1.567685187818373,2.719775746635775,9.246363707226956e-05,-9.059974171974686e-05,0.00021676163650202198,0.00021334621440656227,0.34915966486824723,-0.4444736272096099,1.4522323439132305,12.487339935342284
112.79999999999573,-3.83121686339526,-1.6131537895380412,2.7160138852785,-1.4946809835572739,-3.883722075656313,-2.869574383511174,-3.856624291827526,-1.5595802621099453,2.699575897896742,9.202504312632375e-05,-9.043354680529368e-05,0.0002175957708119614,0.00021318948769945796,0.34695473028217694,-0.4173795380852552,1.5425382891959492,13.392029260096857
112.84999999999573,-3.8470694703813066,-1.6068121998166174,2.694869284322721,-1.5116203388047234,-3.8882619391474007,-2.889904531573099,-3.8742295498681587,-1.5493585970325954,2.6781745427112345,9.157536214157009e-05,-9.024639452794521e-05,0.0002184448770036809,0.00021303080300873317,0.3507493178472851,-0.406602961238518,4.752268558532039,15.3708427394686
112.89999999999573,-3.862787562295754,-1.6001443358722658,2.673632969572912,-1.5287238211448932,-3.892469921091945,-2.91080199932393,-3.890526884747964,-1.5391544946965132,2.6576571862368468,9.111375236964321e-05,-9.003801732672212e-05,0.00021929175249366578,0.00021287076113333825,0.35227688574375676,-0.4179493550166463,1.5353146899880825,17.23092728661921
112.94999999999573,-3.8783533986722425,-1.5931439891056922,2.6523822919929323,-1.5458011033454349,-3.896292107966653,-2.9320068960379895,-3.906367684790412,-1.5314471333008282,2.6346322374896047,9.06443444317826e-05,-8.981415246880515e-05,0.00022010872806673364,0.00021270924184064988,0.3500023744082094,-0.42409793428121745,2.482326227250372,17.497993799651507
112.99999999999572,-3.8937855530980476,-1.58581512226642,2.631063130538803,-1.5627323662238195,-3.899697991057771,-2.954158127524337,-3.9216580957128504,-1.5237049070210438,2.612579289476539,9.016723390869429e-05,-8.957753430429818e-05,0.0002208771490105199,0.00021254515202960746,0.3454156329292389,-0.4430246297269705,0.9138447503195782,17.631641409034636
113.04999999999572,-3.909055090008265,-1.5781677696873977,2.6097401044679156,-1.5799774222808918,-3.9027740634428763,-2.9759918259448073,-3.935125003499934,-1.5162958004867022,2.590340343563744,8.967976452462111e-05,-8.931575054480878e-05,0.00022166010002838476,0.00021237796049570828,0.3503520344273517,-0.4366739684094349,2.0905037607864303,17.313663308687488
113.09999999999572,-3.9241497641894947,-1.5702005274705129,2.5883623864453242,-1.597291046162479,-3.90547914453142,-2.9972194651478876,-3.948671027072571,-1.5078734041852584,2.565566568404753,8.9185461118189e-05,-8.903678640203178e-05,0.00022242639017656658,0.0002122084143398337,0.3504799948701305,-0.42455278406163005,1.9341911519923278,17.47317347883774
113.14999999999571,-3.9390871565732524,-1.5619105381482572,2.5669205183846877,-1.6146055434134887,-3.907808464874172,-3.018511502139893,-3.9632032345125867,-1.4987929165814902,2.5448539851108256,8.868204447471008e-05,-8.873963733761205e-05,0.00022316515147277768,0.00021203639512770996,0.3494161298290474,-0.4258407398401324,1.5966860838513268,17.869720959302168
113.19999999999571,-3.9538081981243742,-1.553316360425599,2.5453269199218744,-1.6319270078765244,-3.9097724953113846,-3.0388640485656477,-3.976735401497695,-1.4905203118538597,2.521355908951758,8.817410389630624e-05,-8.842795631872008e-05,0.00022388112072921348,0.00021186218974802374,0.34865515161582494,-0.4070509285151175,2.3339712758611415,17.69457212424083
113.24999999999571,-3.9683619016875844,-1.5443900086338138,2.523743059833354,-1.649508025356264,-3.911395090164774,-3.060257824457324,-3.991431167963418,-1.4820325293003407,2.5036142847927376,8.76571097139034e-05,-8.808911292484487e-05,0.0002246033116737788,0.00021168511694255948,0.3531214405832028,-0.4278755178335528,1.7859319096131088,17.36555409626338
113.2999999999957,-3.9827212145324262,-1.5351479013487748,2.502077994294773,-1.6671359338940006,-3.9126468239035397,-3.081148185823612,-4.005118111257148,-1.469939505279254,2.481990882097328,8.713907584645557e-05,-8.773661476743809e-05,0.00022531070018435583,0.00021150584662198973,0.3534523192037799,-0.41780722732577735,1.1237556788800698,19.104541627981973
113.3499999999957,-3.996850693235026,-1.5256088794992348,2.480443841221376,-1.6846385338076686,-3.9135208908427073,-3.102241501477231,-4.019772966913769,-1.4614865939486843,2.464868827897593,8.661604577563129e-05,-8.737276095429108e-05,0.0002259809486112111,0.00021132624547832334,0.35049472671575477,-0.4218663130724126,2.86958843740737,18.524899919258587
113.3999999999957,-4.010768345501096,-1.515767897672808,2.4587595858682016,-1.7022074785549808,-3.9140205582724423,-3.1240783783535298,-4.034019189442544,-1.4522669397635053,2.4469879087656388,8.6092517631371e-05,-8.699449325193852e-05,0.00022663905440106598,0.0002111445868078139,0.35152795789524294,-0.43673753752599753,1.63177593487754,18.375406504684815
113.4499999999957,-4.024499072996938,-1.50561366327401,2.437052033831198,-1.7196184407997266,-3.914134963219183,3.1372199036354793,-4.047692708598232,-1.4428974091676858,2.426998386408803,8.55688574164569e-05,-8.661134955188359e-05,0.00022726049055464185,0.00021096236840593467,0.3482337129299309,-0.4377405038115698,2.1430691219872546,18.007624108635998
113.4999999999957,-4.03800353809353,-1.495166177296462,2.4152805576691234,-1.7373255764031033,-3.913859523270214,3.114857296336413,-4.060114552329967,-1.4304480322590187,2.4001046491973526,8.504157946133216e-05,-8.61997957321911e-05,0.00022789474925716583,0.00021077902824295333,0.35419293525418116,-0.4472521459813532,0.6583937310666098,18.781182226478656
113.54999999999569,-4.051270859088664,-1.4844470121644016,2.393408479394507,-1.7546964849004174,-3.9131988513238483,3.0922981747940606,-4.072862557246226,-1.4212801332411305,2.3809492146280036,8.450647729321615e-05,-8.578275018858325e-05,0.00022846566906772168,0.00021059587628328882,0.3476767264460692,-0.4511824308470715,3.118382086055317,18.027092302682288
113.59999999999569,-4.064303157729824,-1.4734291325540432,2.3715024156647018,-1.7721038881952595,-3.9121536349725905,3.070942425070717,-4.085390845172152,-1.4105771385892665,2.3608237863552697,8.397127506985791e-05,-8.535116604256548e-05,0.00022902265349946326,0.00021041171467002179,0.34878172249394646,-0.4271149944668889,1.0570382136702492,18.01629870841385
113.64999999999569,-4.077071974853767,-1.4621447192834338,2.3495949368251328,-1.7894696184373402,-3.910730730943234,3.0487332069732114,-4.096587046977171,-1.398445148454125,2.3367416866962474,8.343404808710248e-05,-8.49062728307876e-05,0.0002295562235350907,0.00021022747625586472,0.348485708146859,-0.44418436195013317,4.33990625661821,18.51837250005754
113.69999999999568,-4.089618819357542,-1.4505640396379575,2.3276564815375824,-1.8068470297203971,-3.9089282210090532,3.02773698933356,-4.107073417024718,-1.387001279009352,2.316419814266606,8.289292006900421e-05,-8.444220395540086e-05,0.00023006857445602162,0.00021004299192019647,0.3494193344007228,-0.41992435279305595,1.864126473617588,19.05597891693402
113.74999999999568,-4.101893955635129,-1.4387437621155361,2.305669212889432,-1.82432289483957,-3.9067463179474973,3.007029064685028,-4.119914576378815,-1.3735725112002612,2.2961538294145534,8.235129241307696e-05,-8.395771826101402e-05,0.00023057424880906004,0.0002098584317032767,0.35223721928572505,-0.4141584929706636,3.1413553361999957,20.183148764309625
113.79999999999568,-4.113919648067734,-1.4266501782781422,2.283624197996177,-1.8417936818091778,-3.904195767028414,2.9862254836759536,-4.130455681158936,-1.359982015769689,2.273502335706034,8.180866832749214e-05,-8.345662859909207e-05,0.00023106064388743672,0.00020967377829488694,0.3531260117754521,-0.416071620181523,1.739230239798168,21.596987625052176
113.84999999999567,-4.125665681093667,-1.4142942814276283,2.2615456420851197,-1.8593005196043644,-3.9012570176752166,2.9643350278926697,-4.14252520234406,-1.3484140885481017,2.255065856046743,8.126412345975193e-05,-8.293418851750383e-05,0.000231528893779886,0.00020948868505025055,0.35504264614668485,-0.43780911566569203,1.1289671724094583,21.418344807722274
113.89999999999567,-4.137130339140624,-1.4016728463487917,2.239455191633719,-1.8765645928514283,-3.8979773093019023,2.943378439478076,-4.154341303874632,-1.334935881901163,2.229813576144542,8.072077155281746e-05,-8.241215897097806e-05,0.00023196076909776152,0.00020930365429865192,0.3514632350866308,-0.4191317682918972,3.5510334504785437,21.222766815300695
113.94999999999567,-4.148315434277256,-1.3888069820146667,2.2173301563411005,-1.893763064284925,-3.8943233106400226,2.921111355203653,-4.165302055821454,-1.3225136084039977,2.209438415158255,8.017394210120649e-05,-8.187186417409162e-05,0.00023236197274146091,0.0002091185100941978,0.3516543185449829,-0.44534168548848985,1.776437201115748,21.15128991915248
113.99999999999567,-4.159231227554284,-1.3756938739438067,2.195108511952182,-1.910891810365077,-3.8902864800055768,2.899169393113249,-4.175405869045241,-1.3095145838539293,2.1866740886273384,7.962852165809105e-05,-8.131931200830073e-05,0.0002327403126897814,0.00020893334269981548,0.3519672536811075,-0.4388392418080945,1.3645098077098572,21.138406688764576
114.04999999999566,-4.169848873831539,-1.362348415004159,2.1728692550130826,-1.9280113549775886,-3.8858494569444453,2.8768185047898642,-4.1850590408388895,-1.2960127329542188,2.1626980964811624,7.908385481121561e-05,-8.07479414956044e-05,0.00023309719936768548,0.00020874796592160029,0.3537111828684159,-0.44701776646772645,0.9302637788082893,21.206812076918187
114.09999999999566,-4.1801650703947875,-1.3487720697748413,2.150606219228079,-1.9447146785078184,-3.881117332197269,2.8542263641217485,-4.195375046308472,-1.281554240242768,2.1373654074864197,7.8534600646818e-05,-8.018202306304942e-05,0.00023340104234618835,0.00020856411551197935,0.3472214517100065,-0.4518428133623443,1.5960117247359986,21.296345924282775
114.14999999999566,-4.190178370288007,-1.334968055072433,2.128384523560673,-1.961361418979595,-3.8759880901262753,2.831174458038692,-4.203928339313129,-1.2680147363960927,2.1157304506692043,7.798462994806897e-05,-7.959699295657601e-05,0.00023367723273670386,0.00020838091929823254,0.3483885929574231,-0.46103812166115604,2.6266247618013323,21.661638956795763
114.19999999999565,-4.199886436015857,-1.3209349162021975,2.1061222219896796,-1.9778654259219393,-3.8704841066110105,2.8082209660722173,-4.212324348308812,-1.2498018960295982,2.0848107925000985,7.743572068829747e-05,-7.90022177553694e-05,0.00023392715837562608,0.00020819888034254538,0.3479594051627954,-0.4590698393295245,4.22071464078746,24.491582959514243
114.24999999999565,-4.20926917743269,-1.3067107129110167,2.0837740778275764,-1.9943751298501022,-3.86455284138512,2.7851648681301615,-4.219839247045658,-1.2353646200259485,2.0655898963058466,7.688500830460012e-05,-7.837792546579465e-05,0.00023414674216146398,0.0002080175802628511,0.3508639988678457,-0.46112195884114426,2.9255555426561317,25.850166235138477
114.29999999999565,-4.2183435872475945,-1.292257653407001,2.0613670415974745,-2.0107486181488663,-3.8582538112809908,2.7635094825312567,-4.229178564884371,-1.219562358835836,2.0441163700122242,7.633861036618298e-05,-7.774640717663683e-05,0.00023434521805158214,0.0002078366986243683,0.350873724923091,-0.43310771197811565,2.0022133898866508,26.79671271067761
114.34999999999565,-4.227079063507096,-1.2776255238842862,2.0390143405802066,-2.0269742555871533,-3.851602884253608,2.741648551124678,-4.236336740808912,-1.2059572049843035,2.02088324228591,7.57947867703229e-05,-7.710492453798473e-05,0.00023451479131293565,0.00020765632910019793,0.35072404384945,-0.4372186281316122,2.1671021727495154,26.629208642307972
114.39999999999564,-4.2354954633003175,-1.26279259871055,2.016645997740221,-2.042989476513029,-3.844612442616052,2.718416397706143,-4.243718030607509,-1.1916409633135399,1.9979562195217602,7.525259642754626e-05,-7.645684924084838e-05,0.00023464986190062007,0.0002074762409507401,0.34949524178674735,-0.4646430683707239,2.060555640902581,26.637901858333095
114.44999999999564,-4.243576640063905,-1.247784999702851,1.9942180665786546,-2.0589118229490877,-3.837229099466433,2.6963767667957548,-4.252360738188874,-1.1761714058813477,1.9789280163570275,7.471560627378812e-05,-7.579506258853711e-05,0.0002347612011388367,0.00020729664739440543,0.3510255496529225,-0.4407926182077974,1.657273074717514,26.96166134907438
114.49999999999564,-4.251327818859037,-1.2325779396111178,1.971745075502961,-2.0746152942262777,-3.8295093487742884,2.6730062023662624,-4.257400428147203,-1.1605857999399982,1.9511264901879661,7.418209788098603e-05,-7.512933081557959e-05,0.00023484351535247387,0.0002071181397512401,0.34997571216682904,-0.4674112885898723,1.5528795254808245,28.338399987956187
114.54999999999563,-4.258722151349363,-1.2172305110136927,1.949285976276505,-2.0899552833775488,-3.821531847973051,2.6510680216410236,-4.263868792452034,-1.1442164372107642,1.929085362050487,7.364519576984205e-05,-7.446407417172579e-05,0.00023488132944618378,0.00020694223843456173,0.3458136935967127,-0.4387636145048028,3.660398237163003,29.84923217176324
114.59999999999563,-4.265776496864392,-1.2016855979472312,1.926848113184804,-2.105242318858825,-3.8131583860783356,2.6298902267873565,-4.271398010373541,-1.1288583805031625,1.9152871796886943,7.31159249255302e-05,-7.378233601157666e-05,0.00023489873754139426,0.00020676800441885447,0.3486084754983205,-0.42355589707335795,2.5241670801991525,30.588928523739494
114.64999999999563,-4.272469929197831,-1.1860227347065755,1.9043460743454401,-2.120461629040321,-3.8044049861860545,2.60939973037242,-4.277443529217172,-1.1115379480818521,1.8956789444701272,7.25975022407827e-05,-7.30918737963309e-05,0.00023490629914267719,0.00020659517338246708,0.35114680545081406,-0.4098099282987483,1.406071400379823,33.231703082629096
114.69999999999563,-4.27881802615659,-1.1702046510902075,1.8818593173230975,-2.1355093956611646,-3.7953154014060364,2.5870031500585915,-4.284486933324032,-1.0968175316615545,1.8763988234145508,7.208437875359649e-05,-7.239331888934283e-05,0.00023488841365266187,0.00020642428837338255,0.3516070254029133,-0.4479316062765959,1.5438512358069145,32.195020366322815
114.74999999999562,-4.284807075111003,-1.1542185735581896,1.8594484429986644,-2.150147797655255,-3.7860212927138126,2.5647903979304214,-4.290675625297455,-1.0830286923894406,1.855711858479168,7.157009791797605e-05,-7.170500407679854e-05,0.0002348373496359353,0.0002062559137293021,0.34680001848858105,-0.4442550425634391,3.245358745245667,30.215265947695045
114.79999999999562,-4.29043006010175,-1.1381171306445057,1.8369908486364814,-2.164730606550715,-3.7762998794424627,2.5424333150529526,-4.295675303156665,-1.0661888591256985,1.83344479478622,7.106758719031601e-05,-7.100109596108113e-05,0.00023476593049754222,0.0002060888169652931,0.350529306041298,-0.44714165754939833,0.9303842513993998,31.280858216431863
114.84999999999562,-4.295686985990671,-1.1219146110753333,1.8144878974610195,-2.1793140093890737,-3.7660940003786636,2.5195304553349924,-4.298972390043521,-1.0479196486784481,1.806919717610815,7.057904207493702e-05,-7.027469552168647e-05,0.00023467218731461342,0.00020592246180385445,0.35600531210214736,-0.45805719435923137,1.1668499788080062,33.68033603839451
114.89999999999561,-4.300585264568417,-1.1055790580573608,1.7920384045351934,-2.1936287382467916,-3.7556033638329005,2.498777985706564,-4.3020098996893195,-1.030166643498492,1.7837439766917704,7.009324776254175e-05,-6.954360642934872e-05,0.0002345425705171207,0.00020575778222679965,0.35495138897927314,-0.4150493925685837,1.1377764094847609,36.502449138285364
114.94999999999561,-4.305109832360226,-1.0891447303246207,1.769592636222647,-2.2073874492558185,-3.745041480424716,2.4750030180003986,-4.307612446078278,-1.014560315515381,1.7651544443285596,6.959813093081538e-05,-6.882881377290269e-05,0.0002343718854291392,0.00020559708086737396,0.34691190909728936,-0.47549935412332867,1.6356784243048348,35.451464987473344
114.99999999999561,-4.309274459913216,-1.072593643926005,1.7471278271986694,-2.221011304753315,-3.734080100993938,2.453136613723985,-4.308723603512742,-0.9975800815610382,1.7338350098713917,6.911508429377308e-05,-6.810460022222645e-05,0.0002341815031860879,0.00020543853262613648,0.34972758597644454,-0.437328085528292,3.5606241866202915,36.40192306376327
115.0499999999956,-4.313073775011489,-1.0559547111510117,1.7246160404245656,-2.234160265847026,-3.7230226029120304,2.431626345891572,-4.313938565907277,-0.9796278393296716,1.7172829724419811,6.862485922834124e-05,-6.738789349849757e-05,0.0002339462160666209,0.00020528455641166118,0.34361305140693726,-0.43020535664829407,2.4415477608039122,37.52033706426346
115.0999999999956,-4.316495419839056,-1.039289955705472,1.7020745131561614,-2.2472736511377414,-3.7114877732592912,2.4086747577950636,-4.31739728144986,-0.9623841568570167,1.6996115167353345,6.815196713753345e-05,-6.66541484987754e-05,0.00023369493266503014,0.00020513291031275434,0.3493001910711718,-0.459031761930191,0.9239184967787064,39.35000297251786
115.1499999999956,-4.319529855922119,-1.0225186934388437,1.6795650813124432,-2.260268287985049,-3.6995452052485893,2.3880416618493943,-4.318238208522531,-0.9437913248285184,1.6742817784447794,6.769334925915598e-05,-6.591061594786554e-05,0.00023342659223292127,0.0002049827355811156,0.3529853075171528,-0.41266191891342213,2.9444111950522065,42.55482963219824
115.1999999999956,-4.322187668828822,-1.0056878015846535,1.6570515979917335,-2.273003948519338,-3.6873262789529497,2.365755369584207,-4.320433988360693,-0.9276693078147916,1.6536520141717013,6.724075184637966e-05,-6.516225799774454e-05,0.00023312344112913302,0.0002048343723251743,0.3529941089054307,-0.44572584530377485,0.9120367269510591,42.67852380347981
115.2499999999956,-4.3244691839271425,-0.9887811460528007,1.6344950788128387,-2.2852447385614565,-3.675050205060096,2.3437552796673735,-4.322114201415835,-0.9101468995021048,1.6347073890912567,6.678242219240571e-05,-6.442914625592807e-05,0.00023279236033363866,0.00020468931647040438,0.34672816626711267,-0.4400017983366984,0.584793234469551,45.125715548424395
115.29999999999559,-4.326366142626864,-0.9718349392680468,1.6119426745369543,-2.297391284611239,-3.6623311945903585,2.3225970628072865,-4.322296163030916,-0.8916151038751489,1.6045619202602532,6.634147218703691e-05,-6.368337279005167e-05,0.0002324415608705477,0.00020454653722187563,0.3517518145883653,-0.42316433720175906,2.3719449825295764,46.019565090696304
115.34999999999559,-4.32788501273569,-0.954857258972069,1.5894564947388368,-2.3092502596216042,-3.649362545914131,2.3004611262291235,-4.323599648200226,-0.8772155376885199,1.5839844041153546,6.590657175783888e-05,-6.293319029284126e-05,0.00023204849440464618,0.00020440580896156097,0.3514733260327274,-0.44271873156327374,3.0979265488206282,43.77486637902331
115.39999999999559,-4.329022837499623,-0.9378611265678003,1.5669874403610862,-2.3206802061190372,-3.6363060864923136,2.279272451607529,-4.324008042842113,-0.8596760099798091,1.560462469441874,6.547010048191998e-05,-6.219524983190486e-05,0.00023163193283680882,0.00020426781498751926,0.3470596925761989,-0.4237734924319211,1.885426704848906,44.646191661351345
115.44999999999558,-4.3297777595300255,-0.9208223779984962,1.5445180574780575,-2.3319804141391387,-3.622820703348262,2.2572450096500454,-4.3210331356980705,-0.8410389506916595,1.5324528447407335,6.505165971852381e-05,-6.144539440086272e-05,0.0002311840312709434,0.0002041316169445977,0.35188792335257885,-0.440548839149695,4.310269117891378,49.495298345351195
115.49999999999558,-4.330159928787085,-0.9037803829245293,1.522036549327712,-2.3430752889588664,-3.6089636155972067,2.234639331175636,-4.32036007157457,-0.8239798290790022,1.5097619907645106,6.464766078033287e-05,-6.068695596268412e-05,0.0002306984410638681,0.00020399666550248213,0.35503720798802535,-0.4521135694882135,1.4209613570668114,50.64688986125222
115.54999999999558,-4.330155245969283,-0.8867333033465666,1.4995206960167968,-2.3537155703539745,-3.595026751472812,2.2110772331614594,-4.317213010318002,-0.808550855349023,1.4781597415517602,6.4241767483742e-05,-5.993938594845216e-05,0.0002301845599601183,0.00020386392885520817,0.3506941654757519,-0.471241960283568,2.968674020528163,50.99459959457563
115.59999999999557,-4.329769092645007,-0.8696994909239525,1.4769312242308374,-2.3638041986903153,-3.581145294299504,2.1874503752504317,-4.313839909452297,-0.7931001268230166,1.452672350488319,6.382766190882552e-05,-5.92062707951937e-05,0.000229630788739577,0.00020373543059675901,0.3432136209715924,-0.47253715822059017,1.5551900852044698,53.04878224918069
115.64999999999557,-4.328986779865017,-0.8526720805453205,1.4543760235653023,-2.3737581492611675,-3.5667599672787897,2.164750137622045,-4.31376586536366,-0.7742870715934099,1.4329446484571653,6.343730207404316e-05,-5.8462419789141366e-05,0.00022904636693416426,0.00020360914119238232,0.3498753531041662,-0.4540047525677584,1.8749971376165224,54.1406130677054
115.69999999999557,-4.327815754582323,-0.8356493367446367,1.431941275642941,-2.383284195270327,-3.5523043755526937,2.1421765180502854,-4.312890810613004,-0.7577051164213975,1.4178582817274359,6.304570056228412e-05,-5.7728049776157067e-05,0.00022844378476680825,0.00020348661356358206,0.346249858873075,-0.4514723914352204,1.9126027696605625,54.58890413666982
115.74999999999557,-4.326271489428466,-0.8186686145435372,1.4094930272288513,-2.3925747104006114,-3.5374623706063555,2.117996172472882,-4.309926398529302,-0.7409894385248508,1.3913780113369132,6.267079995416344e-05,-5.699162813603702e-05,0.00022782431590950627,0.00020336606865370942,0.350207779124008,-0.48360691154809704,1.9923606313170912,55.25091413641246
115.79999999999556,-4.324348858509121,-0.8017463358849797,1.387054603486633,-2.4014971994696337,-3.5224355293373475,2.0952486812151463,-4.306615147042958,-0.7261749276522118,1.367819289466465,6.23029487861003e-05,-5.625953112755574e-05,0.00022717430287337202,0.00020324778040277296,0.3495310800689457,-0.45494982515472954,1.815280096738729,54.61176435173224
115.84999999999556,-4.32204461615138,-0.7848460987278779,1.3645927480988178,-2.4101160351895796,-3.5071497529314946,2.0731678533487443,-4.303206374582164,-0.7111505327040942,1.3442205199559698,6.194734840771263e-05,-5.553045236960581e-05,0.00022649722156282973,0.0002031309824098975,0.3509711107492883,-0.44161655732805527,2.454430886562143,53.84583191511493
115.89999999999556,-4.319363139416618,-0.7680107267209444,1.3421210448989012,-2.418344508202285,-3.49177987227894,2.0514979378531724,-4.300418952580885,-0.6930260054162767,1.325899161499657,6.15949025331305e-05,-5.481026145894636e-05,0.00022579769879922434,0.0002030168499232605,0.3486848970198897,-0.4333983099114738,2.0477384258938223,56.055627693827816
115.94999999999555,-4.316292754789116,-0.7512294142135975,1.319743965538152,-2.426237203392537,-3.4762312814883756,2.0295365060336827,-4.297237132065444,-0.6768406959941567,1.299680734665456,6.124959132397008e-05,-5.409478322082843e-05,0.00022508208337495485,0.0002029060380181868,0.3487494996449464,-0.43922863638981136,3.2647465084899205,54.45165351515081
115.99999999999555,-4.312851867984593,-0.7345463535568958,1.2973666662026635,-2.4338048009021938,-3.460479132555369,2.0077735452261916,-4.294103352580276,-0.6595107056719667,1.278722138534043,6.0914894386287545e-05,-5.338340417536356e-05,0.00022433759447920847,0.00020279770899229543,0.34952011793574905,-0.43525921614983787,1.64761145996017,54.641851317129216
116.04999999999555,-4.309040642156601,-0.7179169741747286,1.2750464053944137,-2.4409962819802726,-3.4445970990793664,1.9841891080330658,-4.286839715044838,-0.6439620026172669,1.2460117130578583,6.058622209135477e-05,-5.267862335425938e-05,0.00022357090875306705,0.00020269217215938652,0.3486949823843705,-0.4716887438625339,2.165961273282874,57.47718153083993
116.09999999999555,-4.304859455957083,-0.7013887183862402,1.2526969140093154,-2.447858374965528,-3.4284676830736105,1.9618894854958366,-4.28136235407416,-0.6262275429135646,1.223416419286405,6.0272019660973595e-05,-5.197788894473261e-05,0.00022276616104808264,0.00020258879299773897,0.35057616191444596,-0.4459924507446159,0.768342672687538,60.78740000535657
116.14999999999554,-4.300313751857596,-0.6849573702418266,1.2303970236922221,-2.4543354300219336,-3.412286409798759,1.941200231214852,-4.276078728332651,-0.6127615549424272,1.2003534583517332,5.996078895558145e-05,-5.12855839909905e-05,0.00022194306188515298,0.00020248847309011704,0.3485952859147576,-0.4137850856197258,3.223882265548565,58.57520736638185
116.19999999999554,-4.295396740029066,-0.6686366864903477,1.2081457654818684,-2.4604813500416696,-3.395940221332773,1.9196601497047805,-4.273050933572216,-0.5949152347631796,1.1843119231480514,5.965975187115131e-05,-5.060105298090136e-05,0.00022109950564315142,0.00020239040468536746,0.3492746781987184,-0.43080163020145634,3.636432300123441,57.370270362690945
116.24999999999554,-4.2901203463278,-0.6524223328878889,1.1859501265509094,-2.466368660842549,-3.379194566233399,1.8980824403749228,-4.266896567282195,-0.5810353754947878,1.1658351915358205,5.9378189325659e-05,-4.9918666760863066e-05,0.0002202381218102008,0.0002022930976868967,0.35501527764097085,-0.431554186597171,3.2165779898021767,56.700780917739266
116.29999999999553,-4.28447308655445,-0.6363208700396308,1.1637765866639012,-2.471813378998786,-3.362564952364651,1.8763322117768109,-4.261684621667687,-0.5634745377309187,1.1535781171002588,5.909216316214104e-05,-4.924901433681245e-05,0.00021936957800515816,0.0002021983325956453,0.34997204706022195,-0.435004571962262,2.033767497036205,59.41308653186601
116.34999999999553,-4.278473287717547,-0.6203599819050971,1.141626431624693,-2.4769699989960396,-3.345587663045511,1.8550226607403193,-4.252011666386077,-0.5488097608052541,1.1251039248931285,5.882243067539584e-05,-4.858277168928989e-05,0.0002184901630258182,0.00020210490758937102,0.3548695511827111,-0.4261910207298481,2.9840374208462332,62.94149049496437
116.39999999999553,-4.272113345974724,-0.604527264681216,1.1195052246333368,-2.48174607646562,-3.3285506819753947,1.8332103098420038,-4.243738043832635,-0.5330759956146462,1.100701628607001,5.855963339278367e-05,-4.79268256337903e-05,0.00021758321288877376,0.0002020132472037928,0.3538824962772402,-0.43624701796633497,0.6789672053922083,65.76480430883558
116.44999999999553,-4.26542281887963,-0.5888487626608826,1.0973695288053424,-2.486063236259158,-3.3117046504860066,1.8101275420527303,-4.237367832853366,-0.5173106432039466,1.0844179489333294,5.829136963683118e-05,-4.728304909338352e-05,0.00021666178960765508,0.00020192566865113225,0.3478160859318219,-0.46165535578550365,2.0087978453439113,66.24627734643045
116.49999999999552,-4.258373069795043,-0.5733129280825591,1.0752969017648533,-2.4900091410883394,-3.294697876442648,1.787436443770349,-4.230083907574899,-0.5002977040925628,1.0633238853613074,5.8032038571982166e-05,-4.6646234953010606e-05,0.00021573083344831356,0.00020184137069919196,0.3491782391530822,-0.4538219656476552,1.5673513321005053,68.30968337092021
116.54999999999552,-4.250982555513024,-0.55794639811953,1.053295382254699,-2.4935929519405304,-3.2775148992832155,1.7653958485100096,-4.2239429648182085,-0.48552710822323736,1.046987340403276,5.778338585516911e-05,-4.601651252128828e-05,0.0002147835991798284,0.00020175980089022212,0.3510617479173893,-0.44081190520681407,2.2965254601286604,66.42356201913755
116.59999999999552,-4.243244481596955,-0.5427333247856062,1.031319699551152,-2.496762586841363,-3.2604424790690687,1.743333035354456,-4.215293156808672,-0.4707536666264699,1.0237673039085413,5.7532855516092096e-05,-4.5396442350679825e-05,0.00021383159930449873,0.00020168155412304746,0.34729028105170795,-0.44125626311110216,1.2910256854501274,67.02591121949067
116.64999999999552,-4.235175274798711,-0.5276930797042907,1.0093784157411017,-2.4995581497801105,-3.243277661940104,1.7211563078109018,-4.206455205507815,-0.45715673758374364,0.9999128545454052,5.729136194325484e-05,-4.478560888222078e-05,0.00021286081365921855,0.00020160633101412364,0.3478266895756293,-0.44353455087110427,1.536940645635363,66.1013989725846
116.69999999999551,-4.226778602732031,-0.5128353109516508,0.9874590495297227,-2.5019489319520742,-3.2262357174787377,1.6991933487312156,-4.1970996374803455,-0.4422868527155252,0.9746585546796069,5.7050656370509855e-05,-4.4185695645191426e-05,0.00021187631815452714,0.00020153492340779485,0.3441834481672858,-0.43925918159375904,2.008761300864936,66.92696494673149
116.74999999999551,-4.218050936868441,-0.498170275775939,0.9655739838644402,-2.5039914562035333,-3.2088279594799007,1.675999470706273,-4.188584275944832,-0.42924359940750517,0.9536182783173768,5.683107177174711e-05,-4.359545369549782e-05,0.00021086463287740947,0.00020146510528875938,0.35055140336020696,-0.46387756049887463,2.5318642402317897,64.65852828776742
116.7999999999955,-4.209012372446682,-0.48371423673406183,0.9437084282026085,-2.505674381601414,-3.191232693502534,1.6563060081512484,-4.180137570520973,-0.41492038459162844,0.9375037736025487,5.6623614271353384e-05,-4.3015305382576236e-05,0.00020984052969200067,0.00020139581556666433,0.353517026636612,-0.39386925110051746,1.2252457095493228,64.47638192447215
116.8499999999955,-4.19965092525706,-0.4694462491546747,0.9219315990584254,-2.506973522449354,-3.17371480711964,1.6333372680598117,-4.169817646089475,-0.40150956956199,0.909846907124912,5.641758928719334e-05,-4.244465958653157e-05,0.00020881107093935564,0.0002013280597113538,0.3513275828677086,-0.4593748018287549,2.7893960089032057,63.79218628925434
116.8999999999955,-4.189985128822432,-0.4553968088462379,0.9001718394948321,-2.5078514945900734,-3.156513029170639,1.610246115540587,-4.159535489536257,-0.3880290071466475,0.8885325241868474,5.620737654646807e-05,-4.18858848161697e-05,0.00020776815999618304,0.00020126399350411405,0.34449103454034413,-0.46182305038452165,1.023531696729125,64.24958537438029
116.9499999999955,-4.180017541266187,-0.4415566032626721,0.8783840769223872,-2.5083372733015263,-3.1391225726056815,1.5871992891994315,-4.148133274084468,-0.3737141865435543,0.8655601843918923,5.601034706386566e-05,-4.133780867439412e-05,0.00020670990317511672,0.00020120214372687002,0.3479525011664947,-0.46093652682314007,1.088058283535966,67.14479440005216
116.9999999999955,-4.169745374251179,-0.42793148371661793,0.8566797593141281,-2.508437313774672,-3.1216671685011224,1.5658556458975639,-4.136927613973333,-0.3616010273558934,0.8428009498926272,5.582192794482739e-05,-4.080045228997225e-05,0.00020563906676393507,0.00020114217854100082,0.34912044228802364,-0.42687286603738706,2.942365937267909,67.01453403641668
117.04999999999549,-4.159168658492243,-0.4145269943562392,0.8350482902432176,-2.508167191292927,-3.1040823710344108,1.5450171499489356,-4.125373906792445,-0.3504041381616767,0.8199084876848199,5.564499960061432e-05,-4.0275721803942845e-05,0.00020455258294364235,0.00020108284812322814,0.35174380499712893,-0.416769918972592,1.8827696947455974,66.28639574603781
117.09999999999549,-4.1483116295498945,-0.4013734773947319,0.8134688883769655,-2.507523649380668,-3.086555159668935,1.5231750131332653,-4.114998857707698,-0.33715026375902757,0.802551474157895,5.547329728583065e-05,-3.97634247780104e-05,0.0002034562210446145,0.00020102472295226718,0.3507874082947356,-0.43684273631342485,4.272212019964747,65.92151914323128
117.14999999999549,-4.137169087027496,-0.388457410796813,0.7918945806615247,-2.5065043599608563,-3.069088879313482,1.501834755155838,-4.1009909956352955,-0.3271227142332597,0.7789018095494216,5.530541649572065e-05,-3.9260319239070224e-05,0.00020235435526763277,0.00020096803607626463,0.34992657382973574,-0.4268051595485722,3.479511697915543,68.29570421052908
117.19999999999548,-4.125740087764629,-0.37576538767629086,0.7704084400163831,-2.5051198102432375,-3.0518046130263676,1.4798900038710059,-4.090545053291197,-0.31495617782327245,0.7618272667621673,5.513967162233205e-05,-3.876905725268631e-05,0.00020124512189450937,0.00020091375890977939,0.3467995993066441,-0.438895025696674,2.206413229670395,66.30525417469413
117.24999999999548,-4.114042027616036,-0.36332114848946806,0.7489857678455423,-2.503322447967645,-3.034288623937966,1.4571931052364597,-4.0767201420282175,-0.3045241816740382,0.7359284740171135,5.498712269245867e-05,-3.828979952756437e-05,0.00020012659970596722,0.0002008599654092972,0.35216683261913784,-0.45393797269094915,1.2756209798056193,67.77857831965119
117.29999999999548,-4.102093722384387,-0.3511456246780779,0.7275873490608329,-2.501174243257045,-3.017034325860008,1.4366691443565598,-4.0634891347814435,-0.296046705892359,0.7132270392358793,5.48354220256618e-05,-3.782252546110408e-05,0.00019899882453453343,0.00020080800938408958,0.3477563505237079,-0.4104792175980271,2.5029677866184463,66.53858587323268
117.34999999999548,-4.089879790038349,-0.3392142095211948,0.7061909387745903,-2.4986302343105486,-2.9995659601490168,1.4156865369466534,-4.050500779818558,-0.28536342638319895,0.6922570009259474,5.469759202575227e-05,-3.7371474804274834e-05,0.0001978587523322304,0.00020075615207735514,0.35305932379873217,-0.4196521481981457,1.1575388942270632,66.90517408029551
117.39999999999547,-4.077417275952081,-0.3275514570729213,0.6847778867994494,-2.4957492099116734,-2.9823264120854422,1.3947321804334152,-4.038680285430833,-0.27588077766877134,0.6687187965773642,5.4560570835921785e-05,-3.693032737706898e-05,0.00019671611513020706,0.0002007058605076821,0.349578888222534,-0.4190871302647782,3.9345011733711757,63.17891224487127
117.44999999999547,-4.064700639011867,-0.3161688209275479,0.6634247748418481,-2.4925017868372743,-2.965124678468804,1.373683131958881,-4.026109335473289,-0.26513746952760336,0.6559348163481356,5.4430466821738016e-05,-3.650290605865665e-05,0.00019556554813913535,0.00020065677676324605,0.35011810054878817,-0.4209809694907156,2.2607546689290343,63.23539630294991
117.49999999999547,-4.051718338547922,-0.30505338512330615,0.6421783194644691,-2.4888944888747377,-2.9480485213761094,1.3515358392946455,-4.0118389351347865,-0.25655656205945254,0.6325255699337435,5.43028833653209e-05,-3.608258240407261e-05,0.000194417428395151,0.00020060911740019572,0.34906743810155605,-0.4429458532847389,1.1464459888097995,63.17973825934722
117.54999999999546,-4.038533324455257,-0.29424284416719526,0.6210424846366681,-2.4849233323219644,-2.93100430314828,1.3322415213422296,-3.9982895737252724,-0.2454073670596877,0.6165694253811429,5.4182194556552825e-05,-3.56756939515784e-05,0.00019326376489081282,0.00020056241635638776,0.3500199771383538,-0.38588635904834906,1.3209180842442447,64.94587960832435
117.59999999999546,-4.025088201630563,-0.2836916100885637,0.5999964488360656,-2.4805998902531883,-2.9140590752514157,1.3097262160094099,-3.986386408172107,-0.23490693487541864,0.6018539781520609,5.4065292382043013e-05,-3.5277715733736514e-05,0.00019211012861711547,0.00020051693552201682,0.34976896375233624,-0.4503061066564267,1.9830665336980888,62.77208518381572
117.64999999999546,-4.011431397147618,-0.27342534669002216,0.5790056993438699,-2.475940083207489,-2.8972935761255476,1.289671078901847,-3.9713309762868945,-0.2240693744684138,0.5781993229897675,5.395013437245045e-05,-3.488607556435454e-05,0.00019096020323590695,0.00020047289501517484,0.34802638507246353,-0.401102742151272,1.0838612817124524,65.49263771003054
117.69999999999546,-3.9975679559330546,-0.2634467911836772,0.558093498451494,-2.470874866633168,-2.8804235405297645,1.2685505646482813,-3.9556925021418103,-0.21732908481470178,0.5522980382083036,5.384482183566841e-05,-3.4510245134292876e-05,0.00018980152092777625,0.0002004289669986749,0.35228741294543936,-0.42241028507134065,2.0816576933364983,65.3841081888875
117.74999999999545,-3.983500589239071,-0.2537733650387241,0.5372023139678246,-2.4654886512230956,-2.86375370876092,1.2479962368072988,-3.940809333898895,-0.21052253974615331,0.5308962783411988,5.374397211245258e-05,-3.414861682418585e-05,0.0001886362872718401,0.00020038570567444412,0.3503743213306406,-0.41108655681967055,2.9853114418019957,64.4750471951337
117.79999999999545,-3.9692465344820596,-0.24440050004457392,0.5163540696146837,-2.459728164550365,-2.84711179508651,1.2271266763001991,-3.92660382965144,-0.20101905420079497,0.5147950623352102,5.364979303822629e-05,-3.3801055245359106e-05,0.00018746938397694662,0.00020034273180995324,0.3522202459060176,-0.41739121014201996,1.485868778541475,65.09468170604077
117.84999999999545,-3.954778551178374,-0.23530444099260617,0.4956196366335485,-2.4536663971982344,-2.830682907202604,1.207518627717807,-3.9144013111300873,-0.1931049762589066,0.4968037763280022,5.355746657206339e-05,-3.346022072799376e-05,0.0001863064622416057,0.0002003007823977976,0.35023603799912284,-0.3921609716478743,3.833965026677779,59.6212290275008
117.89999999999544,-3.940133530219793,-0.22652006052833965,0.4749688489632025,-2.4472546220181197,-2.8143030083414926,1.187860395375404,-3.9005574113850088,-0.1848247803930088,0.4719717324903039,5.347050147620526e-05,-3.3130700129629906e-05,0.0001851456227406786,0.00020025923706319947,0.3518078521616525,-0.39316464684807284,3.777675547497936,56.78323963340262
117.94999999999544,-3.9252968886944757,-0.21803196069261493,0.4544033679743375,-2.4405569560234306,-2.7981510040652653,1.1675640789357438,-3.886925310574466,-0.17770329269463628,0.45666472050562135,5.3387159980152405e-05,-3.281377927355282e-05,0.00018398197511305925,0.00020021878969019784,0.3497178679411658,-0.4059263287932339,2.2908403760229494,53.983374248749406
117.99999999999544,-3.9102861030592897,-0.20985690481821934,0.43391177999298336,-2.433540924094496,-2.782160277151002,1.1470997541431416,-3.871150828495165,-0.1705467782586998,0.4360460151090324,5.330740796641834e-05,-3.2505093529901314e-05,0.00018282151533653978,0.00020017929795721758,0.3492498779935549,-0.4092864958520621,1.5110736596207373,54.56435915578753
118.04999999999544,-3.8951039633771436,-0.20199250166781493,0.41349995091574687,-2.4262033560584744,-2.766350018082728,1.125455262556848,-3.8548567583513726,-0.16363321152639454,0.4082468649308306,5.3231959540211074e-05,-3.220803314768328e-05,0.00018166104015939353,0.00020014084703348737,0.3486064011945629,-0.4328898317259028,1.2978510320893313,55.03918081361245
118.09999999999543,-3.8797746145923724,-0.1944535330058852,0.39308313616057644,-2.4185823879711883,-2.7507827350005725,1.1056314791993156,-3.8397494148686975,-0.15868084417337672,0.3874340356989423,5.3160839827805714e-05,-3.192496748694108e-05,0.00018049718023631107,0.0002001039560466843,0.34665792685990143,-0.3964756671506775,3.5443007221994907,52.561729856601474
118.14999999999543,-3.8642745535397034,-0.18722785049706347,0.3727208822233487,-2.410589712007839,-2.7352691365520436,1.0844869696219401,-3.824472546508287,-0.154848416719771,0.36027415187306744,5.3095945511621965e-05,-3.1656191292923555e-05,0.00017933434816913278,0.00020006771398935482,0.3490363609032545,-0.4228901915475387,4.07781425589491,49.459416472949165
118.19999999999543,-3.8486526463955726,-0.18033066794337752,0.3524286194876952,-2.402306269783074,-2.7199951941999743,1.063242325685942,-3.809107739859632,-0.1498507513039633,0.3378465942975306,5.303594680644673e-05,-3.140304044868498e-05,0.00017817029759814704,0.00020003256584548445,0.34751695526045995,-0.4248928787199861,1.3296856720037376,47.75880993448501
118.24999999999542,-3.8328616144955965,-0.17373655733071738,0.3321742406703479,-2.393656307364301,-2.7047958333249977,1.0435717793771317,-3.7947295448506475,-0.1438397224103487,0.3247856675810752,5.298121497033513e-05,-3.11631163827552e-05,0.00017701065853958862,0.00019999782719092027,0.34977265913090094,-0.3934109261762173,1.9533474195598584,44.72708401513577
118.29999999999542,-3.8169578083386946,-0.16747197490580062,0.31199916805907757,-2.384728979725792,-2.689832033620222,1.0221967934930554,-3.7785344285263456,-0.13969081373010347,0.3086698425193313,5.2929674297702114e-05,-3.0929016685889434e-05,0.00017585663040093727,0.0001999636769843851,0.348496221171344,-0.4274997176815588,2.695600910123228,44.050031000279084
118.34999999999542,-3.800929212344009,-0.16152464887708823,0.2919005221436536,-2.3754327581346852,-2.6749658542586308,1.0017271756934605,-3.7642610328779855,-0.13590546270985646,0.28662854538957694,5.288269393486897e-05,-3.070448815663642e-05,0.00017470990629504834,0.00019992934300197502,0.35067578144419553,-0.40939235599193086,5.55075584219782,39.48723946131371
118.39999999999542,-3.7847924334882608,-0.15590316099504925,0.27187173901840017,-2.3658033937401015,-2.6602277097816924,0.982393424450458,-3.7481218907022193,-0.13024060709641436,0.27029991377229834,5.284032712398455e-05,-3.049265255008524e-05,0.00017356818149234606,0.00019989457818349486,0.352106356571816,-0.38667502486006716,1.061609801834164,39.66868814040687
118.44999999999541,-3.7685365383434783,-0.15060970222043107,0.2518802948479529,-2.3560010143739616,-2.645853608542473,0.9621851828671835,-3.7322754291633102,-0.126111631134435,0.25048428446904536,5.280031181458808e-05,-3.028638792502635e-05,0.00017243058888246514,0.0001998605713021127,0.3479722570215302,-0.4041648316655198,0.9870950892905839,38.26720583612816
118.49999999999541,-3.752163047864067,-0.14563371823449645,0.23195227124152096,-2.3458291605518657,-2.6315593292740878,0.942465624179813,-3.715854546667714,-0.12253304199605325,0.23449546300673463,5.276508730338985e-05,-3.009210729450856e-05,0.00017129895218429892,0.00019982639003545834,0.35088630878579,-0.39439117374743793,1.453912849728591,37.79083575775474
118.5499999999954,-3.7357180856437777,-0.14099681760531438,0.21214077908568219,-2.335340237167391,-2.6174321657495954,0.9218046449009076,-3.700062795207823,-0.11833863658888182,0.22038727326128305,5.273356280623778e-05,-2.990622693879265e-05,0.00017017489289803685,0.0001997918102859591,0.3519120779095924,-0.413219585578131,2.1219650836259007,37.00741337599956
118.5999999999954,-3.7191441786833552,-0.13669022137583586,0.19240578936596595,-2.3245255186180236,-2.6034655179921757,0.9020121031857702,-3.683561866168749,-0.11484103426506405,0.19854031858229781,5.270561866134904e-05,-2.9727063761323683e-05,0.00016905921010202025,0.00019975655441436537,0.3532905734788824,-0.3958508343027711,1.0497997379470168,36.128516576500715
118.6499999999954,-3.70252985244536,-0.13273237593769838,0.172848893154612,-2.313447812920174,-2.5897312625634257,0.8821061720842494,-3.6689520206914286,-0.11169954842817502,0.17902093672388464,5.268117525738775e-05,-2.9558979985541688e-05,0.00016794986763363969,0.00019972099601328868,0.35290543588622725,-0.39811862203044013,2.515428607658244,32.38900233630412
118.6999999999954,-3.6858133432727938,-0.12909582025850078,0.15339242084740495,-2.3021825435760883,-2.5763279836375563,0.8615969889582145,-3.6524600171388553,-0.10841231350303085,0.16347363512265956,5.266022290258879e-05,-2.939999839222378e-05,0.0001668448779224818,0.0001996860640610753,0.3501799108965531,-0.41018366252072336,2.482259602037816,32.25754331753582
118.7499999999954,-3.6690320849903673,-0.1257881622128965,0.13396477669312432,-2.2907580852753773,-2.5632716001124893,0.8423250188412998,-3.635568505472846,-0.10702395709872926,0.14303454831603668,5.264250494244945e-05,-2.9246600724280057e-05,0.00016574465816392555,0.0001996524459361946,0.34698513753350596,-0.38543940233831014,0.7000140687888573,31.28051403955813
118.79999999999539,-3.6521652405611333,-0.12280356159971532,0.11463371225636514,-2.278926449988556,-2.550271512786073,0.8225115663384113,-3.6189870866696543,-0.10633740276759118,0.12110324051355104,5.262913704981114e-05,-2.910577123265717e-05,0.0001646543716986551,0.00019961872976617098,0.3515679010796302,-0.3962690500577967,1.4139418564886195,29.43444911936724
118.84999999999539,-3.6352776133336624,-0.12014543912351676,0.09536406899726386,-2.266826173018083,-2.5374895476515182,0.8030642040376201,-3.602828865874855,-0.10493156378100839,0.09652439116887601,5.2619762505793734e-05,-2.8976704973504203e-05,0.00016357203037174953,0.00019958499086467635,0.3520256237046147,-0.38894724601584335,3.57174050825621,27.457654753516927
118.89999999999539,-3.61834701923395,-0.11782167899840963,0.07616867589017595,-2.254677222062737,-2.5251401454083173,0.784096227974854,-3.5848166950488203,-0.10522597092391738,0.08130369541207072,5.2614100365632005e-05,-2.885880709720583e-05,0.0001624909790996861,0.00019955290471248812,0.3464758248334423,-0.37935952125534544,3.5630595591654632,28.105975811175053
118.94999999999538,-3.601360538362047,-0.11582850505460422,0.0571161060013809,-2.2421276615534964,-2.512847382883217,0.7660266024186106,-3.569671055157236,-0.10419055171343132,0.06693623327578946,5.261259599713713e-05,-2.874885923631219e-05,0.0001614230862149876,0.00019952079034651728,0.3513470514971782,-0.36139251112488974,3.5629805553643044,25.369589605978856
118.99999999999538,-3.5843210285174374,-0.11416093897923271,0.03814447284955158,-2.229387483085823,-2.500819833843831,0.7472405970861526,-3.554242410770424,-0.10364817511825189,0.04548512268740179,5.2614704889957494e-05,-2.8644958900169566e-05,0.00016036413358657813,0.00019948909245091033,0.3504186703910304,-0.3757201066491783,3.776010810087592,22.456475519939595
119.04999999999538,-3.567248500282715,-0.11281516562475018,0.01928446322192119,-2.216548789077502,-2.489155394045695,0.7277837738112449,-3.5373434573480966,-0.10533556277081996,0.02661998582276137,5.262077065073099e-05,-2.855163929850957e-05,0.00015930921482718683,0.00019945875816132575,0.34692979816571445,-0.38913646549817144,2.150543475489598,21.147344922189
119.09999999999538,-3.55015766693269,-0.1117904593745983,0.0005307799592405497,-2.2034145538010588,-2.477672797101231,0.7090256403882718,-3.5213195459096647,-0.10496756208955749,0.007865556124702966,5.263087887180892e-05,-2.846781731822512e-05,0.000158265659467498,0.0001994290426101423,0.3489223945371175,-0.37516266845948226,1.5253616186480312,19.535281026917218
119.14999999999537,-3.533055418624283,-0.11110136539826646,-0.018148974810964936,-2.1900968113557773,-2.4664578794400907,0.6907580477777668,-3.504602371851214,-0.1040788926240435,-0.008722290063452043,5.26446746344738e-05,-2.839229064009862e-05,0.00015723090604972587,0.00019940009490000213,0.3482212354094885,-0.3653518522101163,2.388104992242347,19.238806280091964
119.19999999999537,-3.515937229704155,-0.11072576822097054,-0.036721036865750886,-2.1764322445807016,-2.4553758240564374,0.6720747750137379,-3.4885811755465537,-0.10554414214041248,-0.028291446854975533,5.266208267452524e-05,-2.8323493145349737e-05,0.0001562090090776734,0.00019937079918047956,0.3518757398483596,-0.3736654552805971,1.6756273711912395,17.256954922985823
119.24999999999537,-3.4988004057846345,-0.11066688821997284,-0.05519130638782176,-2.1627329480505737,-2.4446720967385778,0.6544356366012334,-3.4707095928680762,-0.10798249977949709,-0.05445067520895641,5.2683617534500095e-05,-2.8263914044528085e-05,0.0001551919721466361,0.00019934259966629191,0.3477058185362443,-0.35278276825010774,3.7389674638785686,17.234962297716987
119.29999999999536,-3.4816925876217804,-0.11093141486089012,-0.07353681568211932,-2.1485434279497215,-2.4339985192536835,0.6353994540295824,-3.451854337622152,-0.11027371005629011,-0.07564425426272692,5.270924551939939e-05,-2.8217489102604816e-05,0.00015419182480302438,0.00019931345425736621,0.35512096961609096,-0.3807236514330365,2.59130996064341,18.974838296651367
119.34999999999536,-3.4645480342750554,-0.11151560799326596,-0.09183108789379839,-2.13434138714707,-2.4237244481298483,0.6171469368279077,-3.4344274981123273,-0.1132799987336438,-0.09672837115493582,5.273895277152822e-05,-2.818074974543884e-05,0.00015319688010990482,0.00019928497306732673,0.35057839683885317,-0.36505034403351067,1.1073567539152387,18.96640866393659
119.39999999999536,-3.447445766393829,-0.11242071099802989,-0.11002260873224777,-2.119926730767276,-2.413692992049579,0.5988187645994798,-3.4180198223949834,-0.11342784528135291,-0.11081408364077694,5.2772616695010185e-05,-2.8153144102817386e-05,0.00015221426946418972,0.00019925713077537807,0.3512384166481012,-0.36656344456858064,1.60908990638594,18.053100216916864
119.44999999999536,-3.430370598101021,-0.11362926618328133,-0.1281073135223875,-2.105225687981718,-2.403863752504575,0.5798724793080838,-3.4010100532078433,-0.11418675435750089,-0.1240291588699094,5.281052459906107e-05,-2.81292757405616e-05,0.00015124465970328414,0.0001992291561915259,0.353691370640232,-0.37892570582793944,1.2465073211999491,17.99426331516083
119.49999999999535,-3.4132937235603023,-0.11515352629570204,-0.14607822025321202,-2.0905308301255032,-2.394424646825046,0.5620714964454878,-3.3844745647477383,-0.11852565560482063,-0.14925500260834168,5.28526330489762e-05,-2.8110195790908368e-05,0.0001502795031453931,0.0001992024300597189,0.34930995887117144,-0.3560196572519433,3.305296839483461,17.000146501903508
119.54999999999535,-3.396249916572214,-0.11698959340569148,-0.16393840757661446,-2.0758069415483944,-2.3853478963317816,0.5428038362950729,-3.366520389147404,-0.12142973730346882,-0.17094280238965087,5.28984367150511e-05,-2.810468283510364e-05,0.00014932185889392454,0.00019917815819289552,0.3459419316758078,-0.38535320300832104,2.1941991487477948,18.282634008182324
119.59999999999535,-3.3792428613367127,-0.11913805951896954,-0.18169709477825322,-2.0607680560534045,-2.3764687006000114,0.5238811519360915,-3.3491457533239024,-0.1257133834342012,-0.19113076594265932,5.294851880346332e-05,-2.810716023094125e-05,0.00014837954623664754,0.00019915501330435343,0.3492948869230988,-0.37845368717964967,2.8781296063164024,18.724808017967234
119.64999999999534,-3.3622855030359995,-0.1215915978454319,-0.1993356981063887,-2.045597786165391,-2.3678856327774875,0.5058772962681912,-3.3332544405029676,-0.1289981584229757,-0.2101458655174322,5.300289777123837e-05,-2.811809194074579e-05,0.00014744854930242226,0.00019913333268932267,0.3486054205743661,-0.36007711335802906,1.670592009998497,17.564729779672533
119.69999999999534,-3.345358985630155,-0.12435851658559552,-0.2168840004019883,-2.030033936359868,-2.3594330012034113,0.4891738033305879,-3.316098740602133,-0.13146024154846966,-0.2215370959913061,5.306245382374881e-05,-2.8133146487556663e-05,0.00014653563629142023,0.00019911140585074778,0.3542246149784566,-0.33406985875208217,1.7618916805594493,17.14183104808134
119.74999999999534,-3.32850988046395,-0.127420820680407,-0.23430116444720342,-2.0146870817740066,-2.351430964474013,0.4720866826154775,-3.2987788643030957,-0.13519548723307573,-0.23967713126733425,5.312568403832899e-05,-2.8154801153810463e-05,0.00014562264727129161,0.00019909166655294422,0.3461594003379754,-0.3417424143022265,1.3205402420468644,17.714929499371223
119.79999999999534,-3.3116897742800653,-0.13079092768777803,-0.2515926471205961,-1.999103735333019,-2.3436429942712085,0.45482829668279745,-3.2822526992325343,-0.1387579583947539,-0.25322381248448744,5.3193326572223525e-05,-2.8181953343682806e-05,0.00014472429540325044,0.00019907319437153771,0.3484254292056156,-0.34516771865361695,0.7473651077444678,17.012730639579896
119.84999999999533,-3.2949550118939532,-0.1344485417673284,-0.26882487626156704,-1.983228679282786,-2.3360665342037152,0.4357459600009559,-3.2643655902280995,-0.14258078554332954,-0.2693841330010369,5.326629947237811e-05,-2.821163928687847e-05,0.00014384037599079607,0.00019905500111565193,0.35181218919400864,-0.3816467336368539,1.1121750108796764,18.3165781617041
119.89999999999533,-3.2782545922224138,-0.13840353072441874,-0.2859862300186488,-1.9672598938081698,-2.328783300400451,0.4200708286379493,-3.2473287293575184,-0.14591970493991663,-0.2794241056961577,5.334364753532652e-05,-2.8246136036591395e-05,0.00014296604010911513,0.00019903739224054004,0.3510292932332943,-0.3135026272601535,1.5288056469017564,18.5430819718664
119.94999999999533,-3.2616343828093184,-0.1426440080098659,-0.3030410145568876,-1.9510666363354265,-2.3217216503738287,0.4023748610341342,-3.2309463514467978,-0.15137572518093387,-0.30140308244338154,5.3426261207193495e-05,-2.8281498624732062e-05,0.0001421039585778641,0.0001990196858153774,0.3533251380486657,-0.35391935207632097,0.8789261782369076,18.2253069655768
119.99999999999532,-3.2450873183965783,-0.1471732777232251,-0.3199551198539669,-1.9349028775651282,-2.3149953941004844,0.3862959529625214,-3.214883358505233,-0.1573923688501749,-0.3187893337323091,5.351194943535497e-05,-2.8327221723952473e-05,0.00014125127940462715,0.00019900343998976997,0.35015209532526,-0.3215781614322741,0.828125776163976,17.49693709514964
120.04999999999532,-3.2286307127986573,-0.15198390704591816,-0.3367289793528031,-1.918650976292307,-2.3085426537767804,0.36961723263460833,-3.1995972710578116,-0.16392799881112174,-0.340555930137016,5.360193487942334e-05,-2.837980851233974e-05,0.00014041059641561155,0.00019898890362002447,0.34972517257656194,-0.33357440655827764,1.7025330378373718,16.41825466007509
120.09999999999532,-3.212242330134574,-0.1570770239521413,-0.3534167773764236,-1.9020477752857365,-2.3022732311156187,0.35248479947859135,-3.1836602794845414,-0.1690496905355223,-0.3482663707549687,5.369824304025018e-05,-2.8436875073810512e-05,0.00013959023004949143,0.0001989746733353955,0.3549533200310774,-0.34264866312036163,3.855403085008046,15.314936254200944
120.14999999999532,-3.19594965790154,-0.16244004563325187,-0.3700035121055396,-1.885436676496547,-2.2963218640705745,0.3355732400784759,-3.167201034594576,-0.17562160762545828,-0.36238590224748934,5.379916210586498e-05,-2.8496149545753127e-05,0.00013877564649962572,0.0001989612782474878,0.3529049692269887,-0.3382311880023319,2.623643282170223,15.396501513788404
