t,x_true,y_true,theta_true,x_odom,y_odom,theta_odom,x_ekf,y_ekf,theta_ekf,Pxx,Pxy,Pyy,Ptt,v_meas,w_meas,nis,nees
0.05,0.008664088663084152,0.15014519829677817,-0.0016250474586231936,0.08026626787426605,0.10001863197353138,0.06990817269859839,0.02623927230329012,0.15716383309305876,0.017012995825511634,0.00011866205317467604,0.0001192043265904164,0.00017360607763712292,0.00036081756783861243,0.005338379205617706,0.0019000523765039313,1.6597729761290692,8.786932614893116
0.1,0.01951843351301104,0.15019476772694168,-0.0034900879886467597,0.09156347537269599,0.10079587721830688,0.06747487110281458,0.026522063505518625,0.14486352801403846,-0.015597052705244696,3.5275462382764676e-05,3.422197847641982e-05,7.982550240423216e-05,0.00020593707905625138,0.2264783174645915,-0.04866603191568,2.711066187475297,4.544167216778892
0.15000000000000002,0.03466771550854196,0.15022259374816335,-0.006206553698804385,0.10730939938764197,0.10183763393583581,0.06465338048102298,0.041202936516842564,0.14630474522955766,-0.021670747046034666,2.2706702287086655e-05,2.1304238670153863e-05,6.120194681566653e-05,0.00016815602316970875,0.3156070628757761,-0.05642981243582878,0.87053894600048,4.564497424544563
0.2,0.05210881684329871,0.15008439707327276,-0.0065942234725776434,0.12480520379874609,0.10297724525706917,0.0654353763554476,0.05359835522538049,0.14697528636585117,-0.01197580898993067,2.000849270227722e-05,1.7237404842494104e-05,5.0294412080752215e-05,0.00015440645830596552,0.35065761170705123,0.015639917488493582,1.501200329754805,0.7001331357585161
0.25,0.06963593456775183,0.14993567197340257,-0.00574403523442711,0.14245092426275785,0.10413019143915386,0.06505628390282059,0.06821732036323404,0.14783112782041685,0.002648742471222043,1.951192242642003e-05,1.5128154642276101e-05,4.214935906488149e-05,0.0001486869664970874,0.35366692768067526,-0.007581849052536534,1.6566704847822005,0.6018095167583168
0.3,0.08713539024955201,0.14978787474066496,-0.004797447364107082,0.1599915937286226,0.10529067214351744,0.06707002643081417,0.0888729684046933,0.14853794770058273,0.006503483216574235,2.0040325621542714e-05,1.3863355163558224e-05,3.580587466769011e-05,0.00014597591171184928,0.3515803778390664,0.040274850559875966,1.4664838797996493,1.7523619401346306
0.35,0.10464305677709,0.14965179526576572,-0.0036765826149472917,0.17761622132204719,0.10648778218484317,0.06856678836995833,0.10947159431113858,0.14981322627369695,0.00351719709278564,2.1348257706571933e-05,1.2962391972859217e-05,3.062684164097909e-05,0.0001443571671452336,0.35330475712447523,0.029935238782886835,1.52850600169284,2.3489752630186658
0.39999999999999997,0.12216079168247315,0.14953081461890766,-0.0024187606772380055,0.19505100981130705,0.10769828905802245,0.07007181424052122,0.1284387810741559,0.15433972515387245,-0.0003766950349772813,2.2940234265432852e-05,1.2127442771444029e-05,2.6526689173025817e-05,0.00014320478705664614,0.3495352538495267,0.03010051741125363,3.040697024745245,1.9204847264397866
0.44999999999999996,0.13968928700555733,0.14942820065960655,-0.000986107964505123,0.21240222616295795,0.10892218618808067,0.07076826768391475,0.1484437910611708,0.1551824306490663,-0.0016474908155053036,2.4518358785627823e-05,1.1266393056128274e-05,2.3384876850051242e-05,0.00014219391666207666,0.3478865592669758,0.013929068867872057,1.92382510216286,3.297928441258597
0.49999999999999994,0.15721262059923394,0.14934741264669332,0.0006636400895347125,0.22986381459198665,0.11017409741178968,0.07237710509939355,0.16594126332633297,0.1543372578468064,0.01553606307976274,2.610813777934469e-05,1.0437459864944097e-05,2.0857170307029666e-05,0.00014134190345195088,0.35012821553384715,0.0321767483095776,1.6125696605046813,5.060954503699793
0.5499999999999999,0.17476365474889097,0.14928776309889324,0.002472050306240799,0.24756880384913535,0.1114679995815135,0.07352594922436184,0.18488371790282326,0.15504265350972446,0.009545537260477577,2.7618701118344563e-05,9.729816001330645e-06,1.8813244734816188e-05,0.0001406515342721835,0.3550441449070372,0.02297688249936175,0.9411864513590492,4.489515297862497
0.6,0.1923093003273787,0.1492561101817885,0.004487543793099641,0.2648679185368714,0.11276045761968428,0.07562171248289218,0.19903597766465184,0.15426239344083933,0.015740782434574108,2.9037627490363276e-05,9.009597767759699e-06,1.7143504244146538e-05,0.00013995716234794175,0.34694663964697764,0.04191526517060871,2.394133292517588,2.977733030500162
0.65,0.20983253172690533,0.14925006974743085,0.006634952389984909,0.28249527333993874,0.11412579830247456,0.07898118472833815,0.21464987442502853,0.15282508245567383,0.014304609985904104,3.029707737517653e-05,8.366204908541963e-06,1.5771438939711698e-05,0.00013939570942871586,0.353603216344924,0.06718944490892112,0.9735427344757811,1.4907962210306045
0.7000000000000001,0.22738126767714348,0.14927835933418318,0.008988206453428519,0.29994812232548795,0.11553056708257531,0.08165126019596247,0.23108333773237155,0.1534196952269372,0.008324156108852954,3.145379837242584e-05,7.748007758298572e-06,1.4618931718742389e-05,0.00013887576078617565,0.350185947848866,0.05340150935248629,1.1564308512893562,1.3139119755597035
0.7500000000000001,0.24491003872415384,0.1493405902371559,0.011485638544625712,0.31749673013417573,0.11698462240573848,0.08368850245977999,0.2468909370048976,0.15359357468371915,0.01024256358010689,3.250878943156461e-05,7.1254734335957685e-06,1.365747004178624e-05,0.00013834588862293102,0.3521749679616638,0.040744845276349674,2.1937682100648663,1.4600460459220705
0.8000000000000002,0.2624548156774865,0.14943648546280905,0.014089619205142371,0.3349534623907185,0.11847180905374767,0.08628653199597736,0.2629193892639954,0.15316880290750937,-0.0011661801354976298,3.3463276020773215e-05,6.554688674791004e-06,1.2846061387003594e-05,0.00013784897108817072,0.3503994279992072,0.05196059072394703,2.926236481276572,3.740004925967214
0.8500000000000002,0.28002364260813933,0.14958125972182545,0.016936132107507818,0.3523089513865781,0.11999033921482814,0.0882603023534747,0.280642957884951,0.1533146810077462,-0.005560572367411698,3.4334808383350975e-05,5.964710046135038e-06,1.215309950173507e-05,0.00013738817902735602,0.34843595145862,0.03947540714994653,0.7650487672524504,6.234657364192779
0.9000000000000002,0.2975722847860856,0.14976145957522408,0.019926085598603097,0.3698934072900971,0.1215606590709743,0.08987036145221561,0.29651740807177257,0.15330529770310516,-0.004276091972339913,3.514332397771145e-05,5.39226333257595e-06,1.1567633688580823e-05,0.0001369439053150065,0.3530886920894633,0.032201181974815966,1.9500261617646304,7.1564617135056565
0.9500000000000003,0.3151181057801917,0.1499918813320011,0.023093497138667044,0.3873204781497541,0.12315711465437972,0.09283528497318727,0.3171595852029437,0.1530865519820558,0.030123489227304567,3.587068908272867e-05,4.881229097952019e-06,1.1063335687924944e-05,0.00013654913328262265,0.3500009677279653,0.059298470419437324,4.801484400746897,1.0590580522741906
1.0000000000000002,0.3326855792664033,0.15027368861657614,0.026448083135583524,0.4047385570475427,0.1248150990513111,0.09696796147505182,0.3356309470640897,0.15327071122250055,0.01725271172175491,3.6567074726158066e-05,4.5773563850951e-06,1.0636484181224143e-05,0.0001361449071166376,0.34993646306852205,0.08265353003728763,1.3603100038234601,1.9006632694070797
1.0500000000000003,0.350248893164731,0.15060793480573112,0.029953998576132172,0.4222365249001267,0.1265625581911853,0.10210479496068192,0.35332457805979034,0.15265808832735978,0.020854665702193742,3.720817076751931e-05,4.2198644606200005e-06,1.0265546836392116e-05,0.0001357832030405633,0.3517005387510656,0.10273666971259836,1.0903091119116413,1.3836811111706167
1.1000000000000003,0.3678173442317618,0.15099723444574048,0.033616510791027135,0.43939269086693405,0.12834823589329084,0.10531578663932839,0.37029054497042013,0.15372726021404506,0.027229213806287955,3.7787189553196614e-05,3.902229323077989e-06,9.937828794813447e-06,0.00013546066575198442,0.3449770607850462,0.06421983357292531,3.48582308052974,1.345560634801381
1.1500000000000004,0.3853896687610562,0.15144642089707613,0.03746525078106295,0.4568724468952324,0.13022898892527404,0.10905165159065522,0.3887430242812927,0.15457012726444913,0.041032883819819954,3.8299717669707076e-05,3.6415262545486693e-06,9.658624194053825e-06,0.00013517992745225763,0.3516131182155108,0.07471729902654099,0.9901722628000618,1.1525430484636774
1.2000000000000004,0.40295368699905304,0.15195667092664905,0.041468706946530855,0.474256024981911,0.13215772931513556,0.11194817490474263,0.40606606586943794,0.15416423878626023,0.03721024704414733,3.8757949071556826e-05,3.466042081413857e-06,9.417723431250524e-06,0.0001349194132756642,0.34980511172056317,0.05793046628174663,2.5939081171019414,0.9178114924808868
1.2500000000000004,0.4205349515547378,0.15253000978660253,0.04561163228566522,0.49150944589071244,0.13412229823288405,0.11480615201721234,0.42029663535402567,0.1551718243202749,0.04222740513643597,3.9171196586332684e-05,3.278246287114941e-06,9.201009337342884e-06,0.0001346920572926313,0.34729829791580386,0.0571595422493916,0.9654060556836369,1.0376741684989403
1.3000000000000005,0.43809810105058056,0.15317276571096033,0.04993852333876168,0.5089075390528635,0.1361575476669787,0.11809765531435579,0.43980423356971454,0.15561073983070914,0.04479735813471519,3.952732222532991e-05,3.1329692670510963e-06,9.012219974706483e-06,0.0001345055533576207,0.35033479014196145,0.06583006594287165,1.145048517336915,1.0609824802432473
1.3500000000000005,0.4556694573771424,0.15388594936305572,0.05441362408030293,0.5265643653341565,0.1382920893996223,0.12251563691112688,0.45728883636232825,0.1559317145905457,0.04343592300149535,3.9852539427057185e-05,3.009554707856407e-06,8.850344127180402e-06,0.00013432498984113664,0.3557079123357168,0.0883596319354229,1.0055910536128323,1.7190349624452006
1.4000000000000006,0.47324325839072134,0.15467249906185762,0.05906753672447983,0.5442253588779903,0.14050651154920005,0.12695229994304302,0.46987157132097396,0.15627715948930307,0.04036386747420284,4.014372731005092e-05,2.8858670191012603e-06,8.70562177796034e-06,0.00013416651927228412,0.3559858862893207,0.0887332606383249,2.14468918336288,3.8603008745309153
1.4500000000000006,0.490823199624739,0.15553557080546257,0.06390942780634903,0.5615953738203239,0.14276592481624764,0.1317461845960115,0.4876550141272333,0.15733139071703753,0.05997074174492312,4.039509185385738e-05,2.7602232994341075e-06,8.569729789064672e-06,0.00013403810755870544,0.35032724987229963,0.09587769305937262,2.646647686344158,0.9705207104138113
1.5000000000000007,0.5083978388282567,0.15647834837541297,0.06893490469748088,0.5789747065237194,0.14511036643594577,0.13643141687729976,0.5031657576801059,0.15878516774602822,0.063108375771872,4.060875806671159e-05,2.7448580391896487e-06,8.458646571292445e-06,0.00013390381247667423,0.35073532716142,0.09370464562576843,1.5441914961541259,2.0146186546201306
1.5500000000000007,0.5259717494881901,0.15750410470461848,0.07409430923304251,0.5963467458681998,0.1475462278923772,0.14218681231479025,0.518854462913049,0.16033038919408754,0.07634224705887549,4.079429755807244e-05,2.744254032561953e-06,8.360132567337683e-06,0.00013378450548757944,0.3508401467621989,0.11510790874980573,1.0390145928475154,2.578401939681259
1.6000000000000008,0.5435394457958067,0.1586149164632445,0.07941895253848168,0.6137121811878391,0.15008553216210765,0.1482100660108232,0.5359730119738687,0.1623907009699842,0.07578677572512804,4.0947656551730584e-05,2.806570116940452e-06,8.280477902742533e-06,0.00013367584995376144,0.35100275851447776,0.12046507392065613,1.6157339632669878,4.045499625225999
1.6500000000000008,0.5610993397934807,0.15981358493511552,0.08488851675579323,0.6310321210069066,0.15272133022522472,0.15383811848614082,0.5561203305716614,0.16324492491089457,0.07310478442321067,4.108635625581944e-05,2.851024864470772e-06,8.206389379286207e-06,0.00013357169302223587,0.35038753227113995,0.11256104950634856,1.3485255892617307,4.047412292263349
1.7000000000000008,0.5786834270412604,0.16110583202067028,0.09052418760611429,0.6481316706995616,0.15543327063814186,0.16073620633166685,0.5733665640127857,0.16538293764393822,0.09447844712435582,4.121729526846955e-05,2.8737012039929068e-06,8.134412641713209e-06,0.00013346618168954527,0.34626603015230756,0.1379617569105214,2.5680008514688937,3.410542688065843
1.7500000000000009,0.5962355963635503,0.1624879946930258,0.09633840806140974,0.665358624236492,0.15827189002745146,0.16588438098433267,0.5911170222399683,0.16719134193137797,0.09923212750771304,4.1313258066809556e-05,2.99514949290358e-06,8.088542870941874e-06,0.00013337263733214437,0.3491855446335586,0.1029634930533195,0.5748775426168803,3.9109964429435937
1.800000000000001,0.6137954376380909,0.16396887545602717,0.10226890969099317,0.6827125411094531,0.16124588004068427,0.173563884500179,0.6103151670487108,0.1692145008502668,0.11949269212135016,4.1393233586347796e-05,3.1269233610077377e-06,8.053364626863897e-06,0.00013329069837823487,0.3521389333583715,0.15359007031692298,1.7261027861359939,5.515995941696026
1.850000000000001,0.6313365011334268,0.16554553966864075,0.10839738213735896,0.699769960333756,0.1642849163808493,0.17906617570443428,0.6241480904737231,0.17132193841142435,0.12340360158256303,4.144196811245834e-05,3.3340712288383557e-06,8.03933905892506e-06,0.00013320708372621735,0.34652102379765537,0.11004582408510331,1.0595430012528786,7.29883130689947
1.900000000000001,0.6488911655840076,0.16722693724700624,0.11470644773171823,0.7169620392818996,0.1674596328287404,0.1861428738446005,0.643568208400094,0.1736591734498894,0.1255271903669799,4.147775654155324e-05,3.533868153720084e-06,8.031424792433672e-06,0.00013314315752365667,0.34965564696854295,0.14153396280331926,0.48156126997668236,7.085594018487014
1.950000000000001,0.6664361180773783,0.16901458876101472,0.12116117370835752,0.7342530992506306,0.1707740490492315,0.19263029403178367,0.6653143518208716,0.17590673021639627,0.1284886882429035,4.151009351678645e-05,3.712892841851857e-06,8.025735955854093e-06,0.0001330788450297117,0.352117705800793,0.12974840374366392,1.3457896365014619,6.42209779231789
2.000000000000001,0.6839732584371304,0.17090854610005726,0.12780221210528442,0.7512739532509237,0.174151538071303,0.199145316249707,0.6831116690627679,0.17765713129869393,0.13055709993209907,4.1537360493096006e-05,3.879633343081284e-06,8.019546557667115e-06,0.00013300942008395844,0.3470550204703907,0.13030044435846475,1.742262662999163,6.1469932462720465
2.0500000000000007,0.70150914021753,0.17291341584995196,0.13462446523451685,0.7684788207920833,0.17766848546886418,0.20413054135127817,0.6979075624601134,0.17977502014496044,0.12521529355359684,4.155983983585132e-05,4.028893544640075e-06,8.015382817185844e-06,0.00013295282644897177,0.35121333959085915,0.09970450203142053,1.8274124240719134,8.764215822521136
2.1000000000000005,0.7190304077640708,0.1750347083379672,0.14157231746335155,0.7856095485740392,0.1812706569172529,0.21038144429149153,0.7142191590648075,0.1816233087857964,0.14963315709403613,4.158669487589807e-05,4.133170684190688e-06,8.001927100414188e-06,0.0001329068452555147,0.3501076813159503,0.1250180588042672,3.496433089029943,7.213796475254698
2.1500000000000004,0.736503406507081,0.17726449596191063,0.14871769058231266,0.8028006348799887,0.1849974004612098,0.21657898887120197,0.7321777599912289,0.18435651388061533,0.15261645886288466,4.157268787723842e-05,4.3454673774390865e-06,8.024756836681496e-06,0.00013286088459399508,0.35180850258060337,0.12395089159421348,1.1754386692585228,7.981326459719182
2.2,0.7540082939700755,0.1796230906392729,0.15598150371826586,0.8199026181382176,0.1888346351879275,0.22485743383359047,0.7470866984608969,0.18634859389566022,0.14776249848173473,4.155430833777954e-05,4.547037525149701e-06,8.048111180570951e-06,0.00013281280375052678,0.35054469396476534,0.1655688992477688,4.033590161181943,9.919039219024452
2.25,0.7714752415891849,0.18210002977454848,0.1633987033870883,0.836984425255255,0.19280515474833493,0.23191438379275864,0.7660941906972658,0.18953914275112818,0.16874374861340025,4.154857905290181e-05,4.693548979139127e-06,8.057345456324277e-06,0.0001327742067522477,0.3507446001442916,0.14113899918336015,3.2103078866409014,9.299686827931497
2.3,0.7889495369700431,0.18470363209317434,0.17097451291380777,0.853938718010621,0.1968701619032106,0.23872681802565188,0.7828031402224701,0.19217515928295917,0.16789146287012935,4.150801150361861e-05,4.922818726029752e-06,8.097492417514952e-06,0.00013272753130732658,0.34869671727781315,0.13624868465786708,1.6351852130986169,10.420646478389017
2.3499999999999996,0.8063935557628481,0.18743105881307182,0.17874397307010317,0.8710374174028075,0.20110157511200077,0.24646511491626155,0.800362048919034,0.19567948790242523,0.17475091101464235,4.1474154602947696e-05,5.118282496587483e-06,8.131391516885076e-06,0.0001326879159863608,0.35229074749912764,0.1547659378121961,0.8877798913313699,12.426116816779876
2.3999999999999995,0.8238238489773091,0.19029024530925093,0.18665355689647686,0.8879695406274377,0.20542782768060555,0.2538422228083901,0.817344101897875,0.1985019160002075,0.17574728491330038,4.143351653417872e-05,5.319428593225274e-06,8.169690040038875e-06,0.00013264754791965987,0.3495223273429691,0.14754215784256897,1.939476173948096,14.126399921330863
2.4499999999999993,0.8412395107906494,0.1932844908002637,0.19470600402572374,0.9049891997185782,0.20990913493212598,0.26107440902495416,0.8312740852871999,0.20100063443419935,0.18602539408604324,4.139651628837172e-05,5.497171150632275e-06,8.203874465368641e-06,0.00013261123243149078,0.3519956024606133,0.14464372433128303,2.160971373296549,14.921761477258803
2.499999999999999,0.8586189595947925,0.19640963707488623,0.2029484195528268,0.922097127259979,0.21455495579877978,0.2692552589190682,0.8480926986559241,0.20461499059026636,0.208982436644364,4.134336104433086e-05,5.703135701991734e-06,8.25373832872917e-06,0.00013258068370971467,0.35455131589550537,0.16361699788228537,3.953496947937117,15.170385305608349
2.549999999999999,0.8760012910924038,0.1996738084503428,0.21139740888770622,0.9388549542305644,0.21926010622391054,0.2781960258961904,0.8672573125166215,0.20843622709926846,0.21588007503500428,4.1248873449977136e-05,5.993199549192267e-06,8.341324795033859e-06,0.0001325428506291158,0.3481179245481801,0.1788153395424434,1.331604989496888,15.352551476091627
2.5999999999999988,0.8933441861695876,0.20308161832444607,0.21994353548938475,0.9555298909427183,0.2241077916799975,0.2876410859568801,0.8815502438925041,0.2122330056011887,0.22983853643885643,4.115162754393814e-05,6.27631122345962e-06,8.4311443926037e-06,0.00013250213782443104,0.3473072475050666,0.18890120121379186,0.9212429860833785,19.506610281149147
2.6499999999999986,0.9106541003181329,0.20663012379097861,0.22864380863474681,0.9723851216872054,0.22916778351092126,0.29564506763293386,0.9026512893957278,0.21762911874823657,0.24995858224019818,4.103710329087169e-05,6.582809155384618e-06,8.54095141719946e-06,0.00013246870186564287,0.35196816570509065,0.1600796335210727,2.287910944901811,23.15241329314476
2.6999999999999984,0.9279481972055642,0.21032099825134803,0.2374849233385479,0.9891033318179862,0.2343414043876819,0.3045812001896726,0.9188229344048057,0.22144549883312065,0.2498912240789446,4.088797373860097e-05,6.941714896106099e-06,8.686155472900218e-06,0.00013242796079332417,0.35000968044509856,0.17872265113477595,2.738248673382359,23.595409413147834
2.7499999999999982,0.9452208070572627,0.21416144849528962,0.24648346875885987,1.0056242751643103,0.23962625285406766,0.3146211533386536,0.9340251351592115,0.2253252848258533,0.2674007284777886,4.075998872385843e-05,7.252235856250037e-06,8.81029527345692e-06,0.00013239301120052962,0.34691423707446767,0.2007990629796184,1.4672639244541146,27.40525372720993
2.799999999999998,0.9624684464568898,0.2181521261265425,0.255643709062379,1.0222034344164943,0.2450929906327001,0.32239692557011423,0.9531037284141572,0.2301773578958293,0.27715089858760944,4.060687178094851e-05,7.594013503896088e-06,8.961648897430076e-06,0.00013236065050723037,0.3491448289590334,0.15551544462921732,1.6730811364101297,28.670076245537274
2.849999999999998,0.9796505555195658,0.22228994320559786,0.2649613682623543,1.0387385034933285,0.2506938956266011,0.33080034899807575,0.9726665139356346,0.23522290923392372,0.27616480662837173,4.044902883921672e-05,7.93342950709524e-06,9.120176586880691e-06,0.00013232649646147387,0.34915924143129623,0.16806846855923266,1.3129999141184026,28.29719521785501
2.8999999999999977,0.9968344507133322,0.22658736308758737,0.27441849375669486,1.055025910468216,0.25638619336116975,0.34164175836089106,0.9900531841653355,0.23984776042497039,0.2894624471253273,4.031502607451131e-05,8.22678039942195e-06,9.25476608714475e-06,0.00013229165854235778,0.34507088847389245,0.2168281872563102,1.0722282007876778,29.742744566893478
2.9499999999999975,1.0138056861216331,0.23099945405548147,0.2836749013083802,1.071719200362377,0.2624082378759701,0.3507906478947569,1.0093147219672605,0.2450461221024091,0.2953560146815959,4.016461639538714e-05,8.53512049531447e-06,9.411111679974474e-06,0.0001322604321641612,0.3549271160892026,0.1829777906773177,2.5836602601616607,30.167951824952738
2.9999999999999973,1.0307440887725037,0.23557933089521188,0.2928038155112157,1.088229147129401,0.2685498705062566,0.3614780474657717,1.0248125149038552,0.24862700113669106,0.2825090371562835,4.001732209422941e-05,8.829715904852215e-06,9.564210781557573e-06,0.0001322269768553691,0.3523072222734848,0.2137479914202998,3.3435229032099962,30.733638444411273
3.049999999999997,1.0476167603196516,0.24032090346885795,0.30191574450036146,1.1043528878674775,0.274730561471202,0.3706267305156823,1.0450945676674106,0.2549053325739988,0.2973103252070812,3.993377857449125e-05,9.024927824841336e-06,9.651574591046937e-06,0.00013219998787598563,0.34535664808377275,0.18297366099821633,1.9221724997324536,31.82714122057346
3.099999999999997,1.0644163793811852,0.24521129009366285,0.3113332190464985,1.1205545520016902,0.28112049414073653,0.3807118546722923,1.0617788823946415,0.2605005853283062,0.3156379075133846,3.9816816165106595e-05,9.26065950811303e-06,9.771825161571667e-06,0.00013216737744249445,0.3483261294699288,0.20170248313220274,0.8945519466400403,33.59680974911988
3.149999999999997,1.0811531665919507,0.25022997329560237,0.3209289922708487,1.1369689184138028,0.2877888945349166,0.3910601815987471,1.0752225243398976,0.2643902116037022,0.3137307599358219,3.965951440678025e-05,9.54299532969003e-06,9.934846515163171e-06,0.0001321364496958676,0.35434547536232325,0.20696653852909638,1.8599224128129994,34.7996560950462
3.1999999999999966,1.0979179342185137,0.2554475018069336,0.33053192903026674,1.1530717536195405,0.29452875885480856,0.4017317711978001,1.095166675384252,0.271165662991671,0.33658051376666487,3.9532609042539085e-05,9.779715735445111e-06,1.00667203161524e-05,0.0001321112021634825,0.3491303279073939,0.2134317919810627,1.930912425276975,35.47139683656317
3.2499999999999964,1.114570853920739,0.26078565763631484,0.3400693307778148,1.1692374813246174,0.3014880022431986,0.4112974585442335,1.1099743285472423,0.27596744777867416,0.33152360339871034,3.935263238170676e-05,1.0076684849401793e-05,1.0253725253873113e-05,0.00013207835343144933,0.35200237657124933,0.19131374692866732,1.7946193066771805,37.99229622071964
3.2999999999999963,1.1311775147799483,0.26629624677682157,0.3497642850359304,1.1853270106789082,0.30861001292696477,0.42215027319798093,1.1295946565272703,0.28313896067183464,0.3589819887393677,3.9215643238526005e-05,1.031555088107666e-05,1.0399572793098937e-05,0.00013205092473485896,0.35190852778376114,0.21705629307494997,1.6886418263843155,38.829482266124145
3.349999999999996,1.147765197718267,0.2719833980087754,0.359701443457301,1.2012777233618213,0.31587664242907443,0.43279846847267134,1.147893331632927,0.2898188063661485,0.36909172524372735,3.900680584960336e-05,1.063224753963672e-05,1.0618464405533823e-05,0.00013201742615591845,0.3505607179006616,0.21296390549380692,3.3999552763572956,41.05503160466295
3.399999999999996,1.1643207458507947,0.277815614916161,0.36954541129280477,1.21707623433234,0.32327786490473026,0.44342524507745606,1.1620838849904382,0.2943616298023568,0.36674902616449545,3.8796025056400205e-05,1.0945189409957299e-05,1.0842382122633056e-05,0.0001319844775218212,0.3489263001724116,0.21253553209569603,1.927015209515726,39.46036720710689
3.4499999999999957,1.180789071078658,0.28381906898079523,0.3797129740801134,1.23278855773658,0.3308311089767095,0.4527863782766053,1.1784122985988763,0.3004592967274853,0.3761427578999368,3.8628880931938606e-05,1.1204206346122558e-05,1.102379580334024e-05,0.0001319582642567984,0.3486722370589908,0.18722266398298334,0.23599810100413032,40.22051860137669
3.4999999999999956,1.1971970191922774,0.2899868523376432,0.39001570226906485,1.2482776342808055,0.33847374324281904,0.46395462091751405,1.1933192167721265,0.3071255229186147,0.40808261682665403,3.8450000894346696e-05,1.1467737635755488e-05,1.1215251738567277e-05,0.0001319320344931445,0.3454414286276112,0.22336485281817595,2.384719410618151,43.777513343622836
3.5499999999999954,1.2135551748217952,0.29630129357249235,0.4004592905094627,1.2641489857803736,0.34652146282495033,0.47460387508648605,1.2107796406475972,0.31419556947567506,0.4129314215371269,3.8179908748100656e-05,1.18125207483957e-05,1.1505895998943506e-05,0.00013190287736579702,0.3559036844860056,0.2129850833794396,1.137047817019396,45.01641974327464
3.599999999999995,1.2298298265087677,0.30279092163075433,0.41084283345807127,1.2798889333799677,0.35473134870662937,0.4869448799149767,1.2258543776297672,0.32056299053512904,0.4184840115825583,3.793084146835195e-05,1.2130574614824958e-05,1.1779363012203619e-05,0.0001318729259027726,0.35505051833492013,0.2468200965698182,3.968295929675981,46.40226379927642
3.649999999999995,1.2460190340772603,0.30943749096228046,0.4213970689810318,1.2955731118585567,0.3631566958459148,0.498961712106365,1.2453064351500134,0.328505962506918,0.4279780201589438,3.770158587100572e-05,1.2425023564858802e-05,1.2037476144816748e-05,0.0001318445429218036,0.3560807455793183,0.24033664382776546,3.7631486668717264,47.08501296296384
3.699999999999995,1.262145862431084,0.3162560916797232,0.43197354500525154,1.3110189238028596,0.3716878455331325,0.5102953899703033,1.2617057501227,0.3353248361083146,0.43268808816760274,3.747308266169283e-05,1.2711919074968638e-05,1.2295805346657111e-05,0.0001318152588972267,0.3529061940320298,0.22667355727877325,1.1959394943087576,47.079303138921624
3.7499999999999947,1.278228800254441,0.32322385885660004,0.4428581283314819,1.3262156570120236,0.3803111371497962,0.521978675093814,1.2784074019953868,0.3427621374072982,0.4483214965546347,3.726216487793517e-05,1.2977647686677042e-05,1.2536613204412411e-05,0.0001317881075763384,0.34945977241867304,0.23366570247021148,2.4425674184137915,47.55402972327505
3.7999999999999945,1.2941943961352975,0.33035310574608945,0.45362989204490217,1.3413821044570036,0.3891657583458895,0.5349106294860797,1.2934047095135426,0.34974288846204965,0.4602941923746289,3.701759448785363e-05,1.3261487451095073e-05,1.2812072130688819e-05,0.0001317605946160362,0.35124335892319203,0.2586390878453125,2.4984191037522576,48.170932405925306
3.8499999999999943,1.3101058231601583,0.337664128125097,0.46451741235824295,1.3562556585951953,0.3981011130831043,0.5470375761336461,1.3088182942063993,0.35809182716015603,0.47943951675136365,3.676409787907929e-05,1.3545008034437502e-05,1.3096822100521737e-05,0.00013173458618926352,0.3470255705904582,0.2425389329513267,1.5335978289828351,54.03063119823225
3.899999999999994,1.3259265018603674,0.3451399634169863,0.4755242457276027,1.371254253652785,0.4073656893315605,0.5596223191987191,1.3248414276085112,0.3652818128322597,0.4815802584082869,3.6468712297226793e-05,1.3850067025413233e-05,1.3429183495995626e-05,0.0001317079960474259,0.35258719693184526,0.2516948613014597,2.589254271161058,51.95521528366773
3.949999999999994,1.3416836872946047,0.35279685134891453,0.48664904589743485,1.38607256700292,0.41678553156694964,0.5728757883497293,1.3418954127838834,0.37303361380873545,0.47601509727512914,3.621024245450999e-05,1.4122470312834126e-05,1.3726573886285517e-05,0.00013168274895192467,0.3511810652124208,0.26506938302020716,2.6812185436592086,53.04418130728091
3.999999999999994,1.357450982701726,0.3606623174201258,0.4986149682201138,1.4010206384545287,0.4265537656322315,0.5847567004896184,1.3494759501554217,0.3778509578264503,0.506449534934831,3.601880906592129e-05,1.4339126477340104e-05,1.3956907144881387e-05,0.00013165760869436274,0.357136941630636,0.23761824279778257,5.414900257308178,52.112535388003906
4.049999999999994,1.3732040030318888,0.36873187763412074,0.5109737147504341,1.4156902026753897,0.43640168233171417,0.5976725698761154,1.359843253916451,0.38404341305933565,0.5316713786629865,3.5720128467526287e-05,1.4616056942939435e-05,1.4292686496159169e-05,0.0001316384811236988,0.35337341018615054,0.25831738772994406,3.0897899014046937,57.67459341439148
4.099999999999993,1.3888830849059792,0.37699761064318815,0.5233085619935103,1.4300682001864338,0.44633630260245555,0.6115934441447513,1.375731291772935,0.3928707388645976,0.5400179388886306,3.535407894151316e-05,1.4925473651777512e-05,1.4701776934111742e-05,0.00013161784976045322,0.34953021314498195,0.278417485372721,1.2483433017837198,59.77489049627077
4.149999999999993,1.404403961953559,0.38542997429904063,0.5355753150189833,1.4442797032787267,0.456456313986751,0.6260079427857073,1.3941304421018321,0.4030843415389771,0.5478086810804763,3.500786750751655e-05,1.5216501876608478e-05,1.5096616444657694e-05,0.00013159525746479558,0.3489336446509888,0.2882899728191214,1.3250223681375108,60.70069163927663
4.199999999999993,1.4196607830830674,0.3939830574101191,0.547492011426989,1.4584340447970776,0.46683270013403266,0.639171371345796,1.4079060115143394,0.4106595786509574,0.5564489377538062,3.4685188262560324e-05,1.5487478332862962e-05,1.5473069931743473e-05,0.000131569904375745,0.35100952748379616,0.263268571201782,3.2434214278272306,60.19898007143233
4.249999999999993,1.434860552157864,0.40276139003636596,0.5594542957232032,1.4725264746865114,0.4774705024144012,0.6540363032821053,1.4182948126482497,0.41750522257400147,0.5787974003956569,3.436736479530379e-05,1.5744409763971517e-05,1.5844700831436656e-05,0.00013154765414854385,0.35313745669324975,0.2972986387261873,1.6677444241319728,66.25217205594197
4.299999999999993,1.4499117579868126,0.4116835006678682,0.5714451217692879,1.4861860449208837,0.48807936636353616,0.6666583777983055,1.434520236470538,0.4272290542374661,0.5804350812819004,3.3999610201261194e-05,1.6015743015373723e-05,1.62676163622968e-05,0.00013152917742887947,0.34591086985170777,0.2524414903240083,2.1844599719510684,66.58740597682352
4.3499999999999925,1.4648569129842492,0.4207708805821472,0.5835719061859704,1.4998817442098156,0.498991208212076,0.6788353524617072,1.45004120832716,0.4370697112749621,0.5895000380893665,3.368359136033464e-05,1.6255335993356062e-05,1.6641811694108854e-05,0.00013150880482355165,0.35022521930305084,0.2435394932680405,0.6544504513731095,69.2880106189702
4.399999999999992,1.479701506385194,0.43004540029173927,0.5958094383724356,1.513516060326271,0.5101463883808353,0.6926087860881385,1.4668129244295023,0.44846088595726097,0.607533875596014,3.337073120987258e-05,1.6484661625841113e-05,1.7014888761080925e-05,0.0001314876816318075,0.35232798733126114,0.2754686725286215,1.4084601049405823,74.20940384066475
4.449999999999992,1.4944230040501731,0.4394798445331138,0.6082028838374508,1.5268251250740257,0.5213247730385342,0.7046025118498216,1.4827073370900439,0.4595235559214319,0.6119998398983575,3.302355257278036e-05,1.6717971219963403e-05,1.742176572583797e-05,0.00013146781928988436,0.34761536749779215,0.2398745152336616,2.3918141828112938,80.11979695736515
4.499999999999992,1.5090515966438196,0.44910365500467675,0.6207175877378713,1.5402199754883577,0.5328793897424889,0.7189435825397594,1.4991586657996154,0.4707550761629668,0.6235440416612712,3.270549014204055e-05,1.693270684809166e-05,1.7804663581488696e-05,0.00013144722683938455,0.3538002533273605,0.2868214137987578,2.8260736704763243,83.16152616084027
4.549999999999992,1.5235706657556407,0.458907001191903,0.633341419981716,1.5533520876019768,0.5445162116516636,0.7312599368872017,1.5166342932868173,0.482466607995546,0.6309873583622134,3.238571241271935e-05,1.713903453917366e-05,1.8188125401370897e-05,0.00013142845759090007,0.35092556732978225,0.24632708694884564,2.2990092585467674,84.74737166037237
4.599999999999992,1.53794338086004,0.4688765853951665,0.6460670148780436,1.5662664970155562,0.5562751627417436,0.7459443745780665,1.5307053774738582,0.49254144472235784,0.636453672716955,3.207353502739557e-05,1.7333934742837154e-05,1.8562541301202273e-05,0.0001314107466849932,0.34931955739741033,0.29368875381730025,1.0215927171815482,88.4890506717719
4.6499999999999915,1.5522028355407986,0.47903278900601104,0.6589076578351944,1.5790896284649871,0.5682917508732322,0.7599349510644382,1.5428758508462241,0.5020376242726451,0.6664250518274781,3.178388599283036e-05,1.7512177044468303e-05,1.8912423141057588e-05,0.00013139530908564477,0.3514746807343669,0.2798115297274319,1.8301675003458537,88.54716156620708
4.699999999999991,1.5663328479832963,0.48936974419503054,0.6718522470695513,1.5917827957548394,0.5805184623641577,0.7734293049866969,1.5596772764067173,0.5146136262304485,0.6739183821301755,3.139066324537016e-05,1.770953451170912e-05,1.9370384591225138e-05,0.00013138063353050064,0.35248471354207506,0.2698870784451745,1.770830123436724,92.18442452618693
4.749999999999991,1.5803434667692922,0.49989396156644206,0.6849053740564872,1.6041818906431142,0.5928198906019444,0.7894589996979615,1.5775909021266645,0.5281305026056954,0.6907461429543198,3.101508112614038e-05,1.789472413669322e-05,1.9812849107667336e-05,0.00013136694707710018,0.349324618660026,0.3205938942252897,4.54043654432217,94.53414754316378
4.799999999999991,1.5941977256571476,0.5105852672496269,0.6980624617348677,1.6164401618247373,0.6053588295315808,0.8039734028754446,1.5916693839871696,0.539396803409407,0.7008637412445307,3.0617167904435644e-05,1.807464693063326e-05,2.0281245321081166e-05,0.00013135287608026186,0.350711049208967,0.29028806354966336,1.224858539472386,96.77661141978078
4.849999999999991,1.6079159377076127,0.5214632872270168,0.7113199671035787,1.6284786723489193,0.6180231769580569,0.8174812776216234,1.60401665465978,0.5489803733534059,0.7070083060992127,3.0232468104172335e-05,1.8242773660021842e-05,2.073793896843673e-05,0.00013134157848659954,0.34946592037003327,0.27015749492357544,1.9476524457990139,94.78464969369008
4.899999999999991,1.6214933431864373,0.5325201997564659,0.7246828617291755,1.6403491709106395,0.6308687834703381,0.8321788107166666,1.6131927183427577,0.5570838405761765,0.709201648754092,2.9871324314171732e-05,1.8395937209288847e-05,2.1168671340121723e-05,0.00013133186195338057,0.34981357881444014,0.2939506619008658,2.131011935502133,98.50983080291293
4.94999999999999,1.6349141006294752,0.5437431531667352,0.7381497302155591,1.6518920932055845,0.6437578275148359,0.8486997000369954,1.6238802416320954,0.5664510024189441,0.7348976629941006,2.9548128397336453e-05,1.853407741771745e-05,2.1556562920006217e-05,0.00013132601554522393,0.3460481588836937,0.33041778640657954,1.5372302055996856,94.80285010950821
4.99999999999999,1.6481975692002773,0.5551483473588483,0.7517322319607964,1.6634458756876656,0.6570520355643072,0.8619540315372767,1.637983622858064,0.5778604162156846,0.7382841263603828,2.9150157707098036e-05,1.867062223494904e-05,2.2023077469977487e-05,0.00013131884250354377,0.3522671707568582,0.2650866300056264,2.599243944859169,94.31906753631456
5.04999999999999,1.6613311070626673,0.5667350692218172,0.7654225635760403,1.6747205820841031,0.6704134606331529,0.8778420232574549,1.652584554531969,0.5907692831314203,0.7573332421124377,2.8788595372455326e-05,1.8794868464213667e-05,2.2452061676374343e-05,0.00013131251547307473,0.3496587557984622,0.31775983440357136,3.027567848904525,93.25221155265375
5.09999999999999,1.6742939370348455,0.5784884943634011,0.7792207162918522,1.6858626200988909,0.6840620257263014,0.8944853288949872,1.6648843702537135,0.6013211116833737,0.7583755156823866,2.838198062374815e-05,1.89117705502909e-05,2.2928846014510107e-05,0.00013130605339193574,0.35238360122753853,0.33286611275064343,1.9148231805361569,94.24664204620706
5.14999999999999,1.687100905724569,0.5904215635477913,0.7931289313755354,1.6966153698047464,0.6976713401362805,0.9097543000580641,1.6789894870225353,0.6144212533667641,0.7884432864294126,2.8034311333071434e-05,1.9017130753248016e-05,2.334239236738292e-05,0.00013130300532185723,0.3468953212573566,0.30537942326153766,3.24434718187452,88.2402255210846
5.1999999999999895,1.6997486005338172,0.6025259572245873,0.8071661086590126,1.7072585212345088,0.7115871593152377,0.9259961302584294,1.6901516305830069,0.6260147321431463,0.8077238115788181,2.758067660174412e-05,1.9113171588206824e-05,2.3866731331914588e-05,0.00013129959588179603,0.3503903212496898,0.32483660400730213,0.9198903423266556,90.1997980417242
5.249999999999989,1.7122236231664736,0.6148122372634133,0.821312943965049,1.7177557198521511,0.7257869573497892,0.942425644498674,1.7025602083885358,0.6383314152192776,0.8186000043608033,2.7095643125393222e-05,1.9196032499196924e-05,2.442873784040096e-05,0.00013129635155385074,0.3531755695745922,0.32859028480489205,1.3240681933974014,90.68107612335898
5.299999999999989,1.7245122533423853,0.6272692900463326,0.8355664876232384,1.7277156650232581,0.7397160364351509,0.9576603098714154,1.7140300992525999,0.6498194227916168,0.8214986925140484,2.662825088240107e-05,1.926949750223745e-05,2.4970738526588584e-05,0.00013129704622397726,0.3424765237389411,0.3046933074548291,1.2423115617789886,92.33023079397313
5.349999999999989,1.7366293297087754,0.6398984594454536,0.8499476657501916,1.7376484180867289,0.7540773691268752,0.9737572360057509,1.7261838385775912,0.6625100333285414,0.8359060960295723,2.6214668599862862e-05,1.9334248841766462e-05,2.546030914829793e-05,0.00013129775276812575,0.34923576215966246,0.32193852268671314,0.982794064263559,92.05605907426668
5.399999999999989,1.7485623422513559,0.652688588134885,0.8644499879623306,1.7473268066888623,0.768597197773174,0.9919729871245542,1.7362979834364354,0.6741200000986161,0.8642778107686837,2.578106924639093e-05,1.938472569957639e-05,2.5968253951103645e-05,0.00013129784882307495,0.3490014611247998,0.36431502237606733,1.1069107552462087,89.78697065163836
5.449999999999989,1.7603170423685826,0.665651820305745,0.8790661019220637,1.7567404112098015,0.7832464969825391,1.0073120447611945,1.7487474761321398,0.6889051026085651,0.8914642316760286,2.5272585436950133e-05,1.9411841825917027e-05,2.65548722663072e-05,0.00013130002814950803,0.3482664857454705,0.30678115273281614,1.1757235568273772,94.0249152198827
5.4999999999999885,1.771890965339154,0.6787910459771771,0.893754530965091,1.765899708576987,0.7980194691652346,1.024283813390845,1.7605758069223627,0.7023690150563043,0.9010601424860774,2.4697190671910333e-05,1.9410501605581434e-05,2.7215962701310264e-05,0.00013130378838829422,0.347643891192502,0.33943537259300555,1.7321812906773295,93.67765613510461
5.549999999999988,1.7832756253618456,0.6920994760728909,0.9084949916998537,1.7748200298236567,0.8129671507799133,1.0412272711767692,1.7723716198605908,0.7160990979251156,0.9095952450003857,2.415848992002101e-05,1.940096286742947e-05,2.784296930475233e-05,0.0001313073077177673,0.3481451225096081,0.33886915571848514,1.9211712341097016,93.67382600603696
5.599999999999988,1.7944565338572083,0.705564812117139,0.9233460117853627,1.7834113950704256,0.8279443426734305,1.0587573591064032,1.7809156270641924,0.727440591401534,0.9330034801478657,2.365314842109658e-05,1.93842245863074e-05,2.8434356183157227e-05,0.00013131224343743917,0.3453319959643655,0.35060175859267406,1.151966418061912,94.539085487517
5.649999999999988,1.8054052326833343,0.7191481998753433,0.9385568329152576,1.791865187458392,0.8432758915504825,1.0750027985742037,1.793127841909046,0.7412575377465451,0.9339456626147316,2.310864001641006e-05,1.9338132660810577e-05,2.9069194113654606e-05,0.00013131679960563816,0.35015981386456274,0.32490878935599926,5.135310379343074,90.45424579253452
5.699999999999988,1.8161288525877146,0.7328370012740676,0.9541446385011128,1.800153012738675,0.8589129913510765,1.0918564814442124,1.802949268471643,0.7539491212799235,0.9529351233785892,2.2637029649581025e-05,1.9297403050952424e-05,2.962780531375348e-05,0.00013132038880456947,0.35395725840089665,0.3370736574001704,4.009301838131183,88.78563990950799
5.749999999999988,1.8267955243127632,0.7468434962061546,0.9702100302719703,1.8080625763181972,0.8744863102005005,1.1098537052000754,1.8155762440851322,0.7713581642403604,0.9710392995852528,2.213509459208952e-05,1.9231243731557637e-05,3.0213441044683e-05,0.0001313260517610604,0.34934091716384874,0.35994447511725225,1.92040417573817,93.93013941585497
5.799999999999987,1.8372681167734057,0.7611046862731202,0.9861180720104646,1.8157724208578685,0.8903426191192174,1.1265936399449883,1.8275306920992227,0.787595915030484,0.9837896196991638,2.1621096142499606e-05,1.9142069753196668e-05,3.081115189292153e-05,0.000131333808165879,0.3526309656236564,0.33479869489825864,1.129789279703918,95.33942527276041
5.849999999999987,1.8474926526003892,0.7755240539062318,1.0019919377435624,1.823238018866173,0.906423966966802,1.1457345074380205,1.8392203762722792,0.8039164549429998,0.9996387161745055,2.1113776758431873e-05,1.903730066746993e-05,3.140085435200429e-05,0.00013134050046528862,0.3546009022424026,0.38281734986064986,2.8257757728623134,95.53840985594296
5.899999999999987,1.8574547605463638,0.7900499618203519,1.0178925299512613,1.8303120628416192,0.9224305593196911,1.1635865871653497,1.8458192204928177,0.8137851690203641,1.013707712895922,2.0605409378284876e-05,1.8915129244462278e-05,3.19873705579488e-05,0.0001313488052475226,0.35000641739066785,0.3570415945465933,5.0982830015102145,90.00929552387997
5.949999999999987,1.8671842370286265,0.8047258702942701,1.0338839867680492,1.837151579866906,0.9386672270958288,1.1806446594452336,1.85433107230876,0.8280918523363269,1.0384332435133539,2.0104755748475556e-05,1.8778461552741128e-05,3.256534929332702e-05,0.0001313550173290047,0.3523724736984715,0.3411614455976758,0.8128492340113257,92.16769713398966
5.999999999999987,1.8766728861693465,0.8195370408693178,1.0498686061661846,1.8435609816347653,0.954638304934459,1.1976724067791817,1.86080510893604,0.8391491803895458,1.0562620846572877,1.95591234429016e-05,1.860056319653071e-05,3.318636450797009e-05,0.00013136501644362932,0.3441876895956732,0.3405549466789738,4.510710833558358,91.02055694856189
6.0499999999999865,1.8859161898928538,0.8344929044897613,1.065963753947668,1.849773136740783,0.9709680832806945,1.216894371512721,1.869621769054486,0.8537857696623137,1.068593272064465,1.900721674254051e-05,1.8395773237040233e-05,3.3817069709522665e-05,0.00013137229519198697,0.34943493294026917,0.3844392946707954,2.2168129875988045,91.74204174989569
6.099999999999986,1.8948955174267215,0.8495397752323676,1.0820430671481618,1.8556531128023261,0.9873509446814224,1.2355173233217815,1.8755574424544492,0.8655390205167169,1.091293982953344,1.8479727902269374e-05,1.81850480371797e-05,3.442121961018239e-05,0.00013137940134892248,0.34812700129235336,0.3724590361812071,2.195882871335994,94.68839664319387
6.149999999999986,1.903642768062122,0.8647783890277964,1.09812533723217,1.861302567107299,1.0040478084437972,1.2535502803133358,1.883130560477,0.880107473345554,1.1109535241798305,1.7931394152519747e-05,1.793518195148116e-05,3.50493128251692e-05,0.0001313856539734412,0.3525393670333577,0.3606591398310922,0.7997532392043027,98.58991764371638
6.199999999999986,1.912139616822916,0.8801237438106029,1.114190025372215,1.8667175566365755,1.0210685291679362,1.2720108988993335,1.8902433415961002,0.8950433282848543,1.1371280326188256,1.7379276108991923e-05,1.765486810892414e-05,3.5683918089527156e-05,0.00013139148406359825,0.3572316368665811,0.3692123717199574,2.039383030156231,105.83345103734945
6.249999999999986,1.9203706477880857,0.895556755153365,1.130265653887354,1.8717155679355888,1.0378371060754712,1.2902330632475358,1.8981250802763936,0.9120629134266702,1.1636004124014843,1.6798505285539027e-05,1.732484087005093e-05,3.6347466090135796e-05,0.0001313987179161731,0.3499564317847276,0.3644432869640541,2.604036370560519,116.01830761510323
6.299999999999986,1.9283633113863385,0.9111540020459724,1.1464456556164198,1.8764230267064743,1.054736694782432,1.3080237612116399,1.9046389929991914,0.9251878949129342,1.1727676327730823,1.62000632953665e-05,1.694389440869531e-05,3.7031840054082264e-05,0.0001314068877309092,0.3508642951188646,0.3558139592820862,3.8366721615365535,113.74176979607445
6.349999999999985,1.9360939421631713,0.9268466086779753,1.1627363173838583,1.8807727416886373,1.0715125512871386,1.3261739103781789,1.9127954434240153,0.9429739158950426,1.1685256082220956,1.5649873033118395e-05,1.6579450003880715e-05,3.766517469169177e-05,0.00013141485389302264,0.3466165762438884,0.36300298333078934,1.9521579484016072,118.35066688978588
6.399999999999985,1.9435814680120376,0.9426761315511907,1.1791052505850028,1.8848727149889324,1.0885877407967994,1.344115281750728,1.9205882585993637,0.9593324303205735,1.1771357207477733,1.5192869405457375e-05,1.6278402244639292e-05,3.819619589328038e-05,0.00013142221294524557,0.3512151191949842,0.3588274274509825,3.507053765555823,119.46282904320924
6.449999999999985,1.9508105163024407,0.9586141000572687,1.1955421814087923,1.8886518581521579,1.1057343343365744,1.3636099822443573,1.9268272009486818,0.9730619209931495,1.1842952385199421,1.4762968388096334e-05,1.59806485489926e-05,3.869021931865757e-05,0.000131427208284078,0.3511679693855967,0.38989400987258666,1.7994850301862138,121.06223262829869
6.499999999999985,1.957782387543747,0.9746771824620749,1.2120729421697816,1.8920892171727404,1.1228995915553064,1.382708983770807,1.932166055878527,0.9870850498296166,1.2160417129045635,1.436500257311542e-05,1.5695155911976687e-05,3.914313533672131e-05,0.00013143182764011367,0.35012615343742826,0.3819800305289979,2.0556095177271985,121.07663987293174
6.549999999999985,1.9644932848002399,0.9908549071267284,1.2286979742761253,1.8951975609979288,1.140138200435791,1.4020916361519244,1.939340646947658,1.0042014661706504,1.2237125994635312,1.3910444575794587e-05,1.531953310165591e-05,3.965004402537873e-05,0.00013143707219171675,0.3503375764626657,0.3876530476223417,1.6296914312379482,122.98279700265401
6.5999999999999845,1.9709292863450956,1.007116196721352,1.245406067707252,1.8979448091449957,1.157325217015153,1.4224939559233523,1.944442971182133,1.0183544819447488,1.2473223120865429,1.3489902434625356e-05,1.4959465462875586e-05,4.011616178769524e-05,0.00013144272767586749,0.34810999404202014,0.40804639542855764,0.9130797220850082,123.76560406228992
6.649999999999984,1.9770861186701996,1.02349050988865,1.2622366025417853,1.9003580589148914,1.1745579843054308,1.4408314218964442,1.9503354526614551,1.0342816262463292,1.2615662033474413,1.3054828446601383e-05,1.455127216877842e-05,4.0595671474186875e-05,0.0001314477017232735,0.3480232911057572,0.3667493194618367,1.8077889295433958,124.76855005502422
6.699999999999984,1.9829865654678502,1.0399909998758472,1.2791197676530834,1.902418336820541,1.1915375281566494,1.4592641593261044,1.9547008313440382,1.0472675631981363,1.2605224503526369,1.2633710854689239e-05,1.4135029130319155e-05,4.10557547883264e-05,0.0001314531918783354,0.3420865023833521,0.3686547485932089,1.5550078930079116,132.91552627560952
6.749999999999984,1.9886051138903855,1.0565142889990833,1.2963382462430688,1.9042109256779278,1.2090880557131027,1.4787569537723755,1.9594841786066066,1.0615649327221608,1.2832319853949858,1.2274442714596577e-05,1.3775057446843756e-05,4.145236846245595e-05,0.00013145617739586886,0.35284231461736104,0.38985588892541806,2.9327041733803885,130.77391012552727
6.799999999999984,1.9939103503845985,1.0728856863514613,1.3150192377326986,1.905648587705014,1.2266300325585142,1.4992901469130056,1.9652738737643183,1.0798499747195678,1.3030421692419036,1.1896793198374891e-05,1.335845186359469e-05,4.186499624506911e-05,0.00013145893584035046,0.3520219925900776,0.41066386281260725,2.132946270079672,132.38604605064597
6.849999999999984,1.9989255006297246,1.0892371218835957,1.334307534694741,1.9067495625975286,1.2443949889388557,1.5185117636841348,1.9698558826689498,1.0938907215177875,1.3230293421295851,1.1521088139506571e-05,1.2907695351387652e-05,4.227335869015808e-05,0.0001314610664590539,0.35598627798911686,0.3844323354225859,4.422236392252868,129.32399511332076
6.8999999999999835,2.003634359774987,1.10564918483866,1.3537833695914077,1.9074990520959432,1.2619706325728517,1.5378452423919517,1.975170052688818,1.1128673947879693,1.351968526808533,1.1145763040948139e-05,1.2422771995546673e-05,4.268121217896181e-05,0.00013146367293171836,0.35183781675296993,0.3866695741563386,3.7520408397417295,128.03734768999155
6.949999999999983,2.0080219651952005,1.1221612661226215,1.37333355773663,1.90789122376555,1.2792701383241827,1.5584161149227622,1.9802281065342158,1.1290826899169206,1.3643006046109107,1.0753854027250625e-05,1.1859126924464253e-05,4.3105393517463605e-05,0.0001314678168557553,0.3460851091194332,0.41141745061621593,4.376872798333005,123.85957362373819
6.999999999999983,2.0120774423243617,1.138754324920232,1.3929265254777332,1.907935102017083,1.296749108286593,1.5781558584488593,1.9846662138116264,1.1460200427779474,1.384354885712444,1.0393352620513433e-05,1.1310999423564685e-05,4.3499458079720035e-05,0.00013147091356623068,0.3495861765005998,0.394794870521943,3.7965543737051908,121.17345524877715
7.049999999999983,2.015805069737812,1.1554307424862027,1.4125705760319989,1.9076280876531517,1.3142012479542386,1.5986167449890178,1.9894300232569901,1.1656912990102444,1.3991723848301216,1.0044379689224784e-05,1.0733537104056564e-05,4.388376731185446e-05,0.00013147324816876414,0.34910288809578494,0.4092177308031773,2.6913237708443005,121.54455920743638
7.099999999999983,2.0192060406443573,1.1722124075503768,1.4322857928724804,1.9069735911443426,1.3318363119379282,1.6171685802009392,1.9932592083831384,1.1825331082444914,1.4180344538886107,9.721615827877747e-06,1.0161229999831112e-05,4.423999022422957e-05,0.00013147478391005245,0.35294916316849273,0.37103670423843066,3.8994658698875364,117.92018862543544
7.149999999999983,2.0222660903840928,1.1890204941555766,1.4520358313091979,1.9059860362682182,1.3494489260206326,1.6364485440589451,1.996211616221725,1.1977569542422566,1.4460612275025255,9.414358874205357e-06,9.566014601910878e-06,4.458001002679993e-05,0.0001314764210733172,0.35281104226649795,0.38559927716012043,6.746349367454449,111.26314269951362
7.199999999999982,2.024999090933956,1.2059006434567807,1.471852611885707,1.9046706459566791,1.3669280467462661,1.6553708380690741,1.9993818412807034,1.2182751416630522,1.4675713445113754,9.113622188940948e-06,8.906476729754738e-06,4.492101697137764e-05,0.0001314774227250547,0.3505761434145665,0.37844588020258213,1.538135367634645,113.70127984115688
7.249999999999982,2.02740796017035,1.2228313292958088,1.4918409990090347,1.9030404986420681,1.3840872320689694,1.6756561617062706,2.001529972622145,1.2394091867316919,1.4862959736527968,8.830641652675947e-06,8.218047371953148e-06,4.5244317080916844e-05,0.0001314794372517024,0.34473480193302647,0.4057064727439321,3.788582559085852,123.34672370415545
7.299999999999982,2.029478472183718,1.239803538689364,1.511875881145352,1.901015076271133,1.4016494180435133,1.6955791487489957,2.003908342967592,1.259108875119095,1.508127074096337,8.576471290251053e-06,7.521852284828616e-06,4.554091480868211e-05,0.00013148057862704112,0.3535777424395515,0.39845974085449737,2.7038868253907533,123.90881930498445
7.349999999999982,2.03120996334858,1.2567956736068875,1.5319831562190516,1.8986996713514002,1.418725095890437,1.71556283311131,2.005141702935515,1.2723860923637798,1.5175241455690696,8.342695990736356e-06,6.801949852354522e-06,4.581589221226334e-05,0.00013148245105960006,0.34464460298965227,0.3996736872462866,2.495933623954138,122.06127261000954
7.399999999999982,2.032604585534308,1.2738423410070412,1.5521435015776233,1.895990345313787,1.4360788993917155,1.735775147425482,2.006014710524517,1.2902888173660951,1.554437318679014,8.140636336308553e-06,6.127324615849831e-06,4.606407305028897e-05,0.0001314834738100269,0.35128646225185284,0.4042462862834426,4.215274812862473,120.29673034507474
7.4499999999999815,2.033659505279894,1.2909272496476072,1.5724373401266813,1.892987018297118,1.4530587963766488,1.7559471295482991,2.0067437255598706,1.3034565567506364,1.5581565050351918,7.959091092595472e-06,5.344832083718484e-06,4.6290399159423504e-05,0.00013148533323573605,0.3448750251384429,0.40343964245634617,4.328603821338055,119.69044303577029
7.499999999999981,2.03437045831423,1.308298210692582,1.5929230125362497,1.8895818667700934,1.470259689770891,1.7765190443136243,2.0072280174808816,1.3211217009163598,1.575000990387097,7.80670813915263e-06,4.645996881891934e-06,4.64893776371793e-05,0.00013148620283268985,0.3507002333043429,0.41143829530651016,0.850484452820409,122.0935317435589
7.549999999999981,2.034731031504384,1.3256862323435707,1.6134434876683654,1.8858531635965743,1.4873531251854335,1.7946180030356853,2.0074889871360067,1.3358686536904285,1.5951312971338538,7.678026893989008e-06,3.956373582145109e-06,4.666022399317794e-05,0.000131487237554394,0.3499126275406568,0.3619791744412191,2.7004124942048993,118.43823184093797
7.599999999999981,2.034738325701901,1.3430684475026937,1.6340144415865274,1.8818016978361192,1.5043518994565244,1.814921788193062,2.006465004574702,1.352768610965223,1.624174383878474,7.574571446103897e-06,3.2456169564721417e-06,4.6808436245989734e-05,0.00013148886270094028,0.349504330392651,0.4060757031475349,0.9160797955265616,120.98290023280806
7.649999999999981,2.0343908673486117,1.3604437805776235,1.6546545989770665,1.877388707853818,1.5213396615142418,1.8349848018347874,2.005700802660346,1.3665106710567376,1.642366412923474,7.504828346230419e-06,2.4758683541921427e-06,4.692505445852741e-05,0.00013149045774633875,0.35103781787593086,0.40126027283451554,2.3708502270263883,120.89505110915054
7.699999999999981,2.0336878767492608,1.377813948303746,1.6753760883327455,1.8726040906965502,1.5382637431713897,1.8576487755908149,2.0049365449794347,1.3823863696438576,1.6671900182675996,7.463874792201611e-06,1.7061574137814782e-06,4.701521477757311e-05,0.00013149253368618255,0.3517557913253647,0.4532794751205535,1.6312529142503642,117.73484291138594
7.7499999999999805,2.0326319895942504,1.3951572896819915,1.6961851542828859,1.8674367175038598,1.5551654050494155,1.8773576188722583,2.004231621499508,1.4042157421358843,1.682499241829026,7.456723356809767e-06,9.170449476564919e-07,4.7075507632256027e-05,0.00013149478049673578,0.3534843880335534,0.3941768656288674,2.3272826769261727,117.94070574085524
7.79999999999998,2.031219886732511,1.4124775210644738,1.7170903692372628,1.861980032360708,1.571769083273991,1.8992819715487563,2.0028708748142234,1.4202102597395685,1.7114458421268557,7.472515396700526e-06,1.4763559584153673e-07,4.7107460768675305e-05,0.0001314978162201606,0.34955387520184344,0.4384870535299737,2.088809731663153,112.27399218571722
7.84999999999998,2.0294150835196065,1.4298848790029062,1.7376085018700254,1.8561478213216291,1.5883218489494653,1.9198275698421883,2.0001646192075806,1.4350230957456533,1.7410237606613546,7.531796916436282e-06,-6.636736265592489e-07,4.710082359099181e-05,0.0001315018588296735,0.35100972755875803,0.41091196586863793,1.1675328273416077,114.82212616514217
7.89999999999998,2.02718105978115,1.4474110892166914,1.7570428651836645,1.8500756998392294,1.604497655357016,1.939977765428626,1.9978169856722288,1.4536074041498945,1.7672483306313351,7.637413446708798e-06,-1.5147217102262483e-06,4.7048281281048936e-05,0.00013150641433612215,0.34556473973400487,0.4030039117287595,3.0203816524722753,113.07674449049638
7.94999999999998,2.0246006157702987,1.4648962345428647,1.7764319682621097,1.8436045232937166,1.6207379111084836,1.9599800134359207,1.9943129827517942,1.470004129907732,1.7897717605005328,7.788442696430604e-06,-2.3802752618898503e-06,4.6956374279109505e-05,0.00013151183956824442,0.34964680616386445,0.40004496014589014,1.5896139280895325,118.1843003788426
7.99999999999998,2.021686902729272,1.4823187620165883,1.795865136629634,1.8367581174143903,1.6369226390880105,1.9819913369061233,1.9906057313818002,1.4888439846227384,1.805838533248818,7.978265330814911e-06,-3.2427501155287752e-06,4.683109785799988e-05,0.00013151756260635728,0.35147185494737443,0.4402264694040543,1.3637156899370344,122.13385456979034
8.04999999999998,2.0184430593212515,1.499687418452662,1.8153629909033269,1.82965099824215,1.652764726051474,2.0030171921898283,1.9878076326277714,1.5012806015408626,1.8172609984801182,8.183357846452954e-06,-4.063173896759423e-06,4.668199026895847e-05,0.00013152242674259362,0.34727163392715876,0.42051710567410117,3.1863884929927044,120.23526903228735
8.09999999999998,2.0148656648192054,1.516994565146003,1.8349189145846194,1.8221161914346256,1.6686653529271414,2.0236249815477283,1.9838293741330302,1.5153413644496696,1.8413866296695325,8.393155766970807e-06,-4.824366019893312e-06,4.652884703348107e-05,0.00013152829948499762,0.3519171526270786,0.4121557871579984,1.2406754139837854,124.12106732593553
8.14999999999998,2.010954053208788,1.5342216139026703,1.8545276838713398,1.8141995791894847,1.68450772556614,2.044800878177103,1.9794811375194055,1.5332501156385312,1.8572579384121664,8.64497140696756e-06,-5.5939418063469525e-06,4.633181264573867e-05,0.00013153410617538082,0.3542119372399781,0.42351793258748516,2.8973063177269047,126.58318359815785
8.199999999999982,2.006707144362745,1.551372404516215,1.874221081173537,1.8061037657682208,1.6998802920476879,2.0662558415871466,1.9763356014521007,1.545651681124802,1.8660892759228123,8.908907367341465e-06,-6.331295926175857e-06,4.6113738795798095e-05,0.00013154094063100392,0.3474878844543456,0.4290992682008653,2.9252196896691265,125.85118871782805
8.249999999999982,2.0021227886110338,1.5684328860983703,1.8939518857983082,1.7977121007526033,1.7150190214783847,2.0876409426543807,1.9720923356059343,1.5621825229732453,1.888774092170122,9.16287453323663e-06,-7.0068872633707885e-06,4.589617892710105e-05,0.00013154733011448632,0.3461864172006051,0.4277020213446743,4.84909056807589,122.79301396279395
8.299999999999983,1.9972056562670164,1.58539605517282,1.9137228427328188,1.7888331117994083,1.7302761472265626,2.108045361320455,1.9664009409298122,1.580351897748454,1.9075314884985426,9.455065745859301e-06,-7.685176519988397e-06,4.564159396789257e-05,0.00013155581756055118,0.35305928266406233,0.4080883733214893,0.8125386357066314,127.08789208326203
8.349999999999984,1.9919536627725296,1.6022806297023444,1.9335354325114447,1.779674986253818,1.745265045589137,2.1304754154308325,1.961940505900091,1.5929902785190457,1.9313600515224172,9.773751168972497e-06,-8.353470085478305e-06,4.5353696910282464e-05,0.00013156360799446398,0.3513125523609859,0.4486010822075394,1.4798736364755272,126.67856090656234
8.399999999999984,1.9863691013215452,1.6190465184636278,1.953408172119576,1.7703246699107904,1.7598213881978007,2.1530791736873436,1.9561150865101131,1.6091522914066254,1.9554327471885804,1.013206962301556e-05,-9.02728863554863e-06,4.5023661466829104e-05,0.00013157337296300728,0.34602212084492207,0.4520751651302091,1.5904502122505846,128.5982292671946
8.449999999999985,1.9804530152165536,1.6356758743260513,1.973193066311337,1.7605735938629135,1.7742857101238492,2.1748400416907305,1.9509245169483487,1.625781397162265,1.9783813700385462,1.0531196819430857e-05,-9.69920113654535e-06,4.465016620876913e-05,0.0001315821854541659,0.3488908718941995,0.43521736006773415,5.136024654675286,122.17959497342409
8.499999999999986,1.9742285010442093,1.6520695998243604,1.992328054774241,1.7504113134255141,1.78868845789327,2.195673897452993,1.9443208343008234,1.6440229995222368,1.993045373227453,1.0965426661232272e-05,-1.0360460982229483e-05,4.4242145681161376e-05,0.00013159274246439523,0.35254635207813256,0.41667711524523426,1.59797336458122,121.5633135052676
8.549999999999986,1.9677157031655248,1.6682922604203447,2.011432864095021,1.7399757704226397,1.8028267620055878,2.2176073301584456,1.9381267389160977,1.6591522139183883,2.0128993818002954,1.1401569561405089e-05,-1.0983729166926759e-05,4.382605902642789e-05,0.00013160306622798243,0.35145672882888884,0.43866865410905137,1.6923605836484676,120.99104016816626
8.599999999999987,1.9608711757191695,1.6844271380028304,2.030578238832569,1.7294228596301107,1.8164929317912357,2.239092407076715,1.9319797251995117,1.6722202795700443,2.033219548224918,1.1857757107223413e-05,-1.158894072864258e-05,4.3385343591294656e-05,0.00013161327671974091,0.3453343836208459,0.42970153836539143,2.3801246598677466,122.76701768137285
8.649999999999988,1.953727764742729,1.7004147633645061,2.0498001503121666,1.7184059486267533,1.8301403409835793,2.260795922149623,1.9255178055859126,1.6854563742782642,2.0552065435041955,1.234008395526817e-05,-1.2174321824662899e-05,4.291496915253647e-05,0.000131622285817733,0.35079120932025526,0.43407030145816416,1.60943528790164,124.62546797731115
8.699999999999989,1.9462822659383399,1.7162673867116756,2.069091073989485,1.7071554525634118,1.8434781131257252,2.2822209105250435,1.9181160516384153,1.7027225037201656,2.0671454846219017,1.2851643183349368e-05,-1.2744206250926113e-05,4.241192399555797e-05,0.0001316331521239578,0.3489879507316327,0.42849976750839774,3.016092665053634,121.95149778270273
8.74999999999999,1.9385221509154842,1.7319992176943877,2.088906702070606,1.6955423092755975,1.8566524741108605,2.304366122716768,1.9090435406697146,1.7204910914305362,2.092156343028563,1.3348109616902698e-05,-1.3269955257193305e-05,4.1922002267173126e-05,0.00013164532065371203,0.35125004736076093,0.44290424383449595,2.320341647853529,124.35783976901028
8.79999999999999,1.9304331879637417,1.7477035088344948,2.1098041643354963,1.683549754295195,1.8696552872416525,2.3272312033639455,1.9018703919310276,1.734558708049135,2.1195142542119196,1.3893573023103999e-05,-1.378892974519688e-05,4.137682180133841e-05,0.00013165511118279306,0.3537842035539127,0.4573016129435379,4.211383584271842,121.20542817991804
8.84999999999999,1.9220957042996076,1.7631478095580628,2.1308569022144193,1.6713513130966076,1.8823253675633151,2.3472317114877264,1.893549263063707,1.7488876403827363,2.1358155292413077,1.448618487205861e-05,-1.4298229687781843e-05,4.0781550368045884e-05,0.00013166616461745656,0.3517631105501042,0.40001016247560733,1.2003893378236294,124.77490164648032
8.899999999999991,1.9135149148782797,1.7783024063061244,2.152493127999888,1.6588221601528135,1.8948023703153671,2.3693282511759852,1.8844839174145698,1.7640154278469637,2.1556353146613496,1.5081153596136276e-05,-1.4774162758163e-05,4.018249761069993e-05,0.00013167728783179938,0.35364840891467814,0.44193079376516764,1.8348693972797077,128.2857623732826
8.949999999999992,1.9047905048399225,1.7930023358024765,2.174967164065187,1.64603893701604,1.9069746947463582,2.392009903498834,1.8734246610271093,1.7813717345240117,2.1731060741864194,1.5691931918231212e-05,-1.522337013178917e-05,3.956322691849258e-05,0.0001316883281641986,0.35303803414755086,0.4536330464569612,2.4049100723817576,136.77323184756438
8.999999999999993,1.895785136686134,1.8074783718110214,2.1975904064724605,1.6331372662794876,1.9187234975462388,2.4138481520263007,1.862949342861934,1.7984152104045168,2.1901558990856476,1.630104465535281e-05,-1.56409771146032e-05,3.89394356319401e-05,0.0001316992842986891,0.34899832457136654,0.4367649705493372,1.9720540685791301,139.45835077350867
9.049999999999994,1.886409917075748,1.821872281022302,2.2199772026418203,1.6199599568941987,1.930224418397687,2.4341921362676064,1.8555707349823607,1.809511790460888,2.215798166552281,1.6906328471629623e-05,-1.6024962068499398e-05,3.8310795420636005e-05,0.00013170748596206438,0.3498132153902836,0.4068796848261123,4.401969581916743,134.44966825688596
9.099999999999994,1.8767232428298921,1.835972834884768,2.2424750987833653,1.6068079407599412,1.9412195552636444,2.456368603835932,1.8449786930336365,1.8239488504764592,2.235556150314139,1.7559981316841825e-05,-1.6393955317188756e-05,3.7628482877179105e-05,0.0001317167184241548,0.34285892550806546,0.44352935136650007,1.462484699461938,139.48857699497094
9.149999999999995,1.8667501460825975,1.849800074970751,2.2645704277027505,1.5931493871328954,1.9521346386788014,2.4783852127855655,1.8374281443610156,1.8345655128942018,2.2474983573814846,1.822443572586726e-05,-1.6731036608113825e-05,3.6931829681086417e-05,0.0001317236931227866,0.3496898521658287,0.44033217899266475,2.5951737979817215,138.33615460625185
9.199999999999996,1.856473115029105,1.8634060696380907,2.286682153780684,1.57922500851241,1.9627788587726607,2.4994543786057335,1.8283281098788962,1.846278740582694,2.278431547055053,1.8853506359880116e-05,-1.7029820585761554e-05,3.6265025377907735e-05,0.0001317307438661786,0.35054192631492637,0.4213833164033483,3.527241825544942,133.53485760874784
9.249999999999996,1.8458865431054527,1.8767964760998066,2.3088476764399277,1.5651106648409199,1.973089811268977,2.5218839952042664,1.8172726851551655,1.8606813642431625,2.292358862966407,1.9558563167079415e-05,-1.7310395502346194e-05,3.551939036026582e-05,0.00013173852532096393,0.3495959084605658,0.4485923319706538,1.5504551183023598,135.3275653301859
9.299999999999997,1.8350124547328517,1.889943663975814,2.331042777989834,1.5509229258488337,1.9829757533686156,2.5441582085919414,1.8053555114655926,1.874788317963919,2.3258233061941844,2.023438884614072e-05,-1.7556367484960443e-05,3.479541886970142e-05,0.0001317457699687106,0.34585323613620833,0.44548426775348404,2.0053022709998327,132.60949852347912
9.349999999999998,1.823882244507463,1.9028130274502597,2.353219151113939,1.5363338033597016,1.9926682029316412,2.566217222674859,1.7931888094921775,1.888790671950453,2.3417256836735563,2.099137610197949e-05,-1.7774256891463664e-05,3.399016686582714e-05,0.0001317534578555894,0.3503132963592745,0.44118028165834133,0.7757233002228929,135.51695292764802
9.399999999999999,1.8124571646001375,1.9154571986379587,2.3754702712018183,1.5214756211679215,2.00205878696251,2.5897132191192815,1.7831582905705032,1.8970886086857806,2.381778519416917,2.1728253783685977e-05,-1.7957116763599885e-05,3.3200504250930244e-05,0.00013175863873968413,0.3515467878433011,0.4699199288884434,3.6850374587970007,139.21417378380764
9.45,1.800732611137128,1.9278707614591473,2.3977662361178753,1.506315445854131,2.0111667286427934,2.611485303280756,1.7709521928304466,1.910375950064359,2.38912425230812,2.2567419761525614e-05,-1.809894919746118e-05,3.230812586628199e-05,0.00013176448837230726,0.3537218529486059,0.43544168322948473,2.030760453726208,140.6780751802499
9.5,1.7887519085738472,1.9400021881486935,2.4200908610709497,1.4913050529834908,2.019725248832547,2.635301869385785,1.7599199783496917,1.9218210547399868,2.4068822197469473,2.3327802271972077e-05,-1.821239537579899e-05,3.1486534998486074e-05,0.0001317683867655771,0.34558603850871067,0.4763313221005797,2.336688778924411,138.4839786635937
9.55,1.7765061023464348,1.9518475006057856,2.4423063297887597,1.4760543852909143,2.027956985792447,2.6579848667674755,1.7480163561725481,1.9331157005584383,2.4362493700676016,2.406653777130642e-05,-1.829244429398778e-05,3.067998230273064e-05,0.00013177236912338355,0.3466163507405967,0.45365994763380524,3.2810575782926503,134.9654984638036
9.600000000000001,1.7639892342969443,1.9634238858765207,2.46462056108986,1.4604865707078099,2.035904162249074,2.681195535013158,1.7359585347618323,1.9442838123358441,2.4574229939103915,2.485176270423498e-05,-1.8328307312904756e-05,2.982345514225459e-05,0.000131776343031923,0.34958728858114824,0.46421336491364307,4.437244430253721,133.2027510399367
9.650000000000002,1.7511027948953561,1.9747973795585074,2.4864896934218317,1.4449039203371796,2.043412472511529,2.7039646129426806,1.7268771889648744,1.952641536787155,2.4898656228875566,2.5629097750463216e-05,-1.832953454775158e-05,2.8969386486487182e-05,0.0001317782842269858,0.34595181273976766,0.4553815585904597,5.268437833441709,122.42978375457994
9.700000000000003,1.7379304007324585,1.9858927362127148,2.5078929678051605,1.4288092812522877,2.050722129218805,2.7265928146594387,1.7132629672178048,1.964116513867964,2.5161099599708354,2.645763588224313e-05,-1.827635452828922e-05,2.8065321911260604e-05,0.00013178198569063082,0.35354310724779076,0.45256403433514336,2.8054377203686247,121.058392846889
9.750000000000004,1.724514804948375,1.9967103387019343,2.529310579173166,1.412799570947954,2.057568563768319,2.7483788043234325,1.6968158891058627,1.977125026397708,2.5396485340942654,2.7290899843012543e-05,-1.8179028545154254e-05,2.715070084662567e-05,0.00013178519697361462,0.3482507614016395,0.4357197932798694,3.9710214393913574,124.56491425030762
9.800000000000004,1.7108717561112097,2.007243369460862,2.550750423981593,1.3964938631749744,2.0641233662195595,2.77035757493264,1.688106815034243,1.9829911728750171,2.560766231719473,2.811715830743109e-05,-1.8040409707991092e-05,2.6240929309552142e-05,0.0001317850614483261,0.35148483553788856,0.4395754121841414,4.620188561455111,121.66965575382105
9.850000000000005,1.6970130893701565,2.017472928778631,2.572160292686558,1.3800415122696068,2.0703219334337097,2.792204335044646,1.674667046886645,1.9933427966769868,2.5730785917982333,2.891917074600599e-05,-1.7867275938233373e-05,2.5351927698309036e-05,0.0001317870805143366,0.35163297920373726,0.4369352022401058,3.7106203343277686,119.51611189714858
9.900000000000006,1.6829394500277104,2.0274173974510243,2.593633582745008,1.3633597229443948,2.076185754939238,2.814941565462214,1.6605985557996066,2.0033183122735583,2.599402294092961,2.9659419963974514e-05,-1.7680437044666052e-05,2.452042933406199e-05,0.00013178893354893865,0.3536551813981468,0.45474460835134795,2.067254786679176,117.73035989266494
9.950000000000006,1.6686571326419273,2.037066204361482,2.615135993563948,1.3467267123862363,2.081602448621304,2.838587643277809,1.6459039999836094,2.0120332820367026,2.6185658021892486,3.040911759062034e-05,-1.7445496828316606e-05,2.3673348261702478e-05,0.0001317897456136443,0.34986389865421946,0.47292155631189825,2.1464881155371454,124.40144315353956
10.000000000000007,1.6541825865855422,2.0464015081703835,2.636675568005402,1.3298388284622376,2.086676131800409,2.8608890715846993,1.6332337266295527,2.0190493086806587,2.6366530662263035,3.112719541318823e-05,-1.7185836579417786e-05,2.2855631206935174e-05,0.00013178874842343434,0.3526787615583469,0.4460285661377876,1.203481190338506,129.4504538383095
10.050000000000008,1.6395066668901965,2.055419695366991,2.658225929442924,1.312994196090998,2.091311914713278,2.8851764944832112,1.6195854565977639,2.026520575801113,2.6699645414949806,3.1816832299749514e-05,-1.690174941502289e-05,2.2061520323345778e-05,0.00013178766865463862,0.349426460100556,0.48574845797024035,0.9125241015140653,131.78631104104426
10.100000000000009,1.624641425701779,2.064109421100459,2.67979463891679,1.2959882033159353,2.0955722534666137,2.9070730656614456,1.6050035937490446,2.0348381578576626,2.6917334859851882,3.253511109830786e-05,-1.655063523290701e-05,2.1236561701140042e-05,0.00013178576868023206,0.3506374521860408,0.4379314235646791,2.1006157233343696,132.2623436670923
10.15000000000001,1.6095907974088064,2.072474011168869,2.7013235871210983,1.2789825720335095,2.099430704421588,2.929882117834577,1.587903910689584,2.0435963898469165,2.706357074746319,3.323043855847969e-05,-1.6168229697675975e-05,2.0431432558267516e-05,0.00013178356569207457,0.34876486210561575,0.4561810434626223,2.3296021375583646,138.9133828754412
10.20000000000001,1.5944287887658866,2.080497079432698,2.723126619391488,1.2619305221066424,2.1028951970448033,2.9524165354109817,1.57563828945609,2.049280119311306,2.7253107594721255,3.387387981738063e-05,-1.5783828133027808e-05,1.9676677728099067e-05,0.00013178113546716242,0.3480160505511294,0.45068835152808934,1.6519802328076674,141.6767768214975
10.25000000000001,1.5791991169776045,2.0881489567232157,2.7455376864928356,1.2447066795606088,2.1059861008315477,2.975638886567168,1.5619687295047548,2.055542031058837,2.751364269092809,3.4488917567692534e-05,-1.5378639029042333e-05,1.894957346177911e-05,0.00013177835644387765,0.34998754255314074,0.464447023123734,1.3250162711716702,143.73785642014667
10.300000000000011,1.5637791904638505,2.0954958728047144,2.768045717573022,1.2274754304242732,2.1086766509691586,2.997760570632728,1.5440516177112438,2.063108713826956,2.7793098003584493,3.509859577971228e-05,-1.4929446939098736e-05,1.822613185157565e-05,0.0001317746522656359,0.3488079189536102,0.44243368131120486,1.8626656211507695,151.36615532922858
10.350000000000012,1.5482544064023598,2.1024749225525676,2.7905315900029897,1.210307298853805,2.110962133879818,3.020733888172746,1.5295551724086909,2.069082351535126,2.803263017295337,3.570817047739047e-05,-1.4426224791422507e-05,1.7501272782484993e-05,0.00013176917628517526,0.34639940360063354,0.45946635080035986,1.6228378005711352,153.56464214521287
10.400000000000013,1.532415299718105,2.1091389512276306,2.812355215835096,1.1928444824450064,2.112880640694824,3.04360429145736,1.5127251248814848,2.075287800562786,2.8347636175979583,3.629848638362965e-05,-1.3890049034367477e-05,1.6799192470062972e-05,0.0001317626747357362,0.3513653814782188,0.45740806569226866,1.4438231168300242,160.02986489364721
10.450000000000014,1.5163961009835292,2.1154586895212963,2.834011077149887,1.1753948868702924,2.114388181445279,3.0672209484291653,1.4987016679709397,2.080642093432397,2.852223581049147,3.688970668808842e-05,-1.3287725689369567e-05,1.609770926547341e-05,0.0001317548238295141,0.35030005603301123,0.47233313943611477,3.566067957010981,158.49091575627386
10.500000000000014,1.5002500775369145,2.1214119854567053,2.855605108724568,1.1580131763028996,2.11548806537754,3.089576404352119,1.4810233802538388,2.0863962030194694,2.868640202408228,3.7433276913098936e-05,-1.2693409458659617e-05,1.544606703425463e-05,0.00013174660767126153,0.34833675673082143,0.4471091184590759,2.286742115476428,164.85045562076974
10.550000000000015,1.4839733633247265,2.127008721899874,2.877178475349789,1.140664252791959,2.116195106545044,3.112145621908839,1.4682324864292937,2.089998270256082,2.8796991702098875,3.793329960779892e-05,-1.2105959701897213e-05,1.4839466545990002e-05,0.000131739386090344,0.3472738699086046,0.45138435113439174,1.735213027391594,169.13817243002103
10.600000000000016,1.4675527450433097,2.1322622534630677,2.8988001785617286,1.1234856662106265,2.1165210092771045,3.133101332222095,1.449424154632497,2.0950252376071883,2.9066118660033036,3.837718233092197e-05,-1.155394251476468e-05,1.4287935755297348e-05,0.0001317323801374239,0.34363984228620986,0.4191142062651279,1.4659957790909819,177.92176775205834
10.650000000000016,1.4510607599447014,2.137152915033064,2.9204297569029674,1.1059169668296458,2.1164704517467774,-3.127345938533269,1.4322475633409177,2.100138734589234,2.9248502478960585,3.881290029363745e-05,-1.0945303382094982e-05,1.3746258113378175e-05,0.00013172110819506728,0.351383012107798,0.4547607284844433,1.4968679293073734,178.45466327679637
10.700000000000017,1.4344496239055742,2.141701462079943,2.9420290293605,1.0885282963616743,2.1160369605554257,-3.1059906555485077,1.4196437869482676,2.103975574937248,2.9353640514448855,3.921455454091107e-05,-1.0338230648604614e-05,1.3239019518352766e-05,0.00013171004574312665,0.3478880703762941,0.4271056596952195,3.8073142753965685,174.70602427439135
10.750000000000018,1.4177531364081932,2.1458679547875934,2.9636145124269677,1.0708827835129193,2.115211791153246,-3.08373534649586,1.4032238428618038,2.1073968925516704,2.9600110764149523,3.9573464410694595e-05,-9.763488147542072e-06,1.2779142593798503e-05,0.0001316996766050967,0.35330321718528257,0.44510618105295285,0.4619453706134357,179.22236761343794
10.800000000000018,1.4009595787980547,2.1496877325858184,2.985213806915665,1.0536629870231207,2.114011572229747,-3.0602751472924314,1.3864379263054873,2.110980515274992,2.990033578760519,3.9918293327670014e-05,-9.146813324594795e-06,1.2331458941624527e-05,0.0001316875787170279,0.3452393853761763,0.4692039840685639,1.1208851128494586,179.06967003740561
10.85000000000002,1.3840820827890752,2.15314309823144,3.0067666261854686,1.0363556851428959,2.1124169699828617,-3.039159622997853,1.3711037139374411,2.113091600835366,3.022472172184866,4.025237116283114e-05,-8.47268212794425e-06,1.189940677649677e-05,0.00013167267097100016,0.34761857204089736,0.42231048589156384,2.872917781029351,185.14434739319825
10.90000000000002,1.3671633742713873,2.156225972496428,3.0282943617472786,1.0190430167559652,2.1104417570714236,-3.0168268543995365,1.3532599199735644,2.116476293574585,3.033884747285816,4.057311762189908e-05,-7.72564379519615e-06,1.1486041019213652e-05,0.0001316553343806011,0.34850685658710073,0.44665537196632615,2.2377481556586227,185.26458767827498
10.95000000000002,1.3501636666422439,2.1589402295593234,3.049790112397586,1.0016845359472601,2.1080655940581723,-2.994274047451531,1.340454011391731,2.1178344251035437,3.0580458884455393,4.085567023358562e-05,-7.026959274711571e-06,1.111785125509458e-05,0.0001316380393089837,0.3504146217511182,0.45105613896009894,2.204250877781259,187.5395436543429
11.000000000000021,1.3331203635936082,2.161301296518284,3.071359986062673,0.984488110605259,2.1053041841812057,-2.9704688973714592,1.32521813000056,2.1189833380432734,3.0825656466874296,4.111310244889474e-05,-6.3011493208005e-06,1.0778455621848448e-05,0.0001316198911616402,0.3483427934830021,0.4761030016014261,1.8574579950790817,194.8744553736255
11.050000000000022,1.316020509435135,2.1632913590700538,3.092906937605082,0.9673801982639021,2.1021399515557677,-2.946935525335555,1.3094531075889326,2.1206055506166877,3.0884500147033727,4.134369437077751e-05,-5.5530513052299916e-06,1.047090993418306e-05,0.00013160129130596984,0.34796954059349655,0.47066744071808325,2.230583666932747,199.7332642180515
11.100000000000023,1.2988812428328445,2.1649001254475553,3.1143988198314463,0.9501942116566666,2.0985536918833696,-2.9248070483817115,1.2932518870262697,2.1215065007325604,3.115501018625907,4.1539992832513105e-05,-4.886684177307452e-06,1.0201789876164109e-05,0.00013158145950571475,0.3511307286729873,0.4425695390768616,2.6709427983916196,204.34518565812849
11.150000000000023,1.2816944489192217,2.1661443011055845,3.1358495011423444,0.9332080607286288,2.094612253508908,-2.9023713398910203,1.2710806050845471,2.123109181620856,-3.1399999403953167,4.171081721990538e-05,-4.174374645161549e-06,9.959207959896332e-06,0.00013155993493637553,0.3487560836106801,0.44871416981381906,2.327715193442697,207.28849313242824
11.200000000000024,1.2645833974587244,2.1670336078385333,-3.1254359604938884,0.9163877340681089,2.0903003715043336,-2.878922648551321,1.2540049290647728,2.1233994657493294,-3.1236397636578404,4.1855309100874546e-05,-3.4174849087968397e-06,9.748257047446461e-06,0.00013153713664460133,0.34729211407467203,0.46897382679397837,1.9543726541499151,213.6685861887113
11.250000000000025,1.2475617625824038,2.1675735276269963,-3.1030852180212,0.8993477264587317,2.085514795399974,-2.856681161583191,1.2383766793361803,2.124828463962531,-3.107046226911887,4.197337553464068e-05,-2.6877886194601386e-06,9.569804518720961e-06,0.00013151110367674696,0.3539923796722658,0.4448297393625963,4.896007801995554,205.20870355254792
11.300000000000026,1.2305086771698843,2.167723196987711,-3.080694494107012,0.8826148994934043,2.080408411730488,-2.8341149306407143,1.2251302154216315,2.125298569522682,-3.1009558111556426,4.2066600391842884e-05,-1.9777472801618325e-06,9.418623929808323e-06,0.00013148843795296477,0.34990035204776654,0.451324618849526,5.787257116690761,206.38603487744717
11.350000000000026,1.213454789342186,2.1674939439983687,-3.058356111424137,0.8660963882093182,2.07495190081891,-2.810985470171726,1.2096744635104615,2.125066887951938,-3.0674074600008114,4.2142066336737526e-05,-1.3393632144434728e-06,9.285901036965436e-06,0.0001314680548280641,0.34793575182139563,0.4625892093797586,2.720616861338896,201.13977704775348
11.400000000000027,1.1963945241463505,2.166888692418734,-3.0360407442233472,0.8497342242792595,2.0691403075831607,-2.7896270804813312,1.1909254968330973,2.1238236102165784,-3.0415716016732954,4.218174456127035e-05,-6.246760588739979e-07,9.191442490560656e-06,0.00013144499131591318,0.34727884244627294,0.42716779380789416,0.7871432041843645,207.20873200720771
11.450000000000028,1.1793747543784028,2.1659045642107975,-3.0137834189537562,0.8332148922290886,2.062877545465496,-2.7688075602454023,1.1695488712616564,2.1226822289047544,-3.0178716335375757,4.219065879779173e-05,1.1731546477363254e-07,9.135049240546031e-06,0.0001314164540705648,0.3533393806105961,0.41639040471857086,4.806624143942013,209.92777734427824
11.500000000000028,1.1623883326480586,2.164534450211456,-2.991610713016738,0.816811054349566,2.056262372616441,-2.7477337258009826,1.1568363292484873,2.1217533116228813,-3.001346488984927,4.2168752265976264e-05,8.712204220387594e-07,9.113822100029728e-06,0.00013138389054394975,0.35375584085706424,0.42147668888838485,5.69354503508235,206.1397165722061
11.55000000000003,1.1454184681875113,2.162786815618396,-2.9694133492519286,0.8007742143521615,2.0493880605799144,-2.725522551191017,1.13724310266228,2.119473418921521,-2.9847607437518384,4.21282743709585e-05,1.5996997579178258e-06,9.115841491787442e-06,0.00013135950414782237,0.3489692933082186,0.4442234921993036,1.634517619345258,213.64603056192232
11.60000000000003,1.1284853497770444,2.160658224221595,-2.9472173223449993,0.7850256888093573,2.04221814504092,-2.7031982693679395,1.1210666483395726,2.116700671116283,-2.9476144259797277,4.206869044163269e-05,2.303640110453505e-06,9.138987748569558e-06,0.00013133534075355187,0.3460844875604947,0.4464856364615468,2.603328868641805,213.97419021560395
11.65000000000003,1.1116070121715163,2.158152328621517,-2.925046295351439,0.7692082250056794,2.0345894948269443,-2.681223370230951,1.1060297451648753,2.1147147153236587,-2.9350466228067087,4.195028210008185e-05,3.0848829865281142e-06,9.228787777069738e-06,0.00013130809077264348,0.35122692125487526,0.4394979827397643,2.9344885737516635,211.7091590756041
11.700000000000031,1.094804472936475,2.15528106829767,-2.9029110206611324,0.7535972642587216,2.0266191421426476,-2.6578400943982783,1.0900317728185915,2.1124479008071613,-2.92812539154792,4.1823695120721315e-05,3.8137483472256e-06,9.32978515837531e-06,0.00013128079023226407,0.3505667505899903,0.4676655166534467,3.114585918832369,213.70889646661425
11.750000000000032,1.0780683832302107,2.152035964461883,-2.880852320853415,0.7380614579189754,2.0182435050216165,-2.6364445105674448,1.0741889156213396,2.1094080817566474,-2.9109290516784943,4.1705121576836734e-05,4.46313953797507e-06,9.42410615361744e-06,0.0001312565216445717,0.35300111021549413,0.42791167661666724,1.9522083396613756,215.8149121188942
11.800000000000033,1.0613844679592381,2.1484226894758374,-2.8588464437057617,0.7228790641135769,2.0096359732142095,-2.615226498680452,1.0614261961793146,2.1058384030698645,-2.8900026755506687,4.1565675634447246e-05,5.096604735042846e-06,9.537365682404905e-06,0.00013123504211704176,0.3490593721500641,0.42436023773985293,2.128509649087268,220.56438185267567
11.850000000000033,1.0447932087489902,2.144444408389416,-2.836866833826675,0.7078398992377998,2.000657541512788,-2.5915324836580433,1.0439990345723897,2.101597174812118,-2.8662791108683336,4.139125774645303e-05,5.737793564005536e-06,9.684728255682918e-06,0.0001312131997870358,0.35031589695121756,0.473880300448163,0.917207630996789,221.33391819158456
11.900000000000034,1.0283108871970532,2.140106995923971,-2.814908108744672,0.6929871722288513,1.991338704191841,-2.570983389163517,1.0307822644301423,2.097829155977445,-2.8230054286537367,4.1185266915482954e-05,6.3834881576071525e-06,9.86586212734522e-06,0.00013119237935012485,0.3506879224783283,0.41098188989051687,5.33427982333671,209.6033318358048
11.950000000000035,1.0119068419278252,2.135392523280368,-2.7929833044911554,0.6783676063294306,1.9817249707494218,-2.5488120346374163,1.0137577903065236,2.092452323650773,-2.78560888569562,4.088204474401394e-05,7.1231271645107375e-06,1.015254629226419e-05,0.00013117276971064872,0.3499532080031606,0.4434270905220086,2.184173035235463,210.68218464030582
12.000000000000036,0.9956213320237512,2.1303136546222783,-2.7710716267525264,0.6640182307251774,1.9718192701135857,-2.5259700613852707,1.000838110020496,2.0886994322421835,-2.76889068094689,4.0504957064798124e-05,7.90588156005465e-06,1.0524752155631957e-05,0.00013115468623689874,0.34873526043162484,0.45683946504291084,4.634565719544944,204.39877067735097
12.050000000000036,0.9794399761425024,2.124871342065612,-2.749180155438144,0.6498990419577877,1.9615883572735966,-2.5031095283027494,0.9862048723372961,2.082935834000251,-2.752244998665559,4.0130818051900177e-05,8.637270774913364e-06,1.0901134111518402e-05,0.0001311401558221632,0.3487327398681769,0.4572106616504211,2.051338840045302,212.0678429193541
12.100000000000037,0.9634079484148268,2.1190871115304106,-2.7273160756248394,0.6360354138643871,1.9510628171477626,-2.4813244245047534,0.9699427178908798,2.077361037910843,-2.752122304550797,3.9756609221760594e-05,9.319831900631573e-06,1.1278638539140812e-05,0.00013112744875207435,0.348137422318439,0.4357020759599109,2.1712174422208763,219.36628238033637
12.150000000000038,0.9474809670065897,2.112948004809056,-2.705489979878225,0.6224656740904297,1.940304824057745,-2.4611991193584357,0.955391263801566,2.0710580833981482,-2.707916765752413,3.9442669617414495e-05,9.898865294035879e-06,1.1590946636642591e-05,0.00013111868894766614,0.34634224371201555,0.4025061029263528,2.9313954548928067,215.5181551424649
12.200000000000038,0.9316848625421494,2.1064650358580037,-2.683713015857454,0.6090267993309763,1.929193215870453,-2.440215298235892,0.9413929719416014,2.0642576163819215,-2.67679867156941,3.900314673463806e-05,1.0547299877388457e-05,1.2030650915192365e-05,0.0001311109239312204,0.3487591426519815,0.4196764224508732,2.372711320009769,222.0520363850105
12.250000000000039,0.9160565692825434,2.0996372302747455,-2.661957475457233,0.5957631940775692,1.9177397879687959,-2.418384710831199,0.9265063995430256,2.057838023030885,-2.656367991676713,3.850256107381048e-05,1.1199798437542582e-05,1.2536908337669654e-05,0.0001311061390588904,0.35049475420463333,0.4366117480938501,2.990564810843297,220.3539346168198
12.30000000000004,0.9005644907969241,2.0924581156205226,-2.6403339326265605,0.5827350952333158,1.9059875484232414,-2.3968869406794235,0.908678418623427,2.0498816957853503,-2.637996428348595,3.799349089576011e-05,1.1815731518006339e-05,1.3054990939885292e-05,0.00013110406340526454,0.350917853720512,0.4299554030355032,3.1492428293398103,220.0108586051839
12.35000000000004,0.8852399338509389,2.084956075229895,-2.6187267247875483,0.5702025360645239,1.8941828893357744,-2.3753020664699176,0.889287415789221,2.0412756026460337,-2.6212133528106714,3.747749524356447e-05,1.238972913688554e-05,1.3572246719351151e-05,0.00013110966122045658,0.34434083361662665,0.431697484190109,3.989741623356738,216.82266014634533
12.400000000000041,0.8700865777538839,2.077122276268035,-2.5971473105935754,0.5577038447168886,1.8818823560987326,-2.3530675662729448,0.8761263275899824,2.0349038682855998,-2.6007555929451764,3.696185786317289e-05,1.2921330954091965e-05,1.4087271020766023e-05,0.00013111629552459774,0.35073241810864575,0.44469000393944647,4.171608212716838,209.130061792063
12.450000000000042,0.8551056968111451,2.068967851032403,-2.5755923007545687,0.5454539594206924,1.869284511067726,-2.3313158789926,0.8610525074442529,2.027020964543614,-2.581536118612585,3.642898526334071e-05,1.3421669796613595e-05,1.4615287057179582e-05,0.0001311268972007402,0.3514413541303297,0.43503374560689173,4.687285835115353,205.93939080505595
12.500000000000043,0.8402802142337722,2.0604720654372466,-2.5540907092158,0.5333942637327493,1.8563234161089377,-2.309052227266226,0.8453583704808293,2.0184144563060666,-2.5615996288540255,3.588454113066858e-05,1.3890665432807835e-05,1.515343451603169e-05,0.00013113829319611508,0.3540842776935626,0.44527303452746936,3.0634929361412144,202.98040180363802
12.550000000000043,0.8256392572241422,2.0516752173618977,-2.532638260982703,0.521692686649134,1.843185806937107,-2.2878389778683528,0.83194052800363,2.0094131091427854,-2.5360953694323918,3.532599210264594e-05,1.4328463483734147e-05,1.5699514848783706e-05,0.00013115722084988075,0.3518722998163101,0.42426498795745765,0.7368309058011552,207.08416449825083
12.600000000000044,0.8112001763986042,2.0425686395310714,-2.5112765305325557,0.5102914682469012,1.8298179345454786,-2.2660834050694056,0.8152493272260164,1.998676609044625,-2.5149378469103443,3.472602092714647e-05,1.4749525164233312e-05,1.6288341807007588e-05,0.00013118038406739976,0.3513971934496503,0.43511145597893625,2.027813673700234,210.90045578602914
12.650000000000045,0.7969694839856867,2.0331500277336585,-2.4899670673157552,0.499208574871482,1.8162445122637554,-2.2449689156758903,0.8015686844883978,1.9896424058597053,-2.504816955240288,3.411174476760992e-05,1.5141537407128709e-05,1.6890182676971016e-05,0.00013120629792444865,0.35047380866793243,0.4222897878702994,2.0615069772723915,211.76930613048208
12.700000000000045,0.782942902280256,2.0234156861507264,-2.4687158884638407,0.48856016998007973,1.8026239563647681,-2.2236993424262015,0.7889223724996361,1.981146639555857,-2.4750159288417666,3.353518301602208e-05,1.5490196283523014e-05,1.744818845569581e-05,0.00013123701311558956,0.3457856785275664,0.4253914649937669,4.357931826214173,201.6914719477176
12.750000000000046,0.7691255259217256,2.0133850492403296,-2.447526780952577,0.47804202887566905,1.7885691658979677,-2.2028036249253367,0.7753046749434455,1.9716363077544647,-2.4525345228798257,3.28960250281708e-05,1.5824775941149166e-05,1.8073140414582696e-05,0.0001312663213289847,0.35110092030281825,0.4179143500172876,2.4130627250335124,195.52484266267484
12.800000000000047,0.7555129406941676,2.003055437684666,-2.4263384593553834,0.46779278966159393,1.7742444088567004,-2.180883693200915,0.7674685827768463,1.9646885497826632,-2.4352991869113505,3.223630674769337e-05,1.6134038338949133e-05,1.872355524696272e-05,0.00013129742604888056,0.3522828360154651,0.4383986344884226,2.8952049295542386,193.883442338321
12.850000000000048,0.7421308687917751,1.9924500179194087,-2.4051542703381212,0.45790409022997497,1.7597745316142845,-2.159703436426424,0.7566327855244879,1.9553910750957582,-2.4085764729196653,3.1588647837856436e-05,1.641289258174316e-05,1.9364249121577367e-05,0.00013132706892004676,0.3505282910150369,0.4236051354898184,2.7995953844557953,193.13069914159976
12.900000000000048,0.7289880027114303,1.9815617163469703,-2.3840557333627115,0.448334910578398,1.7451224595797177,-2.1389835327743194,0.7434786526050504,1.9442377693143145,-2.394673570443661,3.090268356308691e-05,1.6669063331614942e-05,2.0050597136925067e-05,0.0001313607217348415,0.350007640427055,0.41439807304208487,0.9904845340804176,196.6260145369732
12.950000000000049,0.7160707735112452,1.9703941341871611,-2.363073415102115,0.4389828227286697,1.730155792004431,-2.1196079232739846,0.7298514381901241,1.933319006265998,-2.378762193965221,3.0249766567474294e-05,1.6891849987234258e-05,2.070340337452068e-05,0.0001313944081104357,0.3529716303624233,0.3875121900066874,3.140045975220772,191.9212659189817
13.00000000000005,0.7033998971340907,1.9589609188786217,-2.3421962002748526,0.42988347616045186,1.7149313462662088,-2.0994084583063195,0.719911883797849,1.9235387577882002,-2.347257730875171,2.9608494171466726e-05,1.7085511117336758e-05,2.1344536869942353e-05,0.0001314305006299343,0.3547351420357916,0.4039892993532936,2.6528290556826897,188.77305329537236
13.05000000000005,0.690962837702199,1.947245158255689,-2.3214093532016786,0.42123898287687184,1.6997877524259684,-2.0795812612958793,0.7095743773283828,1.9133525440675407,-2.319720937309498,2.890107401557634e-05,1.725528619685164e-05,2.2060127219189548e-05,0.00013146553663292572,0.3487495717739418,0.3965439402088026,3.7415910068271137,186.02372155287347
13.100000000000051,0.6787720983075118,1.935276349730818,-2.3006348667476306,0.41292608752986937,1.6845035365729608,-2.058287939825097,0.6976011245484409,1.901213104682361,-2.291454750976792,2.815477737354502e-05,1.7394641620834394e-05,2.2824607580231898e-05,0.00013150205188881736,0.34797868965754003,0.42586642941564273,2.351650169331409,185.95301320352652
13.150000000000052,0.6668187761194806,1.9230474802845179,-2.2799410518223224,0.40490015715631805,1.6689567227774513,-2.0364191853967046,0.6887284124175693,1.891155576603046,-2.2756116564468174,2.7376288857919257e-05,1.749931031756081e-05,2.3633836714753725e-05,0.00013153879592238982,0.34993209499470335,0.43737508856783897,2.2391414729647416,188.09740569243525
13.200000000000053,0.655139309327181,1.9105800780717843,-2.259281183399076,0.3972792235587006,1.6534182381832414,-2.0171390911041516,0.6764900499716052,1.8785335831523897,-2.2498037507058,2.663980805003898e-05,1.7580241662480718e-05,2.4405486321048384e-05,0.00013157518109740388,0.34614009350855385,0.38560188585105376,4.525278830250599,183.83337323112877
13.250000000000053,0.6437249296561379,1.8978866129111691,-2.2386660082133654,0.38998775091012977,1.6377638730943278,-1.9962493434515778,0.6647045874462056,1.865464600342494,-2.231946625916409,2.5878258058241675e-05,1.7623964830577754e-05,2.520780036916972e-05,0.00013160992417841346,0.34538996218136114,0.4177949530514719,2.8443170949202026,183.09635131769136
13.300000000000054,0.632572476981779,1.8849528669555808,-2.2181134399549287,0.38290301831358636,1.6217043821456048,-1.9762923768955258,0.6527828643455276,1.8522455597607617,-2.2148778932530155,2.5145882105622054e-05,1.7641748868095203e-05,2.5989008953273735e-05,0.00013164228922498593,0.3510617675425401,0.3991393311210348,2.8331204978658815,179.2610050738358
13.350000000000055,0.6216851884555904,1.8717783729686552,-2.197640504615179,0.376173006402649,1.6055475417590748,-1.9546710382703196,0.6431622920154416,1.839885668941578,-2.180076217717926,2.4434571995295916e-05,1.7635684870146824e-05,2.675521729992036e-05,0.0001316697995961822,0.350056273067826,0.4324267725041194,2.8852291663088216,179.01403901462052
13.400000000000055,0.611087000439325,1.858395464906905,-2.1772393111769444,0.3697786179193062,1.5892451195611943,-1.9345115377954725,0.6300802193809151,1.8243420837759194,-2.170170687887484,2.3664710759122638e-05,1.7576845095947458e-05,2.7591693586348786e-05,0.0001316965580544816,0.3502385240950413,0.40319000949693823,3.98173993425154,175.59819112725697
13.450000000000056,0.6007490645106197,1.8447760464265657,-2.156973034912019,0.36363649060560876,1.5725670028242384,-1.9128040370909531,0.6182321754503614,1.8096695361769752,-2.1581630432154544,2.2960480234338817e-05,1.7508700944450936e-05,2.8367714035943458e-05,0.00013172335298238473,0.355470229580345,0.4341500140903808,3.0759655219578104,172.12362453330618
13.500000000000057,0.5906851339351812,1.830960583618183,-2.1367541601424915,0.35794231653178094,1.556031524339629,-1.8920734455399844,0.6088927405775333,1.7966106645169808,-2.1321771929408677,2.230304452519314e-05,1.743165664617603e-05,2.9094492579494195e-05,0.00013174130455376594,0.34977513955146616,0.4146118310193717,2.5677559711303894,168.6349933808568
13.550000000000058,0.5809021054117786,1.816937221088935,-2.116626760950107,0.35255203760848275,1.5392947957757155,-1.8726653698381635,0.6019064656758926,1.7854869959980955,-2.1137426615922217,2.1625441697608363e-05,1.7314803859897135e-05,2.9848929906619063e-05,0.0001317569271942859,0.3516719464798356,0.3881615140364129,3.142102960510121,167.82089548595417
13.600000000000058,0.5714121531247615,1.802741644904066,-2.096560195388089,0.3474417830159593,1.522298011573591,-1.85305181873329,0.5937282342492485,1.7723090513677855,-2.0959267336402996,2.0964538446841033e-05,1.71740906446432e-05,3.0591697737907706e-05,0.0001317697281318413,0.35497350533776845,0.3922710220974641,1.9134685249518062,169.72190678434535
13.650000000000059,0.5622131366406419,1.7883475190234726,-2.076502820989645,0.3426865276494451,1.5052996984022542,-1.834092079374598,0.5856708469753114,1.7591827578667716,-2.075792738191709,2.0320847198864294e-05,1.7012434908902395e-05,3.131749489619389e-05,0.0001317797000065058,0.3530237597537491,0.3791947871738331,2.8885237529657277,168.9557164813518
13.70000000000006,0.5533004914809624,1.7737579982768132,-2.056560272890765,0.3382858300389797,1.4883473943988776,-1.8154739542562401,0.5758436678040036,1.7431659387152965,-2.053978473059717,1.9682051664332628e-05,1.682304592294363e-05,3.2038501996088063e-05,0.00013178765892181543,0.350288801641091,0.37236250236715285,2.0785653659226964,168.4795937688592
13.75000000000006,0.5446666611149649,1.7589729899845814,-2.036700823819376,0.3342122986653865,1.471311431848793,-1.795532191169947,0.5691730093873384,1.7309141874682517,-2.036401534811453,1.9040286341900688e-05,1.6598650846585227e-05,3.276620532011364e-05,0.00013179461614574846,0.35033004201407597,0.3988352617258578,1.839706233216729,167.59149200213372
13.800000000000061,0.5363580399147525,1.7440591637853184,-2.016944749917123,0.33048470029761084,1.4542401161868654,-1.7760208961196478,0.5611831611500995,1.7170331185360923,-2.0105132787222844,1.8418529298672578e-05,1.635541669684451e-05,3.347286303474824e-05,0.00013179716573300969,0.34947646238121693,0.39022590100597565,3.824441532758038,161.62254111477287
13.850000000000062,0.528337918481667,1.7289529797616843,-1.9972831508665043,0.32707072210978705,1.4370248911945633,-1.7571148325191959,0.5553589215116367,1.7060934682893047,-1.9973634725979883,1.778454467762082e-05,1.6065432807110083e-05,3.4195355841217786e-05,0.00013179936803969008,0.35101475388524,0.37812127200903095,4.038293524036713,157.21244569936871
13.900000000000063,0.5206093512994893,1.7136685431337955,-1.9776960561986598,0.32399218430615184,1.4197481157843252,-1.7371549888659226,0.5505695092222068,1.6965543064778792,-1.9701503707121573,1.7187558418631096e-05,1.5770651374996953e-05,3.487544049964237e-05,0.00013179964631944736,0.3509840954149565,0.39919687306545965,7.803918125687578,150.6686436676617
13.950000000000063,0.5131929138955686,1.6982655457402314,-1.958186306364917,0.32123042373461025,1.402247686934912,-1.7174780605568547,0.5423198612864184,1.680539535968517,-1.9630221603091045,1.657668698910632e-05,1.542156345493781e-05,3.557313879413947e-05,0.0001318009584462296,0.3543458532786633,0.3935385661813521,4.1479550647398495,150.00153100872524
14.000000000000064,0.5060706679371928,1.6827041829653901,-1.9387038671904995,0.31884565796682673,1.3849818322303113,-1.6986184797619117,0.534659945926177,1.6636773383799617,-1.9431790846797912,1.6025921266734e-05,1.5099556489572707e-05,3.6204475159894735e-05,0.00013179835146436263,0.34860054574950383,0.377191615898856,1.2914470595827554,151.1607002596567
14.050000000000065,0.4992545579977488,1.667022218916987,-1.9193168972262462,0.31675100490226155,1.367309730501438,-1.6789308980104218,0.5252359233429706,1.641600015494573,-1.925398817947373,1.5484300564045277e-05,1.4745854390199037e-05,3.6828323875532235e-05,0.00013179508736634778,0.3559218904811203,0.39375163502979127,2.077810446342469,158.71453327643687
14.100000000000065,0.49269289560221735,1.6510336470792866,-1.9009264194850417,0.3150344391242822,1.350074125375214,-1.66119540351494,0.5189444958798154,1.6252305290849374,-1.900154871664246,1.4957752858861257e-05,1.4377758105834268e-05,3.7431867400946684e-05,0.00013178746937327296,0.34642202371527825,0.3547098899096305,1.0572449011817238,158.83810944567568
14.150000000000066,0.4864565850743318,1.6348912700653901,-1.8826917249875437,0.31363229553827116,1.332726740897341,-1.6417013440161845,0.5141026798672809,1.612151836655795,-1.8917579966157667,1.4421036174714896e-05,1.3953559081421109e-05,3.804215007364465e-05,0.0001317788521031227,0.3480846720364232,0.3898811899751058,2.814230974012796,158.68908371210213
14.200000000000067,0.48053949194715617,1.618643771116321,-1.8646457140639126,0.31256448031705797,1.3151805038296183,-1.62145582335419,0.508188180069522,1.5960665147773587,-1.8564378193525073,1.3933065454215893e-05,1.3551405951103461e-05,3.859747823376734e-05,0.00013177170131117453,0.35157998782777833,0.40491041323988414,4.139032680076928,151.96598295452702
14.250000000000068,0.47492302093920447,1.6022968786332548,-1.8466829877403121,0.31185610566456207,1.2977679305226604,-1.6014555691754224,0.5018489855844187,1.5791495324368179,-1.8295880916882639,1.341097790834265e-05,1.305140222246485e-05,3.918666997643759e-05,0.00013176419732153282,0.3485453356997111,0.40000508357534703,4.601316021599941,146.0275821907887
14.300000000000068,0.469592354707317,1.5858266922631077,-1.8287685846696615,0.3114968158053346,1.2803640697847107,-1.581419744199159,0.4968993036939329,1.5624902728685455,-1.803673788859144,1.2892966389177504e-05,1.2498387334331841e-05,3.977222347057611e-05,0.00013175557674636513,0.3481572029946864,0.4007164995252589,2.1681312219310667,147.91224787560984
14.350000000000069,0.46455739804706103,1.5692926371672904,-1.810891696421629,0.3114779358466575,1.2630950691763603,-1.5623594807601164,0.49201865697238356,1.547402956977415,-1.7924622875876617,1.2387220232918074e-05,1.1901522915466919e-05,4.0341462210686634e-05,0.00013174697535808832,0.3453854467358758,0.3812052687808492,4.987084925878617,141.50136904926472
14.40000000000007,0.4598049124814022,1.5526485735238897,-1.793131116220822,0.31179476407081913,1.2454255915518002,-1.5433753752755262,0.48820353105270803,1.5322839769465528,-1.7760332338388811,1.1931548952195454e-05,1.1333373700464321e-05,4.085988553818018e-05,0.00013173763450499872,0.35345166541133083,0.37968210969180105,3.44655883893701,142.0632018366576
14.45000000000007,0.455328858708306,1.5358118717906264,-1.7748310648311028,0.3124406307989812,1.227956672071439,-1.5243062753934113,0.4841961192586646,1.5175421869077965,-1.763770714548903,1.1503651792119051e-05,1.0762914550595512e-05,4.1340479135295317e-05,0.0001317289004280741,0.34962239726399413,0.3813819976422895,4.290136424783807,138.33876599733452
14.500000000000071,0.4511293312917455,1.5188382501810285,-1.7562086703151474,0.31339891212518256,1.210824843289478,-1.5055313770187422,0.48066609742865035,1.5016342662299231,-1.7407165713757318,1.1108445794244367e-05,1.0212159258815433e-05,4.177917908263478e-05,0.00013171883732441848,0.343177219006947,0.37549796749337616,1.8608259799748295,139.31761324055762
14.550000000000072,0.4472320520379037,1.501797379478913,-1.7375865424022443,0.31471013523460895,1.193312144340015,-1.4865947532148864,0.4786785658395887,1.486619566429836,-1.7289523848330846,1.0729759576280234e-05,9.620857726736444e-06,4.219812135156896e-05,0.00013170834359291561,0.35123960313653196,0.3787324760771089,1.694436809206546,148.92569910983426
14.600000000000072,0.44365258232997834,1.4846849053363047,-1.7190348800865787,0.31634458199885007,1.1758407087729013,-1.4684415450559172,0.47517054192684643,1.469979225684791,-1.7132797480291133,1.0384416974761288e-05,9.053194576535381e-06,4.2576262401287324e-05,0.0001316981256733405,0.35095921881505,0.3630641631793819,2.1647460817355495,148.17001967123858
14.650000000000073,0.44039900964298784,1.4675121136327545,-1.7005966514603696,0.3182687985750244,1.158509256798615,-1.452007687918759,0.4727745672589589,1.4572942316799697,-1.6905320367997416,1.0062918128668598e-05,8.488598999160014e-06,4.292368952850148e-05,0.0001316868506997641,0.3487627736548935,0.3286771427431627,3.7620977164732183,144.0315488163811
14.700000000000074,0.4374736669593804,1.4502759521070625,-1.6822992929410687,0.32048793802004144,1.141191705060348,-1.4346862324204732,0.4691764750585327,1.4350208003243137,-1.6655226493181419,9.755644261874578e-06,7.880795630566485e-06,4.324921255398405e-05,0.00013167698049066411,0.34918751385836566,0.3464291099657078,2.4586139609826225,148.31704184009257
14.750000000000075,0.4348711911959401,1.432988612778839,-1.6641203846170687,0.3230326268010347,1.1237378823459305,-1.4173555192446756,0.4663807488258501,1.418684214453789,-1.654652166639564,9.46646882372482e-06,7.226145063875092e-06,4.355711863020335e-05,0.00013166272449624346,0.35277140213315616,0.3466142635159458,3.780310076796206,144.10234663017016
14.800000000000075,0.4325883563058682,1.4156506472829395,-1.6460499423204533,0.3258420828051399,1.1065490159871554,-1.4002097611150461,0.46353683302484927,1.4032938856966672,-1.643093387864957,9.205611103920533e-06,6.6050127439164215e-06,4.3828138453072616e-05,0.00013165054815013645,0.3483432797378757,0.342915162592583,6.834822378303411,136.1753594280182
14.850000000000076,0.4306231642993234,1.398289496368859,-1.6280725053148013,0.3289797324272733,1.089321058140817,-1.3810810486184955,0.4618375618824389,1.3892117234903538,-1.6380346982436862,8.970803867127124e-06,6.0032812105072635e-06,4.407016378815477e-05,0.00013163823235732249,0.3502323384625783,0.3825742499310072,3.089364905778603,136.62692123858076
14.900000000000077,0.42897353605655475,1.380905314997346,-1.6101792675298998,0.33245150928932743,1.072070564978247,-1.3633043914324263,0.46074601508375995,1.3719184186494282,-1.6171284638548227,8.763417662302507e-06,5.460317189651087e-06,4.4276555271796805e-05,0.00013162695907512488,0.3519323247268845,0.35553314372137984,1.0356757490906285,139.9816010946714
14.950000000000077,0.42763719503405523,1.3634722225445906,-1.5923884841066622,0.336216611045303,1.0549349935830967,-1.3457135906132145,0.45905074913149574,1.3541119641686699,-1.6071017277903419,8.571479818697794e-06,4.88164608563942e-06,4.446228963764734e-05,0.00013161377579865997,0.3508912854616367,0.35181601638423354,2.0330029853359837,140.71877924738166
15.000000000000078,0.4266163223263457,1.3460232519096635,-1.5747043221375343,0.3403008408162138,1.0377492050572021,-1.329232501374557,0.4577651117006259,1.3403757485594188,-1.5961607693469337,8.400651824285005e-06,4.33242347785399e-06,4.4623687541423394e-05,0.00013159980217676513,0.3532926963232482,0.32962178477314785,2.731534629627627,137.79513695257072
15.050000000000079,0.4259096830425061,1.3285478760406138,-1.5571315485469963,0.34456991459900344,1.021034526461263,-1.3122348331427938,0.45713515091672285,1.3212319812981865,-1.5587507626683204,8.244343120638155e-06,3.7993453374468986e-06,4.476145580397895e-05,0.00013158710661051245,0.3450290637019869,0.33995336463525727,2.874417602357714,131.7776758660987
15.10000000000008,0.4255143683609159,1.3110695434377564,-1.539665594213356,0.34921657956156965,1.0040637044866527,-1.294851433621691,0.4575359003371939,1.3038198092082876,-1.5317594543039257,8.11199347063032e-06,3.139907227317145e-06,4.487818193029672e-05,0.0001315708789006073,0.35191367703116194,0.3476679904220515,2.8688952831961334,135.86644224756253
15.15000000000008,0.42542889010280743,1.2935990655909606,-1.5223134101299922,0.35419652222395337,0.9870797155367432,-1.2763022174600158,0.4572326421595852,1.287083660428315,-1.5124779869108134,8.009533538542647e-06,2.4257271172609797e-06,4.497138013813367e-05,0.00013155336141271428,0.35398570120241063,0.3709843232334969,4.020662938544369,132.53761196094368
15.200000000000081,0.425652850940081,1.2761147535194264,-1.5050809153227127,0.359432822732734,0.9703535346344094,-1.2585002540887325,0.45820470738376456,1.2671461713563275,-1.4940080767897619,7.932098486786312e-06,1.710450567126132e-06,4.5039255347022634e-05,0.00013153605337827074,0.3505379198857105,0.3560392674256609,0.8761269130497603,139.5754610320272
15.250000000000082,0.4262119379552768,1.258529064525674,-1.488446762004435,0.3650211804020455,0.9535209071330215,-1.2420002402317885,0.4598461521924778,1.2522686236347138,-1.47624777220582,7.881216396008173e-06,1.0007069664863215e-06,4.508533637123753e-05,0.0001315164878862229,0.35472480989669447,0.33000027713887503,0.9977429962688174,146.20564443181829
15.300000000000082,0.4270969950612401,1.2408902306557381,-1.472493744396413,0.37088762505795286,0.9367996982576615,-1.224749091830438,0.4607461444188688,1.2352311737252317,-1.4605213520774214,7.855317464803201e-06,2.9522583892111563e-07,4.5108390505400296e-05,0.00013149963824833126,0.354413197763738,0.3450229680270029,2.134098326618706,145.41056355165122
15.350000000000083,0.4282726479184502,1.2232531684510264,-1.4568224723635594,0.3769419446713513,0.9204153019111722,-1.2089328240648285,0.4625717003419628,1.2159589258047485,-1.4456846404062287,7.847850147782661e-06,-3.899015345630296e-07,4.510781855258071e-05,0.0001314830872496264,0.3493477293131537,0.3163253553121844,1.78976725350867,150.88846037872872
15.400000000000084,0.42972425701409006,1.205660240639989,-1.4413193569992013,0.38330647210196034,0.9040383487413901,-1.1913321299147606,0.46371157141318753,1.2009553769479022,-1.4322714988199838,7.861259297942045e-06,-1.0604117195567949e-06,4.508925814497573e-05,0.000131464934977638,0.3514084655627772,0.3520138830013552,2.233484292339546,147.42379002166064
15.450000000000085,0.43145435764736834,1.1880948455059677,-1.425915175376047,0.3899415258010765,0.8878063320559462,-1.174184331163688,0.46502882448351957,1.1840137195666542,-1.4260629040814456,7.89004675612354e-06,-1.705099822213399e-06,4.505241647176774e-05,0.00013144847971631075,0.3507191687879775,0.34295597502144765,3.21942829816576,145.26827615859426
15.500000000000085,0.4334580369635493,1.1705269174398334,-1.4105552496981841,0.3968877029708513,0.8715977513351822,-1.1576620097221233,0.4673875489182859,1.1637067203489988,-1.4067094050137086,7.92138615341064e-06,-2.2899466958941707e-06,4.5009390485434625e-05,0.00013143129556127635,0.3526894047332226,0.3304464288312874,3.4261240116080938,146.81398815223216
15.550000000000086,0.4357198954128201,1.1530199759174387,-1.3952666134082852,0.40406688500116716,0.8555636430583482,-1.1419774907477587,0.4693430988672359,1.1471494256333685,-1.3904677375410193,7.976736995959216e-06,-2.8883308742085072e-06,4.494020765493676e-05,0.00013141253287789713,0.35136283811702407,0.3136903794872883,2.1901327274862052,143.68513588245474
15.600000000000087,0.43824937000536773,1.135558425366154,-1.3800823784079943,0.4115161534200328,0.8396231688870045,-1.1252916174359915,0.47156856354998167,1.1263419984362921,-1.3859161965355242,8.052912246327425e-06,-3.486271551996386e-06,4.48472792939846e-05,0.00013139574584586556,0.3519076582587011,0.33371746623534115,2.706645208143123,142.20375831105184
15.650000000000087,0.4410546013518501,1.1181291808917082,-1.3650342901115926,0.41909612509042876,0.8240512893726033,-1.1102806606606594,0.474541872406464,1.1106910263683683,-1.370881450004626,8.118805951344033e-06,-4.018540653384304e-06,4.475923652654053e-05,0.0001313789712256174,0.34637842558750426,0.30021913550663853,1.5396319845041182,143.77762736318084
15.700000000000088,0.4441175499064583,1.1007569618037305,-1.3500978496315605,0.4269088890616656,0.8086042041104622,-1.0947966484293756,0.4762488771984302,1.0990374118082982,-1.353931557152992,8.202103402349492e-06,-4.550764262948989e-06,4.465283077458968e-05,0.00013136574478455018,0.34621248443425434,0.309680244625677,6.572423280071058,134.92134987745598
15.750000000000089,0.44745269355196876,1.0834123718126474,-1.3352828277712636,0.435031119632853,0.7931548792399775,-1.0787520271073543,0.4800271290247269,1.0818112248792389,-1.3369192767848257,8.309054375608511e-06,-5.090854831387473e-06,4.451927745542436e-05,0.00013135303315586194,0.3490895610235259,0.32089242644041727,2.390901795826473,138.1666243480274
15.80000000000009,0.4510473063058952,1.066132620721293,-1.3205851368028287,0.44350529237977954,0.7776317568168263,-1.0634507400809325,0.4838829659401273,1.0662834441259268,-1.313702570559037,8.438460528100498e-06,-5.6336083353377535e-06,4.436515625197159e-05,0.00013133832964262374,0.35371459463354216,0.3060257405284301,0.990143407782569,140.4109588898833
15.85000000000009,0.4548927229667362,1.048913128358358,-1.3059981744472766,0.4520713903834748,0.762495012121188,-1.0481834845820375,0.4872466666667021,1.0499650180191784,-1.3077699847637605,8.604485628854695e-06,-6.207597536905994e-06,4.417331684286421e-05,0.0001313269921481381,0.34785338913274133,0.30534510997789177,1.258881627595306,139.004241868032
15.900000000000091,0.4589979491919641,1.0317589280069064,-1.2915269444056698,0.4609194658261717,0.7474061096393163,-1.0326958333651053,0.49119901887104694,1.0320877681053289,-1.2969769964327171,8.75981176588671e-06,-6.727815204503467e-06,4.3990326465496195e-05,0.00013131580031238482,0.3498396964933251,0.30975302433864227,2.6854149235950233,137.95421434962978
15.950000000000092,0.4633548546104257,1.0146514811501621,-1.277170478934154,0.4699132747143222,0.7326087405075188,-1.016629858143658,0.4941420343876405,1.017935694649587,-1.28537525910034,8.917800321202627e-06,-7.2241375729325624e-06,4.38024579764067e-05,0.00013130595102977218,0.34632769528339297,0.321319504428943,3.5258355493431868,131.45720672106626
16.000000000000092,0.4679627244561025,0.9976158394796506,-1.2629340328512022,0.47937645986652744,0.7175602670207853,-1.0022411790520187,0.4977774476668524,1.0024975821916526,-1.2693955882574615,9.082709084976087e-06,-7.697287361599025e-06,4.3608222761579914e-05,0.00013129515363987374,0.35553558449486805,0.2877735818327806,3.0416739415042002,125.9078178154476
16.050000000000093,0.47280521351201577,0.9806623674569537,-1.248810305514964,0.4890049061257202,0.7027454876032403,-0.9867111598083658,0.5030310580918126,0.9850349485015483,-1.2497175235649642,9.268966246700805e-06,-8.174965237413318e-06,4.338828415510632e-05,0.00013128690685295947,0.35337851720939933,0.3106003848730555,0.6992526184189622,127.16220994210235
16.100000000000094,0.4778935611388963,0.9637842936613502,-1.2348072625913298,0.4986859538005786,0.6883262442137377,-0.9723398418714901,0.5071822590103675,0.9701736575613944,-1.2474694311864032,9.482746403002205e-06,-8.665927397495095e-06,4.313873700006634e-05,0.00013128322523877695,0.3473571393312701,0.28742635873750977,1.6636940928289468,127.498628828592
16.150000000000095,0.4832273424338335,0.94696686341581,-1.220923857750441,0.5085436881407012,0.6740948949696339,-0.9576636932130809,0.5124444038260134,0.9541273470906145,-1.2116701075590834,9.66804728245786e-06,-9.09687568173317e-06,4.291394877759758e-05,0.00013128082179860945,0.34624361778756013,0.29352297316818654,3.8827993910925627,123.48654404322912
16.200000000000095,0.488773338960735,0.9303295859999595,-1.2074979772733272,0.5187983590380219,0.6597673873991076,-0.9415145393942739,0.5178235214273917,0.9372288629621508,-1.211222115745482,9.950394184770894e-06,-9.613617533394731e-06,4.25970865105169e-05,0.00013127920875238505,0.3523875679773259,0.322983076376131,2.8294174330153563,124.16567537950311
16.250000000000096,0.4945541572084379,0.9138028715742283,-1.1945287970162486,0.5291577852360763,0.6457552323660138,-0.926820237104395,0.5232141884779233,0.9220645313490019,-1.1946329341728774,1.0185042090641382e-05,-1.0053949515838951e-05,4.2322283724382996e-05,0.00013128071684212353,0.3485189600411105,0.29388604579757444,0.8210821754102645,123.60840839037385
16.300000000000097,0.5005483114922675,0.8973723697080203,-1.1816853763745208,0.5396548510611758,0.631974867137489,-0.9128265270757092,0.5291188870654486,0.9074666458235486,-1.1769582173690876,1.043963361836038e-05,-1.0493843325203716e-05,4.2025889244863066e-05,0.0001312848302158097,0.3464631315631412,0.27987420057371365,1.4035394210423446,126.87346994083134
16.350000000000097,0.5067682159724034,0.8809904749069059,-1.1689503386512996,0.5504298262708969,0.6182483446813091,-0.897742333971979,0.5359030948864657,0.8904335781364943,-1.1546907874901002,1.0722599011887474e-05,-1.093753699004072e-05,4.1700470240588795e-05,0.00013129155932951094,0.3490119101432907,0.30168386207460113,1.194831793656443,129.38399621972172
16.400000000000098,0.5131761013837064,0.8647282405573031,-1.1562928182825265,0.5614328252402055,0.6046420926059519,-0.8838371258897362,0.5417900998387607,0.8745099051134989,-1.158516569453253,1.1046074063993671e-05,-1.1394026630367971e-05,4.133576801904675e-05,0.0001313001666640417,0.34997200780154175,0.27810416164485247,2.292777747458253,128.65855037357417
16.4500000000001,0.5198020585248522,0.8483832025551236,-1.1431443455995904,0.5726503737865674,0.5911736654968444,-0.8688172473674198,0.5498241844904631,0.8568598234086303,-1.1420675689941158,1.1304518853771534e-05,-1.1770676337055316e-05,4.1029331324089356e-05,0.00013130971916414834,0.35056394573626787,0.30039757044632037,1.783500155992755,136.25535513500736
16.5000000000001,0.5266932203216979,0.8321514552765101,-1.1301358363583882,0.5840112487409336,0.5779233011691249,-0.8552253347317968,0.5561664168299159,0.8421077178125118,-1.1334902358968755,1.1582663166926494e-05,-1.2145728166307138e-05,4.070018612472172e-05,0.0001313255350616431,0.34908241121522227,0.27183825271245615,1.4125647293906471,137.53377510334872
16.5500000000001,0.5338674623921894,0.8159463205259796,-1.1168281659427997,0.5957272946493377,0.5646314750482813,-0.8414273348308492,0.5636939551759468,0.824922145575851,-1.12088059639242,1.1852291397429714e-05,-1.2493454300841638e-05,4.037847084532699e-05,0.00013134039293986896,0.3543689343945813,0.2759599980189483,1.28201526753911,138.17378364354911
16.6000000000001,0.541245838422771,0.7998330021734934,-1.1035525006700997,0.6074679417754506,0.5516954747135964,-0.8261746508333783,0.5706591599573163,0.8088935030085777,-1.1092671875427302,1.2131370979716623e-05,-1.2832706665948467e-05,4.004144419554759e-05,0.00013136028384017265,0.3493930830786164,0.30505367994941235,1.5646578555693555,135.86377917144802
16.6500000000001,0.5488017154134561,0.7837386002089638,-1.0899778502931543,0.6194680412281153,0.5388381005095435,-0.8135695607021085,0.5777895963945061,0.7965186708050671,-1.0874511748098907,1.2407938314843945e-05,-1.3152010653384959e-05,3.9703249999731585e-05,0.0001313825259934649,0.35174908890668816,0.2521018026253883,1.7347886902726213,142.7170498287675
16.700000000000102,0.5565829304743882,0.7677501874708994,-1.0765422884868547,0.6314800409118618,0.5263025405313353,-0.799877109669838,0.5863128698563722,0.7788998687799155,-1.066403117440923,1.2737603664366995e-05,-1.3494480862591197e-05,3.931496133677085e-05,0.0001314063931652413,0.34723658206523184,0.2738490206454046,3.2484616066157246,142.39852464842923
16.750000000000103,0.5645693272181278,0.7518835370315679,-1.0632455691619487,0.6437665054164903,0.5138326662049693,-0.7857361468393584,0.5962123142510786,0.7589153748412962,-1.047416957648621,1.3110927670381352e-05,-1.3844227946499585e-05,3.88823355307939e-05,0.00013143631713063343,0.35012002657702174,0.28281925660958857,6.073720048418245,143.78836885569297
16.800000000000104,0.5727942686941118,0.7361044514260098,-1.0502537136021153,0.6561471032662876,0.50161773985844,-0.7715887047046972,0.6031736273571993,0.7442501499408859,-1.0500277505352624,1.3512394415877583e-05,-1.4190770653672001e-05,3.842055457476931e-05,0.0001314719209355259,0.3478440305642051,0.28294884269321907,2.876884631781566,138.4515077392488
16.850000000000104,0.581214485791226,0.7204752781764682,-1.0373391490721198,0.6688804231399331,0.4894070850932522,-0.7573066304618488,0.6114175641291023,0.7285038750661823,-1.0372776868898734,1.3839458409155437e-05,-1.4475511071937508e-05,3.802968924111134e-05,0.00013150390033168246,0.3528415028373128,0.2856414848569655,1.5905960748548371,136.49068638585373
16.900000000000105,0.5898547314680144,0.7049349581381514,-1.0245003698425057,0.6815940741144868,0.477538059853837,-0.7447995667894398,0.6177948834638846,0.7155437063290325,-1.0338769788152917,1.4168539224885284e-05,-1.4748012549391185e-05,3.763475311063465e-05,0.00013153815272256525,0.3478589511061322,0.2501412734481809,3.134108125427176,130.71968522855997
16.950000000000106,0.5986921281804064,0.6895142172477755,-1.011774421624769,0.6943404659968692,0.4659200662650294,-0.7334360383990983,0.625936226101743,0.7012616442308416,-1.0149953463470758,1.4457203342223436e-05,-1.4986262655484048e-05,3.7275785886200746e-05,0.00013156970382305168,0.3449356356512653,0.22727056780683036,1.9797839075817731,127.71863174684837
17.000000000000107,0.6077174038367112,0.6742248142599256,-0.9991760939487819,0.7073259256993967,0.4543883863822854,-0.7189060506347253,0.6351461596965907,0.6865920024808178,-0.9904493759235278,1.4797409606766227e-05,-1.5236642478993981e-05,3.6868380018302755e-05,0.0001316043152507223,0.3473367880630057,0.29059975528745674,1.6990436176265231,129.15043305588355
17.050000000000107,0.6169550051719251,0.6590277151175961,-0.9867098317576157,0.7205534506891988,0.44295154252216073,-0.7069407093036442,0.6431011807871347,0.6739107281995252,-0.9824451446267566,1.51990872846112e-05,-1.5499871327377354e-05,3.640685236477869e-05,0.0001316413982417489,0.34972701521279353,0.2393068266216199,1.3162142244524633,129.95340253268427
17.100000000000108,0.6262501423734463,0.644155642712098,-0.9751066732327162,0.7340084900558677,0.43158344410919897,-0.6961052896430551,0.6543286833091714,0.6543861461988753,-0.9890824971504624,1.557705694698106e-05,-1.573778809677782e-05,3.597168284082271e-05,0.00013167637790042577,0.3522923681026893,0.2167083932117781,3.868642131505204,131.87224742942757
17.15000000000011,0.6356981074030121,0.6294875594605951,-0.9641160395612552,0.7475483940404735,0.42042174164359725,-0.6827282970080124,0.6634837889662469,0.6409857598392124,-0.9591189322397926,1.5867997323531664e-05,-1.592672510541024e-05,3.5617881667970804e-05,0.00013171759316877134,0.3509513889273046,0.2675398527008517,1.9697089577139435,128.71782302415477
17.20000000000011,0.6453821906136403,0.6148053363795343,-0.9528885227656164,0.7613750817273919,0.40931484461139905,-0.6707643667517544,0.6726776188940353,0.6285052898982071,-0.9467083013268907,1.626144333040487e-05,-1.6143417810935363e-05,3.517228099243837e-05,0.00013175623601710085,0.35470788315516333,0.23927860512515392,0.3374753338163162,133.71429392562243
17.25000000000011,0.6551906007381325,0.6003100871596867,-0.9421061696113034,0.7752830309013674,0.3984135491934913,-0.6588265242996512,0.683037675354519,0.6120303309805468,-0.9379775931835739,1.6660336445068955e-05,-1.635101965193664e-05,3.4728513373715395e-05,0.00013179181770987044,0.3534249569869416,0.23875684904205702,3.8912446516802928,129.4576779604061
17.30000000000011,0.6652744900493816,0.5857669584181957,-0.9304075817422931,0.7891574277215806,0.3878181173667524,-0.6455561701232626,0.6909293368208858,0.6010302115825923,-0.9335802659999439,1.7046281909927794e-05,-1.6542871367592256e-05,3.429717192014871e-05,0.0001318307561992527,0.34915127678464286,0.26540708352776937,1.3990226853517709,130.27951009998264
17.35000000000011,0.6755032598559058,0.5713304320003428,-0.9187570388393395,0.8031009458561473,0.3774278877327898,-0.6352436035444757,0.7009325165219445,0.5873280977154066,-0.9263724452085298,1.738987730727909e-05,-1.6712447061985452e-05,3.391060115351223e-05,0.00013186244329993087,0.34778225925732714,0.2062513315757377,2.9055557546240056,133.70687938348038
17.400000000000112,0.6858811228264605,0.5570139706393574,-0.9071837173907016,0.8172644812790738,0.36711022155438805,-0.6239101371156335,0.709671227094932,0.5746797143361467,-0.9049208526379124,1.7722755311612945e-05,-1.686938849947159e-05,3.3540117497725316e-05,0.00013189423942556414,0.3504644106454625,0.2266693285768447,4.291669475738461,126.71075372416048
17.450000000000113,0.6964283722355702,0.5428258208206599,-0.8958070485095108,0.8314513969867579,0.35701513418034797,-0.6129974378236156,0.719453204980536,0.5616160513055405,-0.9016283170175754,1.811718766700619e-05,-1.703374683763591e-05,3.311373861343915e-05,0.00013192470875363633,0.348242659725231,0.21825398584035666,1.5109752543867276,129.23485880735123
17.500000000000114,0.7071637148941805,0.5287571369243806,-0.8847213509322799,0.8458740480262682,0.3469981175478962,-0.6010982653253016,0.7297407302559291,0.5478930578375674,-0.8873623673589472,1.8474853151940492e-05,-1.7179433270962747e-05,3.272908783974472e-05,0.00013195434229208464,0.3512020065831555,0.23798344996627838,1.9469858294884714,127.00151787789896
17.550000000000114,0.7180794828251933,0.5147834327525261,-0.873744253796693,0.860377369571694,0.33716417065697335,-0.5905829223618815,0.7444134512881927,0.5296554056391923,-0.8758871205364964,1.885312956240665e-05,-1.732126034733669e-05,3.232916692484934e-05,0.0001319831715211639,0.35046008424219954,0.21030685926839768,3.474260990437385,132.9227483976264
17.600000000000115,0.7291627307045404,0.5009330021556176,-0.862920463738371,0.8750258659953147,0.32745911311379966,-0.5796826277474869,0.7547716996790119,0.5162719930491327,-0.8722955488113722,1.9241556297900256e-05,-1.7458220967402173e-05,3.193100026642347e-05,0.00013201633803632787,0.3514368487333702,0.21800589228788475,2.148899294810783,132.40739752393822
17.650000000000116,0.7403824081895611,0.4872195112011298,-0.8522395881478421,0.8897940701643472,0.3178984852914983,-0.5693785832091214,0.7652140625628964,0.5028065668030194,-0.8596122830656405,1.959367297153301e-05,-1.7581110138448356e-05,3.1573514527820006e-05,0.00013204236559634093,0.3518569011316109,0.20608089076731126,3.032657192166681,127.23265518221949
17.700000000000117,0.7517515297203887,0.47363585573452677,-0.8416578337103523,0.9046087921592177,0.30852944194233883,-0.5584479217478027,0.7740116265881434,0.4920929058688061,-0.8494467254394702,1.9965773567383848e-05,-1.770022334450485e-05,3.120095982155654e-05,0.0001320652318275535,0.3505755383941319,0.21861322922636733,3.0516165599872997,124.09483653320109
17.750000000000117,0.7632677216013037,0.4601695628676121,-0.8312028477059779,0.9194705280768058,0.2993408609306649,-0.5490438322028424,0.7852552808912561,0.4793464945042414,-0.8248043119357078,2.033667134809249e-05,-1.7811768220767842e-05,3.083225688766259e-05,0.00013208350764405062,0.34945870456651057,0.1880817908992007,1.617250336800649,121.88524921030815
17.800000000000118,0.7749203395355673,0.4468399128415837,-0.8209415914401432,0.9342114380027995,0.2904124568670069,-0.5401400603855029,0.7952626774692902,0.46778476242426487,-0.8226245920693129,2.0788120207807644e-05,-1.7925570844610932e-05,3.0390657763761202e-05,0.00013210128124291104,0.3446811783425425,0.17807543634678888,1.7032740685073628,122.24980779360837
17.85000000000012,0.7867189570826719,0.43362670694078265,-0.8108183118813673,0.9492769219600179,0.2814859672778009,-0.5296517287943074,0.806297421333809,0.4555017009703656,-0.8073238154841742,2.119545382622963e-05,-1.8026644662146778e-05,2.9999987948129557e-05,0.00013211600918624212,0.3502306864710089,0.20976663182390518,2.816379943952188,121.07643772932018
17.90000000000012,0.7986633921078927,0.42052949627819897,-0.8008382646699708,0.9644593387586943,0.27271596261190284,-0.5179836657322134,0.8178203334171762,0.44237339353058713,-0.7921260374062706,2.1634362820846707e-05,-1.8121441799040377e-05,2.9584317732667142e-05,0.00013213102590649587,0.350669217053828,0.2333612612418714,2.6897114497647747,117.39546431470929
17.95000000000012,0.8107030334508176,0.4075878453865446,-0.7909862810069919,0.9798676486816646,0.2640296439353129,-0.5086819204750341,0.8285956454294545,0.42990511830760264,-0.794767290312917,2.2091199764818293e-05,-1.8207451124055826e-05,2.9158287439935248e-05,0.000132145454493578,0.35376285994261136,0.18603490514358859,3.13029469654194,115.41579130959198
18.00000000000012,0.8228118663570003,0.39484184636711606,-0.7813155131126797,0.9952314216956618,0.25557235969031805,-0.49772485974881375,0.8404371568878405,0.4171539003874532,-0.7887371030004307,2.2477452407765518e-05,-1.8284767084538904e-05,2.8801852833767793e-05,0.0001321565613027234,0.3507559010035787,0.21914121452440147,0.9514649032029797,115.46232344105854
18.05000000000012,0.8349483964780535,0.3823294467162693,-0.7718446976844402,1.0104973800493375,0.24736540658941444,-0.48881896418322945,0.8506648898710583,0.40575961969887625,-0.7844413646584334,2.2840072020367024e-05,-1.835678649655501e-05,2.8470212452268316e-05,0.00013216436068283412,0.34664422637986486,0.17811791131168198,2.681923392648213,112.9622402681338
18.100000000000122,0.8472327047875872,0.3698953932436915,-0.7624718199918287,1.0258422853809865,0.23929961243981457,-0.47906779932451204,0.8618138373441872,0.3942127796356659,-0.7651696486499624,2.3180269447471966e-05,-1.8421971255319645e-05,2.816079803371871e-05,0.00013217059541472054,0.34671344720853325,0.19502329717434636,3.154288424644619,107.89459641735199
18.150000000000123,0.8596498628594171,0.3575673368876294,-0.7532472160282621,1.0413487198804718,0.23133665056717087,-0.46975219646653255,0.8750769615816036,0.38161129892984297,-0.7461294277216588,2.3579125983551678e-05,-1.8478824869667676e-05,2.7797287724947e-05,0.0001321763803445491,0.34863188040960086,0.1863120571595878,1.3449708754376697,109.15589122243769
18.200000000000124,0.8722746059048827,0.3452690078511541,-0.7444503598131746,1.0569169701307588,0.2235187039245494,-0.46101594809051427,0.8881023559731597,0.36882203235927946,-0.7424949297255159,2.4028482566184208e-05,-1.8526279133174852e-05,2.7390273942969854e-05,0.00013218214187942878,0.34842080065470254,0.17472496752036365,1.1471301027234189,110.10609300280117
18.250000000000124,0.8850261356055764,0.3330922385723633,-0.7356014859163991,1.0723894671483147,0.21593199534313184,-0.4507557488428344,0.9012754909204903,0.3557524516588974,-0.7315937435088142,2.4443869827851144e-05,-1.8570299491234597e-05,2.7018467099623938e-05,0.00013218504330702325,0.34464991870729733,0.2052039849535917,2.7326640098787967,107.2950741125972
18.300000000000125,0.8978984667491581,0.32101862862863034,-0.7268669344363762,1.0884230930587955,0.20825444330214138,-0.4423988593044905,0.9126578493262028,0.34491681805774294,-0.7233283176717862,2.4861134731786615e-05,-1.860428851665296e-05,2.6652654143334767e-05,0.000132192097260214,0.35554116744505165,0.1671377907668791,1.3219480146904674,106.40193652132938
18.350000000000126,0.9108720218535298,0.30906146825401976,-0.7182768585114468,1.1044176448349705,0.20077906826427047,-0.4320103994678721,0.9291422434887772,0.32955436776632957,-0.7153196215224513,2.5273622236809153e-05,-1.8629698901250445e-05,2.6288383050410065e-05,0.00013219654561332292,0.3531060587299232,0.2077691967323655,2.711052137186228,106.92028048344554
18.400000000000126,0.9239428226538141,0.2972253716164353,-0.7098432808467333,1.12031585548486,0.1935349136954421,-0.4230886980835491,0.9411181034225258,0.31820859191719897,-0.7068818071464169,2.5674170440878613e-05,-1.8652575967629138e-05,2.5939783000288918e-05,0.00013219925117718875,0.3494183177276256,0.1784340276864553,3.774814373027974,103.67108558795896
18.450000000000127,0.9371119827671899,0.2855086826852741,-0.7015734517383521,1.136218353453763,0.18646135497172922,-0.41396709714930857,0.9570510102550888,0.30357311577938767,-0.693143429017947,2.606770100734547e-05,-1.8666939448249025e-05,2.5593464301288264e-05,0.00013220063886715697,0.3480958345319418,0.1824320186848076,3.1607035829070247,101.51533529700279
18.500000000000128,0.9504009461399591,0.273905101135531,-0.693452136588743,1.1523616750351557,0.17944943971966387,-0.4055664266934098,0.9726677170864865,0.2915018120069153,-0.6761069904706853,2.6483254684152508e-05,-1.8669299491227974e-05,2.5228741797447974e-05,0.0001322031099219697,0.3520088686095706,0.16801340911797272,2.9325039511523885,110.59144755796878
18.55000000000013,0.9637837469826817,0.2623981357428071,-0.685515585268077,1.168474443452895,0.1726051349317378,-0.3977940600578771,0.9846345774773583,0.28093163644833363,-0.6798138318496276,2.6934212989750335e-05,-1.8656390721407965e-05,2.4829698536899628e-05,0.00013220465337374375,0.35012418191851263,0.1554473327106496,2.0881976160188622,108.77004605656414
18.60000000000013,0.9772674683737053,0.2510045396810966,-0.6777441868051286,1.1845164294567727,0.16593432968176294,-0.3903689947801907,0.9930892110345757,0.2739617846122055,-0.6667628180197576,2.7304243009991634e-05,-1.86510388541784e-05,2.4504198044886434e-05,0.00013220529700625752,0.3474745138289493,0.14850130555372307,4.395336644430579,106.53412507380368
18.65000000000013,0.9908448930740319,0.23971925691755,-0.6701402428158124,1.2008665012944453,0.15927561218726072,-0.38312824158326464,1.006803072921289,0.2618883465050538,-0.6676587239525835,2.7691716775661912e-05,-1.8627956692081014e-05,2.4155265712425964e-05,0.0001322074077365276,0.35308057405788973,0.14481506393852225,2.3087748556770737,104.29624686386346
18.70000000000013,1.004529446324002,0.22853596575957189,-0.6626571078137309,1.2173220875249977,0.15271501180219899,-0.3756167668609973,1.01936173194734,0.25122804594662573,-0.6623754335176586,2.802535699127094e-05,-1.8609977440050614e-05,2.3858278552798036e-05,0.00013221215029620825,0.35430454198633426,0.1502294944453474,1.7574398663436912,102.43002515712645
18.75000000000013,1.0182376251004666,0.21750159039180947,-0.6553379590128953,1.2334895221195215,0.14642141919945373,-0.36683805852990314,1.0362415349604757,0.23754987915439646,-0.6388767475462926,2.8345230467684695e-05,-1.8588910614333628e-05,2.356737463852477e-05,0.00013221311515625303,0.34698540733558364,0.17557416662187983,3.05949795839731,100.65575309086212
18.800000000000132,1.0320368408908558,0.20656409246932256,-0.6481711910339566,1.249589077377861,0.14029539181279582,-0.36034554618035575,1.0480703062821641,0.2272884973134657,-0.6372758790831758,2.8739350296817378e-05,-1.854081193337988e-05,2.3202167758660515e-05,0.00013221419800814698,0.3445141119724674,0.12985024699094658,3.745151432455738,95.16020801761177
18.850000000000133,1.0459141721678953,0.19572586367913608,-0.6411550653038235,1.2659415332584765,0.13419105617535504,-0.35420942791569976,1.0636535097691373,0.21496177384832466,-0.6452761420359971,2.90888774886698e-05,-1.849541331266518e-05,2.2878347265299443e-05,0.0001322182528447654,0.3490940749092974,0.12272236529311985,1.2261930052856524,98.22455086005286
18.900000000000134,1.0598669613927474,0.18499924847435897,-0.6343128095036769,1.282522726698315,0.1281291251921004,-0.3467826879774507,1.0753574029398172,0.20552203823537454,-0.64434665543385,2.9357499055940684e-05,-1.846822702357946e-05,2.2636257390126768e-05,0.0001322257563994154,0.35309172505172903,0.14853479876497835,1.962138042816138,97.14980326759328
18.950000000000134,1.0738948852999521,0.17437161235082216,-0.6276328256594474,1.2988079257781961,0.12230214765787482,-0.34044507412163494,1.091509615583501,0.19376875277315694,-0.6331012669257055,2.959088965950815e-05,-1.8445039674689553e-05,2.2419691021751874e-05,0.0001322304620175043,0.3459262219517362,0.1267522771163116,0.9709759276418761,99.12878830266965
19.000000000000135,1.0879987330399468,0.1638511994216745,-0.6211274681296722,1.3153911786272348,0.116482912025844,-0.3345261697497284,1.1048006303591476,0.1829861904739442,-0.6179746853393677,2.985281138768537e-05,-1.8407641866732564e-05,2.2176428685843346e-05,0.0001322373079603117,0.3514932034179903,0.11837808743813259,4.3770070296516,91.35892311440207
19.050000000000136,1.1021601821799611,0.153432625396911,-0.6147816396404322,1.3319976477870306,0.1107831658289859,-0.32672580371125015,1.1170029882757375,0.1737681945876757,-0.6163195807367492,3.0161228281373312e-05,-1.834730517686607e-05,2.188313982473962e-05,0.0001322440883805798,0.3511486794525881,0.1560073207695597,1.407905538394668,90.39550608339272
19.100000000000136,1.1164111196483322,0.14309010635346261,-0.6085941506851075,1.3486017606846608,0.10521211437710697,-0.32071299531108144,1.1326837577570434,0.16259320853222722,-0.6021708898935905,3.0431834367415556e-05,-1.8292693398039704e-05,2.1622478831170366e-05,0.00013225112598571248,0.3502765213547068,0.12025616800336941,2.324839405321346,90.3068554047764
19.150000000000137,1.1307067848502264,0.1328605961173797,-0.6025736658599419,1.3652202810012295,0.09975082590574713,-0.3143041344614752,1.1475519953794522,0.1514462273631488,-0.6014137777695905,3.0738469288497076e-05,-1.821798896469813e-05,2.1323325298650906e-05,0.00013225767450740543,0.34985822080322193,0.1281772169921217,1.6962724915983927,88.71076980661505
19.200000000000138,1.1450844315993987,0.12271204786111807,-0.5967178698110263,1.3818048975792374,0.09441525029202331,-0.3082176833898105,1.1636536347375515,0.13993824620360143,-0.6018248338133834,3.100796954142427e-05,-1.8152085189012215e-05,2.1058636376858257e-05,0.0001322652461553551,0.3484358254560689,0.12172902143329771,1.4342397445348163,90.57135797308038
19.25000000000014,1.1595309790629797,0.1126430625031353,-0.5910507453278314,1.3987399992456575,0.08906924972871391,-0.3033331919547968,1.1770685724681138,0.13110797190720358,-0.595643914146462,3.1239320926763954e-05,-1.8095227600288716e-05,2.0833864678553563e-05,0.00013227719413863213,0.3551777118599554,0.09768982870027511,2.156411672296949,92.693008592914
19.30000000000014,1.1740253633136701,0.10267782890204442,-0.5855563486897772,1.4155101039784672,0.08388168792670563,-0.29666250850587916,1.1924121951432745,0.12005590272657274,-0.5896787004886188,3.147386580748273e-05,-1.8031433174488836e-05,2.0600090069262062e-05,0.00013228631713367502,0.3510830972082066,0.13341366897834891,1.7176770182758498,90.07724562874373
19.35000000000014,1.1885868113243896,0.09279258389004562,-0.580228678089709,1.4322115192528087,0.07882568435222256,-0.2912547423032419,1.205996750267086,0.11057072455645925,-0.5758528346386114,3.17034355600877e-05,-1.79650798662391e-05,2.0368227483459033e-05,0.00013229561433673791,0.34899924720733155,0.10815532405274314,2.3603823989312507,85.75811392200573
19.40000000000014,1.2032153096857634,0.082981838543498,-0.5750655668324269,1.448751082097262,0.07390929018854504,-0.2866101757715125,1.221370247754231,0.10010541746608587,-0.5724839199813765,3.1966474370305215e-05,-1.7878257362108872e-05,2.0097520984981804e-05,0.00013230269380391986,0.3450962798261465,0.09289133063458868,0.7464592814219632,85.52141065534782
19.45000000000014,1.2178786801160515,0.07326256501276045,-0.5700372380329178,1.4658356964945312,0.06892178959405985,-0.2814622099393911,1.2340567440407468,0.0923980754420181,-0.5579598920330127,3.22142830617552e-05,-1.7790996287916045e-05,1.984513110011446e-05,0.0001323151851906706,0.3559550032434901,0.10295931664242892,1.3927294321451376,86.94528436163142
19.500000000000142,1.2325903075972255,0.06362363624025938,-0.5651645447062659,1.482697139119417,0.06409390212507224,-0.2762699980848713,1.2474986545599827,0.08304909332594779,-0.552579674378499,3.249661516221272e-05,-1.76809967188346e-05,1.955305244062187e-05,0.0001323244754951572,0.35078052163410295,0.10384423709039553,2.058116528773625,83.29526219420842
19.550000000000143,1.2473579444207608,0.05405869262357673,-0.5604565088288237,1.49934503876299,0.059415674641458124,-0.27162019599936915,1.2592038449600087,0.07539157372824143,-0.5518714484295071,3.2763429118857484e-05,-1.757315038921089e-05,1.927226703344992e-05,0.00013233260995540916,0.3458548329663215,0.09299604171004425,2.3286506027303315,82.55908527395556
19.600000000000144,1.26217197520984,0.044567722077954945,-0.5559175760608356,1.5161235216644375,0.05477403879682945,-0.2681643585131761,1.2730666947855582,0.0664815045045791,-0.5448996110329194,3.299498043533179e-05,-1.7477399467477813e-05,1.902584755431974e-05,0.0001323427309338458,0.34817384933764167,0.06911674972385672,0.65606316430701,82.24459815040977
19.650000000000144,1.277016851077533,0.03515902215951386,-0.5515351903978674,1.5330608208567469,0.0501584676820476,-0.2639339052401697,1.2842209119547316,0.058957822159732935,-0.5460263321353538,3.323138996857468e-05,-1.7374544652856653e-05,1.877553370340218e-05,0.00013235406167222207,0.35109888080552965,0.08460906546012657,5.209056185649486,80.70875728201459
19.700000000000145,1.291923859253326,0.025809031141840532,-0.5473113925483838,1.5498527894609824,0.04563956777565669,-0.2618318074335684,1.2995367870761443,0.04859135149251133,-0.5504646037401373,3.3423875758082584e-05,-1.728966099354041e-05,1.8564986731425934e-05,0.0001323656858883996,0.3477877383234395,0.0420419561320233,2.4855003496306747,78.47595625777373
19.750000000000146,1.3068584779053793,0.01653688894195997,-0.5432718777734812,1.5669899089157824,0.04108578303625423,-0.2576168459292574,1.3148491970139768,0.03818422192270997,-0.5539706474363992,3.35797976941705e-05,-1.7222579979831473e-05,1.8396699659895007e-05,0.0001323818026711842,0.35463687577818237,0.08429923008621938,3.3123275065675704,76.17141356341348
19.800000000000146,1.3218472983338494,0.0073169327023329496,-0.5393885948101123,1.5838383494434551,0.036671911053883996,-0.2548175730095621,1.3318114770325127,0.026884059083805187,-0.5494540495928888,3.369574518260271e-05,-1.7175509869406716e-05,1.8265968862954175e-05,0.0001323972338136341,0.3483403003837161,0.05598545839390803,4.0181217778301885,71.42276984424163
19.850000000000147,1.3368486944736806,-0.0018257566795300145,-0.5356628143835153,1.6008434888776926,0.032276287182177,-0.2510849137614053,1.3421836902533266,0.020022887248689093,-0.5504989629705292,3.3822608648793294e-05,-1.7121468495523084e-05,1.8126086629568586e-05,0.00013241306567359732,0.3512814453300675,0.07465318496313421,3.1387686835917914,70.7911297638867
19.900000000000148,1.351891341055207,-0.010909912379286742,-0.5320965167163826,1.617704116049327,0.027982471908877548,-0.24764431176740143,1.3609911005459299,0.007944352572055413,-0.5442138443484232,3.392760688759368e-05,-1.707717468755885e-05,1.8005635832118342e-05,0.00013242777962623844,0.3479758019441287,0.06881203988007858,2.6339185712978614,65.91406639884622
19.95000000000015,1.3669596838512743,-0.019926401493985915,-0.5287183471968989,1.6345705789188865,0.02374759073154824,-0.24435098011834544,1.3758361248806301,-0.001519389891573755,-0.5446753069620667,3.4049747892729937e-05,-1.7022496193122703e-05,1.7867519247811615e-05,0.000132442214782432,0.3477999779454594,0.06586663298111994,2.976928297667394,64.67636470556711
20.00000000000015,1.3820587702444784,-0.02888517262009178,-0.525503722886809,1.6517980758419768,0.019464535939436832,-0.2430028828116817,1.3898358695450268,-0.009989135996595674,-0.5307194297932205,3.4153896399952695e-05,-1.697615584900179e-05,1.7752043837872292e-05,0.00013246070650057377,0.3550387338379,0.026961946133270867,1.282379247443599,59.985095655230694
20.05000000000015,1.3972042921472139,-0.037798687046848155,-0.5224657229976202,1.6687983132244313,0.015276492197869657,-0.2400818877083153,1.4057433791475336,-0.02016483597600166,-0.5287799564756739,3.431158692390082e-05,-1.6897282104512393e-05,1.7577945142368278e-05,0.00013247503482951873,0.35017024396830854,0.05841990206732988,1.8912828627277996,56.453187677303966
20.10000000000015,1.4123671425836801,-0.04665313346846134,-0.5195903123583039,1.6856978831497484,0.011155784104655935,-0.23825416849981185,1.4201396307935208,-0.028180417680506543,-0.513090038159568,3.4455789085761584e-05,-1.6824837860915495e-05,1.7416362993009353e-05,0.0001324899588817967,0.3478941120979997,0.036554384170072354,2.9278631930192316,55.949242256943634
20.15000000000015,1.4275478161335997,-0.055452149857001844,-0.5168849422807013,1.7027449914382682,0.0070389302776785335,-0.23566890673373164,1.4363563727929314,-0.037550373197113025,-0.5102763738442828,3.46534650771391e-05,-1.671470693866201e-05,1.7198779018907406e-05,0.00013250291950389365,0.35074352893767885,0.0517052353216031,2.507158066889442,56.24475966633455
20.200000000000152,1.442748811864576,-0.06420230795260565,-0.5143435386885373,1.719768878762698,0.002978573558898915,-0.23260121956426216,1.451046061982958,-0.04593752325108314,-0.4930356535081919,3.483990921288788e-05,-1.6609481753461786e-05,1.6992683772687508e-05,0.000132517745168655,0.35002827115897506,0.06135374338938851,2.101805651297191,56.945770376575794
20.250000000000153,1.4579938956271998,-0.07291840304291967,-0.5119846172814326,1.7368793876141477,-0.0010399632974793021,-0.22875322000200216,1.4680540475433308,-0.05669715076194675,-0.5080478608431114,3.5079809642986966e-05,-1.6463844723902858e-05,1.6731535128168628e-05,0.00013253153803938146,0.3515215685011268,0.07695999124519662,5.038714930665086,52.16234211864835
20.300000000000153,1.4732268620427165,-0.08157402993003066,-0.5097871827574675,1.7537995289645985,-0.004961662117143463,-0.2267575945580429,1.4863145424018351,-0.06617891412568642,-0.4863989225431822,3.521928913233009e-05,-1.6384413411563017e-05,1.657230413993577e-05,0.00013255159608748215,0.34737357704290484,0.03991250887918466,2.7355199530009875,57.217370524254264
20.350000000000154,1.4884997133981182,-0.09019821802999946,-0.5077693705752054,1.7708577546209936,-0.008886369149852413,-0.22552562521938624,1.5002144125465489,-0.07355767865217433,-0.48058000199953943,3.5434231033877745e-05,-1.6249507070335888e-05,1.6335497191878626e-05,0.00013256870761960482,0.35007794937045617,0.024639386773135298,3.5592507273866594,59.90296427035136
20.400000000000155,1.5037829143144308,-0.09877796512019182,-0.5059314530438106,1.7878700448530578,-0.01277263402346698,-0.22364436134299792,1.5113944136806892,-0.08059504484051362,-0.49467927595771677,3.564672632014395e-05,-1.6112555734595736e-05,1.6100687089988764e-05,0.0001325840887086664,0.3490106952058216,0.03762527752776473,5.5075161245138275,54.66104310655388
20.450000000000156,1.5191010011498647,-0.1073374190922128,-0.5042488825597217,1.8047250377145894,-0.01658528552457823,-0.22127417301216257,1.5266323149290402,-0.0888127185708378,-0.49501745570442157,3.5772329890834094e-05,-1.6036444490369384e-05,1.5954741583896288e-05,0.00013260316551649866,0.3456166868849522,0.047403766616710225,1.861623710896557,56.38514011871711
20.500000000000156,1.534414478314059,-0.11585452001811844,-0.5027268005478344,1.821781881381951,-0.020416264049748858,-0.22059447166757584,1.541083554290439,-0.09695849937891758,-0.4945579508049689,3.588011703179358e-05,-1.5971874476920028e-05,1.5829986241694588e-05,0.0001326239513441946,0.3496354239026962,0.013594026891734461,1.136865247880725,56.19599154348077
20.550000000000157,1.5497468596699422,-0.12434448541856435,-0.5013791387417895,1.8387267354111705,-0.024190772932987843,-0.21775398574765825,1.5586055893465944,-0.10697529805785357,-0.4966788304644498,3.5981675117608986e-05,-1.5910419353911705e-05,1.5710239591361633e-05,0.00013264439412687741,0.34720322464791475,0.056809718398348585,0.9400975979564169,54.878654335521546
20.600000000000158,1.5650921245174576,-0.13280269105880999,-0.5002153471412386,1.8557864500450374,-0.027949620464289903,-0.2159851236571071,1.5734431171754872,-0.11608397056849996,-0.5034194319335352,3.606317452122622e-05,-1.5863669753385944e-05,1.561423670176719e-05,0.00013266757328431108,0.34937823499498605,0.03537724181102372,2.499241930445492,51.861658866994496
20.65000000000016,1.5804500457526705,-0.14124274690066843,-0.4992051672419825,1.8729129758105596,-0.03169471219448548,-0.21458140707310713,1.5880752346397344,-0.12482738480040137,-0.4957787571930705,3.6108872198010946e-05,-1.5842645811193627e-05,1.555835465689892e-05,0.0001326938683114576,0.35062438439504573,0.028074331680001115,3.1638189035281283,47.48332714456551
20.70000000000016,1.595808857116858,-0.14965903046172438,-0.4983475633193338,1.8899669522274813,-0.035409757723754834,-0.2143975935647906,1.6044310124171608,-0.13453967847630682,-0.5026829103865325,3.618116563401696e-05,-1.5802279483491094e-05,1.547326037834622e-05,0.00013271744559949683,0.3490786019057623,0.0036762701663266245,2.29108059126129,45.55112844635868
20.75000000000016,1.6111692601033762,-0.15804911115555145,-0.4976722609979427,1.90708733029375,-0.03913313656181058,-0.21389750875006985,1.6186082345353217,-0.1424793650072496,-0.4922890283545853,3.622031814391646e-05,-1.5786223903938678e-05,1.5425585383747622e-05,0.00013274482433741985,0.3504117015746244,0.010001696294418298,0.9721876021394507,43.1863489375389
20.80000000000016,1.6265477951268434,-0.16643108753500666,-0.4971585596618305,1.9239529239334947,-0.04278278319457042,-0.21232264462781814,1.6307589754520617,-0.14946380288012978,-0.4890251616880108,3.630303187757938e-05,-1.5740526352786882e-05,1.5330343851069563e-05,0.00013276802225502794,0.3451192436875466,0.031497282445036884,1.8330297424133284,42.04803673368038
20.85000000000016,1.6419113330753141,-0.17478847115365945,-0.49680666103927984,1.941090631662373,-0.04647679384510506,-0.21227847419887746,1.6430163060617677,-0.1557677458008194,-0.48836021034327937,3.639015894827105e-05,-1.5690448611296e-05,1.5232896309117602e-05,0.0001327918422907761,0.3506261490172863,0.0008834085788113297,3.054636993175834,44.94519854358234
20.900000000000162,1.6573003584010781,-0.18314309333095752,-0.496636966135904,1.9581449218712481,-0.050154729003953534,-0.21253613031756524,1.6578641024514675,-0.16380685289185518,-0.4775486304501184,3.6468954537028565e-05,-1.564419607310296e-05,1.5141807281600552e-05,0.0001328137135129292,0.3489275129565541,-0.005153122373757944,1.6131485957978664,46.12714619931081
20.950000000000163,1.6726893404532526,-0.1914847438867858,-0.49664955993079657,1.9752554311048252,-0.05384085679046974,-0.21183932438021502,1.674073804714389,-0.17355181835568423,-0.49631615368396,3.658742466547943e-05,-1.556652123145882e-05,1.500864030219451e-05,0.00013283454652396185,0.35006118133064973,0.013936118747005899,2.835700592123138,41.621693760093144
21.000000000000163,1.6880580484916863,-0.1998079676517664,-0.4968303616405263,1.9921561113449864,-0.05747815123755153,-0.21212562446625016,1.689177144811262,-0.18207028840144646,-0.4956307733215226,3.661221722263073e-05,-1.5559269107072507e-05,1.4974154999653745e-05,0.00013286447818869815,0.3457530364386482,-0.005726001720703992,1.0852923048837262,40.213001028732286
21.050000000000164,1.7034413029688356,-0.20813511676528088,-0.4971886431239823,2.009110923427045,-0.06113403635429889,-0.21262173767786718,1.7068214148947087,-0.1922615548216779,-0.49245146704038145,3.664194289631823e-05,-1.5549182872429632e-05,1.4935887207261883e-05,0.00013289808182923257,0.346889697105584,-0.009922264232337346,3.1132553163634484,36.404670371296106
21.100000000000165,1.718808117725611,-0.21645985631687914,-0.497685836344216,2.0261779466802685,-0.06481591623646209,-0.2123270928994785,1.7212912466760748,-0.2002400249036876,-0.493899659998827,3.668917360686333e-05,-1.552757554278429e-05,1.4881875806679771e-05,0.00013293257433263486,0.34919308377924646,0.005892895567773109,1.2050840448987759,36.280941470139155
21.150000000000166,1.7341767438064533,-0.2247865673253202,-0.4983599917605972,2.043372638550032,-0.06853168608237274,-0.21332720845165554,1.737925305807956,-0.2102437034100247,-0.5083391469983454,3.6726102733473225e-05,-1.5512200798797928e-05,1.4839575864672604e-05,0.00013296675816588824,0.3518320052744136,-0.020002311043538796,2.165381944264477,34.51513448998084
21.200000000000166,1.7495472867439594,-0.23311579333523036,-0.4992272751590196,2.060357740275051,-0.07221382285451401,-0.2136385423675975,1.7565824873217124,-0.22072596505623276,-0.5105708419074917,3.670205569863264e-05,-1.5540054515957846e-05,1.4860882045991988e-05,0.00013300868668363202,0.3475927584157802,-0.006226678318841856,1.323821026755081,33.15159969757644
21.250000000000167,1.7649215690796443,-0.2414618823929496,-0.5002451709866338,2.0774335656571514,-0.07592609476237291,-0.21449802986421895,1.7726475784528832,-0.22919604852378428,-0.5107549008802472,3.667705647200742e-05,-1.5568623942346144e-05,1.4884845322617736e-05,0.00013305357043367247,0.34949380194568014,-0.017189749932426647,0.7566210464227792,33.926195454767175
21.300000000000168,1.7802533353352548,-0.24979858563417304,-0.5014259915821712,2.0945526676014983,-0.07968010573924114,-0.21724382169972278,1.7902134481874867,-0.23992025346888501,-0.5210782518482096,3.6655520596288125e-05,-1.5593515450041554e-05,1.4904732237941522e-05,0.00013309724890428113,0.3505175845950691,-0.054915836710076674,2.166444966841694,33.30961986807508
21.35000000000017,1.7956031819856744,-0.2581526530485149,-0.502812468381072,2.111708629232296,-0.08347491865040622,-0.21813587758561326,1.804585685301873,-0.24840195163309878,-0.5145921371323205,3.6603863244055775e-05,-1.56396045769136e-05,1.4959715893466756e-05,0.00013314801974510717,0.35141294511216103,-0.017841117717813826,0.9968434206160098,27.816552151282114
21.40000000000017,1.810903838448224,-0.2665040117070344,-0.5043512198672689,2.128741880582535,-0.08725845725683565,-0.21901981019565175,1.821201065113831,-0.25735862072167476,-0.5075472988235341,3.659198946533897e-05,-1.565943217889874e-05,1.497079793259212e-05,0.0001331965172998792,0.34896809926967787,-0.017678652200765987,1.623136976500658,26.29126000418455
21.45000000000017,1.826234995836416,-0.2748935172840121,-0.5060748722520694,2.1458731438513134,-0.09108267030274272,-0.22023850451712956,1.8351799696634983,-0.2655459203406419,-0.5030160388828717,3.6616176313042606e-05,-1.565328048145179e-05,1.4942869083509592e-05,0.00013324035945523908,0.3510582998524335,-0.024373886429554854,3.5627952904915183,23.454067569197097
21.50000000000017,1.8415316847003314,-0.2832900963449946,-0.5079636602485984,2.162867789024346,-0.09489749132294707,-0.22138504179558538,1.853308663927362,-0.275551702497823,-0.5073584268751623,3.666012706805917e-05,-1.563255257194162e-05,1.489151953791616e-05,0.00013328574065302992,0.34835089045755396,-0.022930745569113294,1.7253951896251367,24.146097019787415
21.55000000000017,1.856819676456824,-0.29172000901842443,-0.5099969385522363,2.180019475744279,-0.0987605975009741,-0.22168518258349001,1.8669159335343812,-0.28280692155273757,-0.5033491610970584,3.6687704784357146e-05,-1.5622257558457598e-05,1.4859015528043022e-05,0.00013333622034772234,0.3516270461735913,-0.006002815758091617,0.9548571206510085,24.091642176403134
21.600000000000172,1.8720750510307407,-0.30015776538841316,-0.5122262539494293,2.1970702891015055,-0.10262705383423211,-0.22429437358883364,1.8807435786099498,-0.2910961854508581,-0.5135335135426367,3.6725907010371355e-05,-1.5603074628165172e-05,1.4812825099339463e-05,0.0001333802708185928,0.34967407346796514,-0.05218382010687245,2.6064941504148003,22.623534101177505
21.650000000000173,1.8873297642896154,-0.30863771163639336,-0.5146040422465685,2.214052549749132,-0.10652580850280621,-0.227040870956702,1.898656205830706,-0.3010960810946839,-0.519009872902906,3.6718599266043604e-05,-1.5613146382920055e-05,1.4813335620158974e-05,0.00013343430468192835,0.3484810786899631,-0.05492994735737092,2.298908662386398,23.553083437856532
21.700000000000173,1.9025898653084592,-0.31714947558216616,-0.5171596912351578,2.2309590962985055,-0.11045519888227245,-0.22968702216538306,1.9083378291076798,-0.30646078716703495,-0.5192157328532008,3.6693912507603166e-05,-1.5635522811072218e-05,1.4833155269689899e-05,0.00013349312972894118,0.3471435442437105,-0.052923024173624385,2.0576929679334515,22.78077724854337
21.750000000000174,1.917784598371263,-0.32568527694025484,-0.5198636475054192,2.247809854818654,-0.11441910159488962,-0.23238391232852296,1.9205284631848578,-0.31378763163000767,-0.5185547135183568,3.6673804356867136e-05,-1.565345556068881e-05,1.4846388567103852e-05,0.00013354287181947336,0.3462142510320464,-0.05393780326279615,0.7491782563899327,21.37038144562087
21.800000000000175,1.932960605714762,-0.3342541386556277,-0.5227317644830788,2.2647868172490533,-0.11846643434893138,-0.23568201063960847,1.9347876920307092,-0.322536259401548,-0.5263868307767168,3.666301247522391e-05,-1.5663427376476245e-05,1.4849846201247289e-05,0.000133595814110318,0.3490549709656623,-0.065961966221706,1.0588992713300072,20.03013686197244
21.850000000000176,1.9481174298697828,-0.3428622649468304,-0.5257680783498567,2.281754046185437,-0.12255342629628768,-0.23706350135434917,1.9495156251689862,-0.3318384166262693,-0.5387387814816513,3.6628280150173177e-05,-1.568769177292721e-05,1.4878745465283983e-05,0.0001336546242690182,0.3490503742444007,-0.027629814294813662,1.3237738949056335,19.372137417312803
21.900000000000176,1.9632535694000197,-0.35151309265164093,-0.5289685265470254,2.2989299758453896,-0.12673161006943373,-0.2401831706534443,1.9659794559438735,-0.3425456284370774,-0.5406976696921215,3.654729478757592e-05,-1.5738167344847683e-05,1.495928488973844e-05,0.00013372464670329418,0.3535364381489947,-0.06239338598190149,2.355800003932799,15.10288170062048
21.950000000000177,1.9783477688923583,-0.36019484767548543,-0.5323425448266073,2.3156894305164415,-0.13085150714582408,-0.2419081098891427,1.9810230832336622,-0.3513140380793788,-0.5403868178703091,3.6472936586001984e-05,-1.5783842218402334e-05,1.5027836012167375e-05,0.00013379976939507866,0.34516833379908474,-0.03449878471397047,1.2460747954897768,13.911022515061848
22.000000000000178,1.9934273655517962,-0.3689272647729262,-0.5358909965571197,2.332352469159277,-0.13499366449420788,-0.24538207572081783,1.997552992858504,-0.36143559098507655,-0.5265719591006182,3.640868932567167e-05,-1.5820737205257507e-05,1.5082168213578179e-05,0.00013387387636168535,0.34340333184596616,-0.06947931663350553,2.7469712024699184,11.081526903592554
22.05000000000018,2.008458304594008,-0.3776979937534418,-0.5396007703973036,2.3494818229055014,-0.13931694084064997,-0.2490714012610895,2.0144007788416562,-0.3713657661711773,-0.521513003962931,3.6422554108504114e-05,-1.580701242791412e-05,1.5056348676219736e-05,0.00013394332968172875,0.3533303452238817,-0.07378651080542896,4.533425122577275,11.804115239124032
22.10000000000018,2.023471250617106,-0.3865212798189252,-0.54348634304447,2.366553512079325,-0.14369595953861386,-0.2531167193628958,2.027871472089295,-0.37969287416026465,-0.533126234409071,3.6460581785951615e-05,-1.577699573395397e-05,1.5004096408086088e-05,0.00013401939101790613,0.35248761657710365,-0.08090636203612495,1.1393940667153624,10.046166886730798
22.15000000000018,2.038441660728027,-0.3953930816117349,-0.5475315988153852,2.3835188586087135,-0.1481157740939906,-0.25659369544542043,2.0433281003273183,-0.38954292076944014,-0.5478314491271812,3.644672681255453e-05,-1.5777493470471606e-05,1.500520465439971e-05,0.0001341018522420938,0.35063260157204285,-0.06953952165049365,0.9366804796442922,8.651785471958584
22.20000000000018,2.0533765933276062,-0.4043221459502398,-0.5517356022745462,2.400211731215055,-0.15253348858212804,-0.2608375667778122,2.061555834714056,-0.4003964120345409,-0.5385596067711087,3.63680227967492e-05,-1.5812308522294813e-05,1.5069389953118554e-05,0.0001342010014758132,0.34535120944478276,-0.08487742664783175,3.1839915999760127,9.071092906268648
22.25000000000018,2.068285156248236,-0.41331431962825976,-0.5561032302876725,2.4171024292750305,-0.15708264178122427,-0.2653348968100917,2.076200268433444,-0.4096907869532404,-0.5425753735080683,3.634750678841562e-05,-1.581197580497655e-05,1.507377071357456e-05,0.00013428888890907616,0.3498519638527118,-0.08994660064558521,1.197455008373884,8.286315130641142
22.300000000000182,2.083159314103473,-0.42236512214817934,-0.5606430553802525,2.4339313506603655,-0.16170270209501283,-0.2705253358552544,2.0920990428502746,-0.41965483334241527,-0.54335505786054,3.631333420551292e-05,-1.58169036599482e-05,1.5090448153160913e-05,0.0001343826556737683,0.3490319389661244,-0.10380878090325268,2.4151743952999207,8.526080195886639
22.350000000000183,2.0979733917769012,-0.4314625329701959,-0.5653540277480005,2.4509612657674236,-0.16647876854546728,-0.27632945590629854,2.109980621299849,-0.43003379562551036,-0.5438345367114215,3.628408972892072e-05,-1.581482444916943e-05,1.5101695018419156e-05,0.00013447770784618117,0.35373984649967594,-0.1160824010208787,3.1806741778389127,11.023913900778467
22.400000000000183,2.112746910240068,-0.4406280885713915,-0.5702192063460807,2.4678373868326817,-0.1713119837076989,-0.2815259567539794,2.1202242624466447,-0.4373942696758558,-0.5624146850260088,3.6260888067648934e-05,-1.5808112344132845e-05,1.510483930600357e-05,0.00013457996963094673,0.35109208163973565,-0.10393001695361956,3.946652541731992,6.7188130591600235
22.450000000000184,2.127473492469192,-0.44985570643224015,-0.5752469479853427,2.4846499665953687,-0.17622380481144512,-0.28695586746822066,2.1356803987591984,-0.4474193118058827,-0.5749909675209564,3.615836593465904e-05,-1.584319415699677e-05,1.5191916479396426e-05,0.000134677268828109,0.350308194943469,-0.10859821428481913,0.4071087235231682,6.487757061322774
22.500000000000185,2.142174906590854,-0.4591628560961517,-0.5804455640728425,2.5013551179139895,-0.18119274194113277,-0.29127443061635283,2.1488996662572677,-0.45680771598982767,-0.5746994531477103,3.6016352340250125e-05,-1.5895125783888272e-05,1.531878542240059e-05,0.00013478172079577842,0.34857015871058383,-0.08637126296264433,2.848415045474807,4.676102271511788
22.550000000000185,2.156814362416161,-0.46853375309290807,-0.5858039038276496,2.5179996322242455,-0.18622476361608098,-0.2958990532466119,2.164028361377887,-0.4666030587442464,-0.5761435307336793,3.589545040535257e-05,-1.5931826031870435e-05,1.5419406496576125e-05,0.00013488771579596234,0.347770980760895,-0.09249245260517769,0.6716592000713354,4.787791876279885
22.600000000000186,2.1714283468274527,-0.4779907078843377,-0.5913307225441414,2.5347280895730484,-0.19137015912806155,-0.3008997963791695,2.177274843729438,-0.475335728883457,-0.5742391702148262,3.578694828024213e-05,-1.595936035947939e-05,1.550712731070563e-05,0.0001349866024962142,0.35003829424510496,-0.10001486265115007,1.4492112113865394,5.500733710192465
22.650000000000187,2.185939004230916,-0.48748670597533444,-0.5970170976313987,2.5513050591431368,-0.1965590015045164,-0.30580841257896907,2.1904538478644744,-0.483808255642234,-0.5860597134599299,3.570178776744189e-05,-1.5972427987431728e-05,1.5566341162874508e-05,0.00013508228354315786,0.3474021365233264,-0.09817232399598981,1.3815406634736795,4.785639851287175
22.700000000000188,2.200431094716685,-0.49708148503683447,-0.6028648407006221,2.5677143397489868,-0.20179150307770433,-0.31155494831136954,2.203759257375919,-0.4933830447092235,-0.5983341586216024,3.5570056484698334e-05,-1.600489849400504e-05,1.5671661588484506e-05,0.00013517820613463482,0.34446734477831975,-0.1149307146480053,0.7181428517921329,3.506951332328502
22.75000000000019,2.2148610061104317,-0.5067465589065072,-0.6088839135682791,2.5844323697973537,-0.20722660504933535,-0.3170973550084044,2.219728489882771,-0.5041171723368327,-0.6037051362199297,3.5404312614845626e-05,-1.6045785782395874e-05,1.5813976863245848e-05,0.00013528912858019076,0.3515870607522143,-0.11084813394069748,0.8192707553778629,3.418586203425234
22.80000000000019,2.229235018286121,-0.5164918924961317,-0.6150644948273982,2.6010906838583367,-0.2127491274255637,-0.32313344757750384,2.231851119593128,-0.5123211965538795,-0.6060537233759185,3.5235818520695366e-05,-1.6083788676910822e-05,1.595774120750899e-05,0.0001354007946525177,0.3509977868277154,-0.12072185138198727,3.782707438072442,3.7826711215973288
22.85000000000019,2.243548605052375,-0.5263189600033434,-0.6214085360713046,2.6176633936831633,-0.21835370615831506,-0.32908107587933877,2.245799416099939,-0.5222904575798958,-0.6150668380086599,3.5079155320455866e-05,-1.611368906582702e-05,1.608724422761189e-05,0.0001354971350010449,0.34989536490208073,-0.118952566036695,0.9413013786031181,3.177399082717404
22.90000000000019,2.257796275120603,-0.536228497207461,-0.6279149448201283,2.6342441107438797,-0.2240808199380071,-0.33607529756074683,2.259838151236147,-0.5327832293297856,-0.6211002042836506,3.490012505246735e-05,-1.6149126851478368e-05,1.6240771561609535e-05,0.00013559319297399812,0.3508397155088916,-0.1398844336281573,1.9525473698773705,2.4482299891292714
22.95000000000019,2.271987279518359,-0.5462292466771564,-0.6345785146726547,2.650757958131057,-0.2299092311019433,-0.3425093324598327,2.2762933717436593,-0.5440310516344357,-0.6228483510669838,3.4717348210114016e-05,-1.6179796710726894e-05,1.6394163972719696e-05,0.00013570025998814258,0.35024482304862276,-0.12868069798171758,1.5869863172114125,3.057204719731185
23.000000000000192,2.286110342486654,-0.5563183126066621,-0.6414002750295362,2.6673340173516324,-0.23588378067712978,-0.34936738590227545,2.2891077461109512,-0.5541404912569473,-0.6390905489172982,3.455241055601281e-05,-1.6199022980382746e-05,1.6528436094453228e-05,0.00013580979083927945,0.3523987506995512,-0.13716106884885354,0.7018171834076562,1.69845877259507
23.050000000000193,2.300157928399272,-0.566488021707701,-0.64839020878647,2.683746787784925,-0.2419205719565542,-0.3555382210964053,2.302243574427411,-0.5641783081230765,-0.6466438927502227,3.433405256211567e-05,-1.6236723276673886e-05,1.6721686118135402e-05,0.00013590856541843135,0.34975583066116733,-0.12341670388259442,1.377964352137353,1.3299877188689169
23.100000000000193,2.3141317277085713,-0.5767481274611541,-0.6555448116077256,2.7000692976931515,-0.24805165837366808,-0.3630927319218542,2.3157061261636662,-0.5744262644507311,-0.6559350409268121,3.410526349365814e-05,-1.627367662411134e-05,1.6924960868886823e-05,0.0001360012256130914,0.3487210898245019,-0.151090216508978,2.0994755807347607,1.1461377914560158
23.150000000000194,2.3280437425325458,-0.5871169021193472,-0.6628532734879565,2.716431871363517,-0.2543427807542103,-0.37102331420172385,2.331818974202676,-0.5862887918157202,-0.6629696663806635,3.3861234834223695e-05,-1.63061788587701e-05,1.7140212140731778e-05,0.00013611026464186056,0.3506072723759308,-0.15861164559739416,1.197993301333414,1.2345105240200451
23.200000000000195,2.3418695084042613,-0.5975642046965361,-0.6703263484551579,2.7327640441957395,-0.2607684056079214,-0.378642415382501,2.3435512062564126,-0.5959019920624322,-0.6563861494243852,3.3619334684998185e-05,-1.6334666576274456e-05,1.7355738430361717e-05,0.00013621110050721495,0.35101567730946537,-0.1523820236155408,2.4785450329128444,1.891518841366976
23.250000000000195,2.355631753332129,-0.6081181976643958,-0.6779620639760365,2.748814490073291,-0.26723175994524445,-0.38700399425281784,2.359282549777107,-0.6077412279810738,-0.6679849175281962,3.34372172326702e-05,-1.634352019413047e-05,1.7504080842972664e-05,0.0001362880433069553,0.34605982518653533,-0.16723157740633476,1.0720304090422978,1.333163171168414
23.300000000000196,2.3692962711772063,-0.6187540011883395,-0.6857558799933814,2.765060872117168,-0.27392524853406797,-0.3946102362754078,2.3666393768542906,-0.615434331731685,-0.6970628129987024,3.323356423133684e-05,-1.6358802209170397e-05,1.7686567128777452e-05,0.0001363644841848024,0.3514252168279494,-0.15212484045179572,3.6923511440655177,1.5780755669956903
23.350000000000197,2.3828950571956122,-0.6295080216565907,-0.6936961218332488,2.781088560452948,-0.2806788836456031,-0.4029788415124065,2.38372361177025,-0.6289665133661894,-0.7009725420972157,3.290981568249714e-05,-1.6399139641036253e-05,1.799618394090905e-05,0.00013643284527213101,0.3478506265824714,-0.16737210473996605,3.4904722800644437,0.6128182798421549
23.400000000000198,2.3963888310375068,-0.6403451998560139,-0.701789933117572,2.797184861041837,-0.2876211151133656,-0.41139972931075697,2.39286603648861,-0.637822795537097,-0.7190874538908734,3.261666349337028e-05,-1.6428285859271095e-05,1.827881096220967e-05,0.00013650251246583966,0.3505922339367832,-0.16841775596701003,3.1558425425489416,2.447514254743676
23.4500000000002,2.40981811323934,-0.6513024349478728,-0.710039411164645,2.8132457420597223,-0.29472107429008093,-0.42107211030158354,2.4049735111444135,-0.6486880326747704,-0.7252301810413049,3.2273600901672246e-05,-1.6461365174435006e-05,1.861879204368356e-05,0.0001365625624176356,0.35120576501742523,-0.1934476198165297,0.6009886410702561,2.0720420656782492
23.5000000000002,2.423140541635057,-0.6623535579809698,-0.7184385552210538,2.8290931869768485,-0.30191091679625737,-0.43076606700331066,2.416622260603955,-0.6587678105904672,-0.7317184151221152,3.194604458402202e-05,-1.6485882141267144e-05,1.8940253022925794e-05,0.00013661501113412865,0.34804466219138763,-0.19387913403454038,2.581090319739703,2.194086436347676
23.5500000000002,2.436385192052012,-0.6735256576026314,-0.7269923898700377,2.845119839546505,-0.3093655288338405,-0.4399769078429081,2.4291688918195957,-0.6692303214085938,-0.7303457913337681,3.163924050271729e-05,-1.6500666060036428e-05,1.9245609426232273e-05,0.00013665661199970469,0.3535121169417473,-0.1842168167919438,1.7421682253036692,1.673642218249547
23.6000000000002,2.449518825255267,-0.6847905365071025,-0.7356959062058687,2.8610609406022434,-0.31695951951552387,-0.4491672986374704,2.445104465641688,-0.6832815831029306,-0.7358845507183709,3.1380637574146406e-05,-1.6500852119855093e-05,1.949470347176956e-05,0.00013669640061241532,0.35315129443395454,-0.18380781589124426,2.2431046804691808,0.7158423716874021
23.6500000000002,2.462566796355701,-0.6961717484832814,-0.7445475650861824,2.8765622273111577,-0.3245218787213335,-0.45859948748202584,2.4570672677734406,-0.6948459557151189,-0.7415104349980179,3.112712250837496e-05,-1.6501547338911326e-05,1.9738894695525294e-05,0.0001367227783246256,0.34495296599104364,-0.18864377689111048,2.407130533179149,1.490566218089114
23.700000000000202,2.475531282230349,-0.7076802902908774,-0.7535650632742061,2.892130781567545,-0.33229097317911893,-0.46713477970288686,2.471334936191021,-0.7083537289401726,-0.7623139279106037,3.0887826107826525e-05,-1.6496198538885367e-05,1.9972843113309566e-05,0.00013674915779148016,0.34798882064894987,-0.17070584441721892,2.770814035164435,1.587175542642475
23.750000000000203,2.4883721165290025,-0.719280841093522,-0.7627479820416454,2.907699153102949,-0.34022994390616934,-0.4760047268525054,2.4817578159474944,-0.7193181125093369,-0.7729919347876049,3.0582883678877644e-05,-1.649509659535791e-05,2.0286031291292178e-05,0.00013676662553083776,0.3495159228361095,-0.17739894299236822,1.6211412702429224,2.8397828758365518
23.800000000000203,2.501084049992977,-0.7309631868642683,-0.7720743758290344,2.9231623353250127,-0.34829156870548894,-0.4851472935220045,2.497356882620516,-0.7328637034189723,-0.7684985816556837,3.0267981851439027e-05,-1.648824254688888e-05,2.0610477988870084e-05,0.0001367825963788364,0.34877036403172285,-0.1828513333899806,3.037364446984487,2.1424129410137986
23.850000000000204,2.513716750688112,-0.7427921371141831,-0.7815848679212277,2.9386286983444876,-0.35653882172040813,-0.49461896368022895,2.509236599782419,-0.7444280733684691,-0.7759615002684259,3.0023347680963264e-05,-1.6472105860272768e-05,2.0862362793735484e-05,0.00013678885476943779,0.3505583341953923,-0.18943340316449142,1.878240468581354,2.7445293431908215
23.900000000000205,2.526249794373938,-0.7547458996641628,-0.7912418436621949,2.9541104393120388,-0.3649606039874536,-0.5018026784134944,2.5214246141942276,-0.7569549715427188,-0.7890778509370993,2.9786964940164683e-05,-1.645240929911809e-05,2.1111232433090375e-05,0.00013678831183441912,0.3524837901058356,-0.14367429466530482,2.02377350147447,3.056751073627002
23.950000000000205,2.5386420904865563,-0.7667816820759376,-0.8010535964488711,2.9694055566139235,-0.37345708820811824,-0.5123140751856718,2.5374871177973235,-0.7720104066988581,-0.8030591180256343,2.9509957676359958e-05,-1.643019189452921e-05,2.1403339678726693e-05,0.00013678031425333877,0.3499335228823462,-0.21022793544355173,2.8168686628919644,2.8625555147527337
24.000000000000206,2.5509254228656064,-0.7789452139551278,-0.8110515009831523,2.9845966323481035,-0.3821105942076948,-0.5232855852658407,2.546901428832204,-0.7820423811159629,-0.8102458250071174,2.9205186787603508e-05,-1.6404039795780367e-05,2.1730106422342412e-05,0.00013676853995367287,0.3496598427679288,-0.21943020160337182,0.6792891904410596,3.0152752825275027
24.050000000000207,2.5630963758137435,-0.791232654920376,-0.8211611513960955,2.999692593251288,-0.39092121897109405,-0.5333226599229266,2.5573525785931173,-0.7941467051794188,-0.8234206502936967,2.8912804006071454e-05,-1.6373333396021565e-05,2.2045512172241487e-05,0.00013674638967893727,0.34958129766763607,-0.20074149314171838,1.8075628316300518,4.173225998581331
24.100000000000207,2.5751399816312466,-0.8036249440645526,-0.8314012550070013,3.014651317549055,-0.3998633171411261,-0.5442555251628334,2.5725384697633853,-0.81015100935993,-0.8339283777192046,2.8595623305264366e-05,-1.633525681756964e-05,2.238765982071752e-05,0.00013671687108563106,0.3485556355043471,-0.21865730479813142,2.4366758098458807,5.173359656077043
24.150000000000208,2.587070219274746,-0.8161477211822227,-0.8417850793003795,3.029600367808634,-0.4090085528360966,-0.5537883641685188,2.584593588489501,-0.823635094426334,-0.8378175545579212,2.828103014097792e-05,-1.6291047501891415e-05,2.2732614947507648e-05,0.00013668119693724309,0.35049209138309456,-0.19065678011370366,0.47285520537878306,6.709849064140778
24.20000000000021,2.598861749298955,-0.8287770283119873,-0.8523283608137912,3.044313439874138,-0.4182091100638432,-0.5638879175304652,2.5939763453274423,-0.8337002595977339,-0.8592262132748871,2.7991539790030914e-05,-1.6244844866450925e-05,2.305031503466731e-05,0.00013663485751800163,0.34706039964458507,-0.20199106723892638,3.406883433467965,5.298039562290626
24.25000000000021,2.610529082719828,-0.8415302081846019,-0.8630293921337788,3.05915903511509,-0.4277168351722679,-0.575363785777482,2.6044663636180303,-0.8464555015911998,-0.8781673627277704,2.7639696808673944e-05,-1.6181531156337443e-05,2.343790537836283e-05,0.00013659612637357746,0.35258584521048303,-0.22951736494033423,1.2359738600084085,7.145217024805058
24.30000000000021,2.622061142740887,-0.8544016134691953,-0.8739019625651718,3.073747700948997,-0.4372971740792412,-0.5867742353340577,2.6179008666963597,-0.8614109617897763,-0.8855635664125705,2.7244202813042428e-05,-1.6103091363015262e-05,2.386867455881335e-05,0.00013654734770446477,0.34906467561563487,-0.22820899113151194,1.823364975632529,7.201193954763628
24.35000000000021,2.6334579240702,-0.8673887480300808,-0.8849192088597515,3.0883244105994163,-0.4471072524993839,-0.5979701335298868,2.629245948842558,-0.8768290763030565,-0.8972077547644579,2.687550750538238e-05,-1.6018972557470957e-05,2.427359488450036e-05,0.00013649326092025977,0.3514093496946708,-0.22391796391658275,2.9637054576827806,10.65640861588161
24.40000000000021,2.6446990388251743,-0.8804785247900172,-0.8960844458029195,3.1026209263212197,-0.45695364873882854,-0.6082699673588525,2.639910827105868,-0.8896901225835863,-0.8984584930496156,2.6505321035427688e-05,-1.5927335966889466e-05,2.4677886552174637e-05,0.00013642447675126364,0.34718556694045927,-0.20599667657931034,1.2192471006914816,10.661266368914553
24.450000000000212,2.655804609534821,-0.8936962475744272,-0.9073968124804725,3.1169894485784724,-0.46707628728167516,-0.6192108281892463,2.653935206971563,-0.9062294709117122,-0.9088130264196423,2.618669968743337e-05,-1.583525572805341e-05,2.5028030702131204e-05,0.00013635817871258,0.3515254326541952,-0.21881721660787445,2.4014326442608143,12.34413311371688
24.500000000000213,2.666760459533103,-0.907033609607306,-0.9188568798686066,3.1313277717198926,-0.477403139230497,-0.6291346566920257,2.661817310689761,-0.9169412466952456,-0.9289575787329403,2.5871613664116277e-05,-1.5735761304739123e-05,2.537689852840135e-05,0.0001362950456228541,0.3534028546199805,-0.19847657005559025,1.9499833442185535,11.588982512051073
24.550000000000214,2.6775665633640093,-0.920487193439615,-0.9304651802723974,3.1455280369881846,-0.4878572119008207,-0.6400713893596524,2.668485762871467,-0.9271476176813696,-0.9327696011483937,2.5504547617984855e-05,-1.5614601133173458e-05,2.5780704617527388e-05,0.00013623631359549026,0.3526688352582658,-0.21873465335252928,2.237394442544832,12.716462307507118
24.600000000000215,2.6882222817304027,-0.9340729761856357,-0.9422156894505577,3.1594937035490362,-0.49837330791069256,-0.6507606491854339,2.6791300641930293,-0.9407891787849753,-0.9334452500077948,2.517295165561134e-05,-1.549651146455709e-05,2.614215391740418e-05,0.0001361703550098801,0.3496461227529498,-0.21378519651562458,1.755081141085932,14.664822455197411
24.650000000000215,2.6987002760505394,-0.9477677204487085,-0.9540886733288819,3.173506359576552,-0.5091762761082924,-0.6627810677954433,2.689889429073276,-0.9546672110898387,-0.9413487896369723,2.4889076462276518e-05,-1.5382017118677376e-05,2.645368571340937e-05,0.00013610783153302752,0.3538714005681586,-0.24040837220018815,2.0660563414216355,15.480831630506593
24.700000000000216,2.7090278004753134,-0.9615937455379167,-0.9661182861903427,3.1872885591982514,-0.5200639635564076,-0.6744237075417132,2.6992437721938183,-0.9678273133939873,-0.9545029188460727,2.461050278223554e-05,-1.5264049982810515e-05,2.6757146024006453e-05,0.0001360422813666365,0.35128008716199455,-0.23285279492539832,0.9557012854404603,15.778223530667436
24.750000000000217,2.719186901693522,-0.9755259438140195,-0.9783020164741875,3.2008749653033486,-0.5310517583968045,-0.6856646695086157,2.708507321447675,-0.981964596300903,-0.9812969695330747,2.431196374025344e-05,-1.5133633479395797e-05,2.7079434966802945e-05,0.000135975149897517,0.3494711898564699,-0.22481923933804815,1.9211004963335945,14.677809114901963
24.800000000000217,2.7291870964165925,-0.9895863612101129,-0.9906228703163954,3.21421080465702,-0.5421031884782244,-0.6983323329193398,2.715953674394131,-0.9935050246156286,-0.9959833347611196,2.392775647147367e-05,-1.4962864766057e-05,2.74891047181014e-05,0.00013590646975206335,0.3464001903010125,-0.25335326821447396,1.3531225827047684,15.681194585909342
24.850000000000218,2.7390055003271225,-1.0037452598797727,-1.003065062921024,3.22769503866796,-0.5535748788749656,-0.7115244344809653,2.7257360118282836,-1.007496202260578,-1.0030204947201922,2.3540460878492974e-05,-1.4773538837692812e-05,2.7907680468320416e-05,0.00013584927109373427,0.35407840540506175,-0.26384203123250666,1.226020623041568,16.073909419149448
24.90000000000022,2.7486536790587297,-1.018024326981065,-1.0156940192219275,3.240844673855575,-0.5650299211817814,-0.7217434838158194,2.7326654949028453,-1.019821667383412,-1.0256986207486882,2.3184455896956624e-05,-1.4591651892783976e-05,2.8289150268255023e-05,0.0001357853640708425,0.3487885012469028,-0.20438098669707896,1.1484707000555132,18.39587797745113
24.95000000000022,2.758123704281881,-1.0324168525143027,-1.0284443900269322,3.2536377076272096,-0.5764369983428135,-0.7346364827117968,2.744075635400598,-1.0358883953742197,-1.0250826812663947,2.2769638101330474e-05,-1.4371367010818948e-05,2.8725260053834373e-05,0.00013570951328016842,0.34280442942894473,-0.2578599779195467,3.931880059062058,17.832662808550516
25.00000000000022,2.7674197690856026,-1.0469373900354824,-1.041311163994208,3.266502793343937,-0.5882270744280151,-0.7490114265435674,2.7556376220680616,-1.0551431293749522,-1.0396301494955669,2.242341508291252e-05,-1.4170004011047545e-05,2.9091803650053477e-05,0.00013564232460697934,0.34901092727520344,-0.2874988766354116,2.614682374785778,19.416780160546644
25.05000000000022,2.776533131936343,-1.0615733033716397,-1.05430028206865,3.279169861188204,-0.6001658783715241,-0.7626078576606936,2.7642108258068894,-1.0693021776475808,-1.0569918367311821,2.206857081890761e-05,-1.3951775079873874e-05,2.9465306401563565e-05,0.00013556974028009036,0.3481346377743408,-0.2719286223425159,1.300357264409276,18.980079402972585
25.10000000000022,2.785443171731746,-1.0763011646914094,-1.067443603648752,3.291568902178347,-0.6121562638915461,-0.7746807330025818,2.772615887464151,-1.084232842489182,-1.084683021475537,2.1695024247472053e-05,-1.3712749929060244e-05,2.9856364781762254e-05,0.00013549958979577973,0.34496908613983235,-0.24145750683776201,1.7845273166689046,20.080508421957717
25.150000000000222,2.794156073564632,-1.0911434492860905,-1.080729683991559,3.3040275243401136,-0.6245082798893948,-0.7875220616816407,2.780722488668293,-1.09962914120771,-1.0909448153642867,2.1268053070870378e-05,-1.341826512544533e-05,3.031147612593573e-05,0.00013544215408782398,0.3508810595914915,-0.2568265735811742,1.2478743008416153,21.657986157163123
25.200000000000223,2.802692223159903,-1.106114463303991,-1.0941115141681028,3.316406681251594,-0.6371142922234034,-0.8014329725193594,2.7881386345532104,-1.1152104499710165,-1.1146650934160052,2.0884710271305508e-05,-1.3135759005523812e-05,3.0725115192937317e-05,0.0001353887680409701,0.3533610655989684,-0.27821821675436775,0.8754003021411628,25.563626548493193
25.250000000000224,2.811018358283511,-1.1211739456860048,-1.10762894541784,3.3286352537159853,-0.6499081304506039,-0.8145364307421281,2.7959076977662676,-1.1308929107484038,-1.1197518310513432,2.0471193968127487e-05,-1.281182641661136e-05,3.117327974329629e-05,0.00013533590336492534,0.3539631409146538,-0.2620691644553708,0.8330841722842699,27.034510837717875
25.300000000000225,2.819151579542262,-1.1363584490575909,-1.1212959288706539,3.3405389692714738,-0.6627041776410112,-0.8284827536612651,2.8014747747171254,-1.1441554883387188,-1.147774697533274,2.0100775796659092e-05,-1.2509100225868654e-05,3.157510717960923e-05,0.00013527556765272744,0.3495381057340286,-0.27892645838273256,3.232736469396152,31.74929608523556
25.350000000000225,2.8270771307593905,-1.1516324444639183,-1.1350941501759773,3.3522490713332997,-0.6756433645891494,-0.8419568346290096,2.809550094559431,-1.1599295355677857,-1.142901076727307,1.9684797827305933e-05,-1.214822451184472e-05,3.202724957160686e-05,0.0001352185340317248,0.34902931499469575,-0.26948161935488385,2.090517149647352,30.72297876727606
25.400000000000226,2.834795969199682,-1.1670171642735805,-1.1490222996866826,3.363893660837464,-0.6888615300492242,-0.8552518635797237,2.818844113733015,-1.1801395523410982,-1.161804705174363,1.9358461643664122e-05,-1.1846423222686175e-05,3.238783823224493e-05,0.00013516622346570637,0.3523185682269895,-0.2659005790142777,2.3884408356206603,33.97864413574838
25.450000000000227,2.842298082017342,-1.1825012214166413,-1.1630600680311114,3.375187775602992,-0.7020233729365836,-0.8679907179384712,2.8256156690906753,-1.1949924176886493,-1.1685961652764538,1.9013285684423196e-05,-1.151482425278538e-05,3.2763103802668146e-05,0.00013510526316749152,0.3468689690476258,-0.25477708717494285,1.3575930363305035,34.91633373982334
25.500000000000227,2.849578030631736,-1.19807600820269,-1.1772322563470325,3.386378309087259,-0.715414819831522,-0.8813966308696761,2.8323271745605774,-1.2109680363994617,-1.1853748831363797,1.8701860137074602e-05,-1.1197576659716602e-05,3.310716772426476e-05,0.00013505242165276122,0.3490349271247088,-0.26811825862409827,1.4549094848524091,36.58125670080658
25.550000000000228,2.8566564529785845,-1.2137839207166077,-1.191561236734677,3.3973725797427834,-0.7289572745052751,-0.8963614577366719,2.837601090396754,-1.2242552911955034,-1.196130051227186,1.8381561851686472e-05,-1.0854452860026187e-05,3.346328744429715e-05,0.00013500531574514062,0.34887117638363857,-0.29929653733991074,2.5661657238608497,37.92344873737514
25.60000000000023,2.8634999413043127,-1.2295379063212144,-1.2060486599200813,3.408135580802623,-0.7426050961508259,-0.909699548338188,2.8454126214655733,-1.2440168671244969,-1.2135410835750358,1.8080744144465946e-05,-1.051657384109838e-05,3.3800285248165164e-05,0.00013496043722011156,0.3476260671181251,-0.26676181203031407,1.5137272754405986,41.040631370964796
25.65000000000023,2.870127634488715,-1.2454025887415079,-1.2206845759532023,3.4186869567437226,-0.7563822691426878,-0.9247450410580997,2.8520449347376555,-1.2627143084475358,-1.2314029311094667,1.7771072568257382e-05,-1.0149645898106772e-05,3.414835688827546e-05,0.00013491426755149287,0.34707216003408775,-0.3009098543982288,1.5425117293180794,45.47881933636267
25.70000000000023,2.876522009855225,-1.2613503302154232,-1.2354670236629288,3.429054822356493,-0.7703322144034204,-0.938553248412676,2.857244422488966,-1.2786935927580727,-1.236729845782375,1.74614109529808e-05,-9.760118487939347e-06,3.4500904769466886e-05,0.00013487055043178982,0.3476195679863456,-0.2761641470915172,2.2811805608574605,50.06590210301115
25.75000000000023,2.8826880751075095,-1.2774138473384737,-1.2503573571096709,3.4392560224155124,-0.7844603714407903,-0.9522990370136544,2.8625662809251566,-1.2942769538007592,-1.2490076153779663,1.7190570002245988e-05,-9.399496942295068e-06,3.481759204839617e-05,0.00013483261789208804,0.348524940516304,-0.2749157720195635,0.6082819974105733,51.9828056000442
25.80000000000023,2.8886026789338506,-1.2935410538581942,-1.2653618054813274,3.4493687143872416,-0.7988776221281723,-0.9659235304940363,2.868303872875929,-1.3108198595129084,-1.2682530758363033,1.6934071162313412e-05,-9.03372117237019e-06,3.512517633907211e-05,0.0001348023760173888,0.35220928642772675,-0.2724898696076398,1.1446121423150255,51.70241729638663
25.850000000000232,2.8942836789971507,-1.3097700998887103,-1.2804610948672055,3.459188035387525,-0.8132989770529474,-0.9801024833103114,2.8741761918992266,-1.3278962896343074,-1.295339882535552,1.6665606225622203e-05,-8.633206183782741e-06,3.5446694903427694e-05,0.00013476959856037902,0.3489410509045903,-0.28357905632549835,2.6984558445520284,50.56737181987833
25.900000000000233,2.8997184210338536,-1.3260662529789555,-1.2956547688479283,3.468781113855687,-0.8278520403511889,-0.9958879050226246,2.8800188669062323,-1.3456946577143694,-1.2941762514758246,1.637176143852603e-05,-8.16318186669988e-06,3.5801662704232465e-05,0.00013473626810395794,0.3486115974682192,-0.3157084342462632,1.7654104625848526,53.29357887483981
25.950000000000234,2.904907969742813,-1.3424386870684084,-1.310997560852799,3.4781005557349043,-0.8424752407591111,-1.0109065203051077,2.88417110090589,-1.3598744924771469,-1.3210027348958981,1.6134445187410467e-05,-7.764324074638695e-06,3.6100974193497075e-05,0.00013470337942685686,0.34681155638969846,-0.3003723056496536,4.09289193540987,50.12278142474943
26.000000000000234,2.9098501322574517,-1.3588856335475374,-1.3264842543647515,3.4871649482385454,-0.8571895958379091,-1.0264492456018632,2.8882256234798573,-1.3744571747508127,-1.3195442353513491,1.5874488120424594e-05,-7.297169278325346e-06,3.6430769593202644e-05,0.0001346739722494321,0.34564806937723247,-0.31085450593510444,2.813354799725483,53.10045611337497
26.050000000000235,2.914545899454001,-1.3754267303914407,-1.3420963732452835,3.496016966898989,-0.8720987777725719,-1.0435514911766957,2.8922156126901926,-1.3927563525357536,-1.3599347101122488,1.566548956690325e-05,-6.896865720244397e-06,3.671200641297861e-05,0.00013464798955059048,0.3467848141136253,-0.3420449114966447,2.3779443976525334,53.75481964840689
26.100000000000236,2.9189878049105924,-1.3920136217397803,-1.3578255522799365,3.5046759782145402,-0.8872630951855283,-1.0603767002840305,2.896756704461225,-1.4111542531349786,-1.3671298632305267,1.541363025662802e-05,-6.361389847044711e-06,3.7048624442805056e-05,0.00013462478445196448,0.34925188232957516,-0.3365041821466925,1.2722407287968613,55.742806072031044
26.150000000000237,2.923188477616853,-1.408685944193818,-1.3737117024841514,3.513079941335906,-0.9025363373559678,-1.0751596043780767,2.9003565349328517,-1.4277548378677676,-1.383967293405863,1.5199139735107293e-05,-5.870907218995232e-06,3.735354998212602e-05,0.0001346034921269898,0.3486568840311064,-0.2956580818809205,1.1162913607766112,56.77331512478334
26.200000000000237,2.927117112869021,-1.4254001770641795,-1.3897272778801943,3.521244919012914,-0.9178978124764278,-1.0893393393161617,2.903437715165826,-1.4455474614814774,-1.4053157890192727,1.499733449603626e-05,-5.368331116879463e-06,3.7651363485695965e-05,0.00013458232847208962,0.34793496477340063,-0.28359469876169974,1.957743172944813,60.334958753950716
26.250000000000238,2.9307769178974197,-1.4421569056360248,-1.4058769847053263,3.529227824526437,-0.9334745916099296,-1.1050779618335267,2.906537582373315,-1.4622306485868475,-1.4212950382933969,1.4803163957674962e-05,-4.826530897690233e-06,3.7951870291880726e-05,0.00013456458212305773,0.3500680806001314,-0.3147724503472968,0.9971886385078431,61.23162242480374
26.30000000000024,2.934168071639456,-1.4589828896030852,-1.4221457750876738,3.537004167781462,-0.9492642739110433,-1.121263110588517,2.909186867907618,-1.4772387549212307,-1.4364216853013958,1.4628889869869807e-05,-4.279384860406564e-06,3.82422963984049e-05,0.00013455144783658748,0.35201837694819993,-0.32370297509980006,1.406645065252686,60.39544985004298
26.35000000000024,2.9372882474543838,-1.4758785077374434,-1.438504936156611,3.544391824257694,-0.9648920869210323,-1.137148683069027,2.9116411045573996,-1.4949858171643562,-1.4507479512629802,1.446907297934268e-05,-3.7350749656371413e-06,3.8521013209098765e-05,0.00013453305984203342,0.3457237576110726,-0.317711449610202,0.8811184515349857,63.30465026301902
26.40000000000024,2.940131389454852,-1.4928102452373435,-1.4549464716136684,3.5515634825037785,-0.9807074038919146,-1.1529842184003545,2.914119700846358,-1.5077653949563992,-1.450942787192806,1.4329941844376935e-05,-3.1938043545638132e-06,3.878564772781386e-05,0.00013451586030666552,0.34731152276124433,-0.31671070662654405,3.4780921959854765,61.972116760847406
26.45000000000024,2.9427013300487044,-1.5097661136327596,-1.4715102683768229,3.5585083898231757,-0.9967031207050792,-1.1693794748276016,2.915871440604606,-1.524306990915049,-1.4795754012234332,1.4223368119541252e-05,-2.7261973106329865e-06,3.9020738733596006e-05,0.00013450816501748512,0.34877012828911375,-0.3279051285449387,3.02738183251667,61.35428278328359
26.50000000000024,2.944992622169399,-1.5267831492493635,-1.4881960882694851,3.565111863363443,-1.0126295097628237,-1.1861133413878195,2.9176600532395756,-1.5408983795056612,-1.5000865111418569,1.4114338667228019e-05,-2.176974468525045e-06,3.926113961779696e-05,0.00013449358773389577,0.3448261404429643,-0.3346773312043522,2.0541536015979247,61.80825066902368
26.550000000000242,2.947007520123859,-1.5438314288394088,-1.5049988446224565,3.5715969713828,-1.0290433551664742,-1.2029293245394181,2.9192032991944896,-1.5586071337645235,-1.4984210228827834,1.4026800668604e-05,-1.5971632829257631e-06,3.949477901702257e-05,0.00013448975009163996,0.3529749491416907,-0.3363196630319682,1.4205843770672284,67.89353703817504
26.600000000000243,2.9487408954585876,-1.5608900634894955,-1.52190862868947,3.5777341755060696,-1.0453758304253262,-1.2197775698641904,2.9204703626089232,-1.5744607479070278,-1.5112511798217252,1.3963020400639252e-05,-1.107512353148915e-06,3.970174585707383e-05,0.00013448235595055926,0.3489539933325045,-0.33696490649544236,0.8336655004700959,69.82546534590914
26.650000000000244,2.9501892706625075,-1.5779795761211821,-1.5389179238664255,3.5835708479409174,-1.0617459535037086,-1.2368292758884056,2.9218538658944526,-1.591904178993887,-1.5329143698374763,1.3912035022755558e-05,-6.190881962270189e-07,3.989568452005644e-05,0.000134473558775936,0.3475945876746173,-0.34103412048430043,1.366962232119447,67.8707388222892
26.700000000000244,2.9513515208557495,-1.5950853998468257,-1.5560545742240937,3.589087664349221,-1.0780705229909346,-1.2529717103409599,2.9227863332724535,-1.6073165569577568,-1.5554068366207716,1.3870493468459858e-05,-8.848212204167e-08,4.008196843299962e-05,0.0001344597748415845,0.3446350417653862,-0.32284868905107916,2.635112831516922,65.24987261087803
26.750000000000245,2.9522299747906393,-1.6122047918848998,-1.5733410320632673,3.5944177453811355,-1.0947451165690854,-1.2698449609938944,2.9233003951045244,-1.6249130445859263,-1.5790517295389617,1.3849158308306841e-05,4.882292630002435e-07,4.026172394745844e-05,0.0001344553878303239,0.3501194685502586,-0.3374650130586872,1.8980198674859952,64.9520515235832
26.800000000000246,2.952809953680825,-1.6293498818413188,-1.590697846011062,3.5994869200918873,-1.111541881929046,-1.2855427105679273,2.923627272210352,-1.6447699251706476,-1.5977175135829862,1.3848998169107526e-05,1.1053546427229943e-06,4.043149093073017e-05,0.00013445171121626563,0.3509040781249304,-0.3139549914806557,1.675370659790218,66.6767862374505
26.850000000000247,2.9530969588968667,-1.646479022284812,-1.6080963737498126,3.6043150280702703,-1.1285019422001403,-1.3013725425442615,2.9232480393735076,-1.6582536965537993,-1.6046994205697598,1.387208954463869e-05,1.7350068833951764e-06,4.059104147427693e-05,0.0001344509211777042,0.3526815926399601,-0.31659663952667916,1.33852218375023,69.38194455418994
26.900000000000247,2.9530941181758448,-1.6636146589453578,-1.6256170365895413,3.6087941542104245,-1.1453242954682297,-1.319774034532748,2.9230720844349087,-1.6790263232651954,-1.6253707605270895,1.3906873957570669e-05,2.319897294833427e-06,4.0743123391878366e-05,0.00013444850949328595,0.348173917549684,-0.36802983976972686,4.396545332770426,70.13253045870154
26.950000000000248,2.9528015172477966,-1.680763231093057,-1.6432437148181143,3.6129545971187675,-1.1621836111936972,-1.3379381194329316,2.923274415110139,-1.6936009104300578,-1.6286971805113666,1.3963461011998092e-05,2.9318560025748073e-06,4.0878783264597554e-05,0.00013444079307759185,0.34730626421771843,-0.3632816980036673,3.2707949334223363,71.5396727233572
27.00000000000025,2.952206176427115,-1.6978953248844004,-1.6609734568320174,3.6168755447526304,-1.1793671224424669,-1.3549746952112325,2.9226801837497067,-1.7124891245578246,-1.658954311996377,1.4031759347621193e-05,3.4752764079651564e-06,4.10098487744352e-05,0.00013444523062840506,0.3525078171803269,-0.34073151556601083,2.709067927743623,66.44892355272147
27.05000000000025,2.9513123944751807,-1.7150014866791916,-1.6788152647113,3.620546526991466,-1.1968521655482205,-1.372729627761356,2.9209644931895795,-1.7302904331962723,-1.689923742944285,1.4137598361039762e-05,4.103900147552958e-06,4.111449016118616e-05,0.00013445242725256419,0.3573296676939694,-0.3550986510024653,1.7435988959117927,66.57620069753914
27.10000000000025,2.9501151266269408,-1.732109881632449,-1.696779604888721,3.623806126137853,-1.2139266242068798,-1.3915925308729575,2.9189191129831817,-1.7521020278940613,-1.6977911709789375,1.427756809488317e-05,4.807486539537899e-06,4.119439147073629e-05,0.00013444579322154868,0.34766137811224906,-0.37725806223202185,2.672483808850899,72.80283433489514
27.15000000000025,2.94861347366333,-1.7491650713732756,-1.714804451026143,3.6267906657373277,-1.2312160700607286,-1.4081252227129035,2.916679524705394,-1.765923351309006,-1.7131521425664422,1.4426791114206117e-05,5.450427702970852e-06,4.127612741970714e-05,0.00013444393077128366,0.3509070682104127,-0.3306538367989165,2.920111498545055,74.4438674717105
27.20000000000025,2.94680296508418,-1.7662106119994292,-1.7329377520779392,3.6294770471498192,-1.2484863966901278,-1.4248427509865043,2.9141079827664487,-1.7852144265093315,-1.7345807914845643,1.4593938710075812e-05,6.085195481963794e-06,4.134718838565067e-05,0.0001344455573060673,0.34956426683471903,-0.3343505654720117,1.5276731920764515,76.31988040853749
27.250000000000252,2.944686881175111,-1.7832166474023055,-1.7511839095804291,3.631844743506054,-1.265660082950003,-1.4427418898676985,2.9115849532256566,-1.8001215855443469,-1.7737124861290245,1.4790221075342219e-05,6.745224035333968e-06,4.139578075717291e-05,0.00013444327384220392,0.3467272760268692,-0.3579827776238803,3.9024114023153613,74.26576859501341
27.300000000000253,2.9422764797965684,-1.800147903999822,-1.769552971307056,3.633925123230156,-1.2830333787939041,-1.4604940513046158,2.9087159502419735,-1.8179094656925165,-1.7922462306788416,1.506076163329919e-05,7.510536044990847e-06,4.139437290063911e-05,0.00013444471024312967,0.3499528131843724,-0.3550432287383403,1.8276257319217235,74.91285487797894
27.350000000000254,2.939549992982745,-1.8170734375516642,-1.7880359152647713,3.635699751609021,-1.3005909929028832,-1.479633653774011,2.905401048303247,-1.831316168983218,-1.8116613276537974,1.5362474444719622e-05,8.269619414852446e-06,4.13860703431651e-05,0.00013445374186780057,0.3529468095667631,-0.3827920493878961,1.8060658171268185,76.5179576410654
27.400000000000254,2.9365244263297567,-1.833918421551364,-1.806573027600326,3.6371153417950217,-1.31793705064038,-1.4991023898865843,2.901438093452361,-1.8479324048139862,-1.8361738574555166,1.5689259371556037e-05,9.023161592495874e-06,4.1367842043415164e-05,0.00013446210946641612,0.3480799803792309,-0.38937472225146197,1.0771457633692183,80.27975050879587
27.450000000000255,2.933198883500793,-1.8506979061736502,-1.825230133650916,3.638215612610662,-1.3353793441009032,-1.5164959492559298,2.8985401027449362,-1.862380402499725,-1.8370765699160476,1.60582486457723e-05,9.789905292517553e-06,4.13259156144629e-05,0.00013447195171875103,0.3495436440848844,-0.34787118738690603,2.9102284470266353,77.75831923200487
27.500000000000256,2.9295516365741316,-1.8674327251696823,-1.84398002816345,3.639001863205938,-1.3530208585363124,-1.5360192461931423,2.894364103050563,-1.8799882809429553,-1.8467798288833817,1.6406175482904122e-05,1.0469959945786537e-05,4.131428758490035e-05,0.00013449202176352514,0.3531861417756796,-0.3904659387442453,1.7204960632742403,80.46137422715624
27.550000000000257,2.9255914100940332,-1.8840844529857914,-1.8628246987901185,3.6394523504661818,-1.3704882578111384,-1.554004491496992,2.889761709285972,-1.895646659994088,-1.8699079198886597,1.6748575252493887e-05,1.1104471213837925e-05,4.1302131735988016e-05,0.00013450724299133795,0.3494688577097706,-0.359704906076987,1.4748357595284074,82.2857957983064
27.600000000000257,2.921327454953647,-1.9006588702371332,-1.8817531283469235,3.6395866481281556,-1.3879858922680903,-1.5722380843088983,2.8857052063937902,-1.912628873207943,-1.8978348730299504,1.7134511907662204e-05,1.1763455615496139e-05,4.124934146604004e-05,0.00013451959610857327,0.34996784455380947,-0.3646718562381247,5.942348236992936,78.85261804725656
27.650000000000258,2.9167637691145227,-1.9171371975354865,-1.9007443308226009,3.6393959703163485,-1.4054501094023637,-1.5911901012337135,2.8818777656920083,-1.924903924904328,-1.9037976774486467,1.758133492792844e-05,1.2463406655911577e-05,4.1146144506774604e-05,0.00013453000242033864,0.34931038833174505,-0.37904033849629754,3.0277087903614768,80.15865452033006
27.70000000000026,2.9118761222399403,-1.9335495607604751,-1.9198108586139047,3.6388724255832603,-1.4227992619477732,-1.6107381677874233,2.877295690470852,-1.940817120129755,-1.9209891183941457,1.8008767446334812e-05,1.3105841892108142e-05,4.1067293186877443e-05,0.00013454273356528157,0.3471465320810521,-0.3909613310741884,2.2121304700779745,79.02276398335863
27.75000000000026,2.9066936283877673,-1.949859996317679,-1.9389921690710978,3.6379878910489594,-1.4403857027479259,-1.6313625758040975,2.872103982867864,-1.9562822581669477,-1.9530420531252144,1.846605080622488e-05,1.3744281925099112e-05,4.096464905069427e-05,0.0001345600066052943,0.3521796658156941,-0.41248816033347746,2.3107622366492793,77.13487290966593
27.80000000000026,2.901195707029866,-1.9660767638323313,-1.9582936799106847,3.6367569770732238,-1.4579719964575513,-1.6499877554936668,2.86563482175054,-1.9718982474336182,-1.9654115177705225,1.9001284936573593e-05,1.4429985426259737e-05,4.079627700087211e-05,0.00013457578714450266,0.3525914691238549,-0.3725035937913801,1.4558642300993008,82.79747269266748
27.85000000000026,2.89539590723076,-1.9821473892094812,-1.9777335445657975,3.6352161670249084,-1.475291351015453,-1.6690669644984901,2.8583695961364044,-1.990939325873521,-1.9828776180496273,1.953455522677852e-05,1.5083644353728637e-05,4.063473623639519e-05,0.00013458703145984087,0.34776044012219615,-0.38158418009645834,2.469863249899851,85.42171306144685
27.90000000000026,2.8892835606542926,-1.9981264587314889,-1.997252156593682,3.6333368939050845,-1.4925933594369152,-1.6889092165669641,2.85239973035674,-2.0078609248627757,-1.989991577627089,2.0092813202243628e-05,1.5727352603208676e-05,4.0453872446336055e-05,0.00013459729101939692,0.34808108296940393,-0.3968450413694738,2.286846828902115,86.36399322434121
27.950000000000262,2.8828662904232623,-2.0139764203956916,-2.0168420298032643,3.6310678198536834,-1.5102024596545682,-1.708987144989432,2.8455755348499387,-2.022492921604658,-2.0171075962917393,2.0637094176877843e-05,1.6324178885772455e-05,4.029383012417555e-05,0.00013461794589068513,0.355099815499998,-0.4015585684493526,0.9811180876579574,86.51004874611348
28.000000000000263,2.87613451548838,-2.029706503884051,-2.036474889092264,3.628497168081377,-1.527543827564131,-1.7269382956753703,2.8369132869964364,-2.0414365228890796,-2.042780631139888,2.1240431750471604e-05,1.6943131971101778e-05,4.0076849806072104e-05,0.0001346327464405633,0.35062204414979814,-0.35902301371875806,1.765932855056262,88.43384444592168
28.050000000000264,2.8691052258744585,-2.045298313967515,-2.056161121338876,3.6256098303919395,-1.544717908942179,-1.747782677981558,2.829958695239016,-2.054512797293741,-2.0561723448407343,2.1909324646271278e-05,1.7581334284572923e-05,3.9803870423648724e-05,0.00013464148110901188,0.3483083527725585,-0.41688764612374934,1.5417656042700814,92.46783226619496
28.100000000000264,2.861771748816605,-2.0607451909374292,-2.075914867515315,3.6223713732844107,-1.5618147952329944,-1.7682102035308653,2.823530708440257,-2.064508387169565,-2.1062839845614723,2.2579728077356476e-05,1.8193488873413218e-05,3.954362795915256e-05,0.00013465551833833297,0.34802393863104736,-0.4085505109861424,4.345125612161556,94.86042749080796
28.150000000000265,2.854132644853469,-2.0760634578204127,-2.0957704164242807,3.618808536483294,-1.578738797376525,-1.7883623400556274,2.8147314223747077,-2.081266527863398,-2.1176987474464206,2.343143959748251e-05,1.8883239162469683e-05,3.9131708406540075e-05,0.00013466543751706908,0.3459050607423776,-0.4030427304952372,1.6579930623680939,95.73689548175382
28.200000000000266,2.8462164097444083,-2.091196294667058,-2.1157243652965017,3.614848272147438,-1.5958478468363209,-1.8081621027432941,2.8066483233393775,-2.093837270168792,-2.139412727439048,2.4271642749268833e-05,1.9534058000759475e-05,3.8759504243260054e-05,0.0001346847435605102,0.3512340202874968,-0.3959952537533302,0.9800515912235687,101.55842273965824
28.250000000000266,2.837996993697321,-2.1061777542755733,-2.135750884533938,3.6105208939464553,-1.612998519907579,-1.827743816439408,2.7962839428419097,-2.1117966377864965,-2.166648036734337,2.5152707685416245e-05,2.017222979835007e-05,3.836769246353134e-05,0.0001347096308062294,0.35376929571193205,-0.3916342739222701,3.450342656751686,104.66536117465562
28.300000000000267,2.8294629817913246,-2.1210151313661987,-2.155833540782442,3.605899691535956,-1.6298851329682262,-1.8480901407379395,2.7866973892596185,-2.127431410048445,-2.178571647786556,2.610071761463219e-05,2.080836559264608e-05,3.792776275009319e-05,0.00013472977801656192,0.3501564145416354,-0.4069264859706274,1.2791216404358912,105.97130270651942
28.350000000000268,2.8206598218199734,-2.13565540983902,-2.1759874413954257,3.600905625103789,-1.6467858991470687,-1.8681370601256018,2.7769234000821648,-2.1419257223192494,-2.188787032988798,2.7034101072600148e-05,2.1408167632990248e-05,3.751845860562803e-05,0.000134754718110779,0.35246957222067066,-0.4009383877532402,0.8524642642371131,110.69072806995696
28.40000000000027,2.8115560450862827,-2.1501370286021957,-2.196183222405168,3.5956485155368885,-1.6633611753167912,-1.8877152607874805,2.766746751535368,-2.156725279499421,-2.2213448058215643,2.7938432199067675e-05,2.19713178143775e-05,3.714154908035799e-05,0.00013477978481332668,0.3477853590135789,-0.39156401323756934,2.0195502585588567,113.21641032908744
28.45000000000027,2.802171014091364,-2.164421452101319,-2.216471765605012,3.5900301527585086,-1.6799493807108756,-1.9070161512956052,2.756288120212648,-2.1703369757374866,-2.2344465514868213,2.8944477401268493e-05,2.2533663520683976e-05,3.667431353722075e-05,0.00013480266704594677,0.3502822181373926,-0.3860178101624867,1.0657750670257304,119.45074984467664
28.50000000000027,2.792507173785079,-2.1784993452290187,-2.236830683053381,3.5840776279175364,-1.6964443938841018,-1.9272243257211306,2.747333947051667,-2.182594665286457,-2.245168043655814,2.9943918529555928e-05,2.306680879971321e-05,3.6226028616511553e-05,0.00013482892439633943,0.3507297973558641,-0.4041634885105032,3.0731837095360035,121.10057555227202
28.55000000000027,2.7825558987137513,-2.1924001579967394,-2.2572559064671323,3.577829219670887,-1.712694062660708,-1.94855898404616,2.7388125126751497,-2.1925059170177335,-2.2689745725455617,3.092269151737396e-05,2.356983279262554e-05,3.5803249380165473e-05,0.000134856868233138,0.34819870062325503,-0.426693166500581,1.3562819445448515,124.95572681047555
28.60000000000027,2.7723345242186186,-2.206075457411672,-2.2777596663857764,3.571323433998612,-1.72861727502005,-1.96878265892093,2.7281495106131843,-2.2060371539600094,-2.2884584155006413,3.1947399305968517e-05,2.4055728394144384e-05,3.533768926444318e-05,0.0001348814596912795,0.3440255941393018,-0.40447349749539574,1.9407429402180156,126.8991051251528
28.650000000000272,2.761804867443541,-2.219550655939369,-2.2983242400335975,3.5643461690882665,-1.7447261915698487,-1.990284284537976,2.7184437805765187,-2.2167904495495776,-2.310617531063848,3.300956326733168e-05,2.451783672453754e-05,3.484603742820928e-05,0.0001349096164091441,0.35110755698801116,-0.43003251234091155,2.419061505159962,131.55926720961574
28.700000000000273,2.7510234427202556,-2.2327955342700303,-2.3190160301229708,3.5571724554127875,-1.7603801167843354,-2.010727124867774,2.708216809737344,-2.2296459031824556,-2.3273667709790384,3.410652410733093e-05,2.4960700460076123e-05,3.432854750795329e-05,0.00013493492164699157,0.3443938842950737,-0.4088568065959544,3.5850225591837774,129.60620298804548
28.750000000000274,2.739978833057731,-2.2458214682046895,-2.3397895474394987,3.5495977451562757,-1.7760325515356705,-2.0322866926053464,2.6965700806583133,-2.2424605222222698,-2.348296833548657,3.521880244494018e-05,2.5376049130142936e-05,3.380310518658147e-05,0.00013496177629167654,0.34778537160368966,-0.43119135475143966,1.1587325096148535,132.73207722489911
28.800000000000274,2.7286615027920873,-2.258623184076001,-2.360596460545314,3.541654548528409,-1.7916007210879412,-2.0528867701109625,2.6858770521190802,-2.253277472369061,-2.3819410255048927,3.63648254449445e-05,2.5765673997039564e-05,3.325390401209919e-05,0.00013498993157593346,0.34955576284877116,-0.4120015501123139,3.4382961626550954,135.19765821117272
28.850000000000275,2.7170777913358934,-2.2711921699026254,-2.3814602014663704,3.5334121971274035,-1.8069561278473838,-2.0739671136787994,2.675174363839599,-2.264728523282969,-2.3848787566386864,3.7618573642225916e-05,2.6126551594944068e-05,3.261371367809835e-05,0.0001350146908332676,0.34856053768386586,-0.4216068713567318,2.720022049430278,137.4343023121152
28.900000000000276,2.7052419180649654,-2.283505761499634,-2.4023756358326844,3.5248630155840197,-1.8221365903286082,-2.0934221407499676,2.665254580400576,-2.273684227300071,-2.4111490491056995,3.87943929858257e-05,2.6468242840367127e-05,3.206191117394482e-05,0.00013504573854073132,0.34845058205505314,-0.38910054142335715,1.8352574132477766,141.34945305261996
28.950000000000276,2.693144351026425,-2.2955715331395328,-2.4233583050774103,3.5159982846140885,-1.8371520555669676,-2.114792578327261,2.650887051509152,-2.287523099837185,-2.419793349230126,4.003803271652281e-05,2.6774965560237445e-05,3.144843421070491e-05,0.0001350756814126073,0.3487458806600029,-0.42740875154586244,1.140401191495029,148.15420427065928
29.000000000000277,2.6808099802239096,-2.307373811066219,-2.444353469940619,3.506734000898072,-1.8521193967938183,-2.135297860437412,2.6364352487112925,-2.3006368164358224,-2.4519515356750254,4.123889539088934e-05,2.70557490356015e-05,3.087685234622321e-05,0.00013510744926751878,0.35205630977832325,-0.4101056422030076,2.866357247099294,148.16559755340484
29.050000000000278,2.668235044501636,-2.3189191361964303,-2.4654608869672154,3.4971700025247765,-1.8668679122173595,-2.1568953158623656,2.6251614410042556,-2.310438466493518,-2.4775284324554887,4.253723734387985e-05,2.7290827675259097e-05,3.0214496846165917e-05,0.00013513404326389786,0.35156836206694964,-0.4319491084990673,2.770217403766426,147.64981222525202
29.10000000000028,2.65541844082598,-2.3302017331290465,-2.486649721902305,3.487373912735344,-1.8812924961691884,-2.1778529548508083,2.6121087323159906,-2.3212270673106237,-2.4905280109104644,4.388613296481559e-05,2.748981185996804e-05,2.9517023509040403e-05,0.00013515839646727483,0.34873664891138884,-0.4191527797688445,2.0926179801155897,152.35816141618014
29.15000000000028,2.6423731905359493,-2.34120280497123,-2.50786074972241,3.4770630214506455,-1.8958197548227702,-2.1982345323457233,2.601700302508871,-2.3294296556877336,-2.5034214512109654,4.522166608246134e-05,2.7664910683903835e-05,2.8848324972877024e-05,0.00013518951187543456,0.35629578124278244,-0.40763154989829514,2.202607092619674,156.04875472836562
29.20000000000028,2.6290839058323594,-2.351934249918086,-2.529097003581336,3.46663381646316,-1.9098733811453703,-2.2202107514940357,2.5866172983669533,-2.3411891450027467,-2.531859964929403,4.6536625223924834e-05,2.7818294907742534e-05,2.8202083202853582e-05,0.00013522126034819202,0.35002003147965627,-0.4395243829662414,1.9761199818753523,155.61795715944612
29.25000000000028,2.6155760673757964,-2.362382968353114,-2.5504033286926466,3.4559083940417206,-1.92369601925855,-2.241165623588577,2.5714901275244073,-2.3528201690893713,-2.5562385959617715,4.7910398435077744e-05,2.7915948388884033e-05,2.7496542896151133e-05,0.00013524768636016896,0.34992068338508636,-0.4190974418908215,3.928197667214001,154.34915652784008
29.30000000000028,2.6018638686406623,-2.3725294652101874,-2.5717415209120094,3.4448844651778017,-1.9373167727634462,-2.2612569786471592,2.5574514755580346,-2.3624027322946746,-2.563371101938166,4.932046688007281e-05,2.796655951935838e-05,2.6761932609628775e-05,0.00013527159491610887,0.35046384271524406,-0.40182710117164017,1.1841814316249142,163.590372575847
29.350000000000282,2.5879412592548046,-2.3823728569540967,-2.593144645573015,3.4337661878409538,-1.950498583849184,-2.281700937888924,2.542371316616847,-2.372670157421882,-2.580802181784447,5.067418104184171e-05,2.8013613895195957e-05,2.608736039724551e-05,0.000135299139405449,0.3448980093636733,-0.4088791848352888,1.8512685116139087,167.4903835141339
29.400000000000283,2.5737809134638296,-2.3919345628676063,-2.614649202522053,3.422120737431206,-1.9637122819714703,-2.304684350298757,2.529044300632248,-2.3808737246792275,-2.615848007600103,5.2038241202064546e-05,2.801658459126601e-05,2.540066676114243e-05,0.00013532874819946038,0.3522680737241539,-0.4596682481966511,2.0412649530956126,163.17657262722184
29.450000000000284,2.559445185626933,-2.401188123018104,-2.6361696978122637,3.410205664389308,-1.9766420163908087,-2.326070041151149,2.5168682299507,-2.3878440230024762,-2.636984522335322,5.3486941217245516e-05,2.7939561968629913e-05,2.4636125253514167e-05,0.00013535476888846377,0.3516582319954391,-0.4277138170478263,2.764153287664795,165.00871393931297
29.500000000000284,2.5449134659793655,-2.410128483491183,-2.657703650847951,3.3981768971557704,-1.989141115541243,-2.347972816843518,2.5016038593266856,-2.3963007953092204,-2.6728105766596304,5.4946497348128635e-05,2.782212031758467e-05,2.3867821326807032e-05,0.0001353788837162648,0.3469471147235127,-0.43805551384737673,2.906417092093692,165.8925365748879
29.550000000000285,2.530202061456298,-2.418746013416784,-2.6792862633862113,3.385743357983226,-2.001498234163362,-2.3705814140960046,2.48490393062523,-2.405115684551895,-2.692795593417635,5.6486525439227895e-05,2.7606306155703128e-05,2.3028146123210114e-05,0.00013539964252710853,0.3506019775328117,-0.45217194504972785,0.5693044473686608,171.9424457212059
29.600000000000286,2.5152895493462593,-2.427061810096541,-2.700963723558791,3.3729152144353995,-2.013688857268194,-2.392759919088098,2.469258314441802,-2.412854947812361,-2.7217439767370113,5.8025929321403435e-05,2.735024809824621e-05,2.220138429812228e-05,0.0001354227976633585,0.35394089675275653,-0.44357009984186063,2.0439894801631184,175.34253483160046
29.650000000000286,2.5002206651194414,-2.4350530977393454,-2.722704975220093,3.359941241573577,-2.0254892192538345,-2.4143023721565195,2.453704220785094,-2.4204571632879133,-2.739850061311162,5.959764540418573e-05,2.7024798917546916e-05,2.1354878513906173e-05,0.0001354449518501143,0.3507616911079325,-0.43084906136842904,1.8241793196083498,177.13390324948426
29.700000000000287,2.484968273516246,-2.442724476718643,-2.744503940117818,3.3465875292906384,-2.0371119471942647,-2.4364746971758056,2.4352188170030398,-2.4290734958649485,-2.757482959720879,6.115156711899137e-05,2.666133947361525e-05,2.0529848456434697e-05,0.0001354691130626538,0.3540747245888086,-0.44344650038571115,1.9928656128417372,182.59964895570465
29.750000000000288,2.469559735843972,-2.4500492671080876,-2.766354740809349,3.333093364667042,-2.0483571859162515,-2.457225176369846,2.418921393701729,-2.4361723800347135,-2.786192445484466,6.267996522141691e-05,2.627079123941013e-05,1.9733051499094017e-05,0.00013549543865466513,0.3513169192138833,-0.41500958388080345,4.015808842358347,182.78244661401612
29.80000000000029,2.4539773223828036,-2.457035188556063,-2.788279465335836,3.3194631765989877,-2.0592361946835354,-2.478729733558994,2.408244707727449,-2.4397104477046816,-2.8059446608313974,6.422570725878793e-05,2.580012263489883e-05,1.892014074331829e-05,0.00013551866987183294,0.34879597434340454,-0.4300911437829555,3.929928357095946,182.27033578199988
29.85000000000029,2.438272914716229,-2.4636673625569134,-2.8102202541511314,3.305526014812861,-2.0698700681277766,-2.5009333390727644,2.392794091106701,-2.445579159451375,-2.8156870592622156,6.574961649972418e-05,2.528631442669649e-05,1.8127399595445343e-05,0.00013554256552867928,0.3506202328892711,-0.4440721102754042,1.806816784550843,185.90632373098006
29.90000000000029,2.4224174919074635,-2.469970928187164,-2.8321444835520793,3.291099530949611,-2.0803926701320496,-2.5218863235910502,2.3766173772092083,-2.4516365070449337,-2.8424133277727788,6.721604154692631e-05,2.477514403858041e-05,1.7388192516788183e-05,0.00013557058583379148,0.35713317131263655,-0.41905969036571367,4.383396051977415,183.80385280319248
29.95000000000029,2.4064487508693317,-2.475919054056595,-2.854095436477268,3.2767232683456617,-2.090432075402736,-2.5420876373407673,2.361614896077766,-2.456438563571787,-2.8718968527834448,6.86707629909852e-05,2.4191100539098733e-05,1.6645730538801135e-05,0.00013559581277103192,0.350700465416783,-0.4040262749943375,3.310165619616459,183.18297610790106
30.00000000000029,2.3903154199267953,-2.481534660090537,-2.8761286673082975,3.262216073754056,-2.1001164956474394,-2.5638562953492396,2.343886964865361,-2.4614504076077743,-2.894709136791859,7.010772412116467e-05,2.350739211235782e-05,1.5892570262869257e-05,0.00013561269900358807,0.3488602615610098,-0.4353731601694441,2.307853482411553,190.1209800072052
30.050000000000292,2.3740871125442444,-2.4867894709184535,-2.898255275723036,3.247307576793783,-2.1096066309216663,-2.5855927477643217,2.3258787018849,-2.4671867712431292,-2.8962929464208047,7.151203013647287e-05,2.276298167921728e-05,1.5157158896420919e-05,0.00013562817144874233,0.3534618771913397,-0.43472904830163206,2.4847042942107618,193.91738093768078
30.100000000000293,2.3577367147832318,-2.4916865996397153,-2.920402586558103,3.232168482099148,-2.1187915926330922,-2.606922689663626,2.3104713749642403,-2.471015758598054,-2.923973629549737,7.283230275048948e-05,2.2074202037667628e-05,1.4494501091722507e-05,0.00013564959113758908,0.35415680041126246,-0.4265988379860826,1.069875008058127,192.2906782798141
30.150000000000293,2.341310438907156,-2.4962203990465364,-2.942597350189384,3.2170062530964705,-2.127538840828664,-2.6297249367173525,2.2984203562265404,-2.473668460144936,-2.956252003041532,7.41263687814301e-05,2.1299175629665898e-05,1.3834167111890628e-05,0.00013566768822035648,0.35009759545634694,-0.4560449410745203,4.088020845323172,183.87081850663282
30.200000000000294,2.3247523769654017,-2.5003950581165455,-2.964806397426,3.2015157605199356,-2.1360279279791694,-2.6508180476505916,2.282468705637005,-2.4779980816021037,-2.9629183542645503,7.538688200797234e-05,2.04161121124417e-05,1.3176954696240598e-05,0.0001356783246044478,0.35328828444347876,-0.42186221866477186,4.479140007978168,179.66933445696932
30.250000000000295,2.3081435664766867,-2.504182738641413,-2.98693618395437,3.185858778854589,-2.144180314786793,-2.6722474310582602,2.268683796203109,-2.480795949172322,-2.9810355221416245,7.657017298030058e-05,1.9567386869945615e-05,1.257473445116263e-05,0.00013569039133996773,0.35305206996818383,-0.4285876681533691,2.0714624829609454,175.865732310567
30.300000000000296,2.2914320314305754,-2.5075982698508206,-3.0090955267683026,3.170221079635824,-2.151886176028837,-2.6952366499609637,2.2543905648242784,-2.4837383980537275,-2.9952404933847667,7.768725298501551e-05,1.8685250628251478e-05,1.2001554062332067e-05,0.0001357004374514299,0.34867252249081593,-0.45978437805406136,3.9745569408341668,172.07378011905064
30.350000000000296,2.2746367113956714,-2.5106531575484317,-3.031294779953315,3.154254345920487,-2.1593022810231353,-2.718301309053028,2.237624374764678,-2.486300129334513,-3.035270281458665,7.87344670652276e-05,1.779084954307026e-05,1.1464490146753677e-05,0.00013570979483100814,0.3521073353928078,-0.46129318184127605,2.2173210008746596,164.45455297003053
30.400000000000297,2.257792125168647,-2.5133406721030456,-3.0535412562604116,3.13807119294231,-2.166377186485625,-2.740605064346605,2.2177351305297273,-2.489662518734837,-3.0615047796034953,7.972580283194883e-05,1.674077769484497e-05,1.0932795388161741e-05,0.00013570877289113378,0.35324872807097674,-0.4460751058715349,5.952304573961939,161.15260297128785
30.450000000000298,2.2408892120510937,-2.515654864688598,-3.0758289759235677,3.1220312947683566,-2.1729776492359023,-2.7618140990149374,2.2065981519426545,-2.489543287193624,-3.088319836721577,8.06484665807006e-05,1.5634668202628293e-05,1.0434919478819442e-05,0.0001357034630644873,0.3469038595548642,-0.42418069336664027,2.160328895770645,160.47137842863432
30.5000000000003,2.223964336641868,-2.5175916855455798,-3.098150706432189,3.1055594704058453,-2.179338084676225,-2.784368062187417,2.1919356546160143,-2.4902515058917967,-3.1225135940579856,8.148760419143037e-05,1.4453854384789797e-05,9.974646559448126e-06,0.00013569218464956845,0.3531511593519717,-0.451079263449588,3.8237382118900647,159.7377725330992
30.5500000000003,2.206989092041274,-2.5191501034587174,-3.120498579811923,3.088948250750656,-2.185315104509226,-2.808027914175997,2.1759311216661814,-2.491499154889518,-3.1298144703636206,8.223669279725034e-05,1.3169405720998026e-05,9.557945496615581e-06,0.00013567420148950413,0.35308464902612974,-0.4731970397715936,2.091490364732136,155.9244960274817
30.6000000000003,2.189955364045751,-2.520346167024557,3.1403451164993945,3.0722763909972697,-2.1908898427011794,-2.82977268975015,2.1564363392318247,-2.492654303496004,3.1329249919862026,8.290065416622624e-05,1.1952646694599323e-05,9.188014839102426e-06,0.00013565935270169922,0.35159112074613746,-0.43489551148305294,2.848627182456739,157.06741518835526
30.6500000000003,2.1729447963554236,-2.5211587995596583,3.118001543799124,3.0555937073277217,-2.196055093441851,-2.8528992895467287,2.137705378804977,-2.493890103733993,3.1064929139924153,8.346728341778161e-05,1.0713181719020303e-05,8.86246637562876e-06,0.00013564308328426324,0.3492880435791048,-0.4625319959315636,5.253608011692037,150.80435908722643
30.7000000000003,2.1558786400465064,-2.521580375892231,3.0956620662116,3.038776473837275,-2.20084072040607,-2.875809037226371,2.1256818556093124,-2.492607940337993,3.079722644099136,8.393527341639247e-05,9.425358053712912e-06,8.58607354895383e-06,0.00013562186656578386,0.34970555599099035,-0.4581949535928408,2.5200138825967957,150.2361490009184
30.750000000000302,2.138807490748567,-2.5216208208213327,3.0732133028206854,3.0221003056016893,-2.205183014050252,-2.897911161815798,2.113810021619067,-2.4921800020134555,3.067114849243918,8.430055885771364e-05,8.103551380125955e-06,8.362241976259744e-06,0.0001355976210878515,0.3446518184194635,-0.4420424917885313,3.170277257149047,142.55752239183047
30.800000000000303,2.1217877025033927,-2.5212869336253254,3.0507949590445245,3.0050271666723716,-2.209232264343762,-2.919537804748552,2.0996878194547746,-2.491210849901929,3.0351104160275204,8.457033673134692e-05,6.818833236428161e-06,8.179560671178509e-06,0.0001355692576687832,0.35094187631231744,-0.43253285865506746,2.7747140066641336,138.88225378123386
30.850000000000303,2.1047344220160333,-2.520560604442609,3.028369991506708,2.9878719096961834,-2.2128973824509686,-2.942688037095506,2.0819889489395584,-2.4903421231700817,3.0169810193272983,8.470751880898262e-05,5.462475682831472e-06,8.06062585455373e-06,0.0001355326684293322,0.3508559116525522,-0.46300464693908283,2.549660364787648,136.77523168004547
30.900000000000304,2.087727494332249,-2.519451249734167,3.005957700433574,2.9710011712681177,-2.216111618667229,-2.963967062643363,2.067010707101663,-2.488601692097278,2.9999886358316683,8.474899210221955e-05,4.13753583727119e-06,7.98384808748083e-06,0.00013549719666195752,0.3434904710779338,-0.4255805109571339,0.8280194049642712,136.6469536092498
30.950000000000305,2.07074860036736,-2.517966550738426,2.983528805815436,2.9536501222519,-2.2190294584066175,-2.986005859160868,2.048791050601141,-2.4859081236165075,2.9812052874347987,8.468532659024315e-05,2.82910735693631e-06,7.951505151395769e-06,0.0001354562014725185,0.3519006798444819,-0.44077593035008494,2.444492150519533,144.61341485962552
31.000000000000306,2.0537953756032823,-2.516089523704704,2.9610408787907136,2.9363528059188435,-2.2215462544068245,-3.0082031364298967,2.0310250307303517,-2.4839403596412852,2.9571382110146383,8.452802434163667e-05,1.5413811962716733e-06,7.962532976148458e-06,0.00013541479796383093,0.34959631567792687,-0.4439455453805715,1.81748523342446,141.44148542110864
31.050000000000306,2.036882683807203,-2.513844264374782,2.9385034945279926,2.9189681360630573,-2.223698723585453,-3.028607613966856,2.0186125156104633,-2.482043006064243,2.9420376445832224,8.426566018316651e-05,2.5276364541202084e-07,8.025852593140521e-06,0.00013536918626738155,0.35035440134445156,-0.40808955073918457,4.334991881229493,133.6983048947263
31.100000000000307,2.020021894222864,-2.511218245935863,2.916001595677006,2.9015531690770597,-2.225479247292303,-3.0508037485107344,2.007013566653198,-2.4797934707964386,2.9143991972450625,8.391610800239595e-05,-9.93922396585575e-07,8.123834786338669e-06,0.00013531977718517172,0.35012221961934575,-0.44392269087755715,3.487793742878202,124.06850581530611
31.150000000000308,2.0032525392347837,-2.5082154536167796,2.8934430474662673,2.8844849596855613,-2.2268436151826383,-3.0728483658713586,1.9888274912883517,-2.4759962029133926,2.8960640675816913,8.343788518892358e-05,-2.2506543537702327e-06,8.28173821461464e-06,0.00013526681834701075,0.34246000935167237,-0.4408923472124801,2.210215114103558,128.32760029465445
31.20000000000031,1.9865442920873035,-2.504833718749941,2.8708826486950016,2.8668134133064123,-2.22786301470637,-3.095092806612375,1.9711834511454822,-2.4734592809076243,2.8737807581763732,8.287430763505886e-05,-3.480591983676956e-06,8.481145723440487e-06,0.00013520782209250798,0.3540257882555356,-0.44488881482032094,4.816531823268608,118.7190402014979
31.25000000000031,1.9699119002089873,-2.501081452847097,2.8483662308184647,2.8493893467324596,-2.2284712379197695,-3.1183066844399074,1.9544863701149067,-2.4698444239757835,2.846243058790937,8.221429592523016e-05,-4.689637242383258e-06,8.727551436528523e-06,0.00013514710102537674,0.34870140929693844,-0.46427755655064534,2.9814203232044605,113.10667288412516
31.30000000000031,1.9533700706945827,-2.496956563650998,2.8258893768873814,2.8319755620002947,-2.2286822695050224,-3.140642506514625,1.939256898226019,-2.466306252303946,2.838085110213634,8.144110669591718e-05,-5.894161886477499e-06,9.035216733180557e-06,0.0001350824012454265,0.34830850814393877,-0.4467164414943456,2.327317382800823,109.76992242604689
31.35000000000031,1.9369318219163874,-2.4924587493411012,2.8034004880961336,2.8143778338778085,-2.2285012743369603,3.120072943777294,1.9250654730153254,-2.4618418427844078,2.804755050931787,8.063348151338259e-05,-7.008720831280597e-06,9.340845231830936e-06,0.00013501653284352696,0.35198058223476836,-0.44939713775333395,2.90669746793956,103.71202475215618
31.40000000000031,1.9206079615585179,-2.4875820077898374,2.7809055469850086,2.797137923697524,-2.227940717325374,3.0981051116243155,1.9125352239014517,-2.4568905580481877,2.7884021343446577,7.969787763710534e-05,-8.134398618670619e-06,9.725025653443804e-06,0.0001349490108018959,0.344987357875074,-0.439356643059559,5.0063630390144915,104.20879678697474
31.450000000000312,1.9043812657677641,-2.4823314942252663,2.7583577074991945,2.7799314240902446,-2.227004870616882,3.076408988310929,1.8945315696097627,-2.451114391409409,2.7696584688473216,7.8699838701803e-05,-9.198710411090034e-06,1.0126789849907227e-05,0.00013488013747264347,0.34464537487645075,-0.43392246626772774,1.047954468039413,105.54162381101433
31.500000000000313,1.8882816922282655,-2.476715148348073,2.7358271161941006,2.762526011589638,-2.225682680596878,3.0551389447105475,1.8831195400979661,-2.4464506285407284,2.7474819317096184,7.764436863414375e-05,-1.0214808576784623e-05,1.0555352122657177e-05,0.00013480805076111646,0.3491177786710301,-0.4254008720076273,2.7370708842946603,99.476042256753
31.550000000000313,1.872294033895658,-2.4707410646484655,2.7133196059905584,2.745044935820248,-2.2239654788497774,3.0322105762670057,1.8729221407223329,-2.4425982301370537,2.7400282329745664,7.650830148591808e-05,-1.1194470878219078e-05,1.102537348701123e-05,0.00013472923528238102,0.3513120032065375,-0.4585673688708281,4.496077124296336,95.0957601048897
31.600000000000314,1.856452206616521,-2.464420518070433,2.6908357966469785,2.727664383302949,-2.221846435929163,3.008331578516029,1.861112804076901,-2.43629070613144,2.693787672769581,7.53698417828522e-05,-1.20830257623407e-05,1.1471564512198846e-05,0.00013465263612071673,0.35019338466645483,-0.4775799550195257,3.7430112660489,88.85014732253404
31.650000000000315,1.8407737595420042,-2.457743687529153,2.66835278169534,2.710461438236744,-2.2193384278301136,2.9853146489884264,1.8457648738377637,-2.430589968572298,2.693805909098475,7.4044280425612e-05,-1.3007782853652654e-05,1.2054026520901015e-05,0.00013456960844345493,0.3477037629470137,-0.4603385905520489,3.8754731215271514,89.52650808910944
31.700000000000315,1.8252377057554185,-2.4507037952569606,2.645876455070694,2.693155342479406,-2.2164130126856705,2.9629575281674354,1.830090071908208,-2.4235971401897225,2.6572946597315097,7.278290968505975e-05,-1.3817108469566884e-05,1.2566143783156416e-05,0.00013448977635176635,0.3510395055582274,-0.4471424164198139,3.3177938024036115,82.30597169325237
31.750000000000316,1.8098636926231044,-2.4433150853530083,2.6233891306726855,2.6758824553387766,-2.213099556259282,2.9411727662037013,1.8201597480700469,-2.4172153141848747,2.6309818016261417,7.139561917250589e-05,-1.4623366615997565e-05,1.3173397996103282e-05,0.00013440475175640764,0.35176347587324197,-0.4356952392746825,2.5435202687923755,81.31709162745456
31.800000000000317,1.7946697509712126,-2.4355964861164976,2.600873504131048,2.6588064640814077,-2.2094347186338466,2.919187999663416,1.8083739437022812,-2.4102452945305717,2.6130177813532027,6.993498727606652e-05,-1.5383893805732584e-05,1.3822380324150356e-05,0.00013431808003900984,0.34930376350798004,-0.4396953308056916,1.4474540393839117,82.35466645488546
31.850000000000318,1.7796449004485975,-2.427542089065232,2.578390836412214,2.64170347347238,-2.205360507072261,2.8962817712435758,1.7922387449263102,-2.4019242961350975,2.585940536382118,6.845347879915549e-05,-1.608056664308313e-05,1.447412415729257e-05,0.0001342299910048318,0.35163902158570176,-0.45812456839678983,2.138791750920512,80.13414614213072
31.90000000000032,1.7648121241774113,-2.419154955888824,2.5559265907717115,2.6249659685375555,-2.2009636163019355,2.873118466593036,1.7806571938618556,-2.394154773010596,2.560097970027371,6.691714446553908e-05,-1.6731121282898685e-05,1.5165982902740033e-05,0.00013414551756287224,0.3461156513762737,-0.46326609301079263,2.7393751098564887,80.84828558708998
31.95000000000032,1.7501677983548358,-2.4104271503090695,2.533511313721305,2.6081742942000408,-2.196138643241561,2.8504569070498373,1.7671371301132888,-2.3860981629328086,2.5334945685379484,6.53299775916896e-05,-1.7329603619099863e-05,1.588975410225399e-05,0.0001340563640312772,0.34943025361928387,-0.45323119086397223,2.603739080672573,78.20723883460604
32.00000000000032,1.7357142128438139,-2.401370650944102,2.5111132637263704,2.591301817807337,-2.190878470644671,2.8283062638395062,1.7506656995802155,-2.3750032924525337,2.5101544886733924,6.369688883634885e-05,-1.7876176628925336e-05,1.6646717885161943e-05,0.00013396249078362585,0.353475683416075,-0.44301286420662633,2.755713084275446,84.00767329233464
32.05000000000032,1.7214785223028344,-2.3919968749191587,2.4887394486140395,2.574841484560437,-2.1853401882341257,2.8057510009455875,1.7371532063556514,-2.3654920187168313,2.4907241145504893,6.204824726636839e-05,-1.8362012975140193e-05,1.7412781041710462e-05,0.00013387512383024056,0.34734877570207523,-0.45110525787838907,0.8960954879102306,85.35833692267381
32.100000000000314,1.7074468648216172,-2.38229861605089,2.4663482182220013,2.55839164462587,-2.1793873422365744,2.7829989028421824,1.7239746182164701,-2.356159458061778,2.4678668493594547,6.040621408924011e-05,-1.8785411623940808e-05,1.816863931182843e-05,0.00013378679487149517,0.34988387297114104,-0.4550419620681294,3.192235449261543,84.2374336302221
32.15000000000031,1.6936499699767829,-2.3722967995978417,2.4439420098018907,2.5420079655531973,-2.1730351255163907,2.7604420189629497,1.7071397334851461,-2.3441580088969896,2.4456523772377334,5.875842093042879e-05,-1.9153925847204212e-05,1.8931737129821763e-05,0.0001336973901337812,0.3514476859902394,-0.4511376775846712,1.8791442157924099,86.97100150113643
32.20000000000031,1.6800632741465331,-2.361967026269723,2.4215670804055485,2.5259147353739357,-2.1663773130534953,2.738217412247792,1.6918546025846621,-2.33289858662071,2.4090673971253214,5.711691580613269e-05,-1.9467578901035563e-05,1.9693961852346485e-05,0.00013361301510367234,0.34832801186516893,-0.4444921343031913,3.7286796187382643,86.58241054584076
32.250000000000306,1.6667247987273974,-2.3513530584518683,2.3991931011482266,2.509992916164999,-2.1593683251298845,2.715597678126467,1.6804052536973808,-2.3237589898433906,2.4011448636502744,5.539714327477644e-05,-1.9726469821126272e-05,2.0528834353145717e-05,0.00013352524973728972,0.34793283399078356,-0.4523946824265316,1.7992102910203476,81.83138739183332
32.3000000000003,1.6536233237492177,-2.3404324881239336,2.3768317344366543,2.4941786443894762,-2.151977540880584,2.69321296655135,1.668754978101781,-2.3128355210775187,2.3767242999040414,5.377749086896111e-05,-1.9927522580690144e-05,2.1275561523850525e-05,0.00013343886699586512,0.3491289777073313,-0.4476942315023522,1.263767469589131,83.81277887869065
32.3500000000003,1.6407702261920747,-2.3292307039934697,2.354476250502474,2.4783223689392933,-2.144115474658515,2.6693552675865835,1.6588641808200417,-2.3031350585836723,2.3577653909732987,5.2147507688379937e-05,-2.0074982273688906e-05,2.2035022610778387e-05,0.0001333477635793994,0.35397650447486145,-0.47715397929534975,1.177736191083889,83.1302277315661
32.4000000000003,1.62816859422315,-2.3177286296738058,2.3321530537712998,2.463179269665169,-2.136166425318699,2.6470476288752502,1.6462053322623802,-2.290832665266518,2.3294270468002107,5.056381282166936e-05,-2.017413965239576e-05,2.27621838298254e-05,0.00013327027058115175,0.3420602117282473,-0.44615277422669125,0.8146543729793405,85.45186026180964
32.450000000000294,1.6158301550643794,-2.305955411455023,2.3098761349950494,2.447978304332838,-2.1277646602073754,2.6262908032249754,1.639470414864168,-2.282971892111032,2.3081806012100197,4.89616275798431e-05,-2.022077430340875e-05,2.3512872537832287e-05,0.00013318789079151517,0.34737290335534504,-0.4151365130055213,4.307649582854049,82.15366493608337
32.50000000000029,1.6037574447337488,-2.293927885188297,2.287623883900714,2.4328930888196396,-2.119014147326503,2.605618994675261,1.6298432352961165,-2.27296316591664,2.2883173983462113,4.738572749016921e-05,-2.021880581440697e-05,2.4246503719884178e-05,0.00013310207890036767,0.3487956612900761,-0.41343617099430374,3.455715084719259,80.37887481323112
32.55000000000029,1.5919527419152133,-2.2816315959991487,2.265377464493525,2.4179748486857253,-2.109935287329872,2.584165491076746,1.6231942741693728,-2.2637621970070034,2.272165960415567,4.5844414217979005e-05,-2.0172618010792372e-05,2.495832505271997e-05,0.00013301683068526343,0.349279993764482,-0.4290700719703347,2.389057970409957,83.94246192196633
32.600000000000286,1.5804212224537735,-2.26906299166211,2.2432436673642284,2.403243824146562,-2.10052686350932,2.5622661680482395,1.6105284301164988,-2.250974079446373,2.259048989014339,4.4360474935769364e-05,-2.009447405111652e-05,2.5634133400739134e-05,0.00013293564556033827,0.3495904651044892,-0.4379864605701616,2.756110272010414,83.58278166059935
32.65000000000028,1.5691817010350395,-2.256246241948937,2.2211360117161085,2.3887156429377594,-2.0907924984986446,2.540259697892429,1.5956869405704674,-2.234409131868826,2.234464628362459,4.295068077882264e-05,-1.999490611474433e-05,2.626343153963357e-05,0.00013285972610037957,0.34976463739528457,-0.44012940311623217,2.3977702722716234,87.13188533434706
32.70000000000028,1.5582118213411236,-2.243159329544651,2.1990063939917333,2.374303826149608,-2.0806571661023456,2.517097286279961,1.585644659166188,-2.2212393599232305,2.211989483091033,4.154118918065203e-05,-1.9854549587870012e-05,2.6910470390149536e-05,0.0001327837114283316,0.35238575727455884,-0.4632482322493876,1.8809634409788014,90.3552003707601
32.75000000000028,1.547545487896881,-2.229852722852002,2.176947652247658,2.3601296546770376,-2.070204155063664,2.495222287224676,1.5767589126563435,-2.209694074539178,2.190360525491534,4.015512888728607e-05,-1.9677325248326984e-05,2.755041018341969e-05,0.00013270884814033622,0.3522413635783831,-0.4374999811057214,1.8872674714651732,89.40928669622335
32.800000000000274,1.53717661600392,-2.2163080786466995,2.154854289428432,2.3461331094475697,-2.0594012611339423,2.4733152544917534,1.5693761975868692,-2.1999809078288504,2.1605840489846564,3.8794797910831864e-05,-1.9464794589305278e-05,2.8181449827258697e-05,0.00013263415014864264,0.35362030372434966,-0.43814065465846785,5.291405411585089,84.37362193629674
32.85000000000027,1.527109376846827,-2.2025483236451153,2.1328105648407405,2.332645402418569,-2.0485157129107177,2.45179370192292,1.5577121140854107,-2.183709272223761,2.14732655607638,3.742638160806887e-05,-1.9199766497164832e-05,2.8835805221095633e-05,0.0001325665472351635,0.3466554466186808,-0.4304310513766818,1.432354547789529,89.80481138229496
32.90000000000027,1.5173494798766303,-2.1885637948046406,2.1107836944448737,2.3193825304864326,-2.0373169677778113,2.4289609677855095,1.5486870244443156,-2.1687127866431153,2.104990349483028,3.613099909458904e-05,-1.892356809346172e-05,2.943835909321186e-05,0.00013250190986245823,0.3471764711401738,-0.4566546827482348,1.5809777072741127,94.66162869042012
32.950000000000266,1.507900090827085,-2.1743534144813923,2.0888258202044745,2.3062307006672444,-2.0256979217931126,2.4070273567529377,1.5392365648591528,-2.154919769357037,2.101687786856208,3.476734945384856e-05,-1.85562360828238e-05,3.011761010481515e-05,0.00013243000081894594,0.3509901447054108,-0.4386722206514501,5.460374969750207,94.4884791869754
33.00000000000026,1.4987714472736413,-2.1599423513432323,2.0669664742961324,2.2933924168312325,-2.0138243184842293,2.3833962103806634,1.5331437457893602,-2.1426858733707452,2.0767029774738957,3.353295125751316e-05,-1.8214616162477908e-05,3.069130736022904e-05,0.0001323622252679704,0.3497531807769562,-0.4726229274455202,1.0659847264951714,98.16828620227206
33.05000000000026,1.4899535063862601,-2.1453202690097726,2.045132706667639,2.2807720999370873,-2.001610041161252,2.361689370023047,1.5252096632886174,-2.1297713636211615,2.0633557284502437,3.231926922946243e-05,-1.7837104758800852e-05,3.126297742059055e-05,0.00013229493646330467,0.3512680351039109,-0.434136807152341,2.1005507924810884,98.40048343394928
33.10000000000026,1.4814539864130853,-2.130505515985788,2.023363038609416,2.268436589811961,-1.9891354002232349,2.339484091832972,1.5152651893231626,-2.113799586908854,2.0468888168036274,3.117686356214794e-05,-1.7460928183485176e-05,3.1787080726702625e-05,0.00013223108634879835,0.35088124685602123,-0.4441055638015325,2.1572011048175472,98.96098478897983
33.150000000000254,1.4732977679345343,-2.115541424537171,2.0016128078205955,2.2563397873343423,-1.9763508753502872,2.3176387581239783,1.5100159861013533,-2.1030489598696285,2.007073408162266,3.0085256381218194e-05,-1.707624840943378e-05,3.2281448590377726e-05,0.00013216926382785397,0.352016491642555,-0.4369066741798856,6.245330771314774,94.2542681187802
33.20000000000025,1.4654611905950974,-2.100396638331597,1.9798772076268643,2.2447431908187867,-1.9635480845566944,2.2959597804973324,1.5029959839653533,-2.0911818221022322,1.9957007785330916,2.8948538300622547e-05,-1.659777456978199e-05,3.283319764102697e-05,0.0001321129434838253,0.3454875914519417,-0.43357955253294334,3.2542732463174584,91.02872702105168
33.25000000000025,1.457948113515854,-2.085071358105799,1.9581836481126005,2.233130132024548,-1.950161126308045,2.2747547866939044,1.4955163886739342,-2.075998156110323,1.9770013346077837,2.7892526270245485e-05,-1.613787520658744e-05,3.332569039185391e-05,0.0001320491706066067,0.3544491809141398,-0.42409987606857347,1.2057352771723253,92.82511076228764
33.300000000000246,1.4507654518776847,-2.0695758426446274,1.9365158812590513,2.221870409804946,-1.936614300181491,2.253758847670328,1.4864935037677276,-2.058970505263242,1.9581486157726093,2.688203107777101e-05,-1.566880043372344e-05,3.379577686254126e-05,0.0001319902041179791,0.3523119310229029,-0.4199187804715413,4.5238816602177145,91.1670936954474
33.35000000000024,1.4439314959898257,-2.0539434891560218,1.914892514985733,2.211038712809576,-1.9230064303789414,2.232413056695096,1.4800197710206675,-2.04383944351686,1.9333569976634486,2.5913263388545035e-05,-1.5187749164836993e-05,3.424280644876299e-05,0.00013193877413309404,0.3478570204043164,-0.42691581950467156,0.9440804108185206,91.43934922972764
33.40000000000024,1.4374449875977504,-2.0381691519652634,1.8933549323213603,2.200581633636124,-1.9092623551740608,2.209988383183128,1.4721128762344957,-2.026295739339118,1.8988152550105228,2.4962249283600973e-05,-1.4669715164912182e-05,3.469192465375082e-05,0.00013189218200434613,0.3454056205165173,-0.44849347023938296,3.1587638516315604,88.29120679644932
33.45000000000024,1.4312954960336477,-2.0222500653560407,1.8718370002792835,2.1902517456710884,-1.8950408482582881,2.1879981626042184,1.4677010067941996,-2.011771200710787,1.8835244139465388,2.4004231502313053e-05,-1.407286204369724e-05,3.515971332804664e-05,0.00013183642972663706,0.3515510175495062,-0.43980441157822053,2.2411312324691144,93.9217440874443
33.500000000000234,1.4254880837953865,-2.006180215692755,1.8503847430600353,2.180267894039765,-1.8806486431789913,2.166563018682341,1.462533487341071,-1.998292725878469,1.8638339362550882,2.3110090574668954e-05,-1.3493066515559453e-05,3.5583350904645715e-05,0.00013178331240636782,0.3503281936708748,-0.4287028784375841,2.6969756852933213,92.19805316460332
33.55000000000023,1.4200354022087298,-1.9900117500668142,1.8290197974902467,2.170483382205416,-1.8658892259958133,2.1458569078331244,1.4577123918479087,-1.9832070716035275,1.8397958927344193,2.226041877413797e-05,-1.2906909107837604e-05,3.59793596492336e-05,0.00013172801744627268,0.35416847478503566,-0.4141222169843482,1.9891221128427234,93.45041022602561
33.60000000000023,1.4149184544502678,-1.9737034633817747,1.8077170295869016,2.161209445859398,-1.851250077542892,2.125115911967388,1.4542021002344412,-1.9714049068637205,1.8227121227281522,2.1442861798238704e-05,-1.2293933016098281e-05,3.6359911538530335e-05,0.0001316833815767477,0.3465956311694653,-0.4148199173147538,1.9058292695053924,94.5790190333953
33.650000000000226,1.4101602326298814,-1.9573229268768713,1.7864761527171111,2.1521801481564156,-1.8363433554857835,2.1057060892520374,1.449821616242384,-1.9578573079305532,1.8080229367219456,2.0675831056091173e-05,-1.1692196180844813e-05,3.670823706628482e-05,0.00013163933246884569,0.3485674199234135,-0.3881964543070358,2.3511801386372175,95.31185345725146
33.70000000000022,1.4057587142019643,-1.940829064516239,1.76529914713773,2.1434069292716678,-1.821171751158174,2.0844567656659105,1.4450895053604762,-1.9402119275359708,1.786914528433952,1.9956687172355697e-05,-1.1103914423528117e-05,3.7027037808762756e-05,0.0001315942316657103,0.3505187612679399,-0.42498647172256954,0.48399160865716195,97.33052624695522
33.75000000000022,1.4017039180520454,-1.92424735437486,1.7441229987929827,2.134967335733933,-1.8058361884467096,2.063326285437542,1.4412700209913654,-1.924097881264191,1.7617127320021373,1.9269668762653164e-05,-1.0500519886201642e-05,3.7332330701969e-05,0.00013155120632136065,0.3500957719294742,-0.42260960456739266,1.2567892839065096,98.40258885638667
33.80000000000022,1.3980003547008004,-1.907561566526931,1.7230208644553218,2.1268467512040794,-1.790311286087298,2.042129355643164,1.435119218113734,-1.901104274667442,1.7263668306294662,1.8608011807165944e-05,-9.863168104396828e-06,3.763291570394145e-05,0.00013151020095121337,0.3504157417824716,-0.42393859588758565,6.5646849328777375,95.21526846071866
33.850000000000215,1.394644448568522,-1.89082525984117,1.7019428274467723,2.1190879295142047,-1.774708134385446,2.0223695560958124,1.4314230108634969,-1.886155048296379,1.7107686687947137,1.7962203027243467e-05,-9.14632350294524e-06,3.793532228937785e-05,0.00013147221416788147,0.3485211829958554,-0.3951959909470429,4.042519404700427,92.3680371528083
33.90000000000021,1.3916395572606985,-1.8740153608312133,1.6809102013882815,2.111620260383053,-1.7589314835465868,2.0034039473829397,1.427928505091184,-1.868280799123605,1.6854367689725542,1.7366721073629923e-05,-8.45959496782464e-06,3.82047051004626e-05,0.00013143567728817875,0.3491005164193532,-0.3793121742574795,2.204252482901065,92.08448540074427
33.95000000000021,1.3889956482699954,-1.8571474657290872,1.659952755260224,2.1044089053757387,-1.7428310635329942,1.980398699823926,1.4262448703257364,-1.8520076371806722,1.6646366190367727,1.6803639535338138e-05,-7.734359540250124e-06,3.8457886177366515e-05,0.00013139569051732675,0.3528404127709978,-0.460104951180305,1.7630859889951833,96.99426061082062
34.000000000000206,1.3867046765846551,-1.840215649771163,1.6390483844337005,2.0975624214010637,-1.7266055047139304,1.9597742763718244,1.4246053318186667,-1.8371024377284013,1.6356398858323633,1.628291700027458e-05,-7.016641581147478e-06,3.8685259097348434e-05,0.00013135867276687442,0.35222384686800595,-0.4124884690420604,2.9643385015501433,98.89487251136953
34.0500000000002,1.384773444086988,-1.8232661428798225,1.618220095772455,2.0910166952553544,-1.7101691733843212,1.9398075747949317,1.4225518429738342,-1.8166929073729123,1.6126963937273722,1.579808166970682e-05,-6.257388918483499e-06,3.889469554185169e-05,0.00013132290708675306,0.35384172572693257,-0.39933403153787367,1.071237735284332,103.26239902513161
34.1000000000002,1.3832040631661902,-1.8062416015467906,1.597457307069624,2.084910093826295,-1.6938820576829519,1.9192115510889405,1.4209179852610032,-1.800941175460811,1.589145082650207,1.5354018026276715e-05,-5.491994036215665e-06,3.908330498492501e-05,0.00013129717132028535,0.3478916006663445,-0.4119204741198409,2.822811465144892,102.60941538426819
34.1500000000002,1.3819947118818583,-1.7892031969451179,1.5767466914278143,2.079108110860037,-1.6773854112868674,1.898770217560891,1.4197337880108272,-1.7836172501022578,1.5863371311507066,1.495117755723656e-05,-4.7191189527893995e-06,3.924663974513828e-05,0.00013127152266844726,0.34975019492507436,-0.40882667056101996,1.5144890351933498,104.15993246034819
34.200000000000195,1.3811493940133936,-1.772119395879963,1.5561546531481019,2.073661103975484,-1.6607925060790885,1.8772016068528732,1.4185460262624525,-1.7665031462266847,1.5628568620984016,1.4584801299951721e-05,-4.0469057193253854e-06,3.938882361651655e-05,0.00013124740485196695,0.3492885404657748,-0.4313722141603793,2.9895853293148753,102.98794835582068
34.25000000000019,1.3806380811550953,-1.7550661740647988,1.5356389313490528,2.0685502335380326,-1.6440775225294257,1.8578672380906083,1.4176469870980122,-1.7500206080080076,1.5459504287053942,1.4252130251380462e-05,-3.3592749338907972e-06,3.951156662704672e-05,0.00013122422098274658,0.3495832885101749,-0.38668737524531666,3.71564340327288,101.93088037514289
34.30000000000019,1.380492456031007,-1.7379830061193076,1.5151716670375497,2.063708466441989,-1.6270621478479979,1.8381758338401344,1.417396641164376,-1.7270201471901,1.524739858732552,1.3951535011430809e-05,-2.68632109378059e-06,3.961549776231883e-05,0.0001311974293980677,0.35382243970557786,-0.3938280850094907,2.315865982161953,106.82439515156689
34.350000000000186,1.3806807544264807,-1.720891787010013,1.4947751923038288,2.059218564263858,-1.6099698591068357,1.817181179483983,1.4182159195129984,-1.7132885098887916,1.488296850091377,1.3684172650177398e-05,-2.0007809404983093e-06,3.970274869170925e-05,0.00013117339410788145,0.35344987062952776,-0.4198930871230538,2.556456166898797,107.52874508169876
34.40000000000018,1.381220481780903,-1.7038119238951588,1.4744153267331495,2.0550793376846217,-1.5927992542738048,1.7975143615329685,1.4192927269866198,-1.696873739075523,1.4736201656752002,1.3466350949704308e-05,-1.2322285737130965e-06,3.975650457624557e-05,0.00013115388803739268,0.3532551046373831,-0.39333635902030245,1.4563670385001495,110.37916621994145
34.45000000000018,1.3821164216999482,-1.6867541842626046,1.454126158036538,2.051368559276658,-1.57595348599125,1.7777121766648225,1.4197539977748286,-1.677783885320501,1.4738567240100675,1.3276214812247125e-05,-5.040511104229615e-07,3.979764713143176e-05,0.0001311472071060032,0.34499826591458255,-0.3960436973629439,2.6051362563320817,112.7328005128401
34.50000000000018,1.3833657020489043,-1.6697083575149976,1.433928999477854,2.0479465070333838,-1.5588428721860665,1.7586636710651167,1.421207429626245,-1.6604231141271364,1.4513858508783555,1.3090743722091489e-05,1.1093587818126751e-07,3.984393017499492e-05,0.000131135825059557,0.3489944144089547,-0.38097011199413133,2.4623424415816566,114.06440741520157
34.550000000000175,1.3849625609503602,-1.652685861064573,1.4138192038880115,2.0448659526460666,-1.5416435112891311,1.7373878464131431,1.4225574059036092,-1.6451682506099936,1.4326442425172985,1.2940918409436964e-05,7.54864756419239e-07,3.9865394123069716e-05,0.0001311238726910657,0.3494677939927234,-0.4255164930394957,4.7019430823099,113.01977753239827
34.60000000000017,1.3869047451174121,-1.6357153599809862,1.3937745917990112,2.042161531174174,-1.52451508793186,1.717400993499636,1.425383195784173,-1.6253048610327208,1.4075926902653393,1.2818646742596885e-05,1.3949212197859047e-06,3.987075043798462e-05,0.00013111621016104235,0.3468179882626044,-0.3997370582701665,1.1679971855720352,118.23442509340994
34.65000000000017,1.3892024265826408,-1.6187512850949848,1.3738586655945761,2.0397905278249233,-1.5071828446345288,1.6960984488347037,1.427488563966427,-1.6119062689786516,1.390579799695982,1.2738226483346064e-05,2.069089818453754e-06,3.9849808582317914e-05,0.00013110695098914835,0.3498799152811527,-0.42605089329867385,1.5542048821819543,117.62014007108226
34.700000000000166,1.391832225008493,-1.6018569362920385,1.354021964160115,2.0377509490999732,-1.4895275861082373,1.6755194591320217,1.4308113181577953,-1.5954240150772305,1.3615102795084342,1.2682609163017724e-05,2.7257643121677425e-06,3.9815629787836476e-05,0.00013109232904598715,0.35545980510573316,-0.41157979405366707,1.2433675220895455,120.54752056329393
34.75000000000016,1.3947896526179029,-1.5850254028582265,1.3341981356218038,2.036097904152783,-1.4722684760739344,1.657046874783596,1.4329808714666166,-1.5827272979834495,1.3301702264768949,1.2676652933645577e-05,3.4228885018225977e-06,3.974671580148016e-05,0.00013109223936054814,0.3467667718562272,-0.36945168696852476,7.945508793816956,116.74955110403059
34.80000000000016,1.3980846713349728,-1.5682352055490338,1.314418178876625,2.0347725150172744,-1.4549150926732148,1.6370026146902177,1.4361192854325202,-1.5656382821439139,1.3288731555458941,1.2734075368833296e-05,4.1703554675195576e-06,3.963105768084663e-05,0.00013109561461923706,0.3480843077795545,-0.40088520186758303,2.7302621294819613,118.18988400383898
34.85000000000016,1.4017141968440718,-1.5515161265990276,1.294728163856758,2.0337625281303353,-1.436973665412987,1.6170584646380881,1.4406019392334468,-1.5465340037494157,1.296569860889818,1.2768900248139765e-05,4.8142755784569115e-06,3.955023511772231e-05,0.00013108467051265913,0.35940260970464843,-0.3988830010426038,1.6032907632840137,121.03640883788852
34.900000000000155,1.4056754798127575,-1.5348845128679676,1.2751562093323228,2.0331305622739895,-1.419701425126131,1.5976786176563627,1.4445573758389196,-1.5300705783511195,1.2892089731244996,1.2869567719119811e-05,5.5141119060727144e-06,3.942048704005172e-05,0.0001310945119596413,0.3456813649872513,-0.38759693963453173,0.8947483447943212,123.25087359607133
34.95000000000015,1.409976771073846,-1.5183394305177729,1.255733549648168,2.0328349888381316,-1.4019992842806173,1.5773050223980851,1.4485646165478356,-1.5124033452665528,1.2827159742628176,1.2961648951175849e-05,6.1485607694198355e-06,3.930882814304951e-05,0.00013109639359746807,0.3540982896476338,-0.4074719051655697,6.054064071168364,125.5782993552817
35.00000000000015,1.4150570418734245,-1.5021294074526996,1.2411328403564734,2.032806402713195,-1.3847364465367642,1.5675994967414777,1.4526000597810773,-1.494087032497926,1.2639662044068123,1.3024377727686698e-05,6.699411379275537e-06,3.922930358007134e-05,0.00013110712316750063,0.3452585833426721,-0.19411051313216862,5.683162600243767,116.4684822712606
35.050000000000146,1.420593670837681,-1.4860625315825746,1.2349498736538402,2.032890071605256,-1.3673884955331044,1.5643472634161153,1.4576279213071421,-1.477530043318286,1.2394882095139375,1.3106520194271047e-05,7.241755107724876e-06,3.913454273918688e-05,0.00013111643405119743,0.34696320829699395,-0.06504466650725271,2.725096809745484,109.020182673596
35.10000000000014,1.4263076598444135,-1.4695726137962222,1.2332651859898573,2.0330128484162717,-1.3497726008933868,1.5633062941950344,1.4612713893399958,-1.4647282836255424,1.2548895800287845,1.3235031635014523e-05,7.808792580585886e-06,3.900192141344216e-05,0.0001311201838369042,0.35232646572558884,-0.02081938442161591,4.207685687370707,103.97434535376843
35.15000000000014,1.4320115536167,-1.453043563541366,1.2326541087625853,2.033159385098846,-1.3324759676571054,1.5613428103395677,1.4648203688528787,-1.4513595203928096,1.2570473239005242,1.3277207894888411e-05,8.233455162415785e-06,3.894608639483205e-05,0.0001311277371172544,0.34594513462854276,-0.03926967710934011,2.8330909982381716,96.87516797981496
35.20000000000014,1.4377182707015481,-1.4365201278682813,1.2322039574431702,2.033337374313785,-1.3148854345403014,1.5600136014317298,1.470504109844272,-1.4362772479458745,1.2358662045854985,1.3285846107511801e-05,8.58825248112706e-06,3.8916027063311415e-05,0.0001311260394947126,0.3518286975541437,-0.026584178156755702,2.3873491571496377,94.38149392233122
35.250000000000135,1.4434453438723727,-1.4200127080394376,1.2314613109399368,2.0335409872043573,-1.2974680945050705,1.5581996365229678,1.4748729558866511,-1.4189750544433861,1.2434381011394464,1.3344296537314941e-05,8.987527270469016e-06,3.8837390262147056e-05,0.00013112938205434282,0.3483706504902974,-0.03627929817524975,3.70888746924416,88.03110435411239
35.30000000000013,1.449208016404119,-1.403517329387332,1.2303592994599553,2.0337536877687508,-1.2801886249291092,1.5587753838139422,1.4804595982404254,-1.4023497607153237,1.2379046658601762,1.3345899936184904e-05,9.296651853960704e-06,3.881138142911475e-05,0.00013113464279000507,0.34561557754583533,0.011514945819484885,0.9319052315532991,87.12779018861636
35.35000000000013,1.4550057993230012,-1.3870327909785525,1.2290728529067714,2.033988985558181,-1.2626987803707164,1.5559121026808507,1.4855033160422597,-1.3868070866697355,1.2399832792298895,1.3352441355847864e-05,9.595499450176196e-06,3.877953004383371e-05,0.0001311338196748313,0.3498286647781045,-0.057265622661827546,0.8288065243013185,85.90145312319672
35.40000000000013,1.460831994169946,-1.370572271799574,1.2277413143314182,2.034255802618813,-1.245192281087013,1.5552008530966797,1.491102580510269,-1.3708813597964153,1.2266901921592428,1.3328960819130441e-05,9.84142248902023e-06,3.8772201586660065e-05,0.00013113022421129265,0.35017065635893035,-0.014224991683420049,1.4994579247313897,85.07989714841797
35.450000000000124,1.4666901139745152,-1.3541048116305912,1.2265148338584848,2.0345493558085974,-1.2278250280649579,1.5525896513468904,1.496004777193873,-1.355138848424536,1.2264809746129623,1.3338996306343704e-05,1.0116920764945246e-05,3.873376732325516e-05,0.0001311310929549139,0.3473947739601387,-0.05222403499577711,3.427791507519803,81.93953512856137
35.50000000000012,1.4725574007988427,-1.3376704299934261,1.2254868320977474,2.034873085151385,-1.2104230620487,1.5518012279612075,1.5018572355601583,-1.3375674739959724,1.227581710587037,1.3327668018624523e-05,1.0353896224037526e-05,3.8714405070234295e-05,0.00013113084492549556,0.34809954760709305,-0.0157684677136608,1.3155270435084483,81.38534950974642
35.55000000000012,1.4784556070080366,-1.3212023060395635,1.2246430569323747,2.03522573323779,-1.1930433373305718,1.5492154433072622,1.5060518326338619,-1.3234217950189668,1.2184855335756213,1.3299807860739756e-05,1.0560366990961086e-05,3.871072852194671e-05,0.0001311297053857506,0.34766613888736975,-0.05171569307890683,4.366039776236848,76.511288679132
35.600000000000115,1.4843632391221324,-1.304753170082377,1.2239458478231635,2.0356110580763405,-1.175532737033866,1.5483738460610361,1.512914747552507,-1.3021072193179206,1.2245085910397675,1.328803095756293e-05,1.077551561362909e-05,3.869279928574125e-05,0.0001311251748361034,0.35029679763819765,-0.01683194492452325,2.5124887912098433,75.50295363587507
35.65000000000011,1.4902864187588476,-1.2883080446878346,1.223344337342741,2.036009340205413,-1.1581180862954485,1.5474857388697831,1.5171255168750084,-1.2874805188973073,1.2354626642942712,1.3240289669601931e-05,1.0939905552426093e-05,3.871085276103469e-05,0.00013112187807216502,0.3483841035060061,-0.017762143825062148,2.9891050498688965,71.63197517309159
35.70000000000011,1.4962305170299686,-1.271851524066919,1.2228262591736996,2.036411229825624,-1.1406516832297768,1.5480964433716808,1.5226647784714775,-1.2706942581635625,1.2348942692021065,1.3143333986602561e-05,1.1034542032260865e-05,3.877072649952735e-05,0.00013111505771230041,0.3494205264756003,0.012214090037956461,2.71183242797915,70.03238797829617
35.75000000000011,1.5021830505440028,-1.2554106021004166,1.2223873994222283,2.0368105760254114,-1.123105273586845,1.547985216608513,1.5279940816771294,-1.2547865049890312,1.2316110364094843,1.304748203507752e-05,1.112307091536427e-05,3.8828414183692065e-05,0.00013110489695987844,0.35101907017313927,-0.0022245352633576947,0.8374394996385466,67.92119266083039
35.800000000000104,1.5081392349529636,-1.2389929787498253,1.2220408934002147,2.037203625336031,-1.1057720656099634,1.5482630364951673,1.5327246656996272,-1.23910775509475,1.2317673968451812,1.2960070031155631e-05,1.1216173454620132e-05,3.8875953591844055e-05,0.00013110023556239776,0.34675327739694933,0.005556397733088443,1.5591383985443623,63.72041521816384
35.8500000000001,1.5141174447953107,-1.222547233059209,1.221790872929228,2.0375978933948007,-1.0882869032179765,1.5482398147641838,1.5381221773106772,-1.2223148034576636,1.2263716825833368,1.2870193242161317e-05,1.1298724961475635e-05,3.892488697514884e-05,0.00013109183761620202,0.3497921389569745,-0.0004644346196648763,2.4470204020417556,60.283518417235676
35.9000000000001,1.5200983471352008,-1.2061166716876115,1.221650492609771,2.037996900252406,-1.0708761217403089,1.547526403360413,1.5422825516629513,-1.2091771685087163,1.2233700674720103,1.2798253870097196e-05,1.1398086940907681e-05,3.895946877116379e-05,0.00013108534900518242,0.34830706625000474,-0.014268228075413237,2.847602336920719,56.78674954623783
35.950000000000095,1.526090040490874,-1.1896770764264537,1.2216072703473784,2.0384101620731627,-1.0532186111975392,1.5472661774537197,1.5480990897411286,-1.1920711680346636,1.2285768866910258,1.2732663630718064e-05,1.1497282487849202e-05,3.8988206090901086e-05,0.00013107347449798457,0.3532469196814383,-0.005204518133862172,0.6835623361206182,56.33139859775178
36.00000000000009,1.5320812183741412,-1.1732493361770344,1.221684064812644,2.0388211791907986,-1.0357142585230354,1.5473733997099295,1.5541869752386828,-1.1746130380969522,1.2263622251492672,1.2644396772156483e-05,1.1564024132687571e-05,3.9039682630843016e-05,0.00013106485064275962,0.35018355068034196,0.0021444451241934524,2.396514997941803,55.610691129762856
36.05000000000009,1.5380801485320625,-1.1568069273237354,1.2218775734006837,2.0392385942289843,-1.0181922068881137,1.546583724357351,1.5589101226473758,-1.1576850845902606,1.2348257497736084,1.2564611935836574e-05,1.163625543116621e-05,3.908588864967634e-05,0.0001310563983819012,0.35054046543854406,-0.01579350705156635,2.91092675019696,51.10858472798788
36.10000000000009,1.544076588971551,-1.14036757143755,1.2222052679743978,2.0396646527228244,-1.0006673624498104,1.546395136016283,1.563388235741288,-1.1421201403966474,1.229114764570582,1.2453730238731767e-05,1.1665101689335335e-05,3.9163535743757026e-05,0.0001310465250590476,0.3506004559823705,-0.0037717668213494895,4.186864849640255,44.79925658468053
36.150000000000084,1.5500807268784018,-1.1239068344664913,1.222623914617651,2.0400868363739226,-0.983098427052751,1.5471465222404692,1.568478176018356,-1.126782968052842,1.2282492970002048,1.2363867725896226e-05,1.171460705868406e-05,3.922061297934032e-05,0.00013103648054587567,0.35148015281211004,0.015027724483715029,1.091044392585449,42.76989103791599
36.20000000000008,1.556073903523257,-1.1074601485267959,1.2231791134817107,2.0405009389053843,-0.9654841652827254,1.547435785855182,1.5752758620369578,-1.1068479266092592,1.2238375880042884,1.227879237793493e-05,1.1765217482188156e-05,3.9275532357620313e-05,0.0001310254804770454,0.3523825766262409,0.005785272294247469,1.8700606724417586,41.48346987604661
36.25000000000008,1.5620575295556653,-1.091022678607229,1.2238448880726887,2.040905785398755,-0.9480535042920248,1.5477129929234197,1.5815151586477463,-1.0899179139088584,1.2072644610300651,1.2209151055231416e-05,1.1832382031847385e-05,3.9321195243634565e-05,0.00013101989107063995,0.34870723835486,0.005544141364755966,1.8691888823594398,43.55259407422458
36.300000000000075,1.5680441479116167,-1.0745648101595953,1.2245792901323758,2.04131297375814,-0.9304432446045363,1.547643452470422,1.5875495265641237,-1.0726753997220326,1.2143165212056113,1.2197620381831385e-05,1.1962570067375966e-05,3.9317052878229197e-05,0.00013101266205749678,0.3522993322427321,-0.0013908090599620124,0.854818914992024,42.271827412514796
36.35000000000007,1.57402426335711,-1.0580920337588022,1.2254586670147836,2.0417025780939033,-0.9131142022379813,1.5489912972109714,1.5929749087823903,-1.0574521649012334,1.2289306910223496,1.214923269827018e-05,1.2047857968758747e-05,3.934974984630517e-05,0.0001310114102134093,0.3466684562317023,0.026956894810980517,0.7036221483397253,42.02598658430644
36.40000000000007,1.5799805710950388,-1.0416511218643278,1.2264511142264813,2.042075476899143,-0.8954974817129779,1.5502730323809502,1.5981734013100368,-1.0412653776621958,1.2408970546528941,1.2047075146769654e-05,1.2062702137722486e-05,3.943432116523232e-05,0.0001310000640048087,0.3524133584766634,0.02563470339957588,1.6895958013110826,41.74649837078054
36.45000000000007,1.5859361271148598,-1.0251713428155314,1.227575843900736,2.0424082633015743,-0.8780985803988326,1.5530705589857439,1.6031351691492766,-1.025783131507875,1.2358615159353175,1.1906217637351918e-05,1.2024642179434297e-05,3.9552861605668556e-05,0.0001309904525371983,0.3480417855547366,0.05595053209587881,1.0179081141409454,37.82960189726175
36.500000000000064,1.5918764587269136,-1.0086891476364532,1.228817780178749,2.0427175054950033,-0.8607721014538317,1.5528299768496234,1.6088827149144591,-1.0084884238963165,1.2379918194200377,1.17966501604937e-05,1.2023012280155777e-05,3.96409048484225e-05,0.00013098316917699207,0.34658476874439614,-0.004811642722411704,1.0862221196291921,36.5751000777586
36.55000000000006,1.5978040585801074,-0.9921958586689618,1.2301519355646222,2.0430207445305375,-0.8433408267629048,1.5539736602483618,1.6147868671827723,-0.9908023749806303,1.2256824044489116,1.1683469633864058e-05,1.2012602265660821e-05,3.973520800760992e-05,0.0001309720322805956,0.34867826109076183,0.02287366797477929,3.3211816989131377,34.11569999720935
36.60000000000006,1.6037107740982013,-0.9757068575013677,1.2315888771967674,2.043303046250153,-0.8256667778506146,1.5556763731557837,1.6223793657957202,-0.9691739436170052,1.2311721459670935,1.1617829103977062e-05,1.2056923329351583e-05,3.978808557241275e-05,0.00013095611457668055,0.3535261091937083,0.03405425814844748,1.6766344707741048,36.124012705043015
36.650000000000055,1.6096053624644984,-0.9591926481998906,1.2331395600927268,2.0435581591053227,-0.8081614133630007,1.5567715234657635,1.6258396973070497,-0.9560666581988594,1.2331337941832121,1.1534407457442296e-05,1.2077402267634374e-05,3.9861447116269115e-05,0.00013094406842030902,0.35014448391879677,0.021903006199598198,4.62196678790938,30.02637506313299
36.70000000000005,1.6154785267223744,-0.9426719541827298,1.2348022335194406,2.043787417431058,-0.79026405456091,1.5592032956579214,1.6305291615811324,-0.9408489475559033,1.2424271357709253,1.1446018156899429e-05,1.2085021054934989e-05,3.994022471816361e-05,0.00013092401542207313,0.35797663015672915,0.04863544384315277,1.2232164633439773,28.075907897283738
36.75000000000005,1.6213254924814002,-0.9261461024558614,1.2366002411094459,2.043975933961575,-0.7726483187838186,1.5609869780565209,1.6344871636751674,-0.9292543797427536,1.2386259960366823,1.133151942794168e-05,1.2056325321683159e-05,4.0040775504264365e-05,0.00013091118652930605,0.3523349359531071,0.035673647971988826,2.124807886770472,26.34927813931303
36.80000000000005,1.6271473399175325,-0.9096117299287603,1.2385174206728635,2.0441359193482973,-0.7551497784411392,1.562320615630064,1.6403873192027087,-0.9113360796045143,1.2295110620524046,1.1237970955094522e-05,1.2051592030277399e-05,4.011908532869183e-05,0.00013090338894096283,0.3499854596040475,0.026672751470870552,3.1798159795105096,25.109270667769046
36.850000000000044,1.632947761125728,-0.8930545011297919,1.2405432280571707,2.044258242006537,-0.7375420958080218,1.565378024422432,1.6462147012522497,-0.8915896716883297,1.2413280613275575,1.1177426834604477e-05,1.2085807818081447e-05,4.017123784461856e-05,0.00013089398011412932,0.35216228762340446,0.061148175847365885,2.395016009092086,22.015692092547724
36.90000000000004,1.6387120741217356,-0.876497521795932,1.242721739369785,2.0443334230422363,-0.7200081878138426,1.5676391792449236,1.6536854811432913,-0.8694467833398594,1.2538479331380668,1.1079589960799186e-05,1.2070914100086377e-05,4.0264054075484724e-05,0.00013088478905863506,0.3506814581517082,0.04522309644983227,3.9021592538143053,24.97074423120985
36.95000000000004,1.644449581055213,-0.8599263759617133,1.2449889901308462,2.0443716892321304,-0.7024489881421975,1.569594946617789,1.6578868181887287,-0.8559184876650348,1.2563323233560446,1.0947994816937175e-05,1.2007590053770213e-05,4.03920155117653e-05,0.00013087225228687932,0.3511848833249634,0.03911534745731855,1.3630381204837603,22.382528101219396
37.000000000000036,1.6501485614213955,-0.8433497514985723,1.2474126930655403,2.044379136444037,-0.685175608061305,1.5711354308673275,1.6618375515902475,-0.8431271184680132,1.2543938035043993,1.0819640433637548e-05,1.1945978299559819e-05,4.0512275472548826e-05,0.00013086578911931267,0.34546766788505645,0.030809684990771816,1.368425370499046,19.36565738980179
37.05000000000003,1.6558188906455757,-0.8267389280522695,1.2499633680834346,2.0443567501284785,-0.6677351598389634,1.5730243933569534,1.6671533303817883,-0.827742509905568,1.2479478496674465,1.070800546218187e-05,1.19022711094908e-05,4.0615554857267984e-05,0.0001308549708873486,0.3488093036532889,0.03777924979251751,1.9563050714397479,18.77565574527715
37.10000000000003,1.6614546537988062,-0.8101082338757406,1.2526329465865087,2.0442915359205456,-0.6501636868328611,1.57599096275613,1.6705341246869165,-0.8159347610494769,1.260724986410306,1.0624265717797334e-05,1.1892110098146804e-05,4.0693065011890285e-05,0.00013084118177397494,0.3514320093193925,0.05933138798353958,1.889621970767338,18.214344677117786
37.15000000000003,1.667048635516285,-0.7934753301768547,1.2554025116359646,2.0441757389288884,-0.6328620147807923,1.5789871326981686,1.6756503750598255,-0.7980903736210408,1.267888103840285,1.0504498220519499e-05,1.1830032272565613e-05,4.08016918311964e-05,0.00013083328292623204,0.346041320474184,0.05992339884077363,2.719997253168659,16.482791253124162
37.200000000000024,1.6726024118008282,-0.7768130303181066,1.2583357985933705,2.0440018512941767,-0.6153246703921625,1.5824354258918802,1.6813355409127457,-0.7780602048777971,1.2727247364842462,1.037297938166977e-05,1.1746005228001828e-05,4.0926524123051655e-05,0.0001308186762002303,0.3507643025753049,0.06896586387424078,2.336540692784972,14.204210497872
37.25000000000002,1.6781071643551293,-0.7601461910615092,1.2614093036943514,2.043784583189463,-0.5979626010542848,1.5841838256486849,1.6854679423615468,-0.7626335293832998,1.2777152586208818,1.0241250581049445e-05,1.1659335130625424e-05,4.105462367582686e-05,0.00013080725036152948,0.3472686187517759,0.03496799513609927,2.748549370134812,12.38967232689949
37.30000000000002,1.683566240212039,-0.7434663827203951,1.2645979062150163,2.0435242532610927,-0.5805889594214201,1.5873749631809364,1.691095937164031,-0.7464761536462219,1.2724863239531778,1.0105071822513471e-05,1.1561681111236117e-05,4.1188764354711434e-05,0.000130795481215341,0.3475119862478596,0.06382275064502739,2.4956131783698883,11.375378131683487
37.350000000000016,1.6889811730674889,-0.7267589505265609,1.267912699887,2.043192227618648,-0.5631415509240378,1.592273264201113,1.6947508357266887,-0.7332246639181709,1.2809249927780924,9.995142459422272e-06,1.1498804522196535e-05,4.1296960816054125e-05,0.00013078210015846575,0.34901169790048664,0.09796602040354578,0.9897915691310447,11.459982387730003
37.40000000000001,1.6943436784732193,-0.7100413454867173,1.2713496450556452,2.042793407843562,-0.5456676087101132,1.5949588381962245,1.6991400052354153,-0.7188828144863854,1.2817311532715143,9.873356579036538e-06,1.1413122942472389e-05,4.14150653439321e-05,0.00013076850825286625,0.3495699628518759,0.05371147990223458,4.511625216035899,11.094139255161176
37.45000000000001,1.6996643838563386,-0.6932774000966175,1.2749015307963343,2.0423419430165812,-0.5280725055301768,1.597939657234547,1.7031138463713686,-0.7029767389111093,1.2829040759750985,9.760895132156076e-06,1.1336837312152237e-05,4.152570960121529e-05,0.0001307522745509674,0.3520180141895095,0.059616380766449865,2.5547386973178217,8.76587405463134
37.50000000000001,1.704919718517651,-0.6765243514198306,1.2786050196251333,2.041828982812655,-0.5105498146187137,1.6021843887390022,1.709327836344921,-0.6842905235136452,1.2739768522022832,9.653578301257054e-06,1.1265546172608772e-05,4.163327463443916e-05,0.0001307396880964964,0.3506042135320792,0.08489463008911272,2.694347929340556,7.885024266420639
37.550000000000004,1.7101242629955185,-0.6597326767958043,1.2824459042775187,2.041260377578933,-0.49297449521055015,1.604090671108497,1.7161784561661515,-0.6634089090992232,1.2707196652004562,9.586241286824154e-06,1.1252670628026542e-05,4.170665281485321e-05,0.00013072762694522818,0.35169035121777653,0.0381256473899016,1.341406347937523,8.499511110922409
37.6,1.715266535708522,-0.6429296026857536,1.286416232684792,2.0406323822418693,-0.4754115118440494,1.6089850430575119,1.7217776407127476,-0.6447811511466485,1.273148517234076,9.528796501409102e-06,1.1252735242692596e-05,4.1774087362206794e-05,0.00013071670669104806,0.3514844971945582,0.0978874389803107,1.7107297497275638,8.482979034439847
37.65,1.7203454456784013,-0.6260947532058502,1.290564611391783,2.0399211747566075,-0.4578566008729673,1.61358993632438,1.726899757469962,-0.6264738215582807,1.290414585182205,9.467909535147116e-06,1.1245823061770128e-05,4.1848214221802206e-05,0.0001307071993194724,0.3513865454202624,0.09209786533736442,1.6885440238657572,6.925226913435961
37.699999999999996,1.725359081876934,-0.6092503940832342,1.2948170315239984,2.039135979615439,-0.4403235809676087,1.6175104974593735,1.7305248045669817,-0.6108037977719172,1.2995434008474698,9.361751946896326e-06,1.1165752124938501e-05,4.1966249345144444e-05,0.00013069765479439767,0.35101208694790875,0.07841122269987498,1.7263760792949308,5.312953180721864
37.74999999999999,1.7303081558588058,-0.5923748412196034,1.2992131905840716,2.0382889527706585,-0.42286916439413413,1.6210619519478113,1.7352081854945682,-0.5951509599242046,1.2968637737797497,9.240800050701232e-06,1.105762837658789e-05,4.2096957322298573e-05,0.00013069004180060143,0.34949931809129225,0.0710290897687666,0.8704309208472343,5.184237167845628
37.79999999999999,1.7351894059730313,-0.5754752124762426,1.3037390543624516,2.037387741393323,-0.40558315112061083,1.6247069703910562,1.7406659841469014,-0.5742768213369187,1.311275615019186,9.139052272693822e-06,1.0979391371564552e-05,4.2208083553719566e-05,0.00013068610245520844,0.3461899874755691,0.07290036886489956,1.925335396893157,4.988737165414083
37.84999999999999,1.7400002946638655,-0.5585539521791616,1.3083902086319035,2.036411473036827,-0.3881581328241654,1.6288222970847572,1.7460693923692612,-0.555102056052596,1.3053038003006607,9.008407869670778e-06,1.0846338241266261e-05,4.2351001681056154e-05,0.00013067833889447464,0.3490471557847852,0.08230653387402066,1.5627884122076658,4.605906892261696
37.899999999999984,1.7447353218208304,-0.541614534458142,1.313197957767843,2.035361480997159,-0.3707013881145095,1.6329220314554167,1.7506671396882227,-0.539084490818333,1.3067982548392152,8.908019899980422e-06,1.0761412999140848e-05,4.246433868577279e-05,0.00013066964589036382,0.34976612043925237,0.0819946874131957,1.226276989286946,4.821380384106193
37.94999999999998,1.7493970196066815,-0.5246487798865235,1.3181333684053793,2.0342472420185356,-0.3535710235720792,1.6385769735265399,1.75458059817452,-0.523832189764354,1.3254290359258238,8.810335865107397e-06,1.0680649894119119e-05,4.257331586604731e-05,0.00013066863368002958,0.3433317364710577,0.11309884142247686,2.7893074580991253,4.737963960310621
37.99999999999998,1.7539858574191052,-0.507633860574962,1.323213699182585,2.0330124228806756,-0.3360879265928599,1.6440401181070294,1.7584492049486027,-0.5093396336923597,1.3311593408835147,8.676172431210748e-06,1.0524548417310546e-05,4.271862604154072e-05,0.00013065920489296396,0.3505334348129005,0.10926289160979652,1.1178567584902992,4.784929926087697
38.049999999999976,1.7584864987067015,-0.4906203255632211,1.328443243834784,2.0316837952178264,-0.3187308681913071,1.650348213551796,1.7622429794772367,-0.4930899240584141,1.3357575893370388,8.541851334043358e-06,1.0362311954571226e-05,4.286250899779337e-05,0.0001306521047437914,0.3481572820905395,0.12616190889533627,0.9127606966718169,3.9565587035919227
38.09999999999997,1.7629044496968578,-0.4735716778249758,1.3338349189764305,2.030261920587768,-0.3013340512681744,1.6543456760037545,1.7671014246940107,-0.4733657238680971,1.337430153761245,8.414917049650474e-06,1.020787696633161e-05,4.300117142390258e-05,0.0001306454372422,0.349096761505263,0.07994924903916976,2.58300288163594,3.1021765245464956
38.14999999999997,1.7672329510020386,-0.45651458857963456,1.3393610412777943,2.028755610725244,-0.28391764047613904,1.6597935293110648,1.7712533171076552,-0.4561648242242452,1.3364075090198977,8.296883669333983e-06,1.0064813426777504e-05,4.3131196911215426e-05,0.00013064006958048372,0.3496289977154304,0.10895706614621374,2.1387630016714256,2.621539221590466
38.19999999999997,1.771473842773689,-0.43942554177969184,1.3450435129000518,2.027171072341642,-0.2666647530276924,1.6649691170350511,1.774052030442275,-0.44379690720202025,1.3367824244878053,8.194206050160075e-06,9.949192460051518e-06,4.3245680091849004e-05,0.0001306398704135474,0.3465103503518727,0.10351175447973716,2.31841050868757,2.9396865193432276
38.249999999999964,1.7756301711590776,-0.4222952025597063,1.3508318700528035,2.025486979812109,-0.2492786385951066,1.6697494809305855,1.7781002405499773,-0.4263871449280789,1.3379626204908348,8.102780797275445e-06,9.849855443409172e-06,4.334767573130548e-05,0.00013063592347002163,0.349350095889915,0.09560727791069983,1.3724250181523918,3.3182596054650806
38.29999999999996,1.7796908291417464,-0.4051537594946545,1.3567564961184169,2.0236976425258115,-0.23189914738730005,1.677033852187467,1.7810477501475794,-0.41202538528203875,1.3640764968239,8.015227081679085e-06,9.753952253667927e-06,4.344592559918088e-05,0.00013063368715069196,0.34942798532993774,0.14568742513762803,2.635959184085546,3.1429253046833376
38.34999999999996,1.7836518810215918,-0.3879899953428826,1.3628517739967736,2.0217783718926676,-0.21437151002174804,1.682689118672294,1.785376484065454,-0.39212940122948853,1.366161252126032,7.881749181624562e-06,9.549556051937913e-06,4.359251507583256e-05,0.00013062880468352246,0.3526485502529048,0.11310532969654813,1.5814648968331906,1.759332254041232
38.399999999999956,1.7875236657835387,-0.37077915498800207,1.3690751396900354,2.0197705784576905,-0.19689058602461887,1.6876138429488856,1.7891614363231756,-0.37357121489476525,1.3602692428920262,7.761071410348606e-06,9.366834918807917e-06,4.372812477929598e-05,0.00013062800106891962,0.35191735622158304,0.09849448553184169,1.2461169156768024,1.4990675730855076
38.44999999999995,1.791289560276563,-0.35355586962658286,1.3754687239838048,2.0176738337368385,-0.179509708961296,1.6940888368226856,1.7931582866245175,-0.35466396744843287,1.363704567881717,7.665204715242325e-06,9.236402104353287e-06,4.383980950607879e-05,0.00013063094552076283,0.35013842790227845,0.12949987747600278,0.8305506167240218,1.6861564531767388
38.49999999999995,1.7949506783666525,-0.33630944478331315,1.3820108237121786,2.015467895686059,-0.1622911628323648,1.7023437627447056,1.7969263867450591,-0.33372246657239496,1.3724704555813734,7.570201110844738e-06,9.104627191480264e-06,4.3950534334808256e-05,0.00013063880956216818,0.3471865231911101,0.1650985184404074,3.310889087910018,1.1245485805282298
38.54999999999995,1.798512976551135,-0.31904022651898256,1.388683082585109,2.0131332549583028,-0.14512258525017968,1.7095575966218508,1.7997834189078352,-0.3194590734187352,1.383227109951191,7.468813454089836e-06,8.9522598692954e-06,4.406934694707142e-05,0.00013064899363073918,0.3465324835711215,0.144276677542906,1.5029648817875758,0.5048705873301074
38.599999999999945,1.8019548543915185,-0.3017329412270608,1.3955349716939773,2.0106137199585694,-0.1274970365968756,1.7160070293893197,1.8030853814860461,-0.30201684004065604,1.3840604745401937,7.361587861036987e-06,8.769700403615416e-06,4.4194889982005305e-05,0.00013064740939508788,0.3560949989994681,0.12898865534938922,0.41634475864021314,1.1649113966287914
38.64999999999994,1.8052847898443172,-0.284407718665701,1.4025160830962287,2.0080361311300305,-0.11026162608882714,1.7224890325537805,1.806743269704225,-0.2849081987507722,1.3882091266417884,7.263952984612649e-06,8.609718350067668e-06,4.430852936135336e-05,0.00013065538386166509,0.34854233770265614,0.12964006328922167,1.9805653614971623,1.847751534043721
38.69999999999994,1.8084973555619743,-0.2670463226635089,1.409630974223558,2.005294151318902,-0.09277889393660746,1.7302475504686754,1.8097238064382861,-0.269140757092738,1.3874809644632649,7.170398946446832e-06,8.448853157769735e-06,4.4419370519046166e-05,0.00013066027653455865,0.3539299070132538,0.1551703582978973,3.141261722545703,4.080187177927583
38.749999999999936,1.8115873381981384,-0.24969110475607953,1.416921723026695,2.002452215629904,-0.07548065546902107,1.7370167291062533,1.812883016348267,-0.2522278715323946,1.3861946312001319,7.089396663297185e-06,8.317715155541295e-06,4.451713314920866e-05,0.0001306687475253539,0.35060338046606737,0.13538357275156745,1.6314273038493123,7.577795931524557
38.79999999999993,1.814565815816448,-0.23225262413138775,1.4243831335869848,1.9994565873957262,-0.05803744400907381,1.7447298425447348,1.8153661493661086,-0.23866316381522854,1.3975060440114486,7.020209030419721e-06,8.2096500859905e-06,4.46021156430824e-05,0.00013067588707035927,0.35397229693759813,0.15426226876963467,0.9121435527498037,6.792631890384947
38.84999999999993,1.817412138341865,-0.21485265715538765,1.4319653709104183,1.996340270297641,-0.04068128179463813,1.7521788926935864,1.8187324295657905,-0.21611793095836007,1.4167955198151923,6.938215976776014e-06,8.06152305671462e-06,4.470051888242094e-05,0.0001306841562827714,0.3526750554860866,0.14898100297703798,2.1499077318650577,2.0621941007990485
38.89999999999993,1.8201357120062618,-0.19741556383675835,1.4397230377479382,1.99308880206025,-0.02341186268791724,1.7616144542345475,1.8201639705087171,-0.20129365442043454,1.4346726972688435,6.832335227024375e-06,7.831663635240608e-06,4.482517671296114e-05,0.0001307004274333371,0.3514582040942362,0.18871123081922805,3.2274879324458885,0.5968525009783643
38.949999999999925,1.8227330261488792,-0.17993681702238212,1.4476383348635118,1.989697990755395,-0.006185683215765868,1.768689852659735,1.8219064057592942,-0.18589670372521916,1.4505215597497152,6.715754317863875e-06,7.548427064508819e-06,4.4964231010677145e-05,0.00013071640072197867,0.3511353849542182,0.14150796850376454,2.0783572192984607,0.8614190043694737
38.99999999999992,1.8251966615481219,-0.16245792502432765,1.4557113811187705,1.9861486864548135,0.011202969568003325,1.775603229881927,1.8233702717966989,-0.1704325394882524,1.463836408310808,6.595734983306255e-06,7.222525166594138e-06,4.5110936150518324e-05,0.0001307296199059768,0.35494453714382207,0.13826754444385875,1.6506068076486815,1.9245810010539126
39.04999999999992,1.8275272224689094,-0.14494003367649322,1.4639396932433948,1.9824534812141814,0.028609099170733492,1.784364714197296,1.8262710467375276,-0.1488527410488409,1.4650388011233897,6.476752945501155e-06,6.867312237361036e-06,4.526044456817033e-05,0.00013074382694508403,0.3558819551387739,0.17522968630738323,1.5513061872068195,0.42225329563564673
39.099999999999916,1.8297180566366609,-0.12740507406403995,1.4723134797825697,1.9786441485291344,0.045803447035852374,1.7932761474373091,1.8280369040348505,-0.13016063134025582,1.4645234261078386,6.371820024551488e-06,6.554378746729859e-06,4.5396582906314014e-05,0.00013076647466311566,0.3522264422645229,0.17822866480026764,2.841539138741738,1.0431937557820563
39.14999999999991,1.8317687139784813,-0.10983943311118316,1.480846410284766,1.9747286559063526,0.06272795612885897,1.8030177058190837,1.829511949894455,-0.11188801934013516,1.4851759980201829,6.279191882263184e-06,6.284917180981645e-06,4.5520245325963284e-05,0.00013079222219666628,0.3474319944834293,0.19483116763550676,2.5662484410034905,0.8886966248929583
39.19999999999991,1.8336757749036205,-0.09226995751333833,1.4895459518485241,1.9706191143149736,0.07973947140881513,1.8126405947519313,1.830904308962891,-0.09748622566690802,1.4896546274010083,6.180342078577856e-06,5.94418410470151e-06,4.5652209449639825e-05,0.00013081760796133953,0.35001848390207174,0.19245777865697272,1.4128717361642669,1.417872659611632
39.24999999999991,1.8354369709384026,-0.0746680308758538,1.4983992328479725,1.9663785572581318,0.09661757738927115,1.8212541575936338,1.8322239748076423,-0.0810106942334985,1.4951171004540615,6.090915838908924e-06,5.6286755388216025e-06,4.57740165373372e-05,0.00013083997435113601,0.3480543969678344,0.17227125683405167,1.1669858162082858,2.16108322306026
39.299999999999905,1.8370486499542458,-0.0570697158577171,1.5074160077986343,1.9620203448767828,0.11335294623392668,1.82985995935808,1.8335391555764027,-0.06347686313539165,1.4990998729973608,6.0083671564518826e-06,5.3273280423183485e-06,4.588883477722947e-05,0.00013086450547774287,0.3458719018766217,0.17211603528892994,0.6909469539639166,3.111458205094268
39.3499999999999,1.8385049464179055,-0.03944168841737449,1.5165952315876874,1.9574329185394643,0.130315336187761,1.839989399956444,1.834258822025271,-0.04479442725177298,1.5158091586610993,5.934926241347557e-06,5.04222289336488e-06,4.5998229162306694e-05,0.000130883788821155,0.35143693230065604,0.2025888119672846,2.3401628936094823,3.187396832858221
39.3999999999999,1.8398028297083957,-0.02180315037046856,1.525911230317453,1.9526910531733754,0.1471623632089751,1.8503384728017895,1.835840328448306,-0.02173412776730004,1.5252553226556458,5.861102313530518e-06,4.706397312602293e-06,4.6112170956007897e-05,0.00013090578020795373,0.3500344785864169,0.20698145690692785,4.094500040910532,2.9991864606140934
39.449999999999896,1.8409458048923089,-0.00413350014724031,1.535378270364696,1.9478015818144108,0.16388525708204835,1.860160449901744,1.83657617038977,-0.006688616494794472,1.5389919345706344,5.79296618007508e-06,4.367016729248792e-06,4.6220519907184004e-05,0.00013093397643082887,0.3484620783325616,0.19643954199909286,2.2904212896942187,3.3170789945427845
39.49999999999989,1.8419800622408105,0.013426021826319898,1.5449694738733508,1.9427695110665892,0.18051999696203985,1.868936608538255,1.8371733290402659,0.01228627066319843,1.5490586317415982,5.729640133439209e-06,4.002760625671404e-06,4.632644419389037e-05,0.0001309588147040186,0.34758495104790543,0.1755231727302392,0.503118569601581,4.1569133682869195
39.54999999999989,1.8427733481464792,0.030694034220590295,1.55469310305786,1.9375176919442774,0.1973115246840898,1.8789104317927574,1.8380400366939176,0.033383521574503694,1.553309317546601,5.674729001659277e-06,3.6307869096135838e-06,4.642820431166001e-05,0.00013098170737161916,0.351874735287964,0.1994764650900504,1.490603081859454,4.830170458223776
39.59999999999989,1.8434353866286515,0.04833542923135773,1.564649363271749,1.93214675344427,0.21389636777421045,1.8890581768950323,1.8390180415094903,0.05545046942877811,1.5570564484000435,5.6262318696724644e-06,3.28526031719555e-06,4.652425599356551e-05,0.00013100777117431515,0.34865834774362164,0.20295490204551728,1.847011556332492,6.39001090353926
39.649999999999885,1.8439119224490947,0.06604520996210657,1.5747212142583284,1.9266134773209098,0.23039133720361654,1.8998473729845529,1.8389974161291593,0.0738538741952363,1.5708321225045125,5.583892794375287e-06,2.9640841246749304e-06,4.661517542217966e-05,0.0001310347240843519,0.3479678706565328,0.21578392179041414,0.930179461125331,7.094814690965278
39.69999999999988,1.8442086025676094,0.08374793138182125,1.5849397823659226,1.92087350106243,0.24691540791888428,1.9104061732542021,1.8386488723091696,0.09145590314885516,1.5849015289571389,5.5483945110844824e-06,2.612734975685774e-06,4.6701387688659705e-05,0.0001310588472369012,0.3498543030151761,0.2111760053929899,1.7225245074567528,8.002306714424147
39.74999999999988,1.8443322480728028,0.10147111850545218,1.5953153011063272,1.9149981120289825,0.26328455027651815,1.9204039017603218,1.8382113018888946,0.10618184874072045,1.5854659563569031,5.519914027929373e-06,2.233588106023992e-06,4.6780984907529566e-05,0.00013108157317883167,0.3478341773096177,0.19995457012239523,1.2443108867952535,9.331463208539864
39.799999999999876,1.844279221090361,0.11919623757374923,1.6058540825857766,1.9088603337094936,0.27985506158586326,1.9306586331783446,1.838391543779774,0.12568683262176472,1.5913916261772014,5.4977599823241205e-06,1.901683375125099e-06,4.685494748666783e-05,0.0001310977839039029,0.35341584805524345,0.20509462836046177,1.6903584216452239,10.380532523731777
39.84999999999987,1.8440475020924165,0.1369078028829268,1.6165620343770981,1.9026361690960025,0.2961167416640508,1.9420303624884623,1.8379765282155263,0.14313191193045266,1.6003627078882623,5.479069410660525e-06,1.578217399834866e-06,4.692325503434465e-05,0.00013111909717014518,0.3482445872218872,0.22743458620236995,1.6215804666032758,11.131661410783789
39.89999999999987,1.8436325323866356,0.15463256422525656,1.6274445826015052,1.8961265364690667,0.31257074042656713,1.9530226163642084,1.8374230705858445,0.15898101455829758,1.6104255734076185,5.4682587754807995e-06,1.251001370161146e-06,4.698557272501344e-05,0.0001311365850215538,0.3538997287227207,0.21984507751492918,0.46559808384447493,11.113020642281212
39.94999999999987,1.843032655415621,0.17233362063189325,1.6384832811133987,1.8894976792698914,0.32877836167086033,1.965045385163302,1.836440244412934,0.172263944553585,1.6209856816142052,5.4631393595894405e-06,9.094849031400752e-07,4.703913859549865e-05,0.00013115397643646983,0.3502184619425083,0.2404553759818816,3.08281294420377,11.624092174034258
39.999999999999865,1.8422433080285294,0.1900621040689853,1.6496840578215577,1.8827146183064376,0.3448227098996427,1.9765070121746096,1.8356958254597333,0.18780674095695937,1.630476352688575,5.464395957630121e-06,5.577494642925157e-07,4.708641465814229e-05,0.0001311714806638937,0.3483873407145526,0.2292325402261656,2.074648993040478,12.171728294943978
40.04999999999986,1.8412620567679263,0.20777561432399563,1.6610551403141556,1.8757647724603015,0.3607868670987426,1.9862786995041546,1.8343015992882203,0.20829464785437352,1.6438307673707548,5.471683227910723e-06,2.058640661956154e-07,4.7127959324494576e-05,0.000131188848486502,0.34822813477559916,0.19543374659091176,2.436239827682439,12.487291817145948
40.09999999999986,1.8400839711674362,0.22548465114189836,1.6725992317597025,1.8686323726301843,0.3767272707275087,1.9967626130143294,1.8327629768583902,0.22766738370674344,1.6637321279033666,5.490022346698998e-06,-1.7323658993701429e-07,4.716400907752795e-05,0.00013120676175928781,0.34926802803069323,0.20967827020351704,1.6783394730498298,11.230907506251619
40.14999999999986,1.8387086842336218,0.24318040642630176,1.6842988260913954,1.8613036691768703,0.39263910631894744,2.008067856165159,1.8309484808503511,0.24509609365719467,1.6788787216890357,5.527703032766814e-06,-6.105011939760338e-07,4.718396528963385e-05,0.00013122420848266818,0.3503710461103753,0.22610486301659619,0.5558556166521632,11.727765940670508
40.199999999999854,1.8371339903158137,0.2608478921086525,1.6961675573792194,1.8537663998748966,0.4085170601726879,2.0199323408451173,1.8294854350155418,0.2558951079868799,1.7018993468744448,5.580942899722612e-06,-1.0716575037969567e-06,4.7187813602290236e-05,0.00013124009725912967,0.35152437805745806,0.23728969359918242,3.8746856578952182,11.361738145706816
40.24999999999985,1.8353510830521305,0.27852449166766524,1.7082021413497541,1.8459993824648258,0.4243775988895804,2.032419080573817,1.8268377699647098,0.274536944987987,1.714924446888677,5.6624361681755706e-06,-1.593611643752958e-06,4.716807194405083e-05,0.00013125306748052782,0.35320662521443047,0.24973479457399544,1.5006665829339432,13.679222174760074
40.29999999999985,1.8333672310857931,0.29615426232062464,1.7203971155823996,1.8381169657591117,0.4399944187609849,2.0440366721913072,1.824293487370983,0.2938846682697771,1.7282625091486068,5.754780820163842e-06,-2.1132613085135167e-06,4.713986391130657e-05,0.00013126889613849024,0.3498691172048371,0.2323518323498209,0.4920470885797817,15.012901943453379
40.349999999999845,1.831165431409693,0.31379364615984673,1.7327558170042803,1.8299405622500735,0.4557164728549028,2.056688226174648,1.8212427707944487,0.3151830559835937,1.7337617926540076,5.862939412718959e-06,-2.6355804849175867e-06,4.710050366810518e-05,0.0001312832583118751,0.3544238976593659,0.25303107966683336,1.2726249716015736,17.20086425931484
40.39999999999984,1.828758429524926,0.33139009115007256,1.7452718443581516,1.8216506735082214,0.47118366107203685,2.0689140808706963,1.8184579278793027,0.3318213357846469,1.749062793956571,5.967912844217264e-06,-3.117784422214497e-06,4.706249812558417e-05,0.00013129780231472236,0.350975784130479,0.2445170939209662,1.2875589972191537,18.370762866364004
40.44999999999984,1.826137849429005,0.3489386608232994,1.7579156784512575,1.81319090771818,0.48650172763518446,2.0818529775067223,1.8148087567189437,0.34927106636571614,1.7583035560086389,6.090745834640465e-06,-3.6167204191198468e-06,4.700457149559234e-05,0.0001313105704079926,0.3499800408684875,0.25877793272054067,2.1025713654416243,22.32432356794998
40.49999999999984,1.8233029914078482,0.36647384605547906,1.770773382140418,1.804338530822045,0.5020606683549189,2.094302409123829,1.8117129136224501,0.36352728083559005,1.7734925381984414,6.220564147422354e-06,-4.0945046878598664e-06,4.693991790153749e-05,0.00013131856612481275,0.35802198359116544,0.24898863234215496,1.008680331132711,24.307230823442826
40.549999999999834,1.8202487468821928,0.3839716370108395,1.7837118103353446,1.7953548599023998,0.5173804340777755,2.108024771745372,1.808374435115415,0.3813541077402101,1.7742266401461304,6.36890133956638e-06,-4.588765065521643e-06,4.685315075867789e-05,0.0001313263612782564,0.3551937579989744,0.27444725243086326,1.6073410162011048,27.304876645568708
40.59999999999983,1.8169842226926491,0.4013576052262861,1.7964626582863297,1.7863010749960633,0.5323480889919585,2.121582559814957,1.803847378305948,0.4011808476508874,1.8002010694066373,6.499178764123018e-06,-5.023528994410853e-06,4.67811397406844e-05,0.00013133607474038133,0.3498607734953419,0.2711557613917267,2.8217999278182426,29.190985392264736
40.64999999999983,1.8134986368460577,0.41866230802802384,1.8094731373059276,1.7769417815143285,0.5473725196075448,2.1342408556748325,1.7998289411903405,0.41823472092239417,1.8039471396271827,6.675841358101039e-06,-5.525229115783902e-06,4.6662689400524347e-05,0.00013134539154013617,0.35402489948295596,0.2531659171975183,1.0060075661149688,32.78389897873917
40.699999999999825,1.8098039885229493,0.4359030127580028,1.8226525255808688,1.7675432359447925,0.5620186581578288,2.1483998086555376,1.7964195660597955,0.43601335243997613,1.8103097483285184,6.840550561081772e-06,-5.984361656863022e-06,4.654996150600987e-05,0.00013135459292576467,0.3480500496688337,0.28317905961412115,2.8387222935086287,32.69303852301774
40.74999999999982,1.8059002068648482,0.45311321499656054,1.8360141438461326,1.7578887588607097,0.5765923268005351,2.1633625569409007,1.7924666417870476,0.4480449467600337,1.8412730447131667,7.002589939212341e-06,-6.415709438929646e-06,4.6433431368056036e-05,0.00013136241192285826,0.3496320621037334,0.2992549657072775,2.718132511647564,33.31723792642232
40.79999999999982,1.8017489230892365,0.4702790794470838,1.8495045381404658,1.7479623974601595,0.5911220037208738,2.176923815512742,1.7885475058508762,0.46494129283295105,1.83911593386265,7.2284777187075895e-06,-6.9310476712915056e-06,4.625398023752675e-05,0.00013136830345918853,0.3519368736599156,0.2712251714368395,1.4969297464401543,35.13440650959273
40.84999999999982,1.7974335702970428,0.4874517632210126,1.862829234742829,1.7379904017339427,0.6052947843656354,2.190947386913775,1.7846250471312424,0.4790828442685006,1.852432669412634,7.419213009165433e-06,-7.371359906317032e-06,4.610333753965622e-05,0.00013137519822134985,0.3465910163780128,0.28047142802067143,1.5539414091270514,36.49675077676007
40.899999999999814,1.7928683375112364,0.5045768181082064,1.8761867054243808,1.727677269645829,0.6195164502754541,2.2054851028605125,1.7803254659186813,0.4952213222276839,1.865810102746961,7.6268482490451185e-06,-7.814843447036337e-06,4.593301120517236e-05,0.00013137986216806168,0.35135276299393287,0.29075431893474957,0.9364357292188799,36.54715773677674
40.94999999999981,1.7880649962161925,0.5216653379601123,1.8896569485175683,1.7171804546153429,0.6335799144562894,2.218479677165343,1.7746146607829865,0.5170191400497132,1.8683391998658063,7.846636959432483e-06,-8.25738290591985e-06,4.575139321691074e-05,0.00013138446669241043,0.3509806172019844,0.2598914860966291,2.129713100690191,39.60729469045258
40.99999999999981,1.783031772894498,0.5386436573652145,1.9032826413784703,1.7063751575382649,0.6476512609968371,2.2328229934557218,1.7700908737633199,0.5297049538070158,1.893996304480444,8.050041531576115e-06,-8.655998839046588e-06,4.558186403906447e-05,0.00013138782308459295,0.354831021593743,0.2868663258075904,2.059327013867819,37.871573491540914
41.049999999999805,1.7777571706512265,0.5555800609784558,1.9171886655075756,1.6953813345757276,0.6615212461895037,2.249236384352413,1.7641858202224399,0.546392011976638,1.9130086526770187,8.314021604254849e-06,-9.117809217638237e-06,4.5351212953222256e-05,0.0001313912831580099,0.3539760810607004,0.3282678179338325,2.8941083734174855,40.037711080237735
41.0999999999998,1.77227631733918,0.572416415409206,1.931103856695509,1.6841852199942964,0.6752098716011723,2.263494066228917,1.7596231725713536,0.5596785550093187,1.9344631920837214,8.606645772842292e-06,-9.593414716742817e-06,4.508804399703659e-05,0.00013139478233490932,0.35368728851628545,0.28515363753009976,3.5962670341346468,39.874487083763086
41.1499999999998,1.7665796593131222,0.589114826860636,1.94512991474923,1.672871340105189,0.6886430916012619,2.2780319378071594,1.7540116080682395,0.5758988867774583,1.9433935143554493,8.939593686343846e-06,-1.0093502675971748e-05,4.478369397241077e-05,0.00013139901834688635,0.3512609915345161,0.2907574315648607,1.797190456760659,41.20708349493059
41.1999999999998,1.7606201114879556,0.6057147809776888,1.9592566058674925,1.6613911123040466,0.7018697115162362,2.293222704436486,1.747775651134553,0.5902031370242761,1.9641415482661237,9.264772949526199e-06,-1.0564176559641272e-05,4.448565443512841e-05,0.0001314038391435737,0.3502827448715221,0.30381533258654403,1.0718193188699587,46.083926113027935
41.249999999999794,1.754423380972193,0.6221816406703078,1.973400566634682,1.649680002757378,0.7149639779415665,2.3077609067085207,1.7397583239109364,0.6106132341221274,1.9849015277862199,9.62733236990616e-06,-1.1050215645034763e-05,4.41515163282968e-05,0.0001314072716926101,0.3513490206166874,0.2907640454407064,2.3103625952509037,47.97693275838129
41.29999999999979,1.7480044088920068,0.6385589580574392,1.9876833666802465,1.6378862085609325,0.7277668791413486,2.322621820302782,1.7331239350364074,0.627414708156963,1.9988329559498306,1.0026979706302169e-05,-1.1548433697592391e-05,4.377730565659266e-05,0.0001314119239054425,0.3481456231327803,0.2972182718852323,2.073994673313457,48.332106518876465
41.34999999999979,1.7413532481666731,0.65486358305989,2.0019753914087994,1.6257544313689334,0.7405366859691235,2.3385342690072406,1.7254775493845325,0.6451444342464056,2.0018905405082474,1.0436511579018833e-05,-1.2029863540770242e-05,4.339329912485526e-05,0.00013141462991329912,0.3522808713093132,0.31824897408918534,1.43285382555566,51.66134460755074
41.399999999999785,1.7344850185677,0.671051841382043,2.016452332840842,1.6136691985813991,0.7528642751238606,2.3540005211046857,1.7193599434522586,0.6604349972907002,2.007343549866743,1.0803243886817171e-05,-1.2457393434375151e-05,4.30423926104608e-05,0.0001314179455494474,0.3452698925009094,0.30932504194891497,2.1225641905903756,51.614475116179406
41.44999999999978,1.7273810172827484,0.6871515879836293,2.031079010888425,1.6011329979196414,0.7652527741684749,2.3702401477657986,1.7101387048048762,0.6805648583413955,2.0304864533140172,1.1148343636036619e-05,-1.2847597041125068e-05,4.271625199201114e-05,0.00013141945510355494,0.35249854608559866,0.32479253322228,2.1893918300390456,52.74968587906422
41.49999999999978,1.7200637382531678,0.7031190698358983,2.0458737784083474,1.5885637016112228,0.7772750338566178,2.386631289613458,1.7020074249590347,0.698090859823098,2.045976890146026,1.154699767550071e-05,-1.3262071273995077e-05,4.2329973764432363e-05,0.00013142160812123978,0.3478670498861626,0.3278228369531989,1.5067859870909792,53.61471438878741
41.54999999999978,1.712502352615017,0.719010773281739,2.0608232217293554,1.5758707684972375,0.7890262952475046,2.402766267098462,1.6943192599296835,0.7127316172548497,2.0692221570681397,1.1960819763785405e-05,-1.3668693045097109e-05,4.1923875606888866e-05,0.00013142379446397728,0.34595328386224655,0.32269954970009235,2.622522333978318,55.53047154664008
41.599999999999774,1.7047100508947757,0.7347942567290406,2.07623025657384,1.5630627543181845,0.8005118596016889,2.4183877410012107,1.6880723753042464,0.7260665513652497,2.087292751113093,1.2423847290890355e-05,-1.4087611183595164e-05,4.1465519947995897e-05,0.00013142667201554903,0.3440752443824633,0.31242947805499083,5.301152883912308,52.15079794034801
41.64999999999977,1.696700401420203,0.7504271866698634,2.0916637166245566,1.5497538158497934,0.812060989795072,2.435353904983984,1.6794855190968498,0.7411276782021995,2.104436072529187,1.2915206697042273e-05,-1.4498777673650915e-05,4.098103341196194e-05,0.00013142841303402907,0.3524302483440715,0.33932327965549075,1.30689328779114,56.13504234729408
41.69999999999977,1.6884236280570977,0.7659716464304586,2.1071912278334426,1.5363180251880857,0.8233388869547399,2.4512247403005922,1.6709596354136895,0.7578822580261962,2.1161143577375707,1.3420528514652299e-05,-1.4896460520894965e-05,4.0481356026466223e-05,0.0001314298169891571,0.35083779390550845,0.3174167063321741,3.553450088768134,54.27644739432853
41.749999999999766,1.6799170824001624,0.7813828131874347,2.1228112906343224,1.5226165450571083,0.8344619426724459,2.46815395816376,1.6612057283219663,0.775543183569305,2.130555193095068,1.3918368192943e-05,-1.5268421272643817e-05,3.9987287149543206e-05,0.0001314306010141299,0.35296479420948995,0.3385843572633731,1.9630879416782725,55.146134921717255
41.79999999999976,1.6711852220149477,0.79664667751364,2.138576250520957,1.5089267943241904,0.8451995788418539,2.484773806575263,1.651679380316171,0.7902802668920641,2.1490847128474106,1.4418706660413455e-05,-1.562306322953094e-05,3.948630756927206e-05,0.00013143267391574017,0.34797302970557387,0.3323969682300805,1.085552904145709,59.92033773572383
41.84999999999976,1.6622167956145688,0.8117905911164494,2.1545591244037863,1.494890790873482,0.8558125970481416,2.503588216411101,1.6439148124514489,0.8025697334261986,2.1607798285349125,1.4949974602827294e-05,-1.5968682399106013e-05,3.895090002994366e-05,0.00013143319343214704,0.35194015545638074,0.376288196716776,1.0201329455949517,60.418314647958645
41.89999999999976,1.653149525813776,0.8265751722144277,2.170854376683389,1.4806379067509343,0.8661980615733085,2.520194863859743,1.635597133566922,0.8145021767158921,2.166648498810157,1.546274556538108e-05,-1.6286232141388048e-05,3.843051362828267e-05,0.00013143344111306234,0.3527093572275304,0.3321329489728458,1.7355608459033067,65.79953996328817
41.949999999999754,1.6439937793679804,0.8410659607928255,2.1884534506373368,1.466459890961258,0.8761561245594778,2.538375013337326,1.6267579575881346,0.8278647952812818,2.1909670600958755,1.593763486166869e-05,-1.6572970110128036e-05,3.7941602123451815e-05,0.00013143534901842118,0.3465183505592325,0.3636029895516965,0.9704696130376725,66.09520405806559
41.99999999999975,1.634615950288487,0.8553886358577858,2.2063878960934913,1.4522614551661843,0.8857400346326395,2.5573142591640714,1.6155852294761583,0.8453183309758144,2.2014667975886146,1.6472109160023452e-05,-1.6863553891216344e-05,3.739085726051844e-05,0.00013143798922152426,0.34261096478100167,0.3787849165349387,1.693228145201305,67.50379929105937
42.04999999999975,1.6249872449069134,0.8695619613911244,2.2246319226327302,1.4376197800340154,0.8952219313687801,2.5765036610803964,1.607549784627702,0.8558674362511343,2.2316593880900273,1.698993393794213e-05,-1.712790555130246e-05,3.685382493471526e-05,0.0001314388041480191,0.3488806981659106,0.38378803832653136,2.8721855128654457,68.01776287535826
42.099999999999746,1.6151049532127382,0.8835540433000079,2.243066945858256,1.422773331931981,0.9044223791918921,2.59711353414351,1.5976846041656907,0.8686286446558533,2.2456681024605487,1.759756359146664e-05,-1.7395382275596112e-05,3.622725814558119e-05,0.0001314402522662797,0.3493285330971648,0.412197461262307,1.0894100869414922,72.26232556970523
42.14999999999974,1.6049814037954746,0.8973423667638045,2.2615004945258623,1.4076730265030895,0.9133712527120578,2.616108263898937,1.5853411541136837,0.8847338768554627,2.2682866819449474,1.8191746054365593e-05,-1.763794658001534e-05,3.561318210205854e-05,0.00013144064111841468,0.35106171826254684,0.37989459510855084,2.4496006932191703,75.57312242230196
42.19999999999974,1.5945968508150312,0.9109572586582928,2.2800506966284826,1.3925006395264155,0.9219864709972583,2.63423054660921,1.575954727671684,0.895780872228414,2.3024032147674873,1.8822004090056805e-05,-1.7865345761028884e-05,3.496017346961734e-05,0.00013144166360752344,0.34895939264868864,0.36244565420547337,3.889770972953446,79.19219906538014
42.24999999999974,1.5839686809816131,0.9243818178020721,2.2986976530550325,1.3769967608964055,0.9304180309272958,2.652758580162094,1.5672815201098145,0.9053968920545417,2.301735307474079,1.9549410851388923e-05,-1.8077820369300835e-05,3.4211010200560965e-05,0.00013144121920839055,0.3529704608962331,0.3705606710576985,4.302523093282613,82.72606811089273
42.299999999999734,1.5730917904104504,0.937607516577148,2.3175301017449823,1.3613848454967543,0.938530628398787,2.6719527829308003,1.5559567765150446,0.9194552642470906,2.315792313382741,2.017370869513533e-05,-1.8256843560314418e-05,3.3561354807714065e-05,0.0001314426417678537,0.35188386940652105,0.38388405537413783,1.9885901745902694,82.71245538085243
42.34999999999973,1.5619906799618033,0.9506242273245789,2.33651627615537,1.345765934225983,0.946264679188586,2.69167667957033,1.5448337634941918,0.9310849215331456,2.3428893103870063,2.078692319804438e-05,-1.8413791844782813e-05,3.29177390514227e-05,0.00013144304780958476,0.3485832921908201,0.39447793279061305,1.32851650902274,87.19983161116545
42.39999999999973,1.5506201997065747,0.9634592915651832,2.355712006828007,1.3298158180548716,0.953770031550139,2.711883482380732,1.5322115245518568,0.9450296242096272,2.356453993020752,2.1461112283159065e-05,-1.8548838209315653e-05,3.221350838266218e-05,0.00013144398954592355,0.3525604024018103,0.40413605620806636,1.7028921251573013,89.91188055061038
42.449999999999726,1.5387691209990606,0.9762824462484764,2.374391150393132,1.3138213159052707,0.9609064866910494,2.73195353896198,1.522225894511092,0.9553384231338058,2.367982408913633,2.2112780595080576e-05,-1.8660450352541698e-05,3.152751485767962e-05,0.00013144468024896798,0.35029324176255294,0.40140113162496455,1.3549670764293735,92.63108536612255
42.49999999999972,1.5267325498997306,0.9887926412922792,2.3926317468177682,1.297605291939066,0.9677574327775122,2.7517632388196853,1.5087441102790087,0.9694399691070066,2.381539152619534,2.273262378521426e-05,-1.8750180432116525e-05,3.0870952409459317e-05,0.00013144522161357924,0.35208239373152084,0.3961939971541348,1.7699240003429524,94.77697690221103
42.54999999999972,1.51443054662782,1.00113201878164,2.411539759462476,1.2813511942043079,0.9742549103422851,2.770850783341162,1.4942644464534478,0.9840905464358933,2.4016702254146685,2.3334145564730605e-05,-1.8820024112011964e-05,3.0228662717033312e-05,0.00013144560421466322,0.35009839251716296,0.381750890429555,1.886731085424401,95.344531010364
42.59999999999972,1.5019858426022776,1.0132224421519322,2.4313215367004557,1.2649944617453048,0.9804130459610704,2.792182994789017,1.4784390410635617,0.9987882835959881,2.4341852895154013,2.3962607936179227e-05,-1.8865813070181054e-05,2.955667392240256e-05,0.0001314460400274027,0.34955795807587026,0.4266442289571189,1.6260861345473465,97.98995485306118
42.649999999999714,1.4891389956802712,1.0252214869705738,2.4501020636125688,1.2483541483350005,0.9862995172099851,2.8109832195512965,1.4644620482221444,1.010838129300831,2.4406279163024722,2.466743379984043e-05,-1.88753402907606e-05,2.880868991534984e-05,0.00013144555721168074,0.3530211046053652,0.3760044952456029,1.2756398354784304,105.97492999280469
42.69999999999971,1.4760254666585642,1.036972967379978,2.4685084006869094,1.231610765037819,0.9918689292166952,2.8299607475932937,1.4524408804620033,1.0208205474689274,2.472031468734677,2.530583147815293e-05,-1.8872461510732254e-05,2.8124114417146304e-05,0.00013144483823370894,0.3529127819080306,0.3795505608399718,1.8139624603637365,103.88192115700268
42.74999999999971,1.4627523520875299,1.0484010989316133,2.4865918017138653,1.2150933399127948,0.99698325114411,2.852684921040476,1.4398726318404087,1.0305501104813177,2.5005698004570736,2.6023880334190197e-05,-1.8826322963581015e-05,2.7355820667792374e-05,0.00013144572841706966,0.3458291414837768,0.4544834689436698,1.8523644474692689,106.27739584144778
42.799999999999706,1.449081210869373,1.0597685449987988,2.5060201726055675,1.198162040272674,1.0018425249091674,2.871525525385289,1.4285379255167072,1.039136242697745,2.5070856850337897,2.6775240389769194e-05,-1.87396068428262e-05,2.655624417166403e-05,0.00013144562795837375,0.3523013639099414,0.37681208689629925,1.3817627520870994,108.30515598967212
42.8499999999997,1.435224127955152,1.0708770135669679,2.525801025593331,1.1813482669933784,1.006316469975851,2.8915354560358892,1.415272563207307,1.0491626897845752,2.5358098173281265,2.745229520852321e-05,-1.8648274109237805e-05,2.58265504184188e-05,0.00013144614081335616,0.34798233128203565,0.40019861301201487,2.533551200276686,109.16595988792108
42.8999999999997,1.4211470431668922,1.081739403629236,2.5457482721380793,1.164304387274906,1.0104656256806601,2.914060397974291,1.3994680598029312,1.060986800355636,2.548015025493476,2.817942739019718e-05,-1.8507546172607396e-05,2.5046201595950935e-05,0.00013144619776715643,0.35084032808935306,0.45049883876806485,1.0027637301773167,112.79717463141868
42.9499999999997,1.4068513786884935,1.0923355778286203,2.5658577744256292,1.1472563023715954,1.014236997481941,2.933698159722966,1.3853248360881156,1.0701397803463377,2.5737573870961636,2.8853562732424663e-05,-1.8359605952165104e-05,2.431689280661256e-05,0.00013144600735407494,0.3492106765631563,0.39275523497352116,1.1221354416547804,118.39312832405534
42.999999999999694,1.392571566266415,1.1024524187430713,2.584701318484971,1.1300722659945244,1.017674375567052,2.9546321484726814,1.3695121955615521,1.0807850819759672,2.585118987880014,2.9554994953699584e-05,-1.816747578461023e-05,2.35589536157955e-05,0.00013144533794192181,0.35049558621035903,0.4186797749943239,0.6706962873298117,123.28598042819203
43.04999999999969,1.3780763489632555,1.1122950035469181,2.603672692798534,1.112805852795134,1.0207485011565676,2.976164050966367,1.3568562817206824,1.0880384489618962,2.6064788994536565,3.0208979818129758e-05,-1.796929266386506e-05,2.2847370433205377e-05,0.0001314445034737998,0.3507655379796145,0.4306380498737372,0.9148933915268311,127.95956085268392
43.09999999999969,1.3634132203853917,1.1218455823288331,2.6227441659032236,1.0956886625972633,1.0234279331365939,2.9964722234660854,1.3452592560388643,1.095584638456811,2.6175642897462392,3.08609998875229e-05,-1.7741348681125428e-05,2.213389758123268e-05,0.00013144470098693252,0.34651861298784264,0.4061634499943943,3.147201041518899,126.6474715759367
43.149999999999686,1.3485553559947687,1.131121381509899,2.6420440660223474,1.0780719112392323,1.0258075815228331,3.018180989320366,1.3344201933307196,1.1026493117526739,2.6309345610890826,3.1469955882277065e-05,-1.7507637910395738e-05,2.146471694059235e-05,0.0001314425042121281,0.35554187700795215,0.43417531708563833,4.108357505273428,124.13030218455336
43.19999999999968,1.3337022320876133,1.1400008409337303,2.6622931921545585,1.060777502390277,1.0277597457572587,3.0401991932350683,1.3165912107813946,1.1130189667713317,2.663517503634255,3.204515428089709e-05,-1.726514647990968e-05,2.0822490269081834e-05,0.0001314423125522596,0.34809180422784325,0.4403640782940575,1.6861282328293083,124.34160572496887
43.24999999999968,1.3187417299137567,1.1485530302597515,2.6832497719292707,1.043173885880809,1.0293489006383487,3.0629255053557465,1.2996996077649787,1.1221004744513858,2.690407582512343,3.267797308643761e-05,-1.6951737805041665e-05,2.012530943841957e-05,0.00013144152650578734,0.35351162593419033,0.45452624241359524,3.2810314727686163,128.07765980465905
43.29999999999968,1.3036582376353014,1.1568188994685018,2.7047393815368865,1.0259362860911199,1.0305079237678567,3.0859857458027733,1.2847848662686825,1.12999965784182,2.704224302209493,3.332877084680096e-05,-1.6590507310479868e-05,1.9409153880921843e-05,0.00013144044946284748,0.3455380780200406,0.46120480894055177,1.453958495389495,130.170587091533
43.349999999999675,1.288594887295221,1.1647709934050299,2.7271520285915467,1.0085231332669868,1.0312822562912458,3.108321603330321,1.266791058162414,1.1390812154558128,2.727487978666537,3.393485739161943e-05,-1.62291013172427e-05,1.8738044504984454e-05,0.00013144003113267457,0.3486144652309215,0.44671715055097944,1.714096898304466,134.5559706812912
43.39999999999967,1.2733441746901528,1.1724213744052001,2.749766971697054,0.9909843518475567,1.0316788258919134,3.129649383789129,1.254285474048846,1.146005276766084,2.7356268015741954,3.4539989817456794e-05,-1.58330365138404e-05,1.8070974411770308e-05,0.00013143834634550506,0.3508719354018521,0.4265556091761812,6.086133889979615,131.23824608438298
43.44999999999967,1.2579390531268921,1.1797163921697944,2.772563621377412,0.9736243585821746,1.0316775811455565,-3.1295059797755638,1.2382998746755198,1.1532218272439017,2.7685988683621545,3.50879160760527e-05,-1.5455043155789726e-05,1.7458324477424507e-05,0.00013143749327337018,0.34720821994346385,0.4805988722979069,3.5749119403270653,129.67786461451908
43.499999999999666,1.2423629353554093,1.1866531105358653,2.795549521176955,0.9560822682404472,1.0312655620601199,-3.1067130494315713,1.222069350349442,1.1598755670560672,2.7922868768291,3.5670270713859975e-05,-1.5001389668312538e-05,1.681454185588294e-05,0.00013143652546014273,0.35094616302691106,0.4558586068798729,3.0346677588792397,132.80191683935774
43.54999999999966,1.2266399883275194,1.1932234652283011,2.8186834821079016,0.9386950500406842,1.030457070926519,-3.0835408664207136,1.20479959169881,1.166085887087027,2.8250202712588948,3.62465139758339e-05,-1.4512613154636577e-05,1.61791914857337e-05,0.0001314350842462103,0.3481278912158396,0.4634436602171803,0.815225442066685,137.9478083572574
43.59999999999966,1.2107861072897805,1.1994226596243762,2.8419558835104626,0.9210649743294766,1.029221563714737,-3.0597141774325114,1.1905003347790202,1.1708326701234941,2.855054371421353,3.684192906272305e-05,-1.3949126276585273e-05,1.5532064169257642e-05,0.00013143298187874954,0.35347465251859095,0.4765337797640749,1.656316235760872,139.54937015220793
43.64999999999966,1.1947871311710263,1.205273334823081,2.865399970039605,0.9036480848266387,1.0275839544419125,-3.0359739397791436,1.1739700082242341,1.1764733161250023,2.862467079157902,3.74342212268274e-05,-1.3329903311770536e-05,1.4891580226179498e-05,0.0001314313958165541,0.3498823674670751,0.4748047530673776,1.7185128075628264,143.40722850467895
43.699999999999655,1.178576431566761,1.2107872565500646,2.8895580812615482,0.8862190297809193,1.0255267642237982,-3.0122340883084724,1.1601354870773566,1.1807199878207386,2.8940176946495626,3.795771213887683e-05,-1.276281532271107e-05,1.4322091357361645e-05,0.00013143055275848304,0.35100909230924987,0.4747970294134526,5.042795504023156,140.99620280608386
43.74999999999965,1.1622269287937772,1.2159363125683151,2.9140867274923075,0.8687462896383555,1.0230377146462124,-2.9879486769255004,1.141183272528617,1.1873784092776394,2.9087730673480285,3.8481393279381446e-05,-1.212611479584058e-05,1.375490310602904e-05,0.00013142849708701587,0.3529914025499604,0.485708227659464,4.150015123024066,139.3283953300521
43.79999999999965,1.1458193530451652,1.2206646719134882,2.9383304501937135,0.8514241746787276,1.0201441873246793,-2.9642082008085158,1.1224114613602512,1.1910709733510612,2.9353426638783597,3.89617054705544e-05,-1.1510557671585322e-05,1.3234412168589803e-05,0.000131426724574798,0.35125071020485155,0.4748095223397178,1.697347423046628,152.25875994116385
43.849999999999646,1.1293868410685495,1.2249590017597618,2.9623826312146666,0.8342019115124779,1.016834932725006,-2.939305042337393,1.1084998845059486,1.194689598516033,2.9655030417266364,3.942709993839793e-05,-1.0849533611378348e-05,1.2730757198545848e-05,0.00013142618551812414,0.3507554189605234,0.4980631694224772,4.59397556334061,145.3161610256416
43.89999999999964,1.1128134169001795,1.2288685551144556,2.986560831425502,0.8173051035170161,1.013157977396959,-2.9153366364470576,1.0910461455622884,1.1996163316789654,2.975750356446637,3.9876636079297546e-05,-1.013509201395141e-05,1.2244337094885912e-05,0.00013142616497605048,0.34585340052023117,0.47936811780673855,4.564509046008863,142.0197236746533
43.94999999999964,1.0961649498964776,1.2323709823411915,3.010929648566103,0.8003154012905253,1.0090358253185985,-2.8917947618079594,1.0761284347328472,1.201264714588695,3.016043001126139,4.0277753756404305e-05,-9.47232722221776e-06,1.1811742770118563e-05,0.000131425632649517,0.34966054165200716,0.4708374927819929,1.3685185426330773,144.5921317926397
43.99999999999964,1.079448308226591,1.2354656124646217,3.0354706790028216,0.7836151901264673,1.0045567817257555,-2.867318539491551,1.0587519033173989,1.2039059861717234,3.0360294121707216,4.067494452078348e-05,-8.696070859627791e-06,1.138553097220572e-05,0.0001314252770727904,0.3458171829379616,0.489524446328196,1.6632450573688007,148.0658804338892
44.049999999999635,1.0626525087926155,1.2381534716769984,3.060197209151163,0.7667048158364547,0.9995762097030118,-2.8430093338717217,1.0439544601576127,1.2057868348604308,3.0691415503749386,4.103671771140146e-05,-7.928360251206395e-06,1.100301064698657e-05,0.00013142384033397575,0.35258029462963536,0.4861841123966118,4.7684552479264335,145.48220017708482
44.09999999999963,1.0457942639563278,1.2404252643529872,3.0850267955572073,0.7501865814831803,0.9942540419410729,-2.816782150888428,1.0287947037045868,1.206840941506295,3.1028467626239653,4.137364027750213e-05,-7.0932257190091165e-06,1.0649586004657525e-05,0.00013142348459404865,0.3470992944716183,0.52454365966591,2.1602929426172914,148.25760737207187
44.14999999999963,1.0288983138497578,1.2422894265157036,3.110047005073591,0.7338904045224142,0.9885419582859509,-2.7921328800474536,1.0141246983656496,1.2084102251553288,3.1212602225104664,4.167738577822164e-05,-6.205240765115311e-06,1.0335789118753665e-05,0.00013142409635440522,0.34537422131027157,0.49298541681951386,3.050737164537306,143.6350955648883
44.199999999999626,1.0119649761574112,1.2437447933078152,3.135212967556647,0.717261524996464,0.9822462867585585,-2.7672085826537853,0.9976648215984574,1.2098303010860745,-3.1408378072663705,4.194062736472903e-05,-5.347446069611223e-06,1.0070270477137903e-05,0.0001314228723226048,0.35562422955528106,0.4984859478733953,3.110922591470867,141.35780692245592
44.24999999999962,0.9949939502496117,1.2447818592751025,-3.1226576688168373,0.7011889286506704,0.9756964044622384,-2.7420345327127156,0.9843037519999012,1.2106760300178507,-3.121841420012589,4.216573242252741e-05,-4.501692832949946e-06,9.842528619983241e-06,0.00013142325722851153,0.3471283452186523,0.5034809988214254,4.7696804234945205,136.83624279771817
44.29999999999962,0.9780070425488431,1.2453910379062836,-3.0971928376437727,0.6852090876717849,0.9687063658080335,-2.7164498382289515,0.9702866408224248,1.2109677140592996,-3.089630512908827,4.235413100591614e-05,-3.677754720760105e-06,9.65334710281798e-06,0.00013142374835788348,0.348845268294126,0.511693889675315,4.337368573271838,133.7034816804316
44.34999999999962,0.9610099540767744,1.2455766092088714,-3.0715827611723703,0.6693519917070886,0.961289442561336,-2.6917268436160935,0.952910774256047,1.2112878987884916,-3.069235212027236,4.249943819153231e-05,-2.8067852675526487e-06,9.510074588303013e-06,0.00013142414508729948,0.35012789261852967,0.4944598922571881,3.056610882435706,132.67498515253791
44.399999999999615,0.9440302465284827,1.2453279302616853,-3.045773277524999,0.6536566933079443,0.9534628109061751,-2.6663069499684706,0.9325512930926677,1.2109030338238702,-3.048572731779363,4.260925370128338e-05,-1.954626264007903e-06,9.404812807164578e-06,0.00013142446370567498,0.3507792005678628,0.5083978729524818,2.0944748183218342,136.47043772181675
44.44999999999961,0.9270426050519118,1.2446472557292523,-3.01978403743039,0.6382466332308191,0.9452755455999241,-2.6401425496596165,0.9202502145614639,1.209959345274374,-3.03275919813003,4.2685675240632406e-05,-1.117137791209761e-06,9.335087442885787e-06,0.00013142612758551762,0.3490092471865913,0.5232880061771147,3.4432473081538406,137.39293856989414
44.49999999999961,0.9101057863718445,1.2435370097733847,-2.9936432635452634,0.62324364214629,0.9367981194069286,-2.614395281001045,0.9074868238164497,1.2095277527598924,-3.0149395499756313,4.273196921211962e-05,-3.2183478525033086e-07,9.290890023186447e-06,0.00013142810040288222,0.3446580344609891,0.5149453731714561,4.722469590006616,134.31309482147103
44.549999999999606,0.8932008714230764,1.2419999353811073,-2.9673755279175515,0.608190983596354,0.927780725971783,-2.589339055435001,0.8910539056696267,1.2086361149432114,-2.9871499870142624,4.2747577716158084e-05,4.4639314431613073e-07,9.276692730081357e-06,0.00013142915613283186,0.350948442224355,0.5011245113209133,3.723736629447303,128.5891532477652
44.5999999999996,0.8763309425369105,1.240007120613014,-2.9409569843815344,0.5931582558355211,0.918248984285742,-2.5636619621908547,0.871747120109848,1.2071765762896816,-2.9633695819649537,4.2718324104876366e-05,1.2435192972625968e-06,9.31001801838919e-06,0.00013142987477196574,0.3560080965225485,0.5135418648829557,3.814601246568388,125.68633899233998
44.6499999999996,0.8595270224527157,1.237578326865099,-2.914425835374409,0.5787126963614192,0.9085567012065878,-2.5375957507461,0.8548326601593332,1.2035058893130297,-2.9282156818437226,4.2652742741974306e-05,2.043159920678652e-06,9.37896517046162e-06,0.00013143245678651105,0.3479262419592619,0.5213242288951208,1.0134169159726398,129.84424000633317
44.6999999999996,0.8427942097763793,1.2347192630023653,-2.887773740249167,0.5644886191748646,0.8984572278480748,-2.5107423851005213,0.8374930330095035,1.2009607129857662,-2.8981876941567095,4.2523942894396356e-05,2.8975458993675373e-06,9.51494582072312e-06,0.00013143501615524655,0.34890802340473664,0.5370673129116079,2.9171991880917214,124.80681431500619
44.749999999999595,0.8261470723124675,1.2314128029854554,-2.8608783475223665,0.5504900776536631,0.8879262304426381,-2.482509567811559,0.8183295718655255,1.197799365555802,-2.878427999069417,4.234370775424034e-05,3.770464143937068e-06,9.708659885896386e-06,0.00013143780684832742,0.3503606455798922,0.5646563457792805,2.620061690307168,124.37326427294086
44.79999999999959,0.8096080902426037,1.2276716099207527,-2.8338221596742836,0.5368330226785188,0.8770488753593332,-2.455513274696741,0.8048871932213791,1.1942451152871658,-2.8471749685939773,4.2143014942659136e-05,4.603469186435717e-06,9.925559222151544e-06,0.00013144085338823074,0.3491993804901732,0.5399258622963876,2.155086541956779,120.9427814718995
44.84999999999959,0.7931652022525549,1.2234957021674757,-2.8065710270124895,0.5235622652261072,0.8658572861900312,-2.4264574066291855,0.7890819536447023,1.1890809843203183,-2.7937368485983156,4.1881359379393494e-05,5.457501183481728e-06,1.0206040072711835e-05,0.0001314431806380769,0.34720937457766615,0.5811173613511421,4.355448593001388,121.31307720656868
44.89999999999959,0.7768561667934766,1.2188696518878714,-2.7792335937368793,0.510547690522184,0.8542493398589671,-2.4000629535174363,0.7751754728932553,1.1842155242434316,-2.7696027847756324,4.1496081354178945e-05,6.40177288146854e-06,1.0622984650220377e-05,0.00013144659383894808,0.3487929067164577,0.5278890622350165,2.7716072135891423,122.97036368093302
44.949999999999584,0.7606745938348093,1.2138049254919758,-2.75172898236876,0.49794641161159586,0.842383261820112,-2.372404418086763,0.760025746024906,1.1791146456613324,-2.7446493964881946,4.108310279978343e-05,7.3038255129573315e-06,1.1071975286176617e-05,0.00013144949765140441,0.3461878900535929,0.5531707086134973,3.7602491787563475,122.6467542222133
44.99999999999958,0.7446351362927837,1.2082983142620074,-2.7240797911023265,0.4855969220540235,0.8300668408329798,-2.3426658783246097,0.7421462362886732,1.1722787134578068,-2.711506923936482,4.063718268178789e-05,8.16945314797684e-06,1.1558479489933601e-05,0.00013145185440733867,0.34884182009142234,0.5947707952430968,1.8767472368184746,127.39193163931711
45.04999999999958,0.7287526840837166,1.2023511273896226,-2.6963344676336667,0.47354049838841894,0.8173376550584379,-2.3154499188251583,0.7253027058530547,1.1663122812110818,-2.6893839580890466,4.013381881057406e-05,9.018468174039552e-06,1.2105994890354145e-05,0.00013145396138076587,0.350661373193485,0.5443191899890599,3.6794818297660394,124.00041135267203
45.099999999999575,0.7130572240006463,1.195983094983569,-2.6684214242715165,0.4619025781631772,0.8043498190860237,-2.2874142181046073,0.7117943453016384,1.160103139382297,-2.6689309301233424,3.961269598781204e-05,9.815838282467486e-06,1.2669670495526817e-05,0.00013145715955071116,0.34879506384323594,0.5607140144110537,2.1635335163934495,125.13458363703867
45.14999999999957,0.6975321254673592,1.189181252857565,-2.6404125064342434,0.4504777469167772,0.7908408051935903,-2.2581855008680165,0.6989347616307195,1.1539015227875447,-2.643393146324352,3.907802999724169e-05,1.0560169818671668e-05,1.324493138033783e-05,0.0001314578183944658,0.35386014819723505,0.5845743447318522,1.797280241578444,124.55291358006822
45.19999999999957,0.6821919545473847,1.1819460883942114,-2.612188970838507,0.43963528253618744,0.7772337979228319,-2.229016551804635,0.6829502965611218,1.146076022517341,-2.6118126317373265,3.850757511124632e-05,1.126783762151208e-05,1.3848480348453706e-05,0.00013145981194715751,0.34798341594753046,0.5833789812676604,2.667624893132202,124.8266575547875
45.24999999999957,0.6670789157168521,1.1742953184075775,-2.5837866667464513,0.42918743505177515,0.763303766261886,-2.1996080666779196,0.6697001832221803,1.1384148569697798,-2.5809136523562435,3.787539538560286e-05,1.1953606214710848e-05,1.4511269858428581e-05,0.00013146149976166581,0.3482672263761247,0.5881697025343401,1.4741081288292273,126.57487553179817
45.299999999999564,0.6521862704215946,1.166232255784877,-2.55527031454841,0.4191655514478683,0.7491099757105204,-2.1715679032487705,0.657198420001647,1.131333647796184,-2.5555406546737838,3.7192373630727695e-05,1.2607859478220595e-05,1.5222424927607996e-05,0.0001314625425333879,0.3475178400275015,0.5608032685830124,2.5443057112714547,124.5039487376578
45.34999999999956,0.6375162715823657,1.1577532818761425,-2.5266275384216925,0.40943675000377977,0.7344760092679223,-2.1434564363357063,0.6440542232726217,1.1222360852759738,-2.533676851931138,3.648649572162436e-05,1.3216592186370904e-05,1.5955686126208243e-05,0.00013146254918003952,0.35146714682173175,0.5622293382613178,3.0142977596733793,133.1304292694733
45.39999999999956,0.6230976268902335,1.148860884448943,-2.4977879725571395,0.40017160883898223,0.719667062810191,-2.116262011610624,0.629243628949216,1.113255987822573,-2.5169100733968426,3.577464181387283e-05,1.3773338174456905e-05,1.668725676715502e-05,0.000131462639238771,0.3493803327895814,0.5438884945016745,3.126353034989544,136.1316751464571
45.449999999999555,0.6089413550482611,1.1395756969723418,-2.4687876964323525,0.3914081234182518,0.7047606180358631,-2.088279160697488,0.6138292275872289,1.1027675851129137,-2.4808736174601678,3.5076826533066776e-05,1.4275877333744673e-05,1.739556798076925e-05,0.00013146254269331276,0.3458440597084774,0.559657018262748,1.7097359543436796,135.8578845629784
45.49999999999955,0.5950669604712039,1.1298862289032154,-2.4396107485738807,0.3829405236161088,0.6893804360834112,-2.059848302659663,0.6028860522894396,1.0940352515918366,-2.4434229522177535,3.429347968940099e-05,1.4751152612086872e-05,1.8186863752033634e-05,0.0001314604112660474,0.3511529625182073,0.5686171607565392,3.9727118288629097,134.141320313761
45.54999999999955,0.5814693619818995,1.1197967147367822,-2.410295823629811,0.374957044998596,0.6738380691195361,-2.030774556447792,0.5892376185758015,1.0833414099302177,-2.4232166697780575,3.342786775234263e-05,1.5190373336102022e-05,1.905911935628841e-05,0.00013145962945011828,0.34946965994992285,0.5814749242374527,2.344617314924981,139.00846602522654
45.59999999999955,0.568178831789051,1.109320498593123,-2.3808527742663412,0.36738367869511723,0.6579395908486788,-1.9999295122135774,0.5768551270090659,1.0720053271421437,-2.392861083167932,3.257632583913098e-05,1.5576669347681676e-05,1.9915359568528047e-05,0.0001314568286196884,0.3522170224429835,0.6169008846843245,2.6451063419142127,145.6818708516755
45.649999999999544,0.5552162503437994,1.0984723418574343,-2.351350652343173,0.36042738013378534,0.6421027826746144,-1.969417783932809,0.5664667617366397,1.0628291561727876,-2.353666540509585,3.168852266919971e-05,1.5918310991454755e-05,2.080556999787127e-05,0.00013145285608515058,0.34595826080697406,0.6102345656153992,4.084961028657844,139.27518986030526
45.69999999999954,0.5425534776198281,1.0872333638298373,-2.321718804385752,0.3538647972619248,0.6258459050368232,-1.9395250774547812,0.5558822916781129,1.0513626380524714,-2.324410071611533,3.072648323249794e-05,1.620772031166428e-05,2.1774045680465675e-05,0.00013144827443815644,0.350643096284377,0.597854129560591,0.5377728870275787,147.3118543840966
45.74999999999954,0.5302369244540469,1.0756369932619092,-2.2918700042847266,0.3478027002244511,0.6094217867683235,-1.9092388737535055,0.5467936242034375,1.0413723489105742,-2.2981013154655017,2.9750287042924116e-05,1.6443457232582527e-05,2.2759015095778838e-05,0.00013144139196752006,0.35015659966101564,0.6057240740255477,2.3837182148217115,150.52767728224433
45.799999999999535,0.518261871819383,1.0636903333599514,-2.261913812697896,0.34225477169434854,0.5929124089337048,-1.8807356838027016,0.5341680895374273,1.0288993866188898,-2.264825671320437,2.8781604904931996e-05,1.6625301939001594e-05,2.373275440636722e-05,0.00013143653254704606,0.3483444302154316,0.5700637990161092,3.469594028116108,148.06985153874314
45.84999999999953,0.5066309271380687,1.0513823626159566,-2.231834171833877,0.337188420740416,0.5762228712486375,-1.8503044694024582,0.5210509761117859,1.0144912324662805,-2.2342444369852434,2.7775778103970867e-05,1.6745617410742855e-05,2.474362681434888e-05,0.0001314289817567434,0.3488449841805162,0.6086242880049051,2.5141925051062115,151.61970296135442
45.89999999999953,0.4953902970405141,1.0387526689919082,-2.201624368968868,0.33262191627612736,0.5593547592900928,-1.8200503634763583,0.5114126336992013,1.0029513189567323,-2.194071985499421,2.6758574564792083e-05,1.6805652465501325e-05,2.5763707833324886e-05,0.00013141962172779872,0.34951936068961237,0.6050821185220328,4.308866473477794,148.287869395218
45.94999999999953,0.4845336847092751,1.025781135542791,-2.1712680223414904,0.3285167783723989,0.5421240447115249,-1.7893127901793484,0.5022361737973529,0.9905423548337842,-2.166437236913063,2.5689672492175988e-05,1.678727741984693e-05,2.6841511630199005e-05,0.00013140825323722225,0.35427355858461446,0.6147514659402339,2.247955876678598,150.98863454498786
45.999999999999524,0.4740803223529908,1.0124981881047304,-2.1407810129339726,0.3249740586481697,0.5249952394976963,-1.7601847035746345,0.49337510361173187,0.9780821032662279,-2.135478449976361,2.4645500176480697e-05,1.6716507083053438e-05,2.7893806565531187e-05,0.00013139756775424764,0.3498390850746387,0.5825617320943088,1.8217440668273928,152.0811246490854
46.04999999999952,0.4640261618442464,0.9989053526554784,-2.1101621979217984,0.3219003011540799,0.507548895204553,-1.730195428890829,0.4868103358455359,0.9686755763297473,-2.1124483780457255,2.360599370751701e-05,1.6582967938841646e-05,2.894532568421201e-05,0.00013138444223552347,0.35431423074858814,0.5997854936761436,4.320084390876749,147.70489926522416
46.09999999999952,0.45439069979928776,0.9850146614148556,-2.079324671407173,0.3193967385747355,0.49020872119384845,-1.6981741685499099,0.47908742521451697,0.9565158477062118,-2.0863786282120604,2.2607874907868527e-05,1.640867524321661e-05,2.995583860820509e-05,0.00013137325177772267,0.35041443434405356,0.6404252068184185,2.313814317383702,149.87399587322835
46.149999999999515,0.44519085677106585,0.9708487511540183,-2.048293315323978,0.3174740455693829,0.4730691000487698,-1.6668409642366646,0.47317833322427355,0.9466465422642238,-2.0537679216892526,2.1638021709131117e-05,1.618941720674159e-05,3.0933815785930944e-05,0.00013136167063521322,0.3449566345463122,0.62666408626494,4.557048300317464,147.3349673972833
46.19999999999951,0.43644008491687947,0.9564058953847885,-2.017265533174234,0.31608057309613224,0.45596960892947896,-1.637376417165494,0.46445366402995203,0.9317686696973791,-2.019494831998845,2.0671665541171913e-05,1.5906077364531898e-05,3.1905372438339324e-05,0.00013135109167342627,0.3431359247268435,0.5892909414234433,2.1145363238655355,148.41774487176292
46.24999999999951,0.42812510355574335,0.9417023026054071,-1.9860985643911298,0.3151873827838271,0.43851772141267975,-1.6064873126209493,0.45674692751939167,0.916331465264757,-1.9822004287565511,1.9701854022382482e-05,1.554543904991997e-05,3.287809786765215e-05,0.00013133350515749575,0.34950848234761395,0.6177820908909307,3.9185675981957897,153.92637639385106
46.29999999999951,0.42027361482337133,0.9267301946130475,-1.954794901636061,0.3148451234068807,0.42097624153293717,-1.5741232524515796,0.44970514472373385,0.9013915396160247,-1.9584376779359072,1.8728306388866573e-05,1.5101273139339939e-05,3.3858965205982854e-05,0.00013131225586354437,0.3509116855869704,0.647281203387432,1.9031626258058263,159.7100174361944
46.349999999999504,0.41288923817225837,0.911538261530428,-1.9232806314326434,0.31506201399525235,0.40321429483395116,-1.5430486759792943,0.44307844426796217,0.8857762411861141,-1.9200260166759142,1.7812958924544796e-05,1.4631651399193472e-05,3.477929951644638e-05,0.00013128913306904394,0.3552797117843356,0.6214915294457414,1.3881382291352868,164.41047956723645
46.3999999999995,0.4059847657253418,0.8961489275152681,-1.8916022106806356,0.3158320823293135,0.3855789679188634,-1.5112669504379315,0.4369383020909111,0.8703525740922131,-1.8870807573858432,1.6899972120280336e-05,1.4074301699268986e-05,3.569725059203236e-05,0.0001312658845571595,0.3530574968121359,0.6356345108272918,1.5191177699857288,168.36813096830468
46.4499999999995,0.3995391794784321,0.8805069107085292,-1.85976558066824,0.31713392538520246,0.36830600694373455,-1.4798724714379121,0.431394854587171,0.8549538416522526,-1.8662515974664022,1.6019055167582234e-05,1.3461234724373875e-05,3.6583835260699295e-05,0.00013124489684800946,0.34645324177592807,0.6278895800004205,1.3819603158450549,174.94185433906028
46.499999999999496,0.39360298817880834,0.8647218160348025,-1.8278380372683394,0.3189846853142,0.3510318896842538,-1.4482532264939003,0.42657714466368174,0.8407872067277737,-1.8273250014361397,1.5206266753299405e-05,1.2846610310089325e-05,3.739953142668076e-05,0.00013122303312054578,0.3474740777392495,0.6323848988802733,3.078958293307112,173.93359864526727
46.54999999999949,0.3881691573767016,0.8487291874684713,-1.7958487846002364,0.3213937294262439,0.3337526258564875,-1.4162888384445642,0.42306014217668897,0.8281367890287179,-1.7960712741348974,1.4411977484119193e-05,1.2144748986739469e-05,3.819842226447434e-05,0.00013120037459868203,0.3489426136008079,0.6392877609867604,2.50342560511241,175.35335235665303
46.59999999999949,0.38324165720324416,0.832381327355012,-1.7646713314980942,0.3243657419978834,0.3164776982939906,-1.3845556152416705,0.4189641707995178,0.8134680301485514,-1.7527951344288497,1.3664866056301142e-05,1.1400169886848942e-05,3.895227390533221e-05,0.0001311781674044351,0.350589084910737,0.6346644640579097,4.94633027770853,174.01580807631098
46.64999999999949,0.3788379910809728,0.8157543120822419,-1.7341159504565975,0.3278238832206905,0.2996443260966042,-1.351807579075009,0.4175325070449963,0.8021439249634125,-1.7253079065524788,1.2944354859728223e-05,1.055293429362955e-05,3.9680174670246284e-05,0.00013115850708119348,0.3437135751577092,0.654960723333266,2.571238152526295,181.452268645669
46.699999999999484,0.37497306195911817,0.798970500231777,-1.7033490707703944,0.3318788662916331,0.28276522218255473,-1.3182472008670976,0.4141312561586546,0.7838785279647985,-1.6941480708441095,1.2288894308178583e-05,9.69232495074925e-06,4.0344722708846034e-05,0.00013114034693700391,0.3472032961508048,0.6712075641582665,0.9860352224380331,189.5707935059395
46.74999999999948,0.3716030934011172,0.7821147394902886,-1.6726260985936374,0.33655177939837466,0.2658397306145879,-1.284591902862452,0.4119793943691883,0.7702099562953454,-1.6757706145354285,1.1691572050946689e-05,8.801736152071221e-06,4.0946848255151935e-05,0.0001311155069910474,0.35119082253003675,0.6731059600929492,2.7476883811518067,193.734280415024
46.79999999999948,0.3687257530936868,0.7651736886503965,-1.6417923302981257,0.3418352700545191,0.2489002700406538,-1.2523165947113686,0.4072266822843315,0.749097540275999,-1.660635130338999,1.1163467026052167e-05,7.954259942612215e-06,4.146987216795143e-05,0.0001310927386515845,0.3549016381361067,0.6455061630217022,6.391142598411422,193.6489127217934
46.849999999999476,0.3663746996839391,0.7481304847856591,-1.6107829293696578,0.34760444330445117,0.23230956515399498,-1.219964419019624,0.40590004653402084,0.7347103744097784,-1.6178914254882568,1.0693344103812075e-05,7.157772587660261e-06,4.191214156813195e-05,0.0001310682801929052,0.35131852273412373,0.6470435138349295,2.2511150033311544,192.16336092209744
46.89999999999947,0.3645580799873279,0.7310597252925939,-1.579648292138373,0.35390003641610873,0.21592137803324832,-1.188083964448695,0.4047807273634352,0.7199044638093861,-1.584156246809527,1.0266674731124647e-05,6.2621050999385e-06,4.230369117774528e-05,0.0001310534551794444,0.3511314712557896,0.6376090914186177,2.5900439880714847,193.11910157500856
46.94999999999947,0.36326239514227354,0.7139115666958116,-1.5484129908201774,0.3606742191114119,0.19986228407019582,-1.1551461870730864,0.40414799312079636,0.7080065201813275,-1.5601626603798244,9.895005677712746e-06,5.325282312502081e-06,4.263243831358778e-05,0.00013104551702482306,0.34860379580930295,0.6587555475122068,5.299293978487946,193.26639261509277
46.99999999999947,0.36251289825976873,0.6967419231231518,-1.5170569720236153,0.36803644176864914,0.18390977637813916,-1.1216798238478707,0.40221595942230165,0.6875803215906705,-1.528079534634527,9.57918131268481e-06,4.404886005429981e-06,4.289632052771006e-05,0.00013104140549048029,0.3514049722196857,0.6693272645043502,4.938271939792836,187.3027631563588
47.049999999999464,0.36229853477803,0.6795450642184802,-1.4855362163751442,0.3757788198074898,0.1685157978015001,-1.0879056188324134,0.4029605103101917,0.6723001616765031,-1.488179422681117,9.318212517292023e-06,3.4617932635865833e-06,4.3083173317017606e-05,0.0001310423031457139,0.3446431315275851,0.675484100309185,1.3187187198086046,191.2135985713013
47.09999999999946,0.362583074197596,0.6624374706114418,-1.4538557956611873,0.38403959036171503,0.15337133903340966,-1.0549776445206538,0.4032081407402865,0.653672357482328,-1.458813790411308,9.125683429982366e-06,2.462777432019961e-06,4.3190873297684884e-05,0.00013105393823080756,0.3450344052221611,0.6585594862352314,3.421203593688447,192.3473854139371
47.14999999999946,0.3634313332837885,0.6453468847844819,-1.4220512872128008,0.3927493906326502,0.1385948321846154,-1.0213842126011583,0.40418371622842825,0.6426264975084094,-1.4340507099062296,8.991514087191939e-06,1.4728614997447936e-06,4.32209890274137e-05,0.00013107351265314064,0.3430646848817268,0.6718686383899471,3.4278286588723867,191.34273180273962
47.199999999999456,0.3648119131916962,0.6283999008530418,-1.3894780535686713,0.40228782999036455,0.12359630480496324,-0.9873269888193339,0.4054399046323254,0.6257371285476591,-1.3937817150371885,8.9116898732349e-06,5.154844395458682e-07,4.3190864169588676e-05,0.0001310927748216414,0.35550988091566926,0.6811444756365271,2.9787386127901843,187.99168369186688
47.24999999999945,0.3666313348119149,0.6116470982091445,-1.3558394594483927,0.4122179877669638,0.10910822112947544,-0.9525433894764959,0.40733510437455017,0.6113481738067355,-1.366073583374903,8.910579838859906e-06,-4.853060452001101e-07,4.30625256515815e-05,0.00013112574289852484,0.35130824623955403,0.6956719868567954,3.092898799710566,190.0493679042675
47.29999999999945,0.36897904977506496,0.5949725874706034,-1.321924292242473,0.4226248835275155,0.0949886712944479,-0.9187188552047965,0.4104380607888248,0.5913980087747254,-1.3275116214216447,8.960678935065271e-06,-1.4524892475767269e-06,4.286453667746648e-05,0.00013117013935915072,0.3508244586000975,0.6764906854340235,2.349378580272483,194.58912770639506
47.34999999999945,0.37188222431062484,0.5783967953669983,-1.2877788522772233,0.4335438604449296,0.081196922572744,-0.8835505174089873,0.4145911261312125,0.5752730165090243,-1.2876571257539606,9.091451417692978e-06,-2.4348862759557264e-06,4.255411463686953e-05,0.00013123433055029887,0.3518342135633159,0.7033667559162258,1.0945412154358327,203.53073022852175
47.399999999999444,0.3753703886667584,0.5619255542461686,-1.2534985395165745,0.44493603405627064,0.06778866565702014,-0.8494736205436508,0.4178521481813277,0.5580978009636954,-1.254442496533508,9.305657003078432e-06,-3.424157535925244e-06,4.2146013361388296e-05,0.00013131440560916092,0.35190506170031877,0.6815379373067705,4.359585202408967,198.74005375656736
47.44999999999944,0.37943000916435665,0.5455912876220357,-1.219237566966588,0.4566721994732671,0.05489890194911058,-0.8149439913461438,0.42134268667310115,0.5463008511665837,-1.2270226266570599,9.581538407361736e-06,-4.382585404466272e-06,4.165347508023004e-05,0.00013140920913770732,0.3486624626703969,0.6905925839501772,3.706123268223469,196.54386572676682
47.49999999999944,0.38405030145911,0.5293896578153515,-1.1849433858103777,0.46901733172404786,0.042222505244348764,-0.7823291428724239,0.4275139237027594,0.5262125927793098,-1.1910609965575425,9.895950684580588e-06,-5.283002907408651e-06,4.111807340750245e-05,0.00013150360819149772,0.35390455155901623,0.6522969694744365,1.7808048941651689,204.05251034168467
47.549999999999436,0.38921678009328076,0.5133513957216963,-1.1505411499585037,0.4816620152223101,0.030063354334151283,-0.7493223824055146,0.43169945376366886,0.5097810650034148,-1.1604574974529198,1.0279287774364196e-05,-6.1554936272756885e-06,4.047834616621729e-05,0.00013162678419502156,0.35086231565147563,0.6601352093382198,7.921975903969788,192.26943811641397
47.59999999999943,0.39492326053268245,0.49750971536726346,-1.116118736791426,0.494527673421817,0.01848436275716806,-0.7162991636631038,0.43620199257185993,0.4979529685940187,-1.1207183339401663,1.0707089324079618e-05,-6.978849788964472e-06,3.977434575375252e-05,0.00013175924283285616,0.3461938388483646,0.6604643748482592,5.921602918952725,182.5384635484972
47.64999999999943,0.40115718726955907,0.48188190474774384,-1.0814418621316435,0.5079679342763177,0.007184201332904023,-0.6819224678996925,0.44253355539022404,0.4839121291936217,-1.084094045538388,1.1224686711774968e-05,-7.788787983537382e-06,3.8995078227727615e-05,0.00013188704039585552,0.3512062792901265,0.6875339152682624,2.2121108658920443,182.41582481426244
47.69999999999943,0.4079277152333394,0.466455737526582,-1.0466789321285224,0.521816869277058,-0.0036728560254924193,-0.6478489588260823,0.4488844804753282,0.4686549365900395,-1.0576217961779042,1.1809476138725293e-05,-8.560757331646918e-06,3.8153249419051966e-05,0.00013202242749827252,0.35196514453995514,0.681470181472239,3.368693754378609,178.04391388938419
47.749999999999424,0.4152324914065434,0.4512825016137296,-1.0118341268011286,0.5361223233969249,-0.014128537890849167,-0.6144643910905176,0.45404346208389235,0.4608595020437976,-1.0123213997220648,1.2407621537797846e-05,-9.259493473348848e-06,3.72939670948859e-05,0.00013216346348337896,0.3543989068558764,0.6676913547113303,5.3498184533544535,171.83262323763375
47.79999999999942,0.42301961194234305,0.43638019483832374,-0.976828836203747,0.5505808741315336,-0.023944823341547385,-0.5784193195579266,0.4614867409413621,0.4480693433061497,-0.9821669076437676,1.3125505638690944e-05,-9.954697616928271e-06,3.6358152593219005e-05,0.00013228432524259618,0.3495381057192318,0.7209014306518647,3.189263507866884,173.61613998722694
47.84999999999942,0.43133366634495357,0.42175693316331514,-0.9417794278781428,0.5652674329841906,-0.033160811608416545,-0.5423876402793493,0.4696767531586061,0.4330228708700267,-0.9625838291730986,1.3868876383670134e-05,-1.0588929417564897e-05,3.540861303245338e-05,0.0001324106387685272,0.34679214404439446,0.7206335855715846,4.7823886089779934,175.45461530111805
47.899999999999416,0.4401563344090958,0.4074243753528707,-0.9066815105413283,0.5803889075221683,-0.041905449564138594,-0.5062229423017657,0.4790090802205014,0.41790260174650956,-0.9183746408180373,1.4581931085527917e-05,-1.1142765747180487e-05,3.4491075695734876e-05,0.00013254100549140856,0.34937712767579143,0.7232939595517097,3.2385630656289175,170.70592874902897
47.94999999999941,0.44946928013289644,0.3934049098877639,-0.871445348284892,0.5958752256766624,-0.050139549442788506,-0.4711492013050753,0.48774343224977645,0.40487605582336583,-0.8801149469207568,1.5398751648534295e-05,-1.166514216506088e-05,3.349679824995753e-05,0.00013267184545973692,0.35080364236072376,0.7014748199338476,3.6650311974126395,165.58976162256047
47.99999999999941,0.4592745497207874,0.3797257140643032,-0.836094856719537,0.6117507139777154,-0.057885058008064046,-0.4366780045023999,0.4985633159087608,0.3886743143858778,-0.8451866794829326,1.6282013833843174e-05,-1.2142117264836923e-05,3.2472986974192305e-05,0.0001327904880505863,0.35330153172368506,0.6894239360535509,4.155233552011229,161.31495749457181
48.04999999999941,0.4695379760953943,0.36640868771892554,-0.8006063928198475,0.6275834819696946,-0.06493220230274166,-0.4008630470766614,0.5077445688426536,0.37803991058211117,-0.8162398684173464,1.721338788809057e-05,-1.2568794313192612e-05,3.1429783385832305e-05,0.00013290589138107545,0.3466242294185388,0.7162991485148116,2.4134352491766533,162.0158806822138
48.099999999999405,0.4802846557287495,0.3534691602232018,-0.7649822887524599,0.6436317254467191,-0.07139395589125028,-0.36470681010991113,0.5178514351189576,0.366012815350631,-0.7664791956913151,1.8157611054222947e-05,-1.2948490092951272e-05,3.0420357516858525e-05,0.0001329897578721851,0.3460248464420983,0.723124739335045,4.088133238953606,152.77178226219692
48.1499999999994,0.4914849435483518,0.34091763058287317,-0.729263090093491,0.6600869123470032,-0.07734434571365058,-0.32925664482450445,0.5284363396648948,0.3555702270473275,-0.7274387654759495,1.9226239839884964e-05,-1.3277277359244133e-05,2.934323534312938e-05,0.0001330621750040002,0.3499785033815939,0.7090033057081734,2.060847224907879,152.44347517302498
48.1999999999994,0.5031128613792235,0.32877536086256104,-0.6935176352089567,0.6767893864571574,-0.08271623593014837,-0.29309129703830017,0.5396356289168428,0.3438082417445829,-0.7054122678861674,2.035132683847142e-05,-1.3551587615009358e-05,2.8265357262753525e-05,0.0001331142624996906,0.3509207316824612,0.7233069557241265,4.140986910323925,151.85756357000335
48.249999999999396,0.5151630437723858,0.3170563025969232,-0.6577331581937579,0.6934089152741122,-0.08741714392588049,-0.2582160723565128,0.5483910446060313,0.3368033325245709,-0.6715251471705423,2.1427502937685496e-05,-1.3783526738505557e-05,2.7267382391703946e-05,0.00013314860832878663,0.34544898979963495,0.6975044936357864,4.478375008547391,150.65395119215128
48.29999999999939,0.5276183210194686,0.3057588220644984,-0.6218074403226913,0.7105501497957403,-0.09161758716864832,-0.22241101795952423,0.5593326234538372,0.32771971385844517,-0.620576259785703,2.2528089785793782e-05,-1.395785917325067e-05,2.628242564709252e-05,0.00013316371831409747,0.3529866407993883,0.7161010879398111,3.832032916342111,144.90325141813946
48.34999999999939,0.5404717497420497,0.2949180241660643,-0.5857191836181955,0.7275513608626835,-0.09515179416161657,-0.18751019289317084,0.5720762021547585,0.317105073657947,-0.5977031236570962,2.3736120639260376e-05,-1.4051038448224759e-05,2.5230934371697663e-05,0.00013316762768358947,0.34731104552079234,0.6980165013271035,1.9581657503255516,147.75901912104052
48.39999999999939,0.553700168359829,0.2845644475326178,-0.5496258289694231,0.7447221647206004,-0.09808724971363349,-0.15112853093225898,0.5861433364478469,0.3068427881713526,-0.5607562843055365,2.4899006259467916e-05,-1.4109102408115547e-05,2.425691710940201e-05,0.0001331609582839568,0.34841749565211744,0.7276332392182813,2.0733895400246944,150.4980480310538
48.449999999999385,0.5672991690707535,0.2746816652285213,-0.5133405931391494,0.7619416260579188,-0.10038687807924603,-0.11439678296898759,0.5990595661755533,0.2978979125355395,-0.5272576432335718,2.6091163514071252e-05,-1.410491321037731e-05,2.3289736635893387e-05,0.00013314069132968432,0.34746630015777547,0.7346349592654702,1.6107832507811954,150.80809587531294
48.49999999999938,0.5812205695868504,0.2653016705391283,-0.4770486666636812,0.7794945647319017,-0.10207453005982506,-0.07730676864221664,0.6158845472988501,0.2869908871251884,-0.48522411894903694,2.7282784249753386e-05,-1.4039064555777088e-05,2.234737978800094e-05,0.00013311381802268813,0.35269787366412675,0.7418002865354593,2.875192266308908,152.78520971957465
48.54999999999938,0.5955088094008284,0.256417070960413,-0.440557107173046,0.7970528958280089,-0.10312701245104504,-0.04243406043255238,0.629591290622272,0.2791657142954616,-0.4442503611303841,2.8510795616581213e-05,-1.3896608885233585e-05,2.1403225166463188e-05,0.0001330754360709572,0.35181476234310827,0.697454164193323,2.995710104778426,150.52922426702017
48.599999999999376,0.6100947539946245,0.24805584858694188,-0.40398817907466045,0.8143816731158433,-0.1035541821262777,-0.006857724459830017,0.6432123340560085,0.27219323046489513,-0.4073226444140339,2.9749606648857697e-05,-1.3663705330272786e-05,2.0454335073809815e-05,0.00013302880323712044,0.34669911426881084,0.7115267194544876,3.216468564443193,149.92952387401223
48.64999999999937,0.6249612973595182,0.24024587726499683,-0.36739450613222746,0.8323016862486565,-0.1033603685549963,0.028487844179538868,0.6567642086684549,0.2657693217572498,-0.3674999279166107,3.0968278659707185e-05,-1.3353881534947784e-05,1.9537606294029995e-05,0.00013298536402010005,0.3584398820500712,0.7069113727874172,4.736143972626433,147.35328420433754
48.69999999999937,0.6403306480361122,0.23295106795565768,-0.3318182028679481,0.8497586646962738,-0.1025357160069831,0.06592024099934912,0.6677806006323326,0.2614389421962149,-0.3359579125097216,3.2169253781140765e-05,-1.2950133647408536e-05,1.8628192275554726e-05,0.00013293648565662915,0.3495493178586908,0.7486479363962467,4.2871280159640115,144.4000580595826
48.74999999999937,0.6561045519020263,0.22617678768826005,-0.29707321137143927,0.8672060146898436,-0.1010630807676825,0.10248963603007732,0.6817765343929019,0.25664072912378816,-0.2922898924534576,3.330099361685957e-05,-1.2489104634304832e-05,1.7766558352105466e-05,0.00013288932887958933,0.3502072785064085,0.731387900614607,1.9366729153927111,144.51832378792574
48.799999999999365,0.6721082058921594,0.21997957540534796,-0.26228560147828367,0.8844806237483083,-0.09896508093715552,0.13922639232433331,0.6950000805573573,0.25109434966686944,-0.2703472425722335,3.440792672281832e-05,-1.192136776846908e-05,1.69204289470726e-05,0.00013283949976691063,0.3480504445558766,0.7347351258851641,5.367395941937112,140.46456195056632
48.84999999999936,0.6883080985419574,0.21432970288792044,-0.22742507556849642,0.9017086832242825,-0.09622008492527319,0.1767830244168218,0.7077538757216997,0.24670399705006352,-0.22437818949856503,3.5417088095009786e-05,-1.1347125370028376e-05,1.6151199091975584e-05,0.00013279409892942722,0.34892796488916783,0.7511326418498162,4.052727432849167,131.91408704919175
48.89999999999936,0.7046953368817552,0.2092109524159575,-0.19233536818412322,0.9187507304816227,-0.0928515868555175,0.21350235081958147,0.7231936635296974,0.24178666663297402,-0.185268026333556,3.6388370915860226e-05,-1.0653011466253763e-05,1.540000987949629e-05,0.00013275128298984216,0.3474547819607248,0.7343865280552373,3.6187749021371527,128.1222683745858
48.949999999999356,0.7212574662412128,0.2046631717479641,-0.15718451663840366,0.9358707558480761,-0.08879161446666697,0.25218997047262137,0.741314873070655,0.23834182673997617,-0.14856047662679384,3.7299648309284197e-05,-9.875478341968182e-06,1.4697594216597443e-05,0.00013271051970663558,0.3519188885273777,0.7737523930608405,1.9293314401365182,137.6161579639506
48.99999999999935,0.737948968711829,0.2006985886020729,-0.12195606274292269,0.9529026890872748,-0.08407605272148165,0.2880102423450155,0.7567898070143771,0.2358357463386679,-0.09988667811018992,3.813636157512559e-05,-9.046155870939661e-06,1.405718387310857e-05,0.00013266750345464375,0.35347230133873275,0.7164054374479238,2.529430362994366,141.0220526132928
49.04999999999935,0.7547965435851357,0.1973216838406047,-0.08665923193331151,0.9694919492380827,-0.07882679055047827,0.3249036886764243,0.7740786864003393,0.23276722180619056,-0.07746601611791526,3.890293389769099e-05,-8.09348655906118e-06,1.3464689823243398e-05,0.0001326249395056511,0.34801876331878273,0.7378689266282169,2.8674998507624063,142.65100369016446
49.09999999999935,0.771740003623102,0.1945416473388297,-0.051301715673644215,0.9859463637429313,-0.07293628016914709,0.3626458241880193,0.7845811270344065,0.2308538661066282,-0.03901352463310115,3.9570301375133795e-05,-7.169601021261786e-06,1.2950907353675304e-05,0.00013258625085030274,0.3495609417588196,0.7548427102319418,7.62830937452785,132.7091956753283
49.149999999999345,0.7887476807103905,0.19236027976415293,-0.015898457065974186,1.0020790889799234,-0.06647395513528861,0.3993536923409309,0.7989182397729477,0.22962912048570175,-0.00039170333729465767,4.0142764828093215e-05,-6.186628005149477e-06,1.2500916400442249e-05,0.00013255774691878417,0.3475976898313545,0.7341573630582767,2.878211207002548,133.31188836829378
49.19999999999934,0.8058370475028445,0.19078293622418785,0.01955852596667203,1.0182446340563986,-0.05928792561864984,0.437233692234845,0.8162353655942904,0.228140913222515,0.03162359968627548,4.0622852247167876e-05,-5.14726866203694e-06,1.2126275594028827e-05,0.00013253124552059666,0.35383685112031577,0.7575999978783234,3.1444461288477856,133.4330236345476
49.24999999999934,0.822987680491619,0.18981222618999044,0.05507850720080223,1.0339850109286963,-0.051574573174475044,0.47405578827451045,0.834338646955326,0.2273479824409976,0.06274695967045663,4.101310511410671e-05,-4.102145039423801e-06,1.1822144722778703e-05,0.0001325022041063477,0.35059377564218025,0.7364419207933519,2.126978948088211,135.213405525804
49.299999999999336,0.8401413602269427,0.18944656954570888,0.09075180258197825,1.049299459602862,-0.04334332535742194,0.5123083358266354,0.8477223326679024,0.22798413962929573,0.09756511769838871,4.131349920093473e-05,-3.0510545752026437e-06,1.1587626258620933e-05,0.00013247125670482756,0.3477485537998989,0.7650509510425413,1.6739586202964865,137.0779882050393
49.34999999999933,0.8573211933355109,0.1896901480630017,0.12646877531939402,1.0645828473911467,-0.0343654507838769,0.5499383552866304,0.8623406017786983,0.22939318704620634,0.1392916172608465,4.1521091655999526e-05,-1.981723098525253e-06,1.1429803514168352e-05,0.00013244684333188592,0.3545257401001159,0.7526003891999404,3.330754322570736,141.671313960756
49.39999999999933,0.8744530966444893,0.19056795539687532,0.162225015361694,1.079365401866252,-0.02490398128308551,0.5887489387030671,0.8821005932728543,0.2302037144037522,0.17270646515008004,4.162803621052245e-05,-8.614574893170657e-07,1.1358558744773479e-05,0.0001324210387464189,0.35104529108527566,0.7762116683287795,3.0254165526348022,141.60149012111623
49.44999999999933,0.891552883260587,0.1920459316941164,0.19805305209716503,1.0936064844854054,-0.015000734160615562,0.6265149768838869,0.8980684543671889,0.2332864236089055,0.20347777375315346,4.165109538399429e-05,2.495938964934454e-07,1.135917983343191e-05,0.0001323896130404619,0.34694005363724595,0.7553207636164437,0.546409800189197,151.96189710230738
49.499999999999325,0.9085997337378308,0.19413175060986484,0.23396205754621463,1.1075494634574043,-0.004513842049547183,0.6632071290407882,0.911088889646324,0.23668099533159948,0.24874916238982836,4.159699063389588e-05,1.3365382733289203e-06,1.1426587832427734e-05,0.0001323597972155876,0.34895026607991836,0.7338430431380671,2.076373842046419,158.7542460283852
49.54999999999932,0.9255472386005531,0.19681510342010639,0.269898207988239,1.12116410592439,0.0065458845489588975,0.7012339150857292,0.9311237043017231,0.23956293401186204,0.271898528120023,4.143047585575465e-05,2.4709688083988077e-06,1.1602447737900629e-05,0.00013233277748405666,0.35083507265733505,0.7605357208988599,3.1668182160221745,160.08859051022424
49.59999999999932,0.9423948627436692,0.200091079070262,0.3058232919830651,1.1342824484559666,0.01806362497447298,0.7398051198307942,0.945946336880914,0.24290499076366334,0.30022935700603925,4.1218117556059624e-05,3.536889514953305e-06,1.1818747984040365e-05,0.0001323010488460224,0.34916302229519147,0.7714240949013426,2.3979820536648786,161.84024819374753
49.64999999999932,0.9591139258432243,0.20396832221949662,0.3418876693710862,1.1470144753131233,0.030133446527027003,0.7776042171708015,0.9598777123530826,0.24448291410175674,0.33142732792281526,4.094798276522723e-05,4.561398221792251e-06,1.2088224624305804e-05,0.0001322734991803109,0.35089699288628623,0.7559819468001907,9.768203504947547,147.22739288496686
49.699999999999314,0.9756785477619989,0.20844565326027453,0.37799430520092686,1.1592426508818146,0.04265062334441877,0.8165490701886982,0.9756354404128255,0.2492843393218472,0.36953427834583463,4.060916800673024e-05,5.561123758735468e-06,1.2421056573186769e-05,0.00013224869292027222,0.3499981133266971,0.7788970603579789,1.1573667383399668,148.27005160841807
49.74999999999931,0.9920891098102084,0.21352187778814385,0.41423356159825986,1.1709985802613123,0.05563747730502818,0.8536629592586,0.9910052396583977,0.2537636338851073,0.4150264947837914,4.018685359877861e-05,6.553611759416211e-06,1.283730906364927e-05,0.00013221924191496605,0.35036865001360334,0.7422777813980784,4.049499053952562,140.86462836832322
49.79999999999931,1.0082105741976028,0.21912988497159977,0.4509489110849485,1.1823351991189428,0.06915421771506919,0.8921242342831404,1.0076671748738544,0.260332081027268,0.45069926520231274,3.965055793533528e-05,7.560306211288256e-06,1.337408731675829e-05,0.00013218659351562799,0.35285099760676586,0.769225500490851,2.111450899665779,145.30294886140902
49.849999999999305,1.023858233703186,0.2251581443904342,0.4891862111752516,1.193083821536401,0.08301843024310755,0.9305006535925529,1.0221298988030532,0.26757175145657675,0.4881596127458727,3.904981835068678e-05,8.530605554993625e-06,1.3981276036626525e-05,0.00013215031011564504,0.350877212413497,0.7675283861882882,1.3676184511073564,153.75720467123665
49.8999999999993,1.0392736872946637,0.2317607502542137,0.5278063962730949,1.203356959419096,0.09738656184343589,0.9696544213866378,1.0374720119772312,0.2748060417403426,0.5333945836351184,3.8377826255938535e-05,9.466057315126614e-06,1.4668883732007924e-05,0.00013211499751317876,0.35328199878836997,0.7830753558817346,3.432326731186649,154.46605309793688
49.9499999999993,1.0544162811630042,0.23892626087160868,0.5665931665078404,1.2129647641389976,0.11197920034289914,1.0074217887334154,1.0527665592560063,0.2828121831408244,0.5795064474557372,3.760992789604745e-05,1.0376219857756472e-05,1.5463418629849404e-05,0.00013207659353394897,0.34945174000696405,0.7553473469356045,2.56290404100176,156.2380872032009
49.9999999999993,1.0692765905665893,0.24668404091404547,0.6053539404758221,1.2220791765739365,0.12703593389149928,1.045500399948323,1.0655289979116886,0.2913363304256529,0.6268925748500687,3.67445858377063e-05,1.124919655243562e-05,1.6371434772778058e-05,0.00013203613728705123,0.3520313468306193,0.7615722242981925,2.7304146818866477,162.79359650695966
50.049999999999294,1.0833934065395585,0.2552753790424559,0.6392492093703146,1.2305087277809863,0.1421312069623207,1.0775179024272,1.0773274447503036,0.29910561415212084,0.6533655651059886,3.580057872747878e-05,1.206882006548365e-05,1.7372660090933044e-05,0.00013199649972045892,0.34580349338193783,0.6403500495775701,2.931046143518094,159.25548803776846
50.09999999999929,1.097024639966903,0.26443406999694,0.6648328697555694,1.2385683794999873,0.15756811490273903,1.1017286797726715,1.0940795809574984,0.31028992303515374,0.6753895739249671,3.489325563530455e-05,1.280012720685332e-05,1.8348134746825952e-05,0.00013196077516275815,0.3482935119240368,0.4842155469094659,2.005891758972753,161.88386435826666
50.14999999999929,1.1108856510272054,0.27437166650279554,0.6860497624427772,1.2462518722639886,0.1731302376462195,1.1226252847290406,1.1058086264261582,0.3193492324297349,0.6977608909088175,3.4024114207334146e-05,1.3449176085436635e-05,1.9287415544555075e-05,0.00013192293696666742,0.34711766680390727,0.41793209912740803,3.2208963154439996,158.91466071314323
50.199999999999285,1.1245142437025695,0.284657597588943,0.7061827124459983,1.2537165462453608,0.1890634437718209,1.142707622314493,1.1200939838860313,0.33085460723415616,0.722895975588314,3.317676549895308e-05,1.4027026163945627e-05,2.0206817535709068e-05,0.0001318887782025293,0.3519084085706832,0.40164675170907715,2.3263850220876274,162.4204543902394
50.24999999999928,1.137923003328773,0.29520247648034437,0.7262677170850927,1.2608520898862012,0.20513270444735557,1.1630964334533918,1.1356662808057612,0.3427675017551842,0.7348364108964276,3.232999946918342e-05,1.4541598333896032e-05,2.112458309106719e-05,0.00013185319359797963,0.35165200471467417,0.4077762227779934,1.623304298243331,162.43878972118776
50.29999999999928,1.151140091110313,0.3059827423453064,0.7469007820032119,1.2676359109772577,0.22131695138046403,1.1846653720285012,1.1452349613107882,0.3510991239423709,0.7555952296578576,3.1546920261698326e-05,1.4992104035048474e-05,2.1972725767853177e-05,0.00013181818063028852,0.3509769316370971,0.43137877150222065,2.5432226652903616,156.16904072108088
50.34999999999928,1.1641658824631842,0.31700645095776625,0.7681690328653014,1.274026711763069,0.23757875702912343,1.208022011601086,1.1558793636283382,0.35880272150393855,0.7713988023506846,3.0769217527036236e-05,1.5388790466409453e-05,2.280810341157895e-05,0.00013178897315074578,0.3494581730396614,0.4671327914517294,5.642860212067509,142.95310633333972
50.399999999999274,1.1769630977305259,0.3282785480514855,0.7898594366626942,1.279974367781541,0.2537628799845621,1.2292133000681238,1.1686918714278822,0.36940409159066573,0.7874530531253638,3.0031681275082512e-05,1.5736940739370487e-05,2.3595158571425207e-05,0.00013176244996364632,0.34485450494038644,0.4238257693407774,3.0376369464050548,139.14123342090133
50.44999999999927,1.1895371041219829,0.3398537916792298,0.8116836541886545,1.2855774007993837,0.27011148884821895,1.252025951931901,1.182553305668269,0.3822613052573749,0.8113151867778274,2.931643552679032e-05,1.604170090330821e-05,2.435535055768977e-05,0.0001317351109139396,0.34564950102871284,0.45625303727557204,0.7724212959092928,140.59922361359727
50.49999999999927,1.2018357377392936,0.3516837710177031,0.8334279245512485,1.2908643608912012,0.286736409359979,1.2737656486127449,1.194425052594257,0.39419309772159944,0.8334080868111897,2.8586863139917e-05,1.630350613701424e-05,2.5127911765486338e-05,0.0001317051704970684,0.34891369454607307,0.43479393361690727,1.4456856423178743,141.5766558292451
50.549999999999265,1.2138989308670411,0.3637731976721615,0.8552131474635,1.2958002611060018,0.30353016434728675,1.2961011448224635,1.203619280340482,0.4044301613509403,0.8572707190070794,2.7851111954405766e-05,1.6524818552822423e-05,2.5906753732692273e-05,0.00013167624237286007,0.3500891631971852,0.44670992419439054,2.460300170522841,140.78240377753113
50.59999999999926,1.2256668441698115,0.37609200577838614,0.876997991644778,1.300393717568507,0.3205201375121691,1.3173916316185341,1.212738872546682,0.41418427621717363,0.8797429660827483,2.7104264766995976e-05,1.6704102226749833e-05,2.669574546438134e-05,0.00013165013276254475,0.3520060973547579,0.425809735921431,3.8631422459533256,136.56295311944552
50.64999999999926,1.2371822372927181,0.38868687179250344,0.8988212396195222,1.304615178868925,0.3375528280297003,1.3383028692270358,1.2252298513738864,0.42756858576719836,0.9005009396491097,2.6356519419559078e-05,1.6845893039018662e-05,2.748847137981417e-05,0.00013162591343706333,0.35096695178176246,0.41822475217006616,3.38984864805564,136.09470114561339
50.69999999999926,1.2484031092492236,0.40152535075312346,0.9206203075660886,1.3084429089784704,0.3545239889534146,1.3596269501386988,1.236305141551621,0.4408461896598038,0.9200556137595504,2.5614858777120104e-05,1.6953144004282296e-05,2.8277947212768115e-05,0.00013160128557829413,0.3479559111755396,0.4264816182332913,2.4109440169784384,138.76691952397533
50.749999999999254,1.259353313256159,0.4146140778540245,0.942458136624797,1.3119296153029034,0.3717780782898561,1.3831761938592875,1.2468696737682499,0.45122488009084427,0.9338290726100418,2.4880056785414836e-05,1.7024277227085362e-05,2.9063522675192914e-05,0.00013157726577329372,0.35206535762226837,0.47098487441179687,6.249999655747059,127.18617388061708
50.79999999999925,1.2700184341789007,0.427929969652148,0.9642962102383361,1.3149866330494324,0.38889526245666856,1.4049559785222065,1.2579292595155838,0.46410701409711674,0.9484077244199671,2.4189255026329307e-05,1.7075415804464558e-05,2.9803686297730545e-05,0.00013155616793498364,0.34776733785372216,0.4355956932584037,2.3745148614219524,125.28582514304209
50.84999999999925,1.2804036254911721,0.44148017896234293,0.986174484614036,1.3176969182904066,0.406206713050069,1.426037484314195,1.2665419700850202,0.4751251851264666,0.9793269292001785,2.3530365283461492e-05,1.71045607157497e-05,3.0512877023872337e-05,0.0001315360273891706,0.35045304345648937,0.42163011583979604,5.83619503639652,116.98799657994232
50.899999999999245,1.2904803214749334,0.4552426923275942,1.0081003176158299,1.320069679687446,0.42384914561687276,1.4481761123977153,1.2777365980335096,0.4885635175094559,0.993923011506638,2.281575428978116e-05,1.7076236263516188e-05,3.1282295387408364e-05,0.0001315157776506845,0.3560327886391435,0.4427725616704254,5.846980536322963,112.02228549131253
50.94999999999924,1.3002576364528,0.46922902953506407,1.0300239367807216,1.3219936275647142,0.4410781729550226,1.4710000388812121,1.2867838499347106,0.5019252345517963,1.023634888240636,2.2134541972617774e-05,1.70316305325879e-05,3.2018255005524994e-05,0.00013149874703892705,0.3467298692452435,0.4564785296699686,5.1541280629710915,109.07680680661747
50.99999999999924,1.3097154344401145,0.48340519327595455,1.052022331988648,1.3235188947406258,0.4582526685718139,1.4934373675336179,1.2921138559263992,0.5122177728079732,1.0573931039216369,2.141396829294742e-05,1.6932064016315625e-05,3.2796262639711495e-05,0.00013148305065833126,0.34484907545358134,0.44874657304814747,5.932005807277401,108.96744217248249
51.04999999999924,1.3188635908410784,0.49779072444274275,1.0740759984615027,1.3246766290276395,0.4755174293731407,1.5142404721241718,1.3000308925763517,0.5243967229359899,1.062643079792327,2.065078630250766e-05,1.6766238469966533e-05,3.362255362860738e-05,0.00013146930860706696,0.34607693507352066,0.41606209181109255,3.8460197521746493,109.30184763765995
51.099999999999234,1.3276916008595032,0.5123772093812684,1.0961728076632722,1.3254628312294479,0.49284411024751207,1.5366639187332662,1.3091251552298613,0.5398482123596305,1.0886219983897316,1.997164714791128e-05,1.6615598253642324e-05,3.4367741133686206e-05,0.00013145629919399652,0.34689744275576023,0.4484689321819075,1.430189518318692,110.06468193070205
51.14999999999923,1.336205915187761,0.5271647940622332,1.1182828756024223,1.3258620465035096,0.5103274543870642,1.5592686014317536,1.3142428087787923,0.5495283287308176,1.1241707453626262,1.927909489024923e-05,1.641602642267243e-05,3.513106875690854e-05,0.00013144327602007528,0.3497654744929208,0.45209365396978035,4.6604731602700395,105.08265987447997
51.19999999999923,1.3443967745409788,0.5421427034873276,1.140411417686963,1.3258756871864832,0.5277982302560823,1.58076250957928,1.321051323421113,0.5621244250702946,1.1374799883081828,1.85426395566834e-05,1.6137458908860844e-05,3.59434899766432e-05,0.00013143135734719206,0.34942235005088096,0.4298781629505578,2.992072083511284,105.3739528047272
51.249999999999226,1.3522454996859183,0.5572805383939566,1.1625726193923624,1.3254979419449533,0.5454282877583831,1.6036759999600276,1.329313487506212,0.57808430078096,1.1641858201170585,1.785788991704721e-05,1.5857110816546492e-05,3.671045242585494e-05,0.0001314201575312598,0.35268979268281464,0.45826980761497405,3.2767084304631693,105.27170773564845
51.29999999999922,1.3597534069705046,0.5725973399999338,1.1847762613403037,1.3247244246728571,0.5628656955981356,1.626577824740858,1.3373974666200694,0.5942449463226556,1.1802588011337143,1.7169700382845095e-05,1.552767713263394e-05,3.74851581644579e-05,0.00013141103703912291,0.3490987468173581,0.4580364956166266,2.191253097310844,106.14444468095923
51.34999999999922,1.3669177499238012,0.588083475512047,1.2070021655104823,1.3235559007480517,0.5802286539000762,1.6494118017989976,1.3435794013411935,0.609037499001735,1.2078897111851479,1.6521364446414267e-05,1.5191439998873556e-05,3.82224047928503e-05,0.0001314040804386098,0.34805225329675277,0.4566795411628085,1.7257366717116316,108.24178216090547
51.39999999999922,1.3737279010456493,0.6037076345392172,1.2292591083027604,1.321986846967459,0.5977010154930249,1.6713044619052821,1.3504407598617953,0.6232445429072939,1.2309996142786375,1.587058874045932e-05,1.4799614859986571e-05,3.8963156774512534e-05,0.00013139671762157947,0.35086045161271157,0.43785320212571144,4.759019393084651,102.70862406680115
51.449999999999214,1.3801985517551254,0.6194854100171933,1.2515281131295335,1.3200692172061725,0.6148041996618833,1.6935979800087173,1.3587138777497132,0.643689349243774,1.2506170797767338,1.523422351556699e-05,1.4374261969398504e-05,3.969234253050064e-05,0.00013139232113503992,0.344214166125329,0.44587036206873376,3.562663848723568,107.44831914158678
51.49999999999921,1.386315650001681,0.6353934089339083,1.2737651996224328,1.31775750689394,0.6319574030543551,1.7159172676447856,1.362759298338025,0.6567728983677548,1.2679230434249762,1.4626481523914878e-05,1.3928139857087079e-05,4.039102170963668e-05,0.00013138763972686833,0.3461726896685635,0.4463857527213918,3.7941292143736307,111.42002293712413
51.54999999999921,1.3920827310700585,0.6514581938681705,1.2961280879882777,1.3150248970758818,0.6492729603456194,1.7387184883115756,1.367091878783241,0.6711858608437499,1.2913035312541776,1.405326582845304e-05,1.347139737842661e-05,4.105562062849601e-05,0.00013138397906357048,0.35060461750824484,0.4560244133358305,2.363286422970899,114.78352651594858
51.599999999999206,1.3974773977541277,0.667611689236696,1.3185194092779426,1.3119741160941265,0.6662113187258752,1.7592746491360431,1.3723505492857964,0.6860925401011461,1.3025025961078747,1.349578125266559e-05,1.2981777443241449e-05,4.169853957213583e-05,0.00013138220838908361,0.34422415955791386,0.41112321648937705,2.6636936798839637,115.58451783482069
51.6499999999992,1.4025142131209285,0.6838996667402866,1.3409515263301852,1.3084461309779047,0.683590695107211,1.7828718858205823,1.3775433013803902,0.702965882222287,1.3291092199071288,1.2984565309328808e-05,1.2503820056732988e-05,4.2295218621468565e-05,0.00013137888247405051,0.3546852102212422,0.4719447336908071,1.9249732047488313,114.33922768728515
51.6999999999992,1.4071844619664677,0.7003147788617776,1.363345337636094,1.3045740875953473,0.7006445267770691,1.8052471288255507,1.382142426932635,0.7195614830485265,1.3663261225710235,1.2478855458845115e-05,1.1973438959592544e-05,4.28834500962372e-05,0.00013137739003235734,0.34976486630254655,0.4475048600993987,3.22628387891771,110.73682302776442
51.7499999999992,1.4114939399641855,0.7168130667116447,1.3858043216951956,1.3003619340893395,0.7174775291059604,1.8267392722234606,1.3868488091010691,0.7366987622781527,1.3849408308432016,1.1964325141150727e-05,1.134063570487578e-05,4.348169014863692e-05,0.00013137776100378214,0.3470468525590942,0.4298428679582229,1.8945501657230657,109.42829336396773
51.799999999999194,1.415435877365368,0.7334053244604892,1.408292950689669,1.2957501425226965,0.7343180938349105,1.8494472055333873,1.3898666146291774,0.751045062436542,1.4065873162469718,1.1486362028356396e-05,1.0701092137109768e-05,4.404388556431467e-05,0.00013137787763836998,0.3492198979698414,0.4541586661985555,3.015768712750991,109.08640611886847
51.84999999999919,1.4189890737108874,0.7500620207094919,1.4307419855348618,1.2907174833597208,0.7511895413612443,1.871928120582103,1.392971719457958,0.7679667321522268,1.4179041770398522,1.1039944122431512e-05,1.0042196833443756e-05,4.457528192039439e-05,0.00013137788057263598,0.3521286441301299,0.44961830097433,2.2471982932607566,115.41147437407542
51.89999999999919,1.4221657635854474,0.7668031573042564,1.4531742576402111,1.2853961242875729,0.7676214890041667,1.8960333477490012,1.3947186553786104,0.7809259559381102,1.446720897037487,1.0634244981461919e-05,9.413651310660023e-06,4.505825511954597e-05,0.000131380384169946,0.34545055311238515,0.48210454333799135,1.613012165220931,114.11467655062475
51.949999999999186,1.4249725988763542,0.7836556347967774,1.4755686760919962,1.2796656593294187,0.7840158221079518,1.9180881153257516,1.3967368602366028,0.7971460849441776,1.4727561641435774,1.024828507967779e-05,8.728102776834242e-06,4.5518754105589876e-05,0.00013138211528064585,0.34734686555563865,0.44109535153503854,0.9273391000737425,116.91724193565476
51.99999999999918,1.4273954333635408,0.8005094785096178,1.4980211390924714,1.273583283013029,0.8002491430018791,1.940492896188478,1.3986923546255956,0.8120886223233381,1.4912894120527076,9.888817606857149e-06,7.999518536340276e-06,4.5949554294619085e-05,0.0001313845818833358,0.3467152031021118,0.44809561725454633,1.5521964331532583,117.22253497781989
52.04999999999918,1.429441818165436,0.8174378512216874,1.5205199725579048,1.2670755451913247,0.8165000449670227,1.9628950550022415,1.4005922384275997,0.8272530149286357,1.518619221773701,9.565564453099321e-06,7.2726750909557605e-06,4.634131834912568e-05,0.00013138678521651366,0.35011728458290886,0.448043176275289,3.531896542505188,113.58920343149939
52.09999999999918,1.4311070225348792,0.8344164098669691,1.5430221327082339,1.2602700986596758,0.8324436771668757,1.9855608838698036,1.4013898473872863,0.843859480510591,1.5583878215074334,9.27125695054424e-06,6.499829318597299e-06,4.6704151424613014e-05,0.00013138981373839534,0.3467139316664473,0.4533165773512745,2.8849124347848774,117.01616743291555
52.149999999999174,1.432402378463675,0.8514110410374741,1.56552814993238,1.252990047308003,0.8484890204782635,2.0079137890476666,1.4022518171054588,0.8608495835866921,1.5831303839356234,9.014729919441426e-06,5.6197619243144545e-06,4.703136949821596e-05,0.00013139202062950158,0.3524004066403075,0.44705810355728115,2.4812924842256443,119.24364873997966
52.19999999999917,1.4333223728400424,0.8684321321614187,1.588019423431503,1.2454192813533111,0.8642394600188964,2.0298078318211337,1.4019410528400418,0.8778819902616529,1.6097602863569698,8.799536689425564e-06,4.72827964080287e-06,4.731911144032259e-05,0.000131395162368633,0.3495168335317809,0.4378808554693693,1.3426919220281082,127.75912800267396
52.24999999999917,1.433865283997975,0.8854665338155637,1.6105009042455696,1.237423469542004,0.8799541543502486,2.0531281477620915,1.4017317430346923,0.8967100421095562,1.6220663640359154,8.63019892608439e-06,3.81138336965158e-06,4.7561969432525724e-05,0.0001313981323856694,0.3526464031007844,0.4664063188191958,1.8411796904257993,133.83991903311974
52.299999999999166,1.434020303745547,0.902506470008411,1.6329837102504876,1.2290126646101993,0.8955824171315956,2.0759093358124048,1.4021121396706284,0.9129959428860026,1.6413235185190223,8.4948873059889e-06,2.953961734609636e-06,4.776217160324929e-05,0.00013140115091557782,0.354963581302031,0.4556237610062871,4.470603543655192,130.155742129342
52.34999999999916,1.4337896439135895,0.9195663521132736,1.6554453043472994,1.2202905430902309,0.9109480913132358,2.098249324990939,1.4013877337352185,0.9287334615096138,1.665724052572351,8.394147531035204e-06,2.11174203152104e-06,4.792046644462901e-05,0.00013140438961639292,0.35337930363927317,0.4467997835707129,2.482064465387334,131.57900492906123
52.39999999999916,1.4331764471028885,0.936599763516526,1.6779089345231704,1.2112279213967505,0.9260930642498221,2.12181507514234,1.4004715520688547,0.943964122159703,1.6745969007827224,8.334255903006202e-06,1.2520301569750054e-06,4.803185779646203e-05,0.00013140828509445164,0.35299616626252145,0.4713150030280491,2.520166746626495,134.10455765299056
52.44999999999916,1.4321766241255558,0.9536179909869814,1.7003819969803113,1.2019113606567673,0.9408940103898289,2.1433735935501446,1.3991493632472378,0.9627582177701081,1.6974298888105794,8.290394196024791e-06,4.6736012080151047e-07,4.811790429393349e-05,0.00013141245639330913,0.34978745396962324,0.43117036815611703,0.9660316424061299,136.6296534996786
52.499999999999154,1.4307946722860325,0.9706082832164851,1.7229436533487532,1.1923527228386306,0.9553294953524389,2.1679748541522006,1.3964206957443808,0.978964665036084,1.7467666150452672,8.284114622367613e-06,-3.3757863905597895e-07,4.815626589744531e-05,0.0001314177715661786,0.3462749782949191,0.492025212041141,2.2810541748932356,144.1497572057799
52.54999999999915,1.429017847039031,0.9875783838752851,1.7454833190725692,1.1824473441041354,0.9695214835551842,2.1923230342874263,1.394498451532507,0.9951934355516757,1.7611595565559135,8.367497837504214e-06,-1.282623668861456e-06,4.8102040874528935e-05,0.00013142272961046595,0.34614670591546,0.4869636027045447,1.7114266122816753,142.51980030944253
52.59999999999915,1.4267974247657622,1.0049228082076735,1.7665846471987545,1.1721349800614451,0.9835854737696598,2.214653652104415,1.3920143588173182,1.0134133636434839,1.784164911446549,8.470046533400538e-06,-2.1656032201360897e-06,4.802570011511768e-05,0.00013142684448289507,0.34879983468673803,0.4466123563398073,2.6964061267539523,142.87741580220873
52.649999999999146,1.4241207555073134,1.0223425141046436,1.7872280951189583,1.1614510049752331,0.9975108487133907,2.235814718503688,1.3901203804376763,1.0303281087647678,1.788341204611494,8.611277055346448e-06,-3.037718970947843e-06,4.790494196278936e-05,0.0001314301378691199,0.35104124366497536,0.4232213279854753,5.487976129566152,136.08947510639013
52.69999999999914,1.4210425680051586,1.0397292750046379,1.8077786949014754,1.1504168195349291,1.0112739037486946,2.2573617212046875,1.386537202302839,1.0497414632411637,1.8137574638022143,8.74368195053923e-06,-3.8122748599215556e-06,4.778691375255986e-05,0.00013143334809138257,0.3528098477652687,0.4309400540200109,2.2683742344093325,137.37587727461613
52.74999999999914,1.4176102983261836,1.0570240226271816,1.8283216578993138,1.1392205957280364,1.0246235850810625,2.280011677289435,1.383953499139296,1.0658561656693515,1.8237818525576808,8.921383821744173e-06,-4.60406292696632e-06,4.761013334427964e-05,0.00013143784493877304,0.3484723218014824,0.452999121694973,3.573009810724744,131.45030191207474
52.79999999999914,1.4138296717721623,1.074263624219169,1.848865368595076,1.1277312751280681,1.037710732619915,2.3025310335026195,1.3801032582610433,1.0795735321764082,1.8441241717371586,9.099743266958166e-06,-5.33410507115415e-06,4.7423433646022245e-05,0.00013144180385584036,0.34830488680918503,0.45038712426372157,1.2117507311706366,132.69755507496444
52.849999999999135,1.4097054761683103,1.091405522376387,1.8694247522138527,1.1158227245834829,1.0506765046786775,2.3249040280108026,1.3771369343885174,1.092476022996475,1.8660598772622992,9.31036862302543e-06,-6.056307065505359e-06,4.719618681291222e-05,0.00013144442563179244,0.3521009794012113,0.44745989016367654,4.315584364781765,125.79873597590033
52.89999999999913,1.405239800630225,1.108463237974336,1.8899874902149025,1.1037186668927235,1.063274969815347,2.347461392923483,1.372906175924291,1.1048357786002854,1.8884124276900724,9.55593459153292e-06,-6.777327379412711e-06,4.6927413012344275e-05,0.00013144723351022475,0.34942379960483,0.45114729825362204,2.4616007689122323,128.25228230544795
52.94999999999913,1.400435659747367,1.1253883573963828,1.9104201215901913,1.091179210281715,1.075745514598294,2.3704383151562975,1.3691658792990746,1.1157488361182522,1.9050212417551062,9.840412046724483e-06,-7.495805093784832e-06,4.661454077864132e-05,0.00013144874280515535,0.3537039548341628,0.45953844465630556,2.2293400563181205,129.96083680604846
52.999999999999126,1.3953065014249795,1.142092989240759,1.9305934150317756,1.0784298410439097,1.087879797270383,2.3913776014628034,1.3636649653699804,1.131951240794256,1.920269734598273,1.0136002747339686e-05,-8.180854321907152e-06,4.6288296803830694e-05,0.0001314507518160549,0.3520219033657019,0.41878572613013154,0.6252163273873083,135.9285282907571
53.04999999999912,1.3898992708841433,1.1585605255982168,1.9514212672791587,1.0655394455667497,1.0996272700722969,2.413722638732912,1.359039262216551,1.147646969672902,1.9392376532385125,1.0443487161978463e-05,-8.835791663816722e-06,4.5938676359190876e-05,0.00013145393795710328,0.3488140300725673,0.44690074540219815,3.8667473503631618,132.5491456874633
53.09999999999912,1.3841855696630803,1.1749365461446777,1.9723370936850297,1.0524881669110762,1.1109820070994303,2.4374695719959716,1.3548467689184462,1.1595947976144207,1.9750175896296547,1.0776876145238376e-05,-9.477769436407947e-06,4.5555594016355324e-05,0.0001314571295428315,0.34599421459015256,0.47493866526122663,4.649698190750568,126.49665096288952
53.14999999999912,1.378148634440624,1.1911663990415058,1.9935213693193772,1.0391326307068625,1.1220712751665074,2.4598101099377665,1.3490966178716701,1.1762849272934353,2.0060325392580545,1.1198426991561234e-05,-1.0160874278193272e-05,4.508365754642668e-05,0.00013145980635456426,0.3471914441308173,0.4468107588359105,6.480516333045094,122.83150909813148
53.199999999999115,1.3718648577397874,1.2070516738117472,2.0155000219316044,1.0255515651185678,1.1328523833715816,2.4814357832077736,1.3413809875653622,1.1951055587482386,2.022514804018936,1.1686780441449696e-05,-1.0854846126746936e-05,4.454763274171531e-05,0.00013146270416753735,0.34680793247554903,0.43251346540015423,1.3289168498685,127.0200751310296
53.24999999999911,1.365272930423625,1.222751115070229,2.0377763489967693,1.0117510634790245,1.1433234961063092,2.503595910130448,1.3347100438217243,1.211593141817621,2.0383696051429485,1.2178256932343978e-05,-1.1504985859073075e-05,4.4001090335643e-05,0.00013146547370335737,0.3464738538481503,0.4432025384535078,2.465652589837741,126.6163424452245
53.29999999999911,1.3583141396263898,1.2383413362242226,2.060315881353905,0.9976099018349454,1.1535766825945915,2.5248947453171304,1.3284636341150526,1.22506919558808,2.0620604978031043,1.2668325324856594e-05,-1.2110520987699983e-05,4.3451011789389826e-05,0.0001314676323445147,0.34934900594482815,0.42597670373368285,1.7378355468586928,126.49304384826415
53.349999999999106,1.351012413964505,1.253821427778448,2.0828854155222265,0.9832780863181361,1.1634911371604972,2.5479156788070316,1.3209865565590433,1.2407492190343599,2.0829024497698407,1.31982990434787e-05,-1.2702010690713344e-05,4.285740435653425e-05,0.00013146927641164037,0.34854598438387635,0.460418669798049,2.281607345129682,127.50394680002354
53.3999999999991,1.3433663787559784,1.2690992943420931,2.105478377929432,0.9685793140219985,1.1731834423246974,2.56936592380113,1.3120106280677333,1.2594384661480793,2.114106373064079,1.3745824388130885e-05,-1.3262980545665533e-05,4.224500561367936e-05,0.00013147102100431808,0.3521400702744304,0.42900489988199475,5.854279071979119,125.93057359522936
53.4499999999991,1.3353665905589784,1.2842362606586648,2.1280038183021106,0.9538735778602846,1.1824382700455107,2.590398946613651,1.3052571620417441,1.2721537092107171,2.1247267809488974,1.4361303049226544e-05,-1.3819885120976493e-05,4.1555853929595245e-05,0.00013147221509600588,0.3475178513858739,0.42066045625044374,2.752730885978375,125.25657544579659
53.4999999999991,1.3270333229228652,1.2991096094674872,2.15019655376803,0.9387571871599497,1.1915054175174136,2.612208778540735,1.2981379919606029,1.2845316359132188,2.1469391556810598,1.4943346296840439e-05,-1.4319931137013224e-05,4.089710237141484e-05,0.00013147310069534833,0.35255112988794773,0.4361966385416951,2.076169075426143,124.08610693490802
53.549999999999095,1.3183819792404092,1.3138101897261902,2.1723783196952526,0.9236163640032842,1.2001446165441976,2.6339493892185306,1.2893510642416457,1.2981286023424625,2.1717204822390075,1.5548771364619847e-05,-1.4794572436156122e-05,4.021044529835262e-05,0.00013147417199312254,0.3486501141021567,0.43481221355593885,0.5000534650491545,127.81258148020206
53.59999999999909,1.3093894081331174,1.3283187925179873,2.1946886073903387,0.9081571849029649,1.2085296047602974,2.6552638499436485,1.2802335238988307,1.3113644815025223,2.2000860414928454,1.6190017100087736e-05,-1.5244633389863385e-05,3.9484375273913124e-05,0.00013147440979013287,0.35174192563940504,0.42628921450238283,1.9779330837440896,131.71188073874416
53.64999999999909,1.30008296772125,1.342629156641261,2.2167672024531724,0.8924988648555173,1.2165880842260441,2.6773314201202796,1.269900513318261,1.3264591848702336,2.2269408374243174,1.688465406631134e-05,-1.5673196306713635e-05,3.870190263347758e-05,0.00013147408236118698,0.3522128126714236,0.44135140353264346,3.1888302177997527,134.99660248391382
53.699999999999086,1.29046919872765,1.3567147957132095,2.238842565258813,0.8767510415516873,1.2242579898698962,2.699393164349578,1.2593899175618177,1.3410566556739136,2.2544365710886627,1.761727853399371e-05,-1.6071827993951257e-05,3.787674411899036e-05,0.0001314742098282562,0.35033346193993936,0.4412348845859874,2.486322629812376,138.26515971582546
53.74999999999908,1.280533445403472,1.3705893329766554,2.260885106269585,0.860979130623513,1.2315270116658636,2.7200558819583573,1.2499606665102956,1.3549775852937835,2.2533822592222066,1.838290902756431e-05,-1.6436663523450326e-05,3.70140746134789e-05,0.00013147467346778083,0.34733418073065503,0.4132543521756179,3.7628847359985658,137.41641299633864
53.79999999999908,1.2703030971074771,1.3842403853320628,2.282896040843067,0.84486097277049,1.2385368223758724,2.7426748066312445,1.2402222055559333,1.3676533193251472,2.27821697499144,1.9036522267204204e-05,-1.6743446303739522e-05,3.625913611506872e-05,0.0001314742967158584,0.351536985438597,0.4523784934577665,1.9955354559773737,136.59881578747857
53.84999999999908,1.259772856212087,1.397660818975229,2.3048862583820737,0.8287373542747931,1.24511260088926,2.766025454917626,1.230628069593564,1.3800224507534167,2.3004690093568634,1.9724173683602263e-05,-1.70215795293331e-05,3.546382696715685e-05,0.00013147402198945897,0.34826754892756806,0.46701296572766454,2.147067286871249,134.08093492452204
53.899999999999075,1.2489598166393059,1.4108373105849865,2.32685449247263,0.8125350143749294,1.2512918381403688,2.7884563945088106,1.218443373663047,1.3938156482518382,2.331387802619978,2.042364993237116e-05,-1.7266467070815998e-05,3.465216029739523e-05,0.00013147399109773142,0.34682064501944815,0.44861879182371095,1.4490270440142008,137.89777344490815
53.94999999999907,1.2376880958404912,1.423890390443352,2.347903892951121,0.7959879863656066,1.257184525349347,2.8105002520536786,1.2050428093247285,1.4076321578586233,2.355630537993232,2.1182159433888104e-05,-1.7476717814436258e-05,3.377891600931621e-05,0.00013147143953840435,0.35130635770532903,0.44087715089739193,2.2312757864145274,147.16523546168324
53.99999999999907,1.2262089065753397,1.4366615773610427,2.3692050319972178,0.779047539596657,1.2627927012449078,2.8332923962012373,1.1933967713671,1.420851808786105,2.3672239637475485,2.1959537483989124e-05,-1.764713212237033e-05,3.288518111567764e-05,0.0001314683682222632,0.35690007501529947,0.4558428829511872,2.4664584139061523,146.52472371021793
54.049999999999066,1.214542486662355,1.4491206026847718,2.3909533817540374,0.7623919055159055,1.26788512237861,2.856449912408787,1.1838784096915536,1.4302012425599726,2.3937966386792873,2.2681378737520338e-05,-1.778532409318761e-05,3.2041210492673625e-05,0.000131467139997227,0.3483426222292495,0.46315032415102425,3.000981175611076,144.6990976970411
54.09999999999906,1.2026166306789672,1.4613143591685003,2.412714043743394,0.7454977917312192,1.2726421365757092,2.8777922556207844,1.1711675584480896,1.4439836693883072,2.394164441447039,2.342882925768165e-05,-1.788555488474074e-05,3.117019443452632e-05,0.00013146436904483815,0.3510281797748493,0.42684686423995694,2.1416806932002714,148.55621379148636
54.14999999999906,1.1904093976115973,1.4732723519573265,2.4344195164135183,0.7282648133278515,1.2770939566009656,2.8997840285331957,1.1584983898287515,1.455851406263476,2.418443584219368,2.4066388333590402e-05,-1.7963468014141595e-05,3.0405782127058107e-05,0.00013146073646665144,0.3559814682313169,0.4398354582482433,0.5407293525173515,149.97646591489385
54.19999999999906,1.1779849997071932,1.4849378833332647,2.4561249423646485,0.7113790552307863,1.2810482445644267,2.923333930872473,1.1492085213827634,1.4643945920219068,2.445306107206032,2.473539684877875e-05,-1.8008741922072102e-05,2.9603716628883653e-05,0.00013145821760463303,0.34685969527136373,0.47099804678557305,3.537073749084615,143.04793821993462
54.249999999999055,1.1652701901195204,1.4963643489103793,2.4776986189586907,0.6942775119953619,1.2846429929692949,2.9454834483365904,1.1360143694537361,1.4753238880223545,2.4715682947169704,2.543751743217967e-05,-1.8016310199901876e-05,2.8769424108761858e-05,0.00013145580465546527,0.34951250771262865,0.4429903492823731,0.33937644410504125,146.1182142051294
54.29999999999905,1.152281459978612,1.5075026965097957,2.498946487662594,0.6770327753844574,1.287876402000426,2.9670036153878545,1.1224183547952087,1.4873156730154473,2.497819078385012,2.616478581698864e-05,-1.7983448252782593e-05,2.7909260952492908e-05,0.00013145266928037697,0.35091181534278065,0.43040334102531763,4.703744522268485,142.72129566790665
54.34999999999905,1.1389816785370366,1.5184009192215604,2.5198476323239443,0.6601193029052478,1.290675371493584,2.988179229410208,1.1073216011348852,1.4983593646153242,2.5209688929581056,2.6910653387622173e-05,-1.7910654415122833e-05,2.7027290472464323e-05,0.0001314488957673455,0.3428765165434349,0.4235122804470909,0.45465645196597976,150.6972033882019
54.39999999999905,1.1254562545016449,1.5290078374808398,2.540703302845943,0.6431222858513647,1.293111832033348,3.010253167062169,1.0948189528260854,1.5089405177878912,2.5379639539507,2.7659262302371667e-05,-1.779981646464033e-05,2.6142878848840238e-05,0.0001314452349768326,0.34342213133369365,0.4414787530392472,4.691229531616807,144.06787033971608
54.449999999999044,1.1116278032397593,1.539389991307915,2.5609153455671056,0.6257971887275513,1.2952301888133306,3.029597993851957,1.0794098722792762,1.5200396043673645,2.5570977330198073,2.8368669008070696e-05,-1.766700708740224e-05,2.529933414720414e-05,0.00013143829086082953,0.34908791238451004,0.3868965357957794,1.5961610969508082,147.97202699709553
54.49999999999904,1.0975221401861268,1.549514694660744,2.5807836413810867,0.6084496536835022,1.2970020630594408,3.0500136289955293,1.0646950797737107,1.5308054370797688,2.5783556802682757,2.906229306425534e-05,-1.7505277960474515e-05,2.4470981151581447e-05,0.000131431463449734,0.3487618512468371,0.40831270287145566,2.973305450791823,145.70584825454347
54.54999999999904,1.0832291791279491,1.559342801207418,2.6005955618719416,0.5911496320457383,1.2984025447712082,3.0716187686856244,1.0503343495398723,1.5405635068274806,2.6001621970562843,2.975079671120411e-05,-1.731049062415759e-05,2.364796197410423e-05,0.0001314267615684407,0.3471390592957695,0.4321027938019338,1.3314989528783014,144.0461791668503
54.599999999999035,1.0687328872594608,1.5688928559876094,2.620369114053959,0.5735502096313186,1.2994394626177477,3.0938671619964495,1.0372356640593772,1.5497701195020686,2.620126368188221,3.0434776115419708e-05,-1.7081625353650778e-05,2.2832962872747447e-05,0.0001314195871210631,0.3526061197082758,0.4449678662165148,2.657964757245618,136.47894198147196
54.64999999999903,1.0540774138972226,1.5781331107518628,2.64009384209634,0.556100734009487,1.3000952011770532,3.114194954497079,1.0210747889045284,1.55982774808985,2.651138712758467,3.109678484933849e-05,-1.6829893599844373e-05,2.2040449900797212e-05,0.00013141314526910565,0.3492418602920356,0.4065558500126167,2.4915487706781487,136.25380139757334
54.69999999999903,1.0392188444613208,1.5870940160726916,2.659799607643697,0.5387408795514951,1.300395284647931,3.1344216772522877,1.0062883335547965,1.5688605185908655,2.677718642128517,3.179103374211124e-05,-1.6519206454227028e-05,2.1218147491508833e-05,0.00013140657875391798,0.34725487740411126,0.40453445510419483,7.3982768284386475,133.10751013460265
54.74999999999903,1.0241914805126688,1.5957576046461461,2.679446083791698,0.5211762220338149,1.3003498300587928,-3.1292460013105305,0.994348201597322,1.5746747920276805,2.69506396914613,3.248963016898543e-05,-1.616594592877517e-05,2.0399460421062877e-05,0.00013139848728921976,0.35129990259474264,0.3903525723353933,2.1168148655746317,131.9278530470025
54.799999999999024,1.0089948514367306,1.6041245557472557,2.69904954670297,0.5037527987801351,1.2999537460206587,-3.1084814387479907,0.9838935173052572,1.580005792792435,2.71339873652371,3.315325857060659e-05,-1.580091847900325e-05,1.9620571497429108e-05,0.00013139294647127937,0.34856475666194475,0.41529125125082517,4.730292751938613,126.69521820446195
54.84999999999902,0.9936623274044487,1.612167630773273,2.7186629444567703,0.4860607696316212,1.2991908965358252,-3.0885207352405244,0.9694727952900657,1.5869213086483471,2.7167936936108887,3.378353804824506e-05,-1.54218227969052e-05,1.8879839323576454e-05,0.00013138693085511867,0.35417523735804973,0.3992140701493458,2.666612598503447,130.45352047368183
54.89999999999902,0.9781434129856409,1.619920647268287,2.7380782484580104,0.4686159704940067,1.298080949657287,-3.0675834059179254,0.9528402295036881,1.5944300294704745,2.757486285247273,3.4327266887193855e-05,-1.5081602830479291e-05,1.822280026251853e-05,0.00013138022646092725,0.34960787257730047,0.41874658645200297,2.4904927525501406,134.4253364485495
54.949999999999015,0.9624832321935373,1.627373568963448,2.757715597835033,0.4510043551537614,1.2965899001514178,-3.046679039096215,0.9359792706481774,1.6015968372759484,2.7711935182090466,3.493605847310563e-05,-1.463522038724757e-05,1.7505370603939673e-05,0.00013137151192850127,0.3534988542328861,0.418087336434237,0.8603790675582829,139.6884267638639
54.99999999999901,0.946762465685332,1.6345280313457748,2.7778769937201204,0.43348920255800827,1.2947403551487007,-3.0260923362397483,0.9223462040375092,1.6077301101874413,2.777429943661864,3.549621417648156e-05,-1.419828597995954e-05,1.6838903326460586e-05,0.00013136412066374866,0.35225691930727465,0.41173405712935623,2.4094102671940476,138.24648790526447
55.04999999999901,0.9309184045531097,1.6413477009894308,2.7981718314003388,0.41589347602049653,1.2925165645194618,-3.0056611283370747,0.9064126984277002,1.6144718939661487,2.80615559482425,3.598673586047961e-05,-1.379843712304344e-05,1.624234811607661e-05,0.00013135610105456164,0.3547200471006525,0.4086241580534986,2.0756414812827506,137.12171595870407
55.09999999999901,0.9149690132416224,1.6478309988067399,2.818527157435985,0.39854737184484845,1.2899679273044766,-2.9857547810958733,0.8925485212374187,1.6196711091455114,2.8232693024077617,3.649366581096142e-05,-1.3339292676853133e-05,1.5632262099011726e-05,0.00013135116424584347,0.35065255298679837,0.39812694482404837,3.6584737282937696,137.33360762598787
55.149999999999004,0.898852695529936,1.6540040611281435,2.838737860825206,0.38116776737662006,1.287049356082095,-2.9646737034368975,0.8801355785089309,1.624998883084713,2.829391661462566,3.697448562676464e-05,-1.2870894437666782e-05,1.5051370238969049e-05,0.00013134505766896354,0.3524657211183173,0.4216215531795403,4.204097530384322,132.95305855675554
55.199999999999,0.8826311192207509,1.6598386921047985,2.859021970396795,0.3642919672476641,1.2838532986284978,-2.9441710933722742,0.8637557352328306,1.630555195154367,2.85069519742329,3.739369979297241e-05,-1.2446846635666492e-05,1.4528371452067862e-05,0.0001313403439429005,0.34352161358075284,0.4100522012924872,1.9825179467399092,135.08362945610918
55.249999999999,0.8662877400515873,1.665346877575859,2.8791265319768082,0.34712212775253193,1.2802278231660784,-2.922820361175975,0.8479792082125136,1.6361942619932728,2.873319932276017,3.7807564159074436e-05,-1.1987985884234126e-05,1.4014515966661284e-05,0.00013133503475602364,0.3509753034814057,0.4270146439260026,2.5032851740242634,131.4301472343972
55.299999999998995,0.849828887933216,1.6705183508888202,2.899222309080222,0.3303961801238659,1.2763104484192584,-2.9002396703054543,0.8341945269194384,1.6398689055776694,2.908478527890363,3.821829471869778e-05,-1.1492246550062614e-05,1.3505703249391724e-05,0.0001313321571952681,0.34357863054813054,0.4516138174104418,4.973543229184596,130.8917398065084
55.34999999999899,0.8332823518568354,1.6753665791664472,2.9193030069473362,0.3134948269237249,1.2719580784895086,-2.8788656388517637,0.8183925556519205,1.643808574791877,2.925807841980852,3.8649447880907155e-05,-1.0907544797129026e-05,1.2986378509201964e-05,0.00013132951721420117,0.3490618630438107,0.42748062907383827,1.9226441182764211,135.22306175667825
55.39999999999899,0.8166052179296276,1.6798767649953938,2.939161493119397,0.2966843291825342,1.2672465959295611,-2.8578010746999047,0.8014943961779841,1.6484458461463847,2.9408009955168284,3.904882307175204e-05,-1.0327435751692384e-05,1.2502550456866545e-05,0.000131325038842461,0.3491716898695317,0.42129128303720614,1.9778355897833235,135.44630705090466
55.44999999999899,0.799895563017321,1.684033917956564,2.9591169609070636,0.27978573185093014,1.2621377970299203,-2.8382148639512703,0.784636719742694,1.6518764848992673,2.9755611156458848,3.941440474561086e-05,-9.764026615283375e-06,1.2058087312830786e-05,0.00013132208049017105,0.35308490847547047,0.3917242149727127,1.8451754927260307,139.92845701328451
55.499999999998984,0.783049903159373,1.6878759155010656,2.978880437408962,0.26323385067928257,1.25676400825775,-2.8171157278052776,0.7657693365387742,1.6563798387160684,2.9843450022244085,3.978406635268417e-05,-9.10880614651789e-06,1.1612099707345363e-05,0.00013132087512738265,0.34805379533796127,0.42198272291988054,1.9949166265537164,140.00606164499598
55.54999999999898,0.7661375499028517,1.6914077923384236,2.998566652141636,0.24677158726614024,1.2510373048339836,-2.7965201756567586,0.751360636919729,1.660478085496714,2.9886110456451584,4.01075390159028e-05,-8.508468585278737e-06,1.12144709345727e-05,0.00013132163564774448,0.3486040664141748,0.41191104297040043,4.77064813471215,133.00758479824714
55.59999999999898,0.7491868369133581,1.694609218146212,3.0181472027825436,0.23034240785510585,1.2449483977261446,-2.776822894800747,0.7360971064504862,1.663248239940926,3.0172786490050942,4.0383668396863705e-05,-7.979127486399151e-06,1.086444626863908e-05,0.00013132230064445027,0.3504298227836317,0.3939456171202545,2.9060076761197786,129.9299275466104
55.649999999998975,0.7321516551477945,1.6974761663299607,3.03764747480459,0.21392794308792407,1.238496329214716,-2.757322734000515,0.7196789928985354,1.6647199408514672,3.047821911462873,4.065500667801476e-05,-7.384686277160037e-06,1.0524586633357452e-05,0.0001313254310145125,0.35274563008191523,0.3900032160046657,2.2591363867962952,137.51069335861123
55.69999999999897,0.7150720071488774,1.6999985359171805,3.0570749911585753,0.19786097440175954,1.2318253543020572,-2.738784279750951,0.7034876477603808,1.6674716488662078,3.0542107478415605,4.0913004213762226e-05,-6.7245676574922835e-06,1.019932666345995e-05,0.00013133116822148648,0.34794140709658605,0.37076908499129313,3.0101808481490817,135.80857479464632
55.74999999999897,0.697933104402136,1.7021692456974251,3.0764877618632864,0.18191360264105086,1.2248402401397798,-2.7187235571030137,0.6863888302821188,1.669004447005492,3.0705107570088446,4.113454648993878e-05,-6.127498005603038e-06,9.91154414847225e-06,0.00013133883069120093,0.3482072091540367,0.4012144529587689,0.661671516991067,141.5995613649627
55.79999999999897,0.6808095684251836,1.7039647226998156,3.0959546584356863,0.16589127913577126,1.2174400872335516,-2.699107622456548,0.671118776837004,1.670844228312995,3.087316449121392,4.132883435877204e-05,-5.537738533839069e-06,9.651563044196927e-06,0.00013134717616161205,0.35297994355272505,0.3923186929293402,4.1555528151929675,139.25065272754605
55.849999999998964,0.6636073588547939,1.7054307816992964,3.1153199072806315,0.15026262843854044,1.2098510066419292,-2.6799748104174084,0.6572235941256936,1.672133003296175,3.09703011247813,4.149935952953732e-05,-4.951142605551224e-06,9.414122868686447e-06,0.0001313583983097326,0.3474812656956047,0.38265624078280813,2.5784346104982183,140.55905161645273
55.89999999999896,0.6463799351088506,1.7066045156332426,3.134396351509226,0.13472666533126676,1.201943249902578,-2.661572135991337,0.6442253784500498,1.6729787315331672,3.1216273804327246,4.1645228688665497e-05,-4.404185610424141e-06,9.202276784639034e-06,0.00013136931774605293,0.3486587689729919,0.36805348852144687,3.2591547766520996,136.9310051101124
55.94999999999896,0.6291134390820611,1.707457091978215,-3.1298666275597706,0.11915574853930552,1.1936310557749925,-2.6409281589543694,0.6256316883101337,1.6733075369317807,-3.1260488187227056,4.177190075214994e-05,-3.806105635281769e-06,9.012912370076978e-06,0.00013138149954404387,0.35301959469032784,0.4128795407393748,1.1324775835438101,138.28655115764317
55.999999999998956,0.6120208495515059,1.707965401817583,-3.1106278999312105,0.10390155267383722,1.185093360474048,-2.621745122582356,0.6041224278119841,1.673914641202195,-3.099967374146111,4.187220830367137e-05,-3.116954326812638e-06,8.851229898156427e-06,0.00013140000970003035,0.34962385710762484,0.38366072744028507,3.599548192226181,140.82159838633916
56.04999999999895,0.594893975520826,1.7081457768950727,-3.091459132275878,0.08892330136850203,1.1763261917358485,-2.602319476946079,0.5882801281324633,1.674073037698359,-3.0855860746221215,4.194496283333548e-05,-2.3952278263273836e-06,8.721665300470366e-06,0.0001314237828407987,0.3471142359575302,0.3885129127255605,3.438920687203103,139.8859710927792
56.09999999999895,0.5777965487261769,1.7079966794300465,-3.072355117314104,0.07392031826297771,1.1671537264993503,-2.5833812054732865,0.5690861963636367,1.674261209105475,-3.0748687174640925,4.199280755674951e-05,-1.7108468975666472e-06,8.619216455473039e-06,0.0001314484007714476,0.3517003627382601,0.3787654294558757,1.8453006466598894,139.98615487344682
56.14999999999895,0.5606766318488763,1.7074980547577638,-3.053349441295067,0.05916017950943717,1.1577567906685844,-2.565948341790995,0.554009155477758,1.6744317740821153,-3.0569767315998932,4.201946680329136e-05,-1.0794926999035812e-06,8.53501091901566e-06,0.00013147560138583922,0.3499553416513634,0.34865727364585075,4.5449521911506405,133.41712685276468
56.199999999998944,0.543590045709666,1.7066784917613973,-3.0343940961751503,0.04476003622494193,1.1482134615849278,-2.546699950790053,0.5377735171887986,1.6730440163993434,-3.0223775537050286,4.202595632830701e-05,-4.4562808990966484e-07,8.4746627639946e-06,0.00013150033956997587,0.345513224701787,0.3849678200188608,3.4077294667295415,134.9127808920755
56.24999999999894,0.5265176191279298,1.7055478324638358,-3.015619161869565,0.03028529062578172,1.1382380200991733,-2.5296555633679314,0.5233655096735849,1.672126651253567,-3.0119238789919587,4.198982925395214e-05,2.6174011524279263e-07,8.462664380609982e-06,0.0001315306723033458,0.3515879260936991,0.340887748442453,2.7697277340819237,133.0490170132794
56.29999999999894,0.5094715141978791,1.7040887940030978,-2.9969327677216393,0.01620752788660576,1.1281542697803024,-2.5103799350570823,0.5050759769949373,1.6710237387773788,-3.0073624330187383,4.19383561832328e-05,9.19975169351687e-07,8.463923988557879e-06,0.00013156261540910472,0.3463378171587669,0.385512566217001,2.204664979343431,134.0125901113083
56.349999999998936,0.49243993109403855,1.702302231927294,-2.978349356967172,0.0021517180981686715,1.1176723097447667,-2.491268901853235,0.4890966286956395,1.6698967300838194,-2.9936855608854214,4.188133958636389e-05,1.4996202138148558e-06,8.468465340797758e-06,0.00013159456825722167,0.35068312324182555,0.3822206640769682,3.2182961612802305,131.0219059579242
56.39999999999893,0.47542387866198055,1.7001872711593642,-2.959859366414387,-0.011624682074573817,1.1069891603139979,-2.4727123601426144,0.47614689305733515,1.6672552539264438,-2.9676288994838593,4.1811271099073315e-05,2.0590739873764436e-06,8.487992644925608e-06,0.00013162496616452214,0.34867039146732726,0.3711308342124324,1.7730959269668953,133.7016002448374
56.44999999999893,0.45849810508775446,1.6977605689971653,-2.941474733021416,-0.025208445046512994,1.0960547986896667,-2.454959063869274,0.4609111239249232,1.6641460940360213,-2.942362704043084,4.1706802818636e-05,2.6605790981884824e-06,8.546334409225172e-06,0.00013165657544877136,0.3487617337697575,0.35506592546682575,1.4125675000831162,138.44294350271431
56.49999999999893,0.44158842319862,1.695010449768939,-2.9231968598125535,-0.03866333161988417,1.0848243390325638,-2.4371669356142247,0.4447405114947576,1.6613461162003753,-2.9310968000170528,4.156583715229461e-05,3.292820989275886e-06,8.645340323641334e-06,0.00013169374045657334,0.35052263820919516,0.3558425651010088,1.8122984214728222,141.89454759951752
56.549999999998924,0.42471939770618344,1.6919464495756613,-2.904983940632503,-0.05218419356665694,1.073119361339216,-2.418944311063335,0.42894201684130573,1.6586422059198487,-2.9010788219777415,4.142019669620972e-05,3.883001753940857e-06,8.754666654945964e-06,0.00013172929200005654,0.3576753057165182,0.3644524910178146,4.635132355314212,137.00481185590067
56.59999999999892,0.4079310286069392,1.6885809590087635,-2.8868087337392057,-0.06517786428514391,1.061448931415383,-2.4006428524671373,0.4142222531270391,1.65557826375118,-2.8900907315262123,4.1225481994375875e-05,4.526539621732996e-06,8.915915676270878e-06,0.00013176601733863583,0.34930956333610225,0.36602917192397283,1.4347686771306398,138.88651348863124
56.64999999999892,0.39120939061656046,1.684903919481283,-2.868745593367922,-0.07789217474061351,1.0495975916022255,-2.381975567013508,0.39450755999621023,1.6516246451273688,-2.8699140310270645,4.102960344614632e-05,5.124410707527294e-06,9.07935811750974e-06,0.00013180366621109914,0.3476301015614691,0.37334570907260695,2.029770692192624,137.17357905521328
56.699999999998916,0.37455081982023203,1.6809118839092254,-2.850830949805579,-0.09056367805795741,1.0373350592651442,-2.3632147068937472,0.3772022742488968,1.6476946074146956,-2.8497329940557514,4.081100218601249e-05,5.7234136225470924e-06,9.274259366993518e-06,0.00013184425529637702,0.3526731154080458,0.3752172023952306,4.441282266125552,135.19992229047944
56.74999999999891,0.3579546366839138,1.6766248088316882,-2.833076967264491,-0.10297454016530491,1.0248851784625261,-2.3460352954343446,0.3625309646146997,1.6437259910013124,-2.8301875845094537,4.057088135056481e-05,6.318503551107325e-06,9.4956193601454e-06,0.00013188411358824965,0.35158875449977167,0.34358822918807164,1.6139811352980014,134.76350258986454
56.79999999999891,0.3414319251522387,1.67203639928123,-2.8154024964557047,-0.11532917981146376,1.012039362464756,-2.3273770747630897,0.34587550463308,1.6379712775616864,-2.800466576721694,4.0311238366233355e-05,6.9119050903593346e-06,9.748308697837292e-06,0.00013191935163687276,0.35646111985833817,0.37316441342512074,1.0071446769990737,142.19327747126067
56.84999999999891,0.32502043752352155,1.6671583128056102,-2.7978288338573614,-0.12712995948823091,0.9993065131614788,-2.3090654095308047,0.32850071552061433,1.633118246044458,-2.801550267243023,3.9997803611835466e-05,7.541579402062911e-06,1.0059645978460832e-05,0.00013195853223845383,0.3472130608701255,0.3662333046457239,2.1812024745355982,143.1533879286923
56.899999999998904,0.3086852323112961,1.6619782815575754,-2.780336770980645,-0.13885865333677638,0.9861752785969242,-2.290607600712368,0.3113552233289557,1.628160272100787,-2.786078698161984,3.9737554809251e-05,8.074157337031756e-06,1.032259378531917e-05,0.00013199397247226968,0.3521365540069742,0.3691561763687614,2.8649842548562066,140.31545636580321
56.9499999999989,0.2924470668348621,1.656509944010579,-2.7629388278560936,-0.1503538191645796,0.9728471867873929,-2.2743707779056375,0.2958503101341495,1.6227545680325055,-2.763948886930263,3.9470543154563874e-05,8.587133780835942e-06,1.0596181574771593e-05,0.00013202635491261163,0.3520134511267241,0.32473645613462865,1.6970268421037806,139.34590129670576
56.9999999999989,0.27629297482713705,1.65074773241417,-2.7456515090809237,-0.16152892520616613,0.9594399712748323,-2.2569120256763404,0.28278902303449377,1.617086830072589,-2.747117421413219,3.9170334661142405e-05,9.116186053175972e-06,1.091160567545214e-05,0.00013205474808524815,0.3490811716079155,0.3491750445859576,0.8891544344181327,144.88876069380535
57.049999999998896,0.26024888936730567,1.6447106066891528,-2.72850726391671,-0.17253084902356114,0.9457524157472399,-2.238776242193519,0.2673595410360316,1.6120191552272924,-2.7265831881571083,3.885604593142517e-05,9.63301285424461e-06,1.1246696256451867e-05,0.00013207920947296765,0.35122639810332074,0.3627156696564489,4.921708337361191,137.37363642578867
57.09999999999889,0.24428709083761838,1.638392873824643,-2.711447614210383,-0.18307884725016987,0.9321312915107011,-2.220668230540792,0.2508290114511201,1.6058029120720385,-2.709052345149801,3.851654423512732e-05,1.015225902177536e-05,1.1612626212910043e-05,0.00013210488720270493,0.34455966224864276,0.36216023305455963,2.577279102980995,134.77621616043288
57.14999999999889,0.22844018998867824,1.631801824428122,-2.6944747517829315,-0.19351365416519836,0.9181534955206728,-2.203474226646718,0.23691622761246384,1.5996469760047198,-2.693572030921322,3.8167792399393174e-05,1.0656667649546574e-05,1.1997624526739547e-05,0.0001321328026975553,0.3488675806639595,0.34388007788149977,2.259265616795344,136.37373543895575
57.19999999999889,0.21269199616202336,1.6249326244322446,-2.6776256639579112,-0.2036983298695773,0.9040026601065122,-2.185799067436848,0.225795941775941,1.5940002994383917,-2.6736807760745864,3.78165699452754e-05,1.114441435442864e-05,1.2394461646943797e-05,0.0001321514847663487,0.3487014057792194,0.35350318419742616,2.6004208969542635,139.2383441967664
57.249999999998884,0.19709872627063424,1.6178106083607637,-2.6608790156961706,-0.21358029958141742,0.8897584039415296,-2.16883320852021,0.20752686722635535,1.5858828412139532,-2.6661978321748854,3.7441270631777604e-05,1.1626095745578317e-05,1.2818687220287544e-05,0.000132170689911372,0.3467329626308135,0.33931717833277186,3.0260717361360774,141.83447688078527
57.29999999999888,0.18159892015922124,1.610416254636553,-2.6442398602782653,-0.22325605629820514,0.8753133986720548,-2.153143883036586,0.19303843755662953,1.5780224202852466,-2.6425645266480973,3.7101700369830195e-05,1.2064532419291179e-05,1.321481855117823e-05,0.00013218900225935127,0.3477267007089738,0.3137865096725023,2.6231711117179732,146.4451875804425
57.34999999999888,0.16625382869256627,1.6027704965502274,-2.6277325365333564,-0.23280005595880637,0.8605586416613573,-2.1367530311438894,0.18089334467010845,1.5713744528432165,-2.617568276658757,3.671810766479305e-05,1.2514162443611994e-05,1.3665638549370723e-05,0.00013220742436850853,0.35145281183729665,0.327817037853956,3.68575583398411,147.48923736849162
57.399999999998876,0.15101090399132303,1.5948559339060815,-2.611327039833036,-0.2418659502739671,0.8460361878088891,-2.120984260114526,0.16788238143802417,1.5641413569824154,-2.5963193303150702,3.6285958814240605e-05,1.2971670550118422e-05,1.4166070404498283e-05,0.0001322190422695932,0.34240220730600274,0.3153754205872881,2.5373219354287997,149.80009248758148
57.44999999999887,0.13590052396779698,1.5866877506427286,-2.595020561667709,-0.2508513003260243,0.8310973657996436,-2.103617271349797,0.15203995268341883,1.5555501948249084,-2.600752494787605,3.582720775058721e-05,1.3422215308843367e-05,1.4706072727357881e-05,0.0001322350161222226,0.34866175996357235,0.34733977529459076,2.4959543051129396,155.63596770856068
57.49999999999887,0.120956333090485,1.578284341436625,-2.578840142011129,-0.2595958613109115,0.8159803450194444,-2.0868336710305764,0.13879849353875845,1.5472743584706368,-2.5691967237821127,3.546452239543484e-05,1.3802547935174922e-05,1.5150709061813868e-05,0.00013224742833286136,0.34928431032274526,0.33567200638443667,3.0131886679704634,157.38633303574235
57.54999999999887,0.10611175644996784,1.5696167303568114,-2.562742707206752,-0.26796848203774754,0.8009871673023842,-2.073341665554409,0.12540930000207182,1.5394612778272452,-2.5424117543468134,3.501954598471463e-05,1.420301584989914e-05,1.5678789649192742e-05,0.00013225766430422487,0.34345342005226,0.2698401095233617,4.85695211590887,156.09661341235335
57.599999999998865,0.09144118216581136,1.5607242499598863,-2.546737336019153,-0.27624885886712536,0.7856330306024969,-2.0574222623462184,0.10750932579608932,1.5282642698250346,-2.540458285444577,3.451436174585001e-05,1.4606570706420497e-05,1.6278572869556638e-05,0.00013227503029855365,0.348895732912954,0.3183880641638337,3.1292020402538854,162.03334873209454
57.64999999999886,0.07690109940722094,1.5515764597699406,-2.5308618987377662,-0.28430070090478127,0.7701106967317525,-2.041202655694865,0.08994211811201684,1.517177362169319,-2.525372952142511,3.4080462491812757e-05,1.49632463387457e-05,1.681133869834886e-05,0.00013229265402291506,0.34973230481542567,0.3243921330270857,3.716349696845161,164.34314748076454
57.69999999999886,0.06251094764115675,1.542194229007531,-2.515132903887535,-0.2921314035095521,0.7544047552848558,-2.0254154256842734,0.07367267588451107,1.5070991860267702,-2.5196612958462232,3.364163857261276e-05,1.5301198568484492e-05,1.735079877254685e-05,0.00013231173206971905,0.35100022626677335,0.3157446002118493,2.1078679968326606,164.48001621449933
57.749999999998856,0.048255363336107214,1.5325770671511143,-2.4995647543275625,-0.2996370563509545,0.7387339244161698,-2.0095209700444894,0.057880227815443316,1.4958868576182522,-2.504238917341875,3.324059515733963e-05,1.5606797503068076e-05,1.784777359082412e-05,0.00013232928150356486,0.34751467354334686,0.31788911279569504,0.5091103763690861,169.91622203091774
57.79999999999885,0.03417788433001338,1.5227560464122378,-2.4841096074408227,-0.30692653234259315,0.7228874469380456,-1.9943592018085017,0.04434319606782045,1.4866745450468812,-2.4756638315900643,3.2825150015722865e-05,1.5897559189561098e-05,1.8357519458052196e-05,0.00013234737734312593,0.34885706936153665,0.30323536471977014,3.583563165840745,162.41980834683795
57.84999999999885,0.02025083739944767,1.512709229754695,-2.4687765686849694,-0.3140178282616845,0.7068218582570216,-1.9785861117384256,0.03201265641510469,1.4772825995057446,-2.4641484482968066,3.2327694701894844e-05,1.6189902047855157e-05,1.895218241050691e-05,0.0001323666475458459,0.35122415136593127,0.3154618014015389,1.3566813194600345,164.23286605178714
57.89999999999885,0.006463642482719384,1.502429163541855,-2.453567838230488,-0.32099924727129336,0.6903078987494947,-1.9629478657208217,0.01755473492439689,1.467116513629971,-2.4508439656443333,3.184657789372762e-05,1.645567121228905e-05,1.9532045149116673e-05,0.0001323911609614877,0.35858478557572865,0.31276492035209746,4.1431588011906735,159.6748509659317
57.949999999998845,-0.007158716414509552,1.491931287923454,-2.438631637057206,-0.3275753741015542,0.6740767331149549,-1.9485284708826387,0.004824401079344847,1.4572906151894949,-2.4330055526101413,3.137040076775818e-05,1.6702870946080904e-05,2.0101278186118e-05,0.00013241040136665854,0.3502579026913938,0.28838789676367643,2.628889258772774,156.9336133193779
57.99999999999884,-0.020745689167686633,1.4811372295286833,-2.424521426796418,-0.33397290269318425,0.6576096551066819,-1.9341783270872532,-0.008250575220709684,1.4476747112127646,-2.4161159563620056,3.087148874434372e-05,1.6932519397261406e-05,2.0691745445964768e-05,0.0001324326237747862,0.3533261303414763,0.28700287590772705,5.450577131658203,149.04183083596357
58.04999999999884,-0.034259826622979016,1.4700386956981508,-2.4112113906295254,-0.34011441380934376,0.6411205268026182,-1.9204950994055705,-0.02184702668381851,1.4364265740416724,-2.39996439283265,3.035940450571881e-05,1.7144763984509902e-05,2.1293998640860097e-05,0.00013245587331221683,0.35191722990726987,0.2736645536336722,2.845742704213795,148.1114064326038
58.099999999998836,-0.04761792036122351,1.458717029894272,-2.398168710812669,-0.3460009854329203,0.6245945821733146,-1.9054757752406914,-0.031148107002558312,1.4277868042415598,-2.3829648985219496,2.9832920669619313e-05,1.733863769621759e-05,2.1907982294834793e-05,0.00013247769868907178,0.35086427962180844,0.3003864832975981,2.611136810189207,148.13234273096967
58.14999999999883,-0.06080549703619344,1.4472150461451956,-2.38528663686947,-0.3516415873524744,0.6080043385320442,-1.8915851477707362,-0.04349653739813153,1.4181207600265238,-2.3800247212741694,2.9295170005693096e-05,1.7512172757341687e-05,2.2529378266409485e-05,0.00013250026081828377,0.3504611312409936,0.2778125493991229,5.1038080291714065,141.26446905211358
58.19999999999883,-0.07385294733601529,1.4355290440619355,-2.3725183281599027,-0.35705429901813246,0.5913039551435917,-1.8768555591966751,-0.056027680565874476,1.406705713880896,-2.375844613663761,2.8815351273634042e-05,1.766413917797924e-05,2.3088026850287242e-05,0.00013252650949877905,0.35111583572258737,0.29459177148123816,2.058114156052136,144.74654452481113
58.24999999999883,-0.08672765994605433,1.4236994017281366,-2.359840300280859,-0.3622690147413558,0.5744370002540741,-1.8644292117016263,-0.06843829184676198,1.3956656816361646,-2.3620943865100266,2.838623155209593e-05,1.7797658919412434e-05,2.3591705689811686e-05,0.00013255707562868346,0.3530957026613772,0.24852694990098798,1.42594234365358,141.66591529033357
58.299999999998825,-0.09965144271995163,1.4115331642576614,-2.3460114255633,-0.3672100821388566,0.557671803364289,-1.8503780701354244,-0.08002495654870943,1.384413295811992,-2.3359999885388647,2.7938213065641535e-05,1.791602650262916e-05,2.4106676982838206e-05,0.00013258683650177794,0.34956601662868453,0.2810228313240527,1.826480947788053,139.770561425838
58.34999999999882,-0.11242405308204942,1.399224966435884,-2.3323622864853015,-0.3719626319374016,0.5406705400880975,-1.8363805901062138,-0.0881727847826252,1.3754808218084724,-2.310167927213838,2.7414875759525356e-05,1.8014624895976402e-05,2.4696126300547097e-05,0.0001326166340179043,0.3530636037561469,0.2799496005842268,2.309781851739176,143.90293191524148
58.39999999999882,-0.1248478462374782,1.386893024608743,-2.319806946303219,-0.37647559288663957,0.5236531727491409,-1.8236723323120945,-0.0992820392899423,1.3639422999108062,-2.3052014633509192,2.6832336245445238e-05,1.8089211341534546e-05,2.5342942114768786e-05,0.00013264422080194746,0.35211462861977766,0.25416515588240246,2.2678086997149305,147.57822260354217
58.449999999998816,-0.13707362793968056,1.3744068012887,-2.307502224132832,-0.380737874556059,0.5066820075671162,-1.8100388330984905,-0.11083685887458988,1.3508288459124316,-2.2784042934833906,2.6302558501691323e-05,1.8152427957301637e-05,2.5934743238363788e-05,0.00013267307102708296,0.3499669900758973,0.2726699842720956,4.067883716463926,156.13633566398525
58.49999999999881,-0.1493294295311479,1.361566820754772,-2.2942255518875045,-0.3847517467388616,0.4896870262716292,-1.7954133640338696,-0.12337602411913096,1.3377644112508866,-2.290612987171264,2.5701788098761886e-05,1.818550498613712e-05,2.659483328230753e-05,0.0001327053131068323,0.34925405931378256,0.29250938129243126,4.298178365115804,158.40823454370337
58.54999999999881,-0.16145872681312995,1.3485639917444607,-2.2807611121942974,-0.38852530835927773,0.47265101836510076,-1.782150109807921,-0.13226590176042494,1.3282494012826809,-2.281332303864573,2.5250692866856307e-05,1.8227621032475005e-05,2.7103874822347018e-05,0.0001327449458085259,0.34898125797297447,0.2652650845189867,2.326316876816423,160.45297626627496
58.59999999999881,-0.1734287014855706,1.3353995976243922,-2.267307321035005,-0.39206446104622017,0.45559687353995565,-1.7686826745553155,-0.14844728878310143,1.3111888406507972,-2.275865003978565,2.4809408661391455e-05,1.825571100147683e-05,2.759489831613125e-05,0.0001327831858941824,0.34835271936500917,0.26934870505212843,3.6987352456208415,160.555137164347
58.649999999998805,-0.18522277494205813,1.3220778438704985,-2.2539420768948393,-0.39543566455436885,0.438216211806533,-1.756077922413858,-0.16112942532583657,1.2977311537547023,-2.259486655654938,2.4397898781205067e-05,1.827433907857294e-05,2.805432298175401e-05,0.00013283420781732473,0.3540940923100332,0.2520950428291636,3.3973116740343205,154.77526650074407
58.6999999999988,-0.19680424462344442,1.308624187535944,-2.241043509423623,-0.3985404433276161,0.4210202579419536,-1.7427715370990413,-0.1714274997410636,1.2853632073021064,-2.2386172271703777,2.3952136153193585e-05,1.8274699462224592e-05,2.854226277506896e-05,0.0001328820830727569,0.34948246644400793,0.2661277062963507,1.11154398278457,154.28931880592475
58.7499999999988,-0.20819646158727637,1.295013813196746,-2.2281234174397744,-0.40139454228503335,0.40389791106319356,-1.7291610303590512,-0.18393253795634065,1.2713272965972213,-2.2426635591159187,2.34556407503063e-05,1.824911516510477e-05,2.9075978048932027e-05,0.0001329251371114537,0.34717447779049504,0.2722101347998175,2.6528236237355785,157.03926116163788
58.799999999998796,-0.21942341624833112,1.2812334337173226,-2.215331573356717,-0.4039843279708242,0.38695006013971883,-1.7157037948907339,-0.19384341880952416,1.2593638522962336,-2.214794522173205,2.3045410683936166e-05,1.8234894134164463e-05,2.9520361049186617e-05,0.00013297172921648522,0.34289419755238904,0.2691447093663642,2.8385726487490746,149.21227678771046
58.84999999999879,-0.23046492742594746,1.2673114361854967,-2.202684590539376,-0.4064048116342486,0.369539921415606,-1.70217238100405,-0.2026559663073708,1.247494486989925,-2.2090191749581662,2.2545780693121957e-05,1.817943742743059e-05,3.0055376781043536e-05,0.0001330174150533038,0.35155448281717633,0.2706282777336926,1.7952977015075788,156.07433104352714
58.89999999999879,-0.24132458816027919,1.2532511132646147,-2.1901823523830966,-0.40859884115003775,0.3521414269219939,-1.6903051013039616,-0.21552633061957774,1.2312295164468048,-2.1910067821189427,2.2086476910749802e-05,1.812233860245946e-05,3.054657790079288e-05,0.00013306358366161895,0.3507278062915002,0.23734559400178504,3.196119287016591,153.0127414902329
58.94999999999879,-0.251995890228431,1.2390677696924863,-2.177817881363331,-0.410568063638944,0.3348103376596168,-1.6775645112604816,-0.22593288821386562,1.2179499627930377,-2.177489448800864,2.1593785123554797e-05,1.8041236052987763e-05,3.10706233609933e-05,0.00013311381832131994,0.34885447266466685,0.25481180086961336,1.6948174643940934,149.85073052677055
58.999999999998785,-0.26250176171425255,1.2247278373883332,-2.1655989391661277,-0.412340472954857,0.31737351138803477,-1.66662723380924,-0.23687863278538884,1.2025153789184992,-2.165301981811422,2.1103272803172323e-05,1.794614603164564e-05,3.159329721650534e-05,0.00013316431737911592,0.35053525211946324,0.21874554902484386,0.7594483065581319,153.18973840830228
59.04999999999878,-0.2728041829521003,1.210292910880181,-2.153521908140657,-0.4139026623958685,0.3000965683346428,-1.6553159348386248,-0.24734149313066423,1.1880834890512086,-2.1473544145517085,2.0615455829538288e-05,1.7839092175105544e-05,3.211164771604882e-05,0.00013321709422233174,0.3469503743922436,0.22622597941231895,2.829737096259514,150.65961983308117
59.09999999999878,-0.2829388980085902,1.1957131929734037,-2.1415827426907996,-0.4152867766167922,0.2825452830154327,-1.6436732342003384,-0.25704154934217216,1.1738423525125274,-2.1398455524925257,2.0103083657244266e-05,1.7703993985751444e-05,3.2656485700439686e-05,0.00013327167234351928,0.3521175314666609,0.23285401276574158,1.2036182969678042,153.37944968497453
59.149999999998776,-0.29289355655424143,1.1810087600544485,-2.1297781774380553,-0.4164711583067146,0.26507254298795785,-1.633281439953412,-0.2684219010537168,1.1584811428690598,-2.1256225198255296,1.9625021516589047e-05,1.7570984916015186e-05,3.316742188014092e-05,0.00013332792150704722,0.3502582841809689,0.20783588493854327,4.369557823698182,146.05530112834356
59.199999999998774,-0.30265970606035775,1.1662098592465382,-2.118118914409671,-0.41745215268023234,0.24750292959769427,-1.6198648184457425,-0.27775766714851485,1.1447871054013354,-2.1173975062624755,1.9134050210954565e-05,1.74160843301169e-05,3.3692852792924536e-05,0.00013338779052367566,0.35194221664298164,0.26833243015340175,2.0182114717207833,144.54837953740136
59.24999999999877,-0.31225161484230524,1.1512843716008168,-2.1066124668476593,-0.41821429530552995,0.23000562884187206,-1.6087882550005088,-0.28657495386271353,1.130011639504014,-2.1046413244595734,1.8674274084340562e-05,1.72636276206456e-05,3.4186822562212314e-05,0.00013344652180550843,0.3502796204582174,0.22153126890468636,0.9499526370796064,149.33252704085712
59.29999999999877,-0.32166646344847316,1.1362488532237804,-2.095246095872199,-0.41877354822518986,0.2127835545283086,-1.5977276426543776,-0.2958670773547919,1.114103065591674,-2.0810135340417886,1.8213902406224324e-05,1.709778983708366e-05,3.46757935757825e-05,0.00013350270723444884,0.3446248014650134,0.22121224692263497,2.020799794103938,152.37909206572186
59.349999999998765,-0.33090553237743403,1.1211039551883415,-2.0840296348641307,-0.4191375174920771,0.19531165060268585,-1.5855223635470819,-0.3047823328788533,1.1008005015529867,-2.0765656238084773,1.770260940337435e-05,1.6883141539866525e-05,3.521827487686258e-05,0.0001335608312776223,0.34951606068814195,0.2441055821459267,4.13947268168129,146.89593777142662
59.39999999999876,-0.3399675632071745,1.1058603284748512,-2.0729530342347355,-0.4193116825002337,0.1777038897063175,-1.5758523996989655,-0.31449761693102724,1.0851243260971208,-2.0677191377305415,1.724462752121749e-05,1.6685818551880927e-05,3.571204477239359e-05,0.00013362293465080002,0.35217381695350786,0.1933992769623364,3.570779540669917,144.7664178133917
59.44999999999876,-0.34885381757094175,1.090523072567654,-2.0620237661476426,-0.4193037146972714,0.16017793527630392,-1.5648309964298224,-0.3244753364313284,1.0684122106490586,-2.06149435836439,1.6803227900817374e-05,1.6484800628537405e-05,3.618805194735102e-05,0.0001336883630478952,0.35052089891484284,0.22042806538287424,2.8223653299768348,144.48827228981784
59.49999999999876,-0.357562585181085,1.075089041406215,-2.051235281828722,-0.4191045898158952,0.14276372950774477,-1.553893407394576,-0.3321497489721498,1.0545779098989125,-2.052645196266907,1.6390673535095973e-05,1.6290631815683493e-05,3.6634847835985455e-05,0.00013375868861487193,0.3483086199900121,0.2187517807049394,1.0231446413148233,145.68944039476577
59.549999999998754,-0.36610628414841684,1.0595482315435891,-2.040597032272664,-0.41870394935476823,0.12512154776119214,-1.542288580231528,-0.3408425031469409,1.0401171437221373,-2.046104780096996,1.5990199381953718e-05,1.6089260504768054e-05,3.706966063455082e-05,0.00013382775405783022,0.35293658603175204,0.23209654326097387,3.0857533896323384,141.43535318600578
59.59999999999875,-0.3744716866723007,1.0439258402154734,-2.030106452267436,-0.4181188509401784,0.10749664340183865,-1.532933940813229,-0.35054426128723887,1.0224725091820173,-2.031139810536172,1.5616813246745317e-05,1.5894559578617442e-05,3.747543307458666e-05,0.00013389781035420158,0.3526935563012562,0.1870927883659928,3.1372475254937258,138.86967286220036
59.64999999999875,-0.3826682865280498,1.0282224906540354,-2.0197691737787467,-0.41735562629939804,0.08984290468340259,-1.5222464606887116,-0.36114094799933033,1.0041457658199415,-2.0222810075390805,1.5222650957842022e-05,1.5670389361859453e-05,3.789998966017825e-05,0.0001339731666542745,0.35340626742718495,0.21374960249035793,3.9642070668427785,132.9333145143701
59.699999999998745,-0.3907026466965658,1.0124176732859067,-2.00957796826327,-0.4164000841287286,0.07234216961135442,-1.510254281484239,-0.3688442605387828,0.9902808363682057,-2.0138836301176934,1.483751938848196e-05,1.5441263280671915e-05,3.831439213603718e-05,0.0001340557204714142,0.35053814080100243,0.239843584089464,2.528185267817111,127.43010903943454
59.74999999999874,-0.398557034939905,0.9965528547071443,-1.9995382996822735,-0.415268208391652,0.0548936698500035,-1.5017808646607218,-0.3777667602331118,0.9740690274936377,-2.0062464254107915,1.447412739992537e-05,1.5217767487331175e-05,3.8707712457474026e-05,0.00013413383299865658,0.34970451291002436,0.16946833647035606,2.6053843908578145,121.93714026639216
59.79999999999874,-0.4062460868053154,0.9806105528413178,-1.9896499858481689,-0.4139705253420255,0.037290366558430266,-1.4926416847514163,-0.3847420980847023,0.9599706393833233,-1.9944649938534778,1.4123338457842453e-05,1.4991189878928284e-05,3.9090161860143236e-05,0.00013421670469052484,0.35302262627805314,0.18278359818611964,2.234819423855672,118.82280501891432
59.84999999999874,-0.4137806880851641,0.964569406644118,-1.9799110210438517,-0.41251540395541836,0.019858804674977797,-1.4823846498915223,-0.390818519241088,0.9465628429625079,-1.9809402450966664,1.3767320457727539e-05,1.4748028898344365e-05,3.9474258655503444e-05,0.0001342932961375648,0.3498453432755613,0.20514069719789063,1.9246004570178878,118.05128117062428
59.899999999998734,-0.42114173840795194,0.9484830998876188,-1.970342066988332,-0.4108970382901423,0.0024917103762142345,-1.4733731727115922,-0.39837545322636403,0.930015377993544,-1.9694066768487175,1.3406299737300633e-05,1.4486763631834507e-05,3.986198330203663e-05,0.00013436457975837433,0.3488478927239237,0.180229543598614,2.551998298199961,117.82627012873509
59.94999999999873,-0.4283445028727379,0.9323092523785123,-1.9609018019940552,-0.409089869893522,-0.015073061711076897,-1.4631690563283313,-0.40645181355482585,0.9128467828757654,-1.965446929726777,1.3043657560108064e-05,1.420661343622582e-05,4.02507697775389e-05,0.00013444342117976678,0.35315140179961213,0.204082327665231,1.4818872333846091,116.79691264655328
59.99999999999873,-0.43538125055821786,0.9160889171408693,-1.9516185571830942,-0.40710927155257864,-0.032630939159963804,-1.4537653440359586,-0.4142507451478003,0.8954932234627784,-1.9476269872551535,1.2713093857766379e-05,1.3944991817204904e-05,4.060899326634629e-05,0.00013453275849215857,0.35338598216156036,0.188074245847463,3.314313877568671,112.66806706642171
60.049999999998725,-0.44227807584271145,0.8997884846426274,-1.9425193875977025,-0.40496521375921474,-0.050164774920619076,-1.4444731212956665,-0.42013109797800924,0.8803927989799395,-1.9327052386379773,1.2358196717876615e-05,1.3642365781973178e-05,4.098970818073687e-05,0.00013462459220420076,0.3532900369532813,0.18584445480585163,2.4257344839586277,114.53807819501499
60.09999999999872,-0.44900722387802156,0.8834491363987897,-1.9335705213846375,-0.4026804574678885,-0.06754018105983223,-1.4356323522627519,-0.4277161057897589,0.860236133529935,-1.9148106822444,1.1996700825972218e-05,1.3316104393685908e-05,4.137392643824864e-05,0.0001347095887208161,0.35050069911894893,0.17681538065830124,1.1570498258291424,120.33715929167353
60.14999999999872,-0.45558421217897493,0.8670367239087351,-1.9247608472417397,-0.4002647296409053,-0.08474391222990499,-1.4269469053927126,-0.4344799739856363,0.8418320848879864,-1.9036924947852305,1.1619688866492222e-05,1.2953192473500394e-05,4.1770913339549094e-05,0.0001348066633812003,0.3474512940712323,0.1737089374007951,1.5864821207972233,125.21735028823014
60.19999999999872,-0.4620205597339095,0.8505456170051364,-1.9161015476510737,-0.39769801016422307,-0.10199687550868608,-1.4192725929198327,-0.442396056992536,0.8224717437973335,-1.9110151282483743,1.1255900293549205e-05,1.2585685366292968e-05,4.2156814031245833e-05,0.00013491066302395645,0.3488577268885112,0.1534862494576081,4.078177553413135,125.49458634332498
60.249999999998714,-0.46830343452071943,0.8340241027900357,-1.9075897546195424,-0.3950210055981903,-0.11902749559932324,-1.4104960693939586,-0.44718169400040364,0.8098821501278342,-1.9089586457540575,1.0959839511457677e-05,1.2291448770759963e-05,4.247855739078878e-05,0.0001350331125404173,0.34479575513070454,0.1755304705174908,2.2857420993187625,124.28668614527422
60.29999999999871,-0.47444566478055394,0.8174442367037418,-1.8992340832475036,-0.39216732337163146,-0.13627078989282612,-1.403079296167847,-0.45393878473039234,0.793528962088187,-1.9223452511905648,1.0696540775445313e-05,1.2022357012385791e-05,4.276929347964743e-05,0.00013514313013569105,0.3495574920700759,0.14833546452223642,1.9621951304749494,129.56668060383976
60.34999999999871,-0.48043909941134977,0.8008190673919785,-1.8910360575191874,-0.38917976703911983,-0.15344794559714403,-1.3941063106107863,-0.4620867901851197,0.7733217611376272,-1.9072112545482944,1.0506554418747085e-05,1.1834659422502936e-05,4.298463786580874e-05,0.0001352667262009033,0.34870171235909364,0.17945971114122583,4.965027893861507,121.27717107920995
60.399999999998705,-0.48628852160852476,0.7841581127946182,-1.882994172299571,-0.38603836597893876,-0.17060989144498234,-1.3854055623522492,-0.4676732672552067,0.7572566384989633,-1.8867478100030146,1.0285509946428341e-05,1.1596498776539283e-05,4.321766530332822e-05,0.0001354044865897244,0.34894280691860696,0.17401496517075313,1.7376193021260504,114.70174799943192
60.4499999999987,-0.49200440654569483,0.7674247032965965,-1.875110353847388,-0.38275593915522393,-0.18773512927676272,-1.3774369010798468,-0.47325028490432386,0.7419941053127651,-1.8813281080643285,1.0026493811502526e-05,1.1294267373056252e-05,4.3482511107748384e-05,0.00013553029338440376,0.3487404224137601,0.15937322544805632,1.213440344135379,111.24332495112961
60.4999999999987,-0.49757085182859023,0.7506761756601057,-1.8673872154466267,-0.37932214351134746,-0.204967418541602,-1.3707779006027245,-0.4769736997869136,0.7273207327500038,-1.8505465667485443,9.785484735556933e-06,1.1002169265473114e-05,4.3731562128293924e-05,0.0001356536309972802,0.351422188654536,0.13318000954245363,3.487307372364575,112.47750654334834
60.5499999999987,-0.5030061641255692,0.733876494966579,-1.8598214561934325,-0.3758005623912368,-0.22208840088619317,-1.3650971759334554,-0.48211099060861484,0.7129380790602898,-1.8553017701169434,9.486955994691957e-06,1.060463572297812e-05,4.4032495468448165e-05,0.00013576272777044684,0.3495885533976934,0.11361449338539033,2.0104600016722056,108.86586702759726
60.599999999998694,-0.5083018965559093,0.7170388459606742,-1.8524368437494274,-0.3721643821468334,-0.23919990780302713,-1.3577263664597221,-0.4870861119423287,0.6955551205344267,-1.8404464050819926,9.239354370753747e-06,1.0271043223930454e-05,4.42891943143822e-05,0.0001358785741664128,0.3498724689020376,0.1474161894746756,1.3845065870458868,111.07659169756197
60.64999999999869,-0.5134607120516445,0.7001551091660634,-1.8451998158309755,-0.36837117061672586,-0.2564256656489816,-1.3503731243473376,-0.4928528275907691,0.676762238703714,-1.8421728141413438,8.982276553968058e-06,9.899900337525485e-06,4.4549869545616544e-05,0.00013600671770739648,0.35276994708790765,0.1470648422477009,4.244399473594322,113.03567239305865
60.69999999999869,-0.5184863136451761,0.6832469958609706,-1.8381153530357224,-0.36452687432940406,-0.27334212531263985,-1.344306083339986,-0.4998129524238494,0.6553449813552384,-1.8464180036254099,8.763855960949429e-06,9.58113920371946e-06,4.476695059768289e-05,0.00013615695195722766,0.3469559883458866,0.12134082014703845,2.642803487350789,115.10744979459933
60.749999999998685,-0.523393357386182,0.6662965459186163,-1.8312040731296737,-0.3605704781711333,-0.2902991980989966,-1.3388511326946473,-0.5035458285710278,0.6402789761015986,-1.8232606088958296,8.583690302102337e-06,9.310990447808244e-06,4.493974822750635e-05,0.00013634107970044676,0.3482505648982774,0.10909901290678038,4.218317301409103,112.36400152786112
60.79999999999868,-0.5281711965072697,0.6493227988726571,-1.8244481667500434,-0.356479370964881,-0.30729653272188057,-1.3303448389254404,-0.5090915406809448,0.621490295641334,-1.8241758598213453,8.361441362215513e-06,8.948926852963397e-06,4.5146614714996446e-05,0.00013649976507086346,0.34965605124758603,0.17012587538414645,1.5619280241391877,112.90405362587417
60.84999999999868,-0.5328294358020843,0.6323247996916237,-1.8178526918903044,-0.3522284359126197,-0.3243972350932473,-1.3239596448421949,-0.5127573138436243,0.6083015109396928,-1.8166679201799816,8.173147979621977e-06,8.630084542896503e-06,4.5320500484571626e-05,0.00013667803269209054,0.3524233393928098,0.12770388166492053,2.8997738350090856,109.04115970904957
60.89999999999868,-0.5373733291578114,0.6152806025573403,-1.811410692427296,-0.34788713268580185,-0.341349622179133,-1.3162323992207487,-0.5167797140436919,0.5931623031186516,-1.8036896555425184,7.990293359812768e-06,8.308162347500732e-06,4.549098398177285e-05,0.00013683575443297093,0.3499896372071025,0.15454491242893004,1.1848273165010998,105.92200589369664
60.949999999998674,-0.5417957616258445,0.5982294948187603,-1.8051307612510505,-0.34344286425581455,-0.3582381770948009,-1.3107225847860557,-0.5213454487331308,0.5732165328894157,-1.7915239988686493,7.803567127185587e-06,7.960997101389775e-06,4.565821616251107e-05,0.00013698970529026696,0.34927100111824544,0.11019628869386601,1.5227494926041418,110.28674703840792
60.99999999999867,-0.5461113191435626,0.5811292931527384,-1.7990126503903667,-0.3389017013209477,-0.3751074096837579,-1.3049417966730248,-0.5247462236787841,0.5584322524766484,-1.789306967276317,7.613522368137899e-06,7.585208187407686e-06,4.581750686508035e-05,0.0001371737804749368,0.34939606113548205,0.11561576226062624,0.5920413705206751,111.71322625073671
61.04999999999867,-0.55031481938555,0.5640135249496603,-1.793054999595689,-0.33425570396860516,-0.39197744392072337,-1.2991758679487413,-0.5283182041105686,0.546198572922318,-1.7909934521624287,7.445853399693887e-06,7.23829403024965e-06,4.595920375623656e-05,0.00013735156882230102,0.3499623950284279,0.11531857448567713,3.0416851414651322,107.06847124287525
61.099999999998666,-0.5544135585160599,0.546871857038498,-1.7872502732049251,-0.32952421771593526,-0.40877907978112016,-1.2934171972169322,-0.5328155128092511,0.5255218717376384,-1.77544872494362,7.306564423069255e-06,6.9380089349848205e-06,4.607662149240783e-05,0.00013751281928709396,0.34910329230292053,0.11517341463618821,1.2967650427291235,109.0146838643999
61.14999999999866,-0.5584028633276107,0.5297153208312821,-1.7816104758967182,-0.32468128643318206,-0.4255701700414565,-1.2865717514644337,-0.5365809151120688,0.5084936325343292,-1.7625433534092325,7.15170630755028e-06,6.580782874703756e-06,4.618753932946064e-05,0.0001377144420162266,0.3495115952941093,0.1369089150499753,1.168372474493722,109.16493083347777
61.19999999999866,-0.5622856347223182,0.5125488737583412,-1.7761348102912502,-0.31972973392395326,-0.44234654902759374,-1.2810177654772743,-0.5406279941102238,0.49152005183327896,-1.7640325989409458,6.9956396937160455e-06,6.196967464859998e-06,4.629506082203541e-05,0.00013791622576546245,0.34983741974877963,0.1110797197431928,1.7381826592770429,107.45646257108423
61.24999999999866,-0.5660796591696665,0.49533482910641924,-1.7708102809431765,-0.3146685309432868,-0.4591662289574819,-1.2759927459784737,-0.5439532620903015,0.4740737103537254,-1.7517838269643422,6.867225540943969e-06,5.859357116442339e-06,4.6374583792252536e-05,0.00013812667696679292,0.3512936422706248,0.1005003899760202,1.415118963602844,110.33937496999074
61.299999999998654,-0.5697654515983552,0.47812932250127016,-1.7656597140759733,-0.309573812948966,-0.4758003810411228,-1.2711823044622614,-0.5479614492599308,0.45381525441824766,-1.742808079117853,6.735667873611185e-06,5.49463453998462e-06,4.644421024713632e-05,0.0001383406499007287,0.3479377821422433,0.09620883032424943,1.4847881889483907,112.83255489690866
61.34999999999865,-0.5733633073040478,0.46087546032419996,-1.7606765973560943,-0.30439560972567375,-0.4924312348710554,-1.2667161834035023,-0.5515076131115926,0.4386072249237323,-1.7640551305991274,6.6095654817683205e-06,5.1183039086878585e-06,4.649627885209791e-05,0.00013858224008837065,0.34836738770482134,0.08932242117518904,2.306916812854202,113.89088544066651
61.39999999999865,-0.5768649643007339,0.44363953986849036,-1.7558527422365784,-0.2991302282681236,-0.5090580573985501,-1.261499671748637,-0.5564006492757019,0.4193976732222607,-1.7579889158713762,6.543599577767129e-06,4.88684479064268e-06,4.650083269017238e-05,0.00013881857505517074,0.3488129349801734,0.1043302330973108,6.235075183623554,105.61915595386732
61.449999999998646,-0.5802828889943683,0.426371701161646,-1.7511888478856992,-0.29379572008465094,-0.5256226844758317,-1.2569843681933428,-0.5594257405868643,0.4043953071096095,-1.7388183076315193,6.478701078871304e-06,4.643852265613073e-06,4.648952751330772e-05,0.0001390732895733307,0.34804848070367517,0.09030607110588934,4.9430432981576296,99.6315587231769
61.49999999999864,-0.5836088296515868,0.4090927204365314,-1.7466973502255176,-0.2883920053306978,-0.5421409354410084,-1.2522830161049554,-0.5623728330218676,0.3898040593798996,-1.7447513482945918,6.392226837357499e-06,4.3252296556849754e-06,4.6491771366899384e-05,0.00013929598369195477,0.34759361584471643,0.0940270417677512,1.6432642956222925,99.72927299468739
61.54999999999864,-0.586847540585947,0.3918165710876874,-1.7424064851212566,-0.2829145847928896,-0.5586199922461517,-1.247512818192022,-0.5659458736018691,0.37454907565004786,-1.7399057918624476,6.3330258410103315e-06,4.070229397081072e-06,4.647368236514727e-05,0.00013951173929683833,0.34731082376822636,0.09540395825867329,3.1630073178138516,93.18952465698142
61.59999999999864,-0.5899989011508366,0.37451494314457046,-1.73825688678411,-0.27732883320991547,-0.5751887057124265,-1.243758900220007,-0.5689963472626277,0.3592632964830242,-1.7398132166057854,6.280226947449863e-06,3.815185346863683e-06,4.644895959612786e-05,0.0001397267167444506,0.34969886799504163,0.07507835944030719,1.9770626772667304,91.79958728474492
61.649999999998634,-0.5930739108891093,0.35721513226572493,-1.734298008039224,-0.2716760023173031,-0.5917623761569107,-1.2404338063186189,-0.5724822010281739,0.34127243173452404,-1.7333949626453684,6.240812593622387e-06,3.584011632553882e-06,4.640747338195539e-05,0.0001399415508089628,0.35022354668299527,0.06650187802776569,1.652247432553895,88.40384439363672
61.69999999999863,-0.5960748427113834,0.3398983755747822,-1.7305037250566717,-0.2659305378649504,-0.6083904295870277,-1.2357875323836967,-0.5750706816749016,0.32348753487654053,-1.7074443554407939,6.201514848013887e-06,3.334589013138305e-06,4.635416544430362e-05,0.00014017559515962672,0.3518539921275191,0.09292547869844996,4.256638075635999,88.3829921033381
61.74999999999863,-0.5990056576985296,0.3225527045082147,-1.7268693749278208,-0.26020646118346796,-0.6247536903634732,-1.2327891942384428,-0.5773254118308158,0.3070617178262001,-1.7034173709930502,6.135568097005977e-06,2.9837825221416976e-06,4.6306341154066104e-05,0.00014040295683462748,0.3467111663820319,0.05996676290508235,1.278599185943603,91.74662462571382
61.799999999998626,-0.6018597346341178,0.3052481241737765,-1.7234035682931197,-0.25440846061978784,-0.6411483660987262,-1.2289553485989417,-0.5800056883302038,0.29232511966482294,-1.7063618489713734,6.0812212588700495e-06,2.648310742597116e-06,4.625227064371208e-05,0.00014062674792997704,0.34779452175243863,0.0766769127900259,1.7515857475355037,89.79779631621938
61.84999999999862,-0.6046539853151496,0.28790180071603216,-1.720112819006921,-0.2485087396285223,-0.6576520581325833,-1.2259935030693776,-0.5828014994549036,0.27625892645216993,-1.72378489641338,6.048465944718083e-06,2.366564404187479e-06,4.619340405805535e-05,0.00014084024699080418,0.35053033140335993,0.059236910591285004,2.3550976247626747,92.36389759591219
61.89999999999862,-0.607381761542012,0.27055727308947025,-1.7169773287993828,-0.2425903119205647,-0.6740798835938264,-1.2240126760000758,-0.5856757335830164,0.26271826495793005,-1.724058354232166,6.0548784241888925e-06,2.2086032273294665e-06,4.61073238900074e-05,0.00014106683452354718,0.3492284842987025,0.03961654138603948,1.9048440477507302,88.36363221551723
61.94999999999862,-0.6100488809014419,0.25320444002395454,-1.714008833060449,-0.2366635626703558,-0.6904085742207553,-1.2212234829514337,-0.5885897666406289,0.2454660770063647,-1.7201604381510809,6.0675850489828455e-06,2.0663619112520523e-06,4.6019215335533876e-05,0.0001412649611699639,0.3474206038167515,0.055783860972844386,0.6235376647549987,85.57466333659627
61.999999999998614,-0.6126574562791326,0.2358411245798039,-1.7112047039977678,-0.23058712876989823,-0.7069707909238124,-1.2170941581963761,-0.5913259872574282,0.22812129627816102,-1.716062472836687,6.081612309168335e-06,1.9065903594356286e-06,4.5923788139811105e-05,0.0001414766795793111,0.3528345296630973,0.08258649510115695,2.038265488179717,83.65681039984332
62.04999999999861,-0.6152132948897087,0.2184923964083076,-1.7085876991237918,-0.22450411875103765,-0.7233600321064944,-1.2137010154452028,-0.5942898361371031,0.2090546065147919,-1.7109423770682544,6.096338174009846e-06,1.7452346132410558e-06,4.582049547200294e-05,0.00014168364808881756,0.34963439799430246,0.06786285502347217,1.1916618290870529,80.68778544490786
62.09999999999861,-0.6177173910548157,0.20112661469738385,-1.7061331455571485,-0.21831498140051092,-0.7398764206915612,-1.2108289612309815,-0.5971911634093332,0.18643937752901274,-1.6922446357784826,6.112857952403789e-06,1.5711564499054733e-06,4.571148701204956e-05,0.00014189497339715403,0.3527586862895223,0.0574410842844306,2.7856976057699105,78.20107253827116
62.149999999998606,-0.6201722289190658,0.1837649569977749,-1.7038539985566157,-0.21213446760770507,-0.7562513267536989,-1.2089507190324553,-0.5990811798658581,0.16883529292223254,-1.686280322402702,6.112990017374998e-06,1.3235107499619603e-06,4.560299469272443e-05,0.00014211596378356327,0.35004936185891006,0.03756484397052632,1.426952684826893,81.3358524864022
62.1999999999986,-0.6225772170855157,0.16639348643112248,-1.701715901755469,-0.20595586693030515,-0.7725210639334011,-1.2067668139529233,-0.6015842209946156,0.15578506308120238,-1.6877040532643546,6.116191022633547e-06,1.0772450444663644e-06,4.550613232521894e-05,0.00014231244558397446,0.34806871425505587,0.043678101590644745,2.5800294429597246,76.87744222528605
62.2499999999986,-0.6249405936053578,0.14900470338863878,-1.699745442628051,-0.1997382269415793,-0.7887576561959007,-1.2033988485224927,-0.6038449247173737,0.1390002747490993,-1.6929087297789958,6.130604057220746e-06,8.683938004526084e-07,4.543175617246098e-05,0.00014245925255095614,0.3477276296579823,0.06735930860861622,2.631481256935252,77.69818620729866
62.2999999999986,-0.6272630210829063,0.13163762003387347,-1.6979487541720824,-0.1933868463772488,-0.8051945821420307,-1.200722587293669,-0.6062155755059881,0.11725840403435174,-1.6787698272784686,6.162867343625682e-06,7.09384673917052e-07,4.535841284887454e-05,0.00014261094751472607,0.3524274421582685,0.05352522457647456,2.0993300591979573,78.20372476162504
62.349999999998595,-0.6295479313869785,0.11425770524807081,-1.6963218691841326,-0.18703662016091357,-0.8215084738112697,-1.1984555472945673,-0.6084616038028268,0.10094371240993606,-1.6845654814620572,6.1856253274247665e-06,4.996477821316134e-07,4.529215329286113e-05,0.00014277421124417143,0.35012487238210804,0.04534079998203771,3.19403740008842,77.70821868235892
62.39999999999859,-0.6317954041019584,0.09688466877051494,-1.6948549707531728,-0.18065225117696493,-0.8377650307474217,-1.1946974853218302,-0.6110456408597056,0.08284581454330589,-1.6782281074893033,6.22229589089063e-06,3.4470069446942506e-07,4.523876888092636e-05,0.00014290747980055918,0.34930569405284045,0.07516123945474767,2.327645075624828,74.55775611368072
62.44999999999859,-0.6340142715214584,0.07949283457725301,-1.693561065547957,-0.17413994394132615,-0.8542245086709831,-1.193381584823623,-0.6144529973391425,0.060920848917710234,-1.69298976511509,6.262232323239615e-06,1.7809197522652045e-07,4.5202608530061145e-05,0.00014302493097462116,0.3540195498896455,0.026318009964142384,3.125267648976068,73.4380678100351
62.499999999998586,-0.6361977171190567,0.06211259893573453,-1.6924152878971557,-0.1676454472328822,-0.8705473872507433,-1.190861469324594,-0.6164108765818589,0.04656217830782632,-1.6973960290229777,6.325026054640488e-06,1.1033879166653581e-07,4.5178116261903716e-05,0.00014313696473143342,0.3513488385975378,0.050402309980582656,1.6862420795132005,73.49345464017676
62.54999999999858,-0.6383608879650994,0.044730714014021546,-1.6914671425961638,-0.1610897319651262,-0.8869499796083757,-1.1902778738410342,-0.618889032235979,0.032226747217228895,-1.6943481955100161,6.398281621559558e-06,7.54767872241245e-08,4.5164912357868443e-05,0.0001432220102976752,0.35328314286334284,0.011671909671197757,2.8625178007888783,67.36885347241937
62.59999999999858,-0.6404985633323232,0.027353240902954983,-1.690675201875699,-0.1545968249493531,-0.9031515802937472,-1.1889969673601732,-0.6202816447572772,0.017749383966600755,-1.6710915444312284,6.46613293335258e-06,3.071840048936478e-08,4.516911367093604e-05,0.00014327095853542681,0.34908437257348046,0.025618129617223182,2.246914946802778,65.29839335068364
62.64999999999858,-0.6426174603338495,0.009986021747195723,-1.6900650268285402,-0.14800369040822717,-0.9195553027071433,-1.1882589903908023,-0.6221443365764514,0.006516094793337317,-1.675799426621119,6.511383272988985e-06,-1.329784183836894e-07,4.519687532720085e-05,0.00014330739462339474,0.3535825483691668,0.014759539387419968,2.5142456813463454,64.66921640118248
62.699999999998575,-0.644719400374741,-0.007398423830384969,-1.6896102352611737,-0.1415846867273238,-0.9355238953416779,-1.1889149674534427,-0.6247593686410793,-0.01188280458875192,-1.6822025519018684,6.56239570753087e-06,-2.3744072201288987e-07,4.5234378308397074e-05,0.00014331812212489974,0.34420898861279736,-0.013119541252810455,1.1177742046128596,61.846964398048314
62.74999999999857,-0.6468114756898578,-0.024762602419391665,-1.6893593343988456,-0.13505999999978247,-0.9517700672300282,-1.1888840780180916,-0.6271737605254146,-0.02782734552303041,-1.6896592768221121,6.627341218529962e-06,-3.0221839777926647e-07,4.5291089246760946e-05,0.0001433328167490102,0.3501483331052491,0.0006177887070216101,1.4569440588661438,60.58624251172452
62.79999999999857,-0.6488888581317172,-0.04213923018509223,-1.6892476246345935,-0.12851388851154513,-0.9680969302789337,-1.1900736502433864,-0.6294868536976331,-0.04597741407319906,-1.6910258929114426,6.705246318195743e-06,-3.198206614410163e-07,4.5357591386170916e-05,0.00014333708906382795,0.35180566744829894,-0.02379144450589815,0.4434773335142466,59.119459393495745
62.849999999998566,-0.6509599372886399,-0.05951449819213449,-1.6893147085488314,-0.12197006496935127,-0.9844482646461651,-1.1901593864627587,-0.6323539272807505,-0.06541601549638534,-1.6901591018378272,6.7852918633301665e-06,-3.3316985305290807e-07,4.543684461731216e-05,0.00014332528736417366,0.3522429629274716,-0.0017147243874436491,2.330987182625598,54.211909194198
62.89999999999856,-0.6530226840801474,-0.07686423682737697,-1.689550339742502,-0.1155065914561034,-1.0005809686699494,-1.1893101538045674,-0.6342153592622428,-0.08210841023452292,-1.689563378585456,6.861645509225053e-06,-3.478669486508642e-07,4.553717100877641e-05,0.00014328461339420037,0.34758633294652225,0.0169846531638256,0.8506700342868831,54.322941331049634
62.94999999999856,-0.6550831674360388,-0.09421545493721581,-1.6899523878027747,-0.10893512566808085,-1.016957047578608,-1.189056161082947,-0.636290057681281,-0.09742676898178954,-1.6854962146146473,6.941009686691479e-06,-3.695640466684521e-07,4.564911560595428e-05,0.00014323947440352374,0.3529079906716431,0.005079854432405954,3.6699044462721404,52.12910143359082
62.99999999999856,-0.6571503304746669,-0.11159545501657583,-1.6905335092919085,-0.10245417259456935,-1.0331335630366472,-1.1904211812784344,-0.639107837659853,-0.11724379625357385,-1.6837646712175156,7.014140286780327e-06,-4.035739910569753e-07,4.576883976289195e-05,0.00014317497891236467,0.3485297417776714,-0.027300403909746602,1.9466451532290228,47.699095921604716
63.049999999998555,-0.6592157997319922,-0.12895457653917236,-1.6912658526690922,-0.09598542166520233,-1.0493053291490886,-1.1901539754293748,-0.6415257958159969,-0.13045848632876644,-1.6826641340294906,7.085176517226217e-06,-4.476765499163299e-07,4.5915273840582375e-05,0.00014308785895248647,0.34835083441089754,0.005344116981193171,2.2714036116160634,44.47735194305787
63.09999999999855,-0.6612843320855306,-0.14629204884108776,-1.6921643488681408,-0.08958543664904531,-1.0653516988310134,-1.1924212466935535,-0.6436290486534566,-0.14858550547091948,-1.6734447536354284,7.155325866765884e-06,-4.853696026014045e-07,4.60641699891268e-05,0.00014299526386803174,0.3455117456893752,-0.04534542528357747,1.5540107934816658,43.6868973100233
63.14999999999855,-0.6633635173598543,-0.1636384383907002,-1.6932311373924667,-0.0830783473647258,-1.081716093612563,-1.1922360613092255,-0.6454425154710921,-0.16393140571115872,-1.6777941137912347,7.218899150425387e-06,-5.81966538186537e-07,4.6234013404177634e-05,0.00014289830685309607,0.3522133605684047,0.0037037076865620703,2.747910297606106,44.52381247140021
63.199999999998546,-0.6654561515351174,-0.18097412734167312,-1.6944768510148176,-0.07667815463927058,-1.0978387896107722,-1.1935770614140044,-0.6481531885339953,-0.18090784509944796,-1.6928098518147812,7.287310934304282e-06,-6.375962995802622e-07,4.640350802520692e-05,0.00014279973819791345,0.34693160032848736,-0.026820002095581302,2.1080239945635286,42.29988041344428
63.24999999999854,-0.6675617819046443,-0.1983108848166788,-1.6958765586203761,-0.07027103121468196,-1.1140497776586507,-1.1952346508188338,-0.64988383972422,-0.2002186320833587,-1.684925180303685,7.376341452324681e-06,-6.130224107921004e-07,4.657143037344656e-05,0.00014269130426258872,0.3486244016917812,-0.03315178809658984,1.209018878780969,42.503388646574265
63.29999999999854,-0.6696889683264982,-0.21564595647962262,-1.697458586171334,-0.0638430524587423,-1.1303925926672296,-1.1968865405384235,-0.6529262193538689,-0.2175772148410183,-1.7099467396311356,7.456029822920329e-06,-6.402801982275895e-07,4.675089186760613e-05,0.0001425685835160035,0.35123017149530367,-0.03303779439179267,2.097165340532044,43.3061084912621
63.34999999999854,-0.6718375265809857,-0.2329729956526277,-1.69920750086077,-0.05748569105008894,-1.1466202273497188,-1.1979380128623882,-0.6553490100188221,-0.23665663682138546,-1.696273151384604,7.567267712792496e-06,-5.394818036685113e-07,4.6914432232396405e-05,0.00014243274724980653,0.3485697631488783,-0.021029446479296686,2.1148106606558734,37.17374706167983
63.399999999998535,-0.6740098855095866,-0.25027846222213257,-1.7011325801008874,-0.0511085317708325,-1.1629110187265943,-1.1974128544142246,-0.6588200657403634,-0.2595578391719586,-1.7043456512352237,7.654898110877788e-06,-5.342090587641826e-07,4.7092026959163935e-05,0.00014227308853423222,0.34989029777460634,0.010503168963273343,2.4091518070451756,34.49669148598381
63.44999999999853,-0.6762084947397697,-0.2675979602468385,-1.7032121705297343,-0.04474161619112527,-1.179241090046643,-1.2006603075018842,-0.6616530711928452,-0.27668892983520266,-1.6967979761531373,7.755868210138153e-06,-4.853227350689203e-07,4.727591385038309e-05,0.0001420838331615749,0.35054763630713637,-0.06494906175319487,3.183044137227818,29.376571706944876
63.49999999999853,-0.6784306156949953,-0.2849027883439023,-1.7054474304815204,-0.03845561108660904,-1.1954733760194405,-1.2019929184485443,-0.6641730795808282,-0.29156192053502317,-1.7036303715153192,7.840592728975378e-06,-4.911450336001718e-07,4.746290416070962e-05,0.00014189682550107177,0.3481384856157875,-0.026652218933203378,0.9860138855623043,27.81516675790424
63.549999999998526,-0.6806825919114635,-0.30218369629195707,-1.7078475963216173,-0.032180535854794634,-1.2117709793365703,-1.204528832030926,-0.6665058118462782,-0.30797553121610743,-1.7109983655587258,7.934993100716988e-06,-4.659469975816479e-07,4.763154109914766e-05,0.00014172862637652217,0.34927845996700346,-0.05071827164763627,3.1424707726305803,28.051655551092715
63.59999999999852,-0.6829769000862822,-0.3194817433908581,-1.710432621904101,-0.025995348940824538,-1.227981647816906,-1.2080616692828918,-0.6686040463402821,-0.322389393012424,-1.7180929618433243,8.036950419991554e-06,-4.089658457529481e-07,4.778204453996373e-05,0.00014156183515979978,0.3470115979894084,-0.07065674503932276,2.9364404103658037,28.999894540682483
63.64999999999852,-0.6853050797411974,-0.3367551895363189,-1.7131733545127548,-0.019817418374573983,-1.2443691645234687,-1.2125025448965103,-0.6706748262482639,-0.3350449027044097,-1.7229339029023651,8.148743980049175e-06,-3.316591411273536e-07,4.791355792273444e-05,0.00014141007442349456,0.35026734587404895,-0.08881751227237529,2.861532634342036,29.715098756408338
63.69999999999852,-0.6876824154137805,-0.3540255173171347,-1.7161082099863751,-0.013693538717218403,-1.2608161713943937,-1.2162168321843172,-0.6737041378100354,-0.3488999514525416,-1.7272789585729191,8.263167054230048e-06,-2.506070939049664e-07,4.8025086660576964e-05,0.00014126972988404724,0.3510021602057055,-0.07428574575614166,2.0008992841608744,27.470116785722126
63.749999999998515,-0.6900996604390561,-0.37130131662214705,-1.7191870932829172,-0.0076066480510937765,-1.2773548867593445,-1.2200680846824432,-0.6763405342488795,-0.364024159655512,-1.7388577133690606,8.380479778502583e-06,-1.6766569149132792e-07,4.812509986647953e-05,0.0001411241648361786,0.3524654466947871,-0.07702504996252657,3.1930249396674353,29.738102053009403
63.79999999999851,-0.6925637495120772,-0.38853794484319976,-1.7224496993649248,-0.001598272836974772,-1.293870795725116,-1.2237055533309054,-0.6790996760946941,-0.38169009288651357,-1.7270427863956015,8.511455344226414e-06,-4.589654729078412e-08,4.81993319701697e-05,0.00014096931046522743,0.351497460727949,-0.07274937296924747,3.1017414628721705,23.50641739625535
63.84999999999851,-0.6950758941408516,-0.4057883270612407,-1.7258578645963094,0.004303599468159228,-1.310282188254167,-1.2274480347712506,-0.6827991172824666,-0.39872257755646817,-1.736857129573916,8.613248257129982e-06,-5.66994902783984e-09,4.8284770647012615e-05,0.00014078860228650797,0.3488072570721546,-0.07484962880690799,1.5683934882335864,21.011356248388957
63.899999999998506,-0.6976393492062125,-0.42301126260869976,-1.7294393790071119,0.010260396175259475,-1.3270322487789292,-1.230784357311492,-0.6863512978344999,-0.41527641381956765,-1.7436717296743236,8.732178427206213e-06,6.300283292002533e-08,4.835878628512085e-05,0.00014061134693576537,0.3555549171394978,-0.06672645080483135,2.1790583515621424,18.93511094217137
63.949999999998504,-0.7002587439462358,-0.4402311161830008,-1.7331867700442776,0.016063441443340494,-1.3435284269515702,-1.2342868006440502,-0.6891740407495847,-0.43325213388313366,-1.7357163926619057,8.85423140248874e-06,1.530914298039467e-07,4.8413128289018276e-05,0.0001404276449283601,0.34974250030169246,-0.07004886665116741,0.8743065075700119,15.382952672013154
63.9999999999985,-0.7029342476787369,-0.4574336378111704,-1.7371128389814106,0.021766116833210374,-1.3599458467828933,-1.238672515762547,-0.692151362050053,-0.45004997539208264,-1.7375464469056527,8.955196646246246e-06,1.8665057223727246e-07,4.8471095623107404e-05,0.000140234673197871,0.34759324773215877,-0.08771430236994487,0.9638986240860523,14.31451572637438
64.0499999999985,-0.705686758267345,-0.4746247802199061,-1.7411986073212475,0.027460549041024306,-1.3765512032552718,-1.2421996443185694,-0.695734205733365,-0.47189503613054706,-1.7370772592203105,9.05729432447513e-06,2.1147410860565418e-07,4.8521618181775645e-05,0.00014005327871354322,0.3510924329713837,-0.07054257112044146,1.5968854193211284,11.110359639206083
64.0999999999985,-0.7084867419296785,-0.49180949314116224,-1.7454531566177987,0.03311295872573217,-1.3932574066142274,-1.246889949246582,-0.6986322067861561,-0.4932400742306616,-1.732659467452685,9.157870692926233e-06,2.2315679201082149e-07,4.8568784078875855e-05,0.00013985880388642954,0.3527307960136401,-0.09380609856025386,1.9984891131342648,10.846015524372715
64.1499999999985,-0.7113485082271229,-0.508978646256223,-1.749929973586104,0.03860728815376113,-1.4097492098310274,-1.2515223150143493,-0.7019784588415917,-0.508675235023381,-1.7565223778696217,9.244890901370695e-06,2.0661780395391443e-07,4.861656581992321e-05,0.00013965646285834306,0.3476594710643156,-0.09264731535535244,1.5908843295405177,10.908556510261334
64.1999999999985,-0.7142796477762201,-0.526161069933693,-1.7547471103605057,0.04400461180414457,-1.426197916506692,-1.2559487581808024,-0.7057367464004599,-0.5240883204636174,-1.7662576631755014,9.372562358361122e-06,3.032432326701547e-07,4.8616890109741986e-05,0.00013948116172927112,0.346232028108375,-0.08852886332906837,2.261394895800341,10.12751183435716
64.2499999999985,-0.7172904803284772,-0.543349502382618,-1.759768760300268,0.049362611752790844,-1.4427659949837106,-1.2600884936082342,-0.7087857589811014,-0.5401264955833938,-1.763379714547836,9.513245423834394e-06,4.2269594342889343e-07,4.8592062681865854e-05,0.00013932095477882888,0.34825842180160427,-0.08279470854863803,1.1933782634672303,8.364018603270548
64.29999999999849,-0.7203719997159606,-0.5604813665396372,-1.7649724037529952,0.05472746625425916,-1.4596343499413194,-1.265651551245445,-0.7130244631165701,-0.5568812189809655,-1.7881122639675617,9.644507406895336e-06,5.009147813059392e-07,4.856563125056654e-05,0.000139172644766119,0.3540191355557477,-0.11126115274422235,2.3795346521618947,11.594441020676447
64.34999999999849,-0.7235453540650931,-0.5776336246315974,-1.770339740959693,0.059890577722828325,-1.47617436385647,-1.2707930511104488,-0.7161239740067217,-0.5742049632242008,-1.7748331629275191,9.816222190359721e-06,6.82958184977635e-07,4.848188267494171e-05,0.00013901547208179437,0.3465431815707056,-0.10282999730008395,1.858692472840076,6.372023023892699
64.39999999999849,-0.7268038912996309,-0.5947590104681149,-1.77589539883476,0.06502937212579601,-1.4929486742027624,-1.2762567934647886,-0.7203676646387673,-0.59141737157549,-1.787099950778489,9.948686020418702e-06,7.635227890868221e-07,4.842082778776224e-05,0.0001388571385342964,0.3508763093678047,-0.10927484708680105,0.8825385007457196,6.008462189036758
64.44999999999848,-0.7301480024110241,-0.6118592905537201,-1.7816171375338545,0.0700430570665307,-1.5096328631933824,-1.2814954945593784,-0.7238920967312763,-0.607857884310028,-1.7878927343067157,1.0098386399613122e-05,8.839636177774193e-07,4.833214823431659e-05,0.0001386982110392734,0.3484249664206413,-0.10477402189180232,0.7238049411347387,4.8064142662346185
64.49999999999848,-0.733584468338867,-0.6289524590100781,-1.7874982049167938,0.07500033361992692,-1.5264537286240838,-1.2869041446789053,-0.7275024865312009,-0.6250919422232524,-1.7948494845515588,1.0241254868780697e-05,9.805934680903704e-07,4.8239089294673635e-05,0.00013854729967697804,0.35072316965141775,-0.10817300239054443,0.9506487600727845,4.668254470783329
64.54999999999848,-0.7371115806592365,-0.6459986219276145,-1.793576177801477,0.07984084064077562,-1.5431849680173115,-1.2914477107454772,-0.7314022992811635,-0.6435011839148631,-1.7942589008703373,1.038822959712495e-05,1.0875669400470217e-06,4.8130615178369015e-05,0.0001383975935222685,0.34834775827696857,-0.09087132133143944,1.412824343760303,3.3273410054405534
64.59999999999847,-0.74073460859012,-0.6630280240973347,-1.799813283843202,0.08456019573999968,-1.5598422637280926,-1.2979744689719361,-0.734946368425439,-0.6600986113007578,-1.802728893049527,1.0524693719346139e-05,1.173844917125839e-06,4.8021010329300986e-05,0.0001382433113759244,0.34625936925077827,-0.13053516452918684,2.325159975842285,3.567299400732569
64.64999999999847,-0.7444641980637723,-0.6800514465540315,-1.8062336379268433,0.08923668470195524,-1.576758168831536,-1.3041811012054025,-0.7391897394515081,-0.6815502851241596,-1.795684568802808,1.0675067761903997e-05,1.2748971950013666e-06,4.7894281831079876e-05,0.000138105532803902,0.3510090501832642,-0.12413264466933664,2.4250596875553603,3.0270510668220143
64.69999999999847,-0.7482909391614603,-0.6970428189124305,-1.8128126330615164,0.09374838676677028,-1.5934725218419123,-1.3101187349488148,-0.74245274737943,-0.6943989797928554,-1.8070001280714116,1.0795338371593802e-05,1.3224643019044523e-06,4.778577381875904e-05,0.0001379521657192518,0.3462518925050327,-0.11875267486825115,2.106091928123392,3.291971086473168
64.74999999999847,-0.7522307576114022,-0.7140284506747914,-1.8195720109501388,0.09818379580744736,-1.610325313957691,-1.3167750184521951,-0.7473754651446499,-0.7143886286239945,-1.8243343171293918,1.0937885467117554e-05,1.4084651222985775e-06,4.765439027195009e-05,0.0001378276739181891,0.34853440388757034,-0.13312567006761375,1.89164698355233,2.6864551588946317
64.79999999999846,-0.756270612499827,-0.7309559571427942,-1.8265139902576708,0.10254884488153909,-1.627391095924589,-1.3239992224881567,-0.7521372820754229,-0.7289230497067152,-1.8292293514129785,1.1117833370105967e-05,1.5510323854786334e-06,4.748532125222561e-05,0.00013770478502346038,0.3523043667425263,-0.144484080719242,1.9397000297613718,1.762389904465975
64.84999999999846,-0.7604232717010726,-0.7478631046337484,-1.8336210034465539,0.10677120467474938,-1.6444023208841618,-1.3310065293545295,-0.7567771082822955,-0.7475243139347285,-1.8370312333162138,1.129439551451435e-05,1.686446651447779e-06,4.731022020861017e-05,0.00013758915419998262,0.35054891465420346,-0.1401461373274632,0.6431837600610409,1.4295853411342347
64.89999999999846,-0.7646852754338916,-0.7647332416722539,-1.840890128448926,0.11090035068089851,-1.6614975994120755,-1.3365901865175727,-0.761058594905349,-0.7656496731742723,-1.8436011346636068,1.1476516347716635e-05,1.8233303195580253e-06,4.712084522686721e-05,0.00013746950103880147,0.3517380833956967,-0.11167314326087008,2.991664188494008,1.4148650058995351
64.94999999999845,-0.7690651851496433,-0.7815766074909108,-1.8483332642683248,0.11493183754109274,-1.6786523566127032,-1.3433654077166663,-0.7664194051752585,-0.7842669246139377,-1.8448107824881848,1.1663741492871984e-05,1.9622384886319737e-06,4.691973142596486e-05,0.0001373518613938135,0.352442771991694,-0.1355044239818808,0.8449494405754694,0.8191091600593534
64.99999999999845,-0.7735658181715477,-0.7983990122096621,-1.8559460721900705,0.11875691183177155,-1.6953927508545665,-1.3489526874626225,-0.7723682767148765,-0.8005775332321708,-1.8762472121310323,1.18307066206168e-05,2.080583511253152e-06,4.672544864810935e-05,0.00013722031504283312,0.3434371906508964,-0.11174559491913126,2.884436378636455,3.894722595510497
65.04999999999845,-0.7781859028480012,-0.8151709195984372,-1.863732453046875,0.122570707971774,-1.7125574630629412,-1.3553669581823586,-0.7777400280359901,-0.8192405406606403,-1.8796739438518475,1.2081751613877141e-05,2.3043745049490235e-06,4.6451972623919494e-05,0.00013711058018569045,0.3516665728874156,-0.12828541439472932,1.7638112134263304,2.746812374564257
65.09999999999845,-0.7829343578017761,-0.8319306643872786,-1.8716832170047766,0.12620542555945324,-1.7294480775244931,-1.3623072069662432,-0.7837195249046174,-0.8384518580674623,-1.887836948351987,1.2315157715082872e-05,2.503473189476783e-06,4.6176824920276246e-05,0.0001369909958692404,0.3455460762361611,-0.1388049756776995,1.1091211408596615,3.3385215867559155
65.14999999999844,-0.7878085138888887,-0.848639797100884,-1.8797926479903848,0.12983042637208114,-1.7469212312456253,-1.370166737539503,-0.7877847953645656,-0.8514160359355297,-1.8852024661495554,1.2559489506895177e-05,2.69141186653176e-06,4.589729252495865e-05,0.00013688766292121318,0.3569052373659902,-0.15719061146520352,2.8114714641322256,0.47325067231216267
65.19999999999844,-0.7928072771140845,-0.8652975022838196,-1.8880813391586755,0.13324987094949406,-1.7641080950194719,-1.3786412223420326,-0.7923392848181425,-0.8657813358747809,-1.8929902320670131,1.2767974431181094e-05,2.836005324086696e-06,4.564417012018339e-05,0.00013678990975017565,0.3504755200609568,-0.16948969605060152,3.4117299846110987,0.2451240859296389
65.24999999999844,-0.797942218561687,-0.8819270651411196,-1.8965355225913492,0.13652165115438838,-1.7813782265353448,-1.388494484905773,-0.7990874014886387,-0.886938836363511,-1.8966352424855726,1.2983740758838508e-05,2.9842823879336185e-06,4.538519816372213e-05,0.00013669875570277535,0.3515477139587132,-0.19706525127482108,1.977143527225073,0.6116499863115714
65.29999999999843,-0.8032122097549698,-0.8985095484250445,-1.905152846646294,0.13962722702038086,-1.7986321157881524,-1.3969262371225017,-0.8037309648140321,-0.902153798551108,-1.900537290774593,1.3187529422002243e-05,3.1131950392270137e-06,4.513430083249824e-05,0.0001365961435804204,0.35062408169947606,-0.168635044334583,0.9275539958239785,0.4146910193656492
65.34999999999843,-0.8086167414394835,-0.9150369229966737,-1.913928915136205,0.1426153318686688,-1.8160050957169942,-1.4040050777538724,-0.8097845623075738,-0.9216109999514057,-1.9105510676963793,1.3383365786839407e-05,3.22585435544381e-06,4.489395436552229e-05,0.0001365065161122099,0.35256233481871996,-0.14157681262742158,2.0618057370188856,1.0350339192193037
65.39999999999843,-0.8141656648157335,-0.9314988029784645,-1.9227145411744173,0.14544385268714544,-1.8332718138256554,-1.4128449647583745,-0.8143538170134788,-0.9344837487560879,-1.927723317131224,1.3594955867900933e-05,3.358372693376242e-06,4.4637423348613625e-05,0.00013641393097439065,0.34993832476391157,-0.17679774009005295,3.1996937409604027,0.45689782170794646
65.44999999999843,-0.8198382934053253,-0.9478700042063883,-1.9313583591611632,0.14811835935245404,-1.8505689081470358,-1.4219339194576666,-0.8211316055848349,-0.9526100142775963,-1.933693019578973,1.3843938663383677e-05,3.5291884936007985e-06,4.4343265553361336e-05,0.0001363341941251061,0.35005403397976137,-0.1817790939858533,1.8960577123165598,0.6369052371965394
65.49999999999842,-0.8256489510108004,-0.9641706676679614,-1.9401120475934035,0.15063763631825683,-1.8678880047540969,-1.4307602381663806,-0.827699826776943,-0.9686793733664576,-1.9391945856046053,1.4086337072327815e-05,3.686634584156256e-06,4.405508275837066e-05,0.00013625169432528842,0.3500284858157444,-0.17652637417429393,2.4337080084913953,0.6692545187708869
65.54999999999842,-0.8316024195982294,-0.9804359739587512,-1.9490182531717037,0.15301174521756794,-1.8852793220846262,-1.4394873325455229,-0.8344112048838526,-0.9846110666617428,-1.9479043972769887,1.4322343707764972e-05,3.8303427277248e-06,4.377435759208009e-05,0.0001361734640538917,0.35105342441982373,-0.17454188758285394,1.6232503068725086,0.8417755905904416
65.59999999999842,-0.8376888707158102,-0.9966394845827681,-1.9580910364484851,0.15523581894149222,-1.9027361342918632,-1.448662031439114,-0.8402463429270044,-1.0003365054358078,-1.96390338687658,1.4565540483352937e-05,3.975048030668817e-06,4.348729840189009e-05,0.0001360994116597267,0.35195963899502675,-0.18349397787183352,2.181822934674667,0.892626476583803
65.64999999999841,-0.8439034412408306,-1.012775654944397,-1.9673381104137002,0.1573013597214761,-1.9202149945846254,-1.4576743852239338,-0.845652062759752,-1.01328192723239,-1.9744938284710958,1.4840754782334188e-05,4.146210079565647e-06,4.3169772129780875e-05,0.0001360306806109662,0.35201085926169745,-0.18024707569640205,2.005141078421561,0.5179518652564584
65.69999999999841,-0.8502668698567192,-1.028862358005358,-1.9767389033362193,0.15916208159927092,-1.9374783158578757,-1.4691778957970418,-0.8520693758866933,-1.0280459683284036,-1.9853538228460654,1.5125877500162256e-05,4.326053497408662e-06,4.283874322872068e-05,0.00013596199537525364,0.3472681223215395,-0.2300702114621752,2.49058500692174,0.6823803954315445
65.74999999999841,-0.8567836814086514,-1.0448933034025836,-1.986299474166332,0.16086216233639514,-1.9550036511523594,-1.479005864326045,-0.8583798663003401,-1.0421740410433307,-1.9947309084804024,1.5418840099689132e-05,4.499206076965146e-06,4.2503005237962966e-05,0.00013589972540218603,0.35215345924549524,-0.1965593705800775,1.223941119558157,0.7689934843538739
65.7999999999984,-0.8634424461596095,-1.0608545426910982,-1.9960154021232697,0.162401400502276,-1.9726848821276266,-1.4889147919449306,-0.8645887802532696,-1.0570007046708343,-2.0003250046818715,1.5715791975176986e-05,4.6656118550959334e-06,4.21673580962596e-05,0.00013584477668449928,0.3549635250614052,-0.19817855237772053,2.068161273375309,0.5669277729935713
65.8499999999984,-0.8702564627123944,-1.0767678492538786,-2.0058428017320185,0.1637436839403284,-1.9902086628277258,-1.4997807781201327,-0.8712468539740396,-1.0714194323360975,-2.0130572278964474,1.5999456230552927e-05,4.817783601716585e-06,4.1841790464791775e-05,0.00013578511034399303,0.3515039994250715,-0.21731972350405238,0.8800531285848415,1.0559365097854454
65.8999999999984,-0.8772076728574273,-1.0925905900680175,-2.015846534148301,0.1648815545626277,-2.0074021514262093,-1.5096439632789256,-0.8794484830253994,-1.0882044738334011,-2.023919464524902,1.6293956580523727e-05,4.979831359347976e-06,4.149980062688429e-05,0.00013571648620578833,0.34462339257096963,-0.19726370317586991,1.419934700202972,1.1992385777102932
65.9499999999984,-0.8843011609261691,-1.1083397031272066,-2.025992819189087,0.16586803801670216,-2.0249940430529367,-1.519913962558322,-0.8856149361161446,-1.0993210765130257,-2.0342194841127745,1.6602081875000325e-05,5.1371120372073535e-06,4.1153560657665216e-05,0.00013565796873930635,0.3523921277657631,-0.2053999855879382,1.8204009426611378,2.5387093794253195
65.9999999999984,-0.8915542718961917,-1.1240173842514116,-2.036287271185501,0.1666727093356452,-2.0425510476436517,-1.5300789420809324,-0.8940257293583433,-1.1151268935230914,-2.0351766351072715,1.691394478399215e-05,5.291369556563274e-06,4.080581063611522e-05,0.0001356078127274418,0.3515102080524579,-0.2032995904522186,1.2270036220155014,2.9333955174787856
66.04999999999839,-0.898969527706179,-1.139624581838741,-2.0467366767313164,0.16728944166277493,-2.060125182814777,-1.541356138125529,-0.9024531999083528,-1.1295957258722753,-2.0563909625510965,1.7193186368759844e-05,5.4155683924978e-06,4.0492913376016176e-05,0.0001355548989712735,0.3517009314750536,-0.22554392089194505,1.4037664934831857,4.092783443985159
66.09999999999839,-0.9065376866031005,-1.155141212288292,-2.0573593087471247,0.16771154552941156,-2.077674581611443,-1.5521411360103474,-0.9110642463568966,-1.1466462284417767,-2.07663425496946,1.752696327043882e-05,5.571518901965024e-06,4.012775049489738e-05,0.00013550320619350274,0.3510911886170792,-0.21569995769638253,1.1327550351872329,5.388480900778518
66.14999999999839,-0.9142719378827957,-1.170593953519512,-2.068108374512873,0.16793742698849531,-2.095233571076969,-1.5637246384026913,-0.9201616937393832,-1.1629560022608443,-2.0879957275841616,1.7908719211762173e-05,5.747259986558504e-06,3.971383991357408e-05,0.00013544984209179253,0.35121080935786736,-0.23167004784689205,1.4572622063531064,6.033585317463408
66.19999999999838,-0.9221626119728838,-1.1859554631952158,-2.0790003558440464,0.16796066850097785,-2.112906737938513,-1.5752378698072165,-0.9291712412570406,-1.1793434582478213,-2.0932713242462277,1.8292411433178082e-05,5.9115606206163445e-06,3.9301040905349605e-05,0.00013539980128406047,0.35346559509776154,-0.2302646280905193,0.7191369968847023,5.421038049148572
66.24999999999838,-0.9302149386651328,-1.2012338643468108,-2.0900517475396874,0.16778942944564224,-2.1306620471670037,-1.585642957726288,-0.9395312603397709,-1.197711281918609,-2.1009601790577115,1.8648120139646392e-05,6.048978521712457e-06,3.89183262987199e-05,0.00013535155231939787,0.35512430113225046,-0.2081017583814431,1.1081395367463873,6.048723003580918
66.29999999999838,-0.9384224336417443,-1.2164061372285393,-2.101239780208111,0.16743576431282134,-2.148246694820867,-1.596168580614993,-0.9484619923988585,-1.2120890662111572,-2.1173706383134743,1.899081417280063e-05,6.174728511103133e-06,3.8548332694808115e-05,0.00013529748021425653,0.3517656993778094,-0.210512457774111,1.519093789513825,7.689158847996573
66.34999999999837,-0.9467985853566555,-1.2314958794845945,-2.1125835662661494,0.1668865593951147,-2.1655965908783346,-1.6087122435255958,-0.9575636150438862,-1.2267801332305666,-2.121895830601829,1.9365778224700175e-05,6.313834761432893e-06,3.814590478910749e-05,0.0001352424386991193,0.3471740025861707,-0.25087325821207035,1.6861787589210813,7.930643477516895
66.39999999999837,-0.9553435628795492,-1.2465017675404402,-2.1240973432387213,0.16613933298027347,-2.1828038136569745,-1.619676200697419,-0.9658413506116946,-1.2391242244341607,-2.131250578984894,1.9705704082581322e-05,6.430538361285037e-06,3.7778632178617766e-05,0.0001351868438588313,0.34447051235541987,-0.21927914343647692,1.5665100842539696,8.864204800632287
66.44999999999837,-0.9640458018449942,-1.2613944529526628,-2.1357560702158764,0.1651767159710123,-2.200468098967997,-1.6307989564212664,-0.975181645331927,-1.2537346147575665,-2.1338974336196435,2.0049251272119943e-05,6.535628289272533e-06,3.742231342262676e-05,0.00013515087915792707,0.3538117202779712,-0.22245511447695956,1.6650983627033775,10.427350158924874
66.49999999999837,-0.9729205892216761,-1.2761981902961756,-2.147563848624076,0.16401816953605639,-2.2179613570515593,-1.643056882518966,-0.9841245155258249,-1.2696497682225907,-2.134262992990217,2.036061209337072e-05,6.622287623809749e-06,3.709733286450982e-05,0.00013511212154671836,0.3506338014390821,-0.24515852195400561,2.0167247771848675,12.264560520194589
66.54999999999836,-0.9819525198641077,-1.290872845141199,-2.1595118609078634,0.16266438560212504,-2.235347786255698,-1.6539509964973516,-0.9937045704388106,-1.2830710022368792,-2.1549869817199188,2.062859047401753e-05,6.6867378943872816e-06,3.681739027991825e-05,0.00013507011733483292,0.34878283170189994,-0.21788227956772432,1.8792849869191854,11.679985959805839
66.59999999999836,-0.9911707339990186,-1.3054570741448142,-2.1715560825686615,0.16112194665147708,-2.252665529056628,-1.665306793700209,-1.0030980225567279,-1.2979510892088029,-2.1671022180320523,2.0960171652875568e-05,6.775645479016837e-06,3.6478068215186645e-05,0.00013503041226092436,0.3477278142725903,-0.22711594405716232,0.5656067615061069,11.61921231495821
66.64999999999836,-1.0005561346193865,-1.3199277506247133,-2.1837640975154544,0.1593858765772414,-2.269833587535536,-1.6778448913186526,-1.0131280759626577,-1.3121499216178738,-2.1936499530009383,2.130638663578886e-05,6.8658854771943936e-06,3.612385320017134e-05,0.00013498849817120004,0.3451145154704271,-0.2507619523688857,1.8544680056709617,11.584808586666838
66.69999999999835,-1.0101157252735018,-1.3342986788215199,-2.1961069772290407,0.15741431917554788,-2.287185862707546,-1.6900164932691375,-1.022340624674797,-1.3263205963731364,-2.1844052323961085,2.1736432799908847e-05,6.974267538808066e-06,3.5694044202408824e-05,0.0001349546364839257,0.34928055058638763,-0.243432039009714,2.070813052225139,13.9359708636161
66.74999999999835,-1.0198276595193156,-1.348536618820689,-2.208595065525747,0.1551888711875204,-2.304802666515447,-1.7028955395919116,-1.0326255186136921,-1.3396038277226705,-2.211867592095479,2.2066308605651286e-05,7.038450217081777e-06,3.537245065288527e-05,0.00013493004329094338,0.3551387072569321,-0.25758092645549585,1.599562015674684,12.704207837903903
66.79999999999835,-1.029706194220342,-1.3626497586340112,-2.2212406455770757,0.1527560964786159,-2.3221477083199353,-1.7173943627436519,-1.0417210876888394,-1.3499245292536133,-2.2270854937381195,2.2488494535470817e-05,7.127089908983546e-06,3.4958195553729256e-05,0.00013490007564058627,0.35029943877433695,-0.28997646303482055,3.0854066334467096,14.84117615297903
66.84999999999835,-1.0397692359943802,-1.3766562508989422,-2.2340300550480747,0.1500998675335612,-2.33932969164834,-1.7309575990599302,-1.0519323278701136,-1.3659540178744851,-2.228447464145699,2.292404319685704e-05,7.212075004703215e-06,3.453197486379558e-05,0.00013486862984044104,0.3477244525633479,-0.27126472632558285,3.217357228492213,14.43682005224298
66.89999999999834,-1.0499854816853376,-1.3905040513902749,-2.24695707949605,0.1471772581849929,-2.3566841052005443,-1.744318563597466,-1.0610988694559058,-1.377077276441779,-2.2449173405979392,2.330751160825896e-05,7.273623959276306e-06,3.416447216269902e-05,0.00013484047721209878,0.3519783644647933,-0.26721929075073414,1.118884277233505,15.097349915150582
66.94999999999834,-1.060390993766945,-1.4042403209772178,-2.260034678001558,0.14402481344151707,-2.3740386490464873,-1.756654571139141,-1.0709054921478613,-1.3899899803724887,-2.2541824536790234,2.3718713707029917e-05,7.333733092217608e-06,3.3774140047177894e-05,0.00013481700460936456,0.352773040586644,-0.24672015083351204,1.0162182925367813,15.956498094402797
66.99999999999834,-1.0709754018029347,-1.4178419402284121,-2.2732224080245076,0.14065692124751797,-2.3912963833209986,-1.7703987024443961,-1.0823293304577963,-1.404609943672295,-2.2592929413196683,2.4122679951084204e-05,7.385286908197207e-06,3.3392918247850696e-05,0.00013479166810307855,0.35166856958194864,-0.27488262610511777,1.3283741644034268,18.15918315530329
67.04999999999833,-1.0817145883241452,-1.4312956823416436,-2.2865560556930027,0.1370903903301411,-2.4083598807705293,-1.78329162280315,-1.0934333137067416,-1.418291886664112,-2.2746131316290206,2.4492321777301942e-05,7.425125570086554e-06,3.3045029879352715e-05,0.000134760499988517,0.34864727017676983,-0.2578584071750911,0.7783174469131029,17.70810314991233
67.09999999999833,-1.0926372851078052,-1.4446004365199439,-2.3000166374283486,0.1332413774511335,-2.4256589672734408,-1.7961645722768156,-1.103063377950108,-1.4292334375591906,-2.2984647308666446,2.4891770093186817e-05,7.460532484338914e-06,3.267783072380194e-05,0.00013473832455593957,0.35444471003440675,-0.2574589894733267,2.1702326916569126,16.40087740979939
67.14999999999833,-1.1037332268944315,-1.4577575318831595,-2.3136148493093946,0.1292696228135834,-2.4425072051774475,-1.8084488086957955,-1.1139428597891539,-1.442856852214221,-2.3127097868011757,2.5352353085733127e-05,7.4999125606989316e-06,3.224579026438881e-05,0.00013470856821835286,0.34620324863189605,-0.2456847283796133,3.5892829629982734,15.469257292850692
67.19999999999833,-1.1150019828650248,-1.4707636320558226,-2.3273640390095927,0.1250265844886956,-2.459466486579432,-1.823458326201971,-1.1254667346910634,-1.4561113464082642,-2.3328199369297535,2.5830498262682868e-05,7.529411394754559e-06,3.1804425390189974e-05,0.00013468255636528114,0.3496434398773946,-0.30019035012352535,1.2380977794716033,14.888218090423738
67.24999999999832,-1.1264537988931718,-1.4836280629937988,-2.341251237290533,0.12054565263095089,-2.4763382365413023,-1.837324189020852,-1.1360095233067373,-1.4675277767921862,-2.3527040728270174,2.634242374946547e-05,7.550424832726222e-06,3.133475056620163e-05,0.0001346576684173089,0.349135835771108,-0.2773172563776356,1.0969212498726515,15.703018024348962
67.29999999999832,-1.1380873816258021,-1.4963358649480136,-2.355248412846838,0.11582297269593217,-2.493215611492692,-1.8499578381716517,-1.1460154217272942,-1.4757560205074116,-2.3588218324276538,2.6882829456544713e-05,7.5599608135402525e-06,3.084529510182877e-05,0.00013463742769842532,0.3505159490647929,-0.25267298301600705,2.6602434914312116,20.701156125537747
67.34999999999832,-1.1498604095275902,-1.5088479730289555,-2.369366433875088,0.11088852933716292,-2.50996821545264,-1.8645294956981704,-1.1594038047918354,-1.4889628234321035,-2.369063673616724,2.7382326880066448e-05,7.559801491475122e-06,3.0400748113117696e-05,0.00013461947884950938,0.3492871984669759,-0.29143315053038915,1.3940118722657142,21.99058914319449
67.39999999999831,-1.1618276906896552,-1.5212219034991343,-2.3835959433100466,0.105614127547029,-2.5269661411415822,-1.8788159920009924,-1.1732730768342208,-1.502321036927004,-2.387360646102761,2.7866402908795768e-05,7.545831703443496e-06,2.998150389980334e-05,0.000134606567653434,0.3559517829704413,-0.2857299260564575,1.3541073808677577,22.319466446389107
67.44999999999831,-1.1739536303497242,-1.5334183827090146,-2.3979398557813063,0.10023895152888744,-2.543408697533162,-1.894686973350488,-1.1845262526430047,-1.514397269160139,-2.4076522666802815,2.837697934826816e-05,7.524977639509463e-06,2.9531582647910427e-05,0.0001345809160816274,0.3459806118598989,-0.3174196269899312,3.0493447096639623,21.237170003633395
67.49999999999831,-1.1862437948380018,-1.5454392252066307,-2.4124580310497437,0.0946029381309505,-2.5598087369694165,-1.9089342164810579,-1.1965074748210516,-1.52552139752913,-2.416319004600421,2.891735716295196e-05,7.489765567249356e-06,2.9059071061221016e-05,0.0001345567571453007,0.34683196361468605,-0.28494486261141355,2.8167428284664346,22.706779378144535
67.5499999999983,-1.198714148046252,-1.5572942990569003,-2.4271112179093874,0.08873718793752772,-2.5761109326107836,-1.9234393865187478,-1.2129438249330573,-1.5409800453710185,-2.4267329547355483,2.9426800715636386e-05,7.447383030160842e-06,2.8621914465240625e-05,0.00013453520534069995,0.3465105314830483,-0.2901034007538143,2.229090604349181,22.530625374745494
67.5999999999983,-1.2113356726676892,-1.568958251947402,-2.441841902347638,0.08258743749919062,-2.592434341037648,-1.938751281918541,-1.2274758567926098,-1.554575113966641,-2.4409421140601952,2.9921110925064232e-05,7.3949630273454846e-06,2.8205702597906075e-05,0.0001345147720095387,0.34887191806410645,-0.3062379079958823,1.8555044823315592,22.397038716750803
67.6499999999983,-1.2241315073042869,-1.5804511155757386,-2.456709805057054,0.07617344528179767,-2.6087070013849756,-1.9537607172310154,-1.2451084096345066,-1.5687265055726864,-2.4759386918777455,3.0418622383133514e-05,7.330851092849738e-06,2.7791344651804958e-05,0.00013449675172846087,0.3498253933491977,-0.300188706249506,3.094351072426095,25.866713493911533
67.6999999999983,-1.237084915059833,-1.5917396001464161,-2.4717222065175375,0.06952435632281205,-2.6248345089178913,-1.9699313033489898,-1.257401722776253,-1.577034874408138,-2.508296517639437,3.102757430888293e-05,7.230683610529573e-06,2.727541189129183e-05,0.00013447646809932237,0.34889168195397063,-0.3234117223595043,4.289234006925491,33.02700288605266
67.7499999999983,-1.250213458619221,-1.6028484682685495,-2.4868761853597565,0.06256224625530091,-2.6410056075106234,-1.9847484408944027,-1.2719762840064572,-1.5878709252858885,-2.51645875173274,3.171492267764698e-05,7.092937109089493e-06,2.670037851961477e-05,0.0001344637360439579,0.35212558983735365,-0.29634275090827417,1.0068840354016722,33.088860336852704
67.79999999999829,-1.2635112309536838,-1.6137493281947233,-2.5021442309212185,0.05539226854828651,-2.6570230022271764,-1.9986183616319204,-1.2829734243164588,-1.5954980384837039,-2.5176115508600225,3.2347414103841116e-05,6.959251104371339e-06,2.619004472666433e-05,0.00013445228433974074,0.35098173795053833,-0.2773984147503708,1.6719453006425355,32.19431617129579
67.84999999999829,-1.2769589809118607,-1.6244426652620008,-2.517524737953249,0.048068279657631545,-2.6727647820955838,-2.013913846122717,-1.2958976510439275,-1.6048156992975886,-2.5213703433741284,3.290174713667311e-05,6.839948652814581e-06,2.5758540012816554e-05,0.0001344408079172591,0.3472464967262677,-0.3059096898159417,0.8770373167171884,34.2529799522427
67.89999999999829,-1.2905554558316887,-1.6349307645755122,-2.532993392979235,0.040520228891911904,-2.6883674717290695,-2.0288313459988987,-1.308947437210968,-1.6153271516673582,-2.538369005809565,3.339713827248255e-05,6.728081910932955e-06,2.538521844086243e-05,0.00013442916694839717,0.34665404382508486,-0.29834999752364955,2.869270171124837,33.07200904885909
67.94999999999828,-1.3043261082539355,-1.6452209239169544,-2.5485794057025,0.032631394053967214,-2.7040655825222832,-2.0441068582712294,-1.322452421202318,-1.6246414285146649,-2.5506243045103782,3.391092773498209e-05,6.594535166942889e-06,2.4999442282131772e-05,0.00013442218360235566,0.351380363514218,-0.30551024544663113,2.8623946684682666,34.979419380579394
67.99999999999828,-1.3182494515243444,-1.6552875484644525,-2.5642783362701858,0.0245087672296992,-2.719640476907969,-2.0589166353471047,-1.334697633908324,-1.6331855337021257,-2.572011657648689,3.4414392358477474e-05,6.453761046664442e-06,2.4626981821400773e-05,0.00013441618086272591,0.35131754371429513,-0.29619554151752464,1.2661935822503816,35.104858196350335
68.04999999999828,-1.33232313889923,-1.6651344837052453,-2.580157783706769,0.01629061636264955,-2.7348230879521296,-2.0749344397668,-1.3512679241965868,-1.6435148663777164,-2.5832124594552304,3.495356974741977e-05,6.286436280398153e-06,2.421805264285204e-05,0.00013440258732751845,0.34528599996273457,-0.32035608839392826,1.1608084742486706,38.10953066254754
68.09999999999827,-1.3465493201586,-1.6747631563322958,-2.5961181509831657,0.007692703105984607,-2.7501129276277627,-2.091176621748792,-1.367901035474432,-1.6533462095529476,-2.601183724794315,3.5475485070904276e-05,6.11261280792398e-06,2.3835458169950362e-05,0.00013439387882520235,0.35083333611657075,-0.32484363963985136,1.2474311430337561,41.011438856215534
68.14999999999827,-1.3609123727544756,-1.6841614895855326,-2.6122695605366526,-0.001172966813433431,-2.765318789490046,-2.1061314931623034,-1.384600241833333,-1.663466245757265,-2.626899631163592,3.600947321704094e-05,5.919158958833198e-06,2.3447169446782988e-05,0.0001343863938586127,0.3520364255879121,-0.2990974282702459,1.2305212187932875,42.49329070580321
68.19999999999827,-1.3754461172625505,-1.6933405326325197,-2.628543591195924,-0.010224499023919826,-2.780270920289381,-2.124174675890882,-1.3962297217785276,-1.6698761150163968,-2.6373551267199433,3.6599783791899486e-05,5.6828943833910115e-06,2.3011996881455795e-05,0.00013437559511740254,0.34957387714815785,-0.3608636545715882,1.6497854177090614,44.180260077223366
68.24999999999827,-1.3901001962408683,-1.702270720109198,-2.64489766191744,-0.019568276012847816,-2.7951157610719517,-2.140974087480191,-1.4091296645259368,-1.6772805628292897,-2.6441689753704654,3.7161077833544086e-05,5.452779495928974e-06,2.261595567839574e-05,0.0001343701794529454,0.35081773182147424,-0.3359882317862053,1.9709074542169567,46.73521994311297
68.29999999999826,-1.4048929973003088,-1.7109679422307569,-2.661333749728365,-0.02908572400730347,-2.809713435260793,-2.1561557405030918,-1.4222154709871107,-1.684059206090966,-2.66911682158741,3.767768122325783e-05,5.239133877087315e-06,2.2266326636255268e-05,0.00013436480757391469,0.34852818580252715,-0.30363306045802824,1.1985234286575537,48.16192403860963
68.34999999999826,-1.4198253356257537,-1.7194271690398124,-2.6779292974465294,-0.03897252354899752,-2.824341281746197,-2.1741571184085204,-1.4367940801938817,-1.6916889270613293,-2.68298478278627,3.8246188829535016e-05,4.9747185359611876e-06,2.187698972719749e-05,0.00013436367507417874,0.35311817620511793,-0.3600275581085921,0.9505612654638548,50.40274056855823
68.39999999999826,-1.4348759734855752,-1.7276443834269888,-2.694657168666873,-0.049026756918960746,-2.8386718380988127,-2.1910255544533594,-1.4531661719774869,-1.7002562840896278,-2.6991863002718133,3.8800925030350605e-05,4.707633552406388e-06,2.1506192810441245e-05,0.00013435926968344291,0.35011981991348623,-0.3373687208967994,1.3878300877645577,51.232412991711726
68.44999999999825,-1.4500724439632655,-1.7356148274695251,-2.711514970767306,-0.05929475603642266,-2.8527859361925554,-2.2084562657289375,-1.4711197284360509,-1.7086342329833137,-2.7106451237173217,3.9355130856717415e-05,4.424964444695454e-06,2.114093557516244e-05,0.00013435233477644823,0.3490829610310649,-0.34861422551158333,1.0109065671629915,54.87161945077625
68.49999999999825,-1.4653910435334159,-1.7433266308276643,-2.7285208908184297,-0.06985279854364951,-2.8667980338242427,-2.2246044327552044,-1.4878750064523625,-1.715254207229463,-2.7341267806371987,3.988546122598251e-05,4.145115170385895e-06,2.080503110815475e-05,0.0001343474501399884,0.3508947594549157,-0.32296334052535625,1.278254055127492,58.82023050535739
68.54999999999825,-1.4808436686548283,-1.75078487378348,-2.7456448007917436,-0.0806683471114626,-2.8806969048315785,-2.2395510562728016,-1.5046300689805259,-1.7228955960066157,-2.755218803433476,4.0443873474800714e-05,3.8247533959230015e-06,2.045072872047063e-05,0.00013434442471878803,0.3522274720987994,-0.2989324703519619,1.1406102094413462,59.499681723114335
68.59999999999825,-1.4964169473354714,-1.7579806843175927,-2.7628639539201707,-0.0915909058392989,-2.8942799721200734,-2.2565505407366757,-1.522835790123382,-1.7299873152734844,-2.7814757732860915,4.102131947610084e-05,3.4711433904126717e-06,2.008530681843584e-05,0.00013433731822931955,0.34860253719891043,-0.3399896892775029,2.2051884636524015,63.224792030160785
68.64999999999824,-1.5121060208780304,-1.7649029847250979,-2.780186941455316,-0.10280387047610398,-2.907741292818435,-2.2740974843361816,-1.5409596197443358,-1.7375635242607101,-2.7984278589111837,4.1632124943884066e-05,3.066423646319374e-06,1.9703885474477826e-05,0.00013433111552051369,0.350397263916403,-0.35093887199013557,0.9531256310251798,64.5904287035208
68.69999999999824,-1.5279109438890148,-1.771547010171762,-2.7975550697110094,-0.11419381640257711,-2.920912372275718,-2.293507553673054,-1.5545783426262731,-1.7426864054251987,-2.8153724248082668,4.224083149900309e-05,2.650680796562292e-06,1.9338912625644212e-05,0.0001343249581413311,0.3482629592429221,-0.38820138673746896,1.949622776824471,65.4758847811026
68.74999999999824,-1.5438271957325007,-1.7779110117826242,-2.814983417560391,-0.12586194918510887,-2.9339279857715574,-2.309810091414265,-1.567798650006261,-1.7476684073519166,-2.830329706900737,4.284118399841492e-05,2.2320301946599624e-06,1.8998747672848794e-05,0.0001343248625569564,0.3496045106492444,-0.3260507548242408,4.137887295103381,65.94297839750689
68.79999999999824,-1.559839585920235,-1.7840057725635492,-2.8325675847893312,-0.1378167030696992,-2.946825688381757,-2.326731527073934,-1.5884931009424805,-1.7552394102749604,-2.819064900139156,4.342976168839707e-05,1.807725327110855e-06,1.8682315805013513e-05,0.00013432952540048845,0.35172389891035144,-0.33842871319339424,4.053827264269317,74.23041262238435
68.84999999999823,-1.5759624323016637,-1.7898204741826174,-2.850198117322063,-0.14993841091958743,-2.959456012176891,-2.3445663311873406,-1.6028623336780998,-1.7600456414170564,-2.8356631659483678,4.3917159250783316e-05,1.488960872649846e-06,1.845838000598106e-05,0.00013433368117500742,0.35012512264028334,-0.35669608226815724,0.5991264496997888,75.20774583438524
68.89999999999823,-1.5921835306930805,-1.7953549812388956,-2.8679742845485987,-0.16223388079720757,-2.9718086380824036,-2.3631848933277526,-1.61936797465264,-1.7650114305278943,-2.868072687517513,4.440241742987572e-05,1.1416120421481427e-06,1.8230229193003084e-05,0.00013433559240501094,0.3485826854481381,-0.372371242808263,2.6810095248096464,71.80368766749443
68.94999999999823,-1.608486582967941,-1.800600521674843,-2.8858835617893375,-0.1747048483506348,-2.9838902413996338,-2.3809182079903373,-1.6369529545239883,-1.7697640826934282,-2.9013919074794714,4.493167804034898e-05,7.02653546538129e-07,1.7963897701470096e-05,0.0001343329454227379,0.3472739963603655,-0.35466629325171267,2.716188171007684,72.56934992188427
68.99999999999822,-1.6248892549154792,-1.8055604382412054,-2.90385323780365,-0.18737218822457274,-2.9957385912007832,-2.398259479526344,-1.6533163557988246,-1.7743161286944598,-2.9109239677117635,4.550494423190157e-05,1.7539522728631208e-07,1.7674496631413413e-05,0.00013432824743800237,0.34690196411729934,-0.3468254307201515,3.8878828424759524,74.21742391893778
69.04999999999822,-1.6413863978327377,-1.810227445172726,-2.921860354788975,-0.20029742290023297,-3.0074101462946676,-2.415979836068342,-1.6685673486124297,-1.7774365116132909,-2.937332341941151,4.605590895416914e-05,-3.231917810357278e-07,1.7424618833477373e-05,0.00013432944491728304,0.3483072357221317,-0.3544071308399872,1.8324493622147955,77.08471332055504
69.09999999999822,-1.6579440379505315,-1.814596985888895,-2.9400313667268207,-0.21350632762117377,-3.018906963336351,-2.434786388650854,-1.686710632163003,-1.7819062475749952,-2.955916627577717,4.662561160532126e-05,-8.818167240067638e-07,1.7175848902460656e-05,0.0001343336166449005,0.3502347809092531,-0.37613105165025856,2.649037419353,78.00882227839705
69.14999999999822,-1.6745811362830083,-1.818668405748139,-2.958249805799457,-0.22687331107954298,-3.030115071955924,-2.4528488821003487,-1.7035508704293443,-1.7856128824078656,-2.972477341848268,4.7190434863194134e-05,-1.4513861086652226e-06,1.6948223942673793e-05,0.00013433780839406517,0.34888749988092865,-0.3612498689899155,1.6695800884695424,79.10709156154371
69.19999999999821,-1.691275617596166,-1.8224435217165253,-2.9765957636850593,-0.24036901542151595,-3.0410191288562496,-2.47117878288646,-1.7208520559728382,-1.7889456809341822,-2.986812716091691,4.7746490840249244e-05,-2.0249168268003747e-06,1.6743159807120826e-05,0.00013434194923450722,0.34701061727457805,-0.36659801572225537,0.9360905411439469,81.24726747221455
69.24999999999821,-1.708047570473908,-1.8259153633805174,-2.9950399764120124,-0.25416758490449964,-3.0517495764400633,-2.490080328145554,-1.736340059098844,-1.7922722569399194,-2.9995753589117644,4.828863088097166e-05,-2.595647916256119e-06,1.6565501456807476e-05,0.0001343496241101768,0.34960098514023114,-0.37803090518190013,3.0794855717157814,80.8309668733727
69.2999999999982,-1.7248789779754283,-1.829079649854966,-3.013612100297109,-0.26804704106998956,-3.062135124693238,-2.50832199497586,-1.7524980458323876,-1.7952767032457877,-3.0108147287895006,4.881297253251146e-05,-3.1524795454438424e-06,1.6411846982997467e-05,0.00013435728539718466,0.34670289811454175,-0.36483333660614076,2.283335585026853,82.24329471568792
69.3499999999982,-1.7417474070107573,-1.8319371482668845,-3.032284309806777,-0.2821332194054399,-3.0722766384939755,-2.5268671968131566,-1.7710712975323115,-1.7981281854155977,-3.03148496775599,4.931616687811827e-05,-3.6949776554836687e-06,1.6283007509799707e-05,0.00013436612930013589,0.34714801278378543,-0.37090403674595124,1.5325041113555384,82.68662919331987
69.3999999999982,-1.7586808188357737,-1.8344782686264178,-3.0510446035748613,-0.2965573881101702,-3.0822599578992604,-2.545476587956595,-1.7907191891862213,-1.80053587434082,-3.062062121969196,4.980955496620119e-05,-4.2758269935071125e-06,1.617032960437746e-05,0.0001343758673498859,0.3508459433701004,-0.37218782286878055,1.598803573444202,82.63690070183259
69.4499999999982,-1.7756471052924148,-1.836704155975551,-3.0698108913786175,-0.31105458590810614,-3.0919022900004247,-2.5638507973934224,-1.8023242041147431,-1.7999925347987207,-3.088732946191304,5.03090192431102e-05,-4.939354698193044e-06,1.6066172168061473e-05,0.00013438096780252022,0.3482251232808051,-0.3674841887365741,2.6828558408776595,88.74209391110385
69.4999999999982,-1.792673870320053,-1.8386159670320776,-3.0886923988031523,-0.3257119338401477,-3.101262945008526,-2.5826499621285586,-1.816468453779679,-1.8017320396862142,-3.0969512337799756,5.081664596382762e-05,-5.659538278070188e-06,1.598270981028564e-05,0.00013438862977080017,0.34783249899580365,-0.3759832947027492,2.7189695336957573,88.32662899775241
69.54999999999819,-1.8097109851445765,-1.8402137455924972,-3.1076665584913226,-0.34073977701279373,-3.110467487253414,-2.6014164501544594,-1.8353491718139028,-1.8036320744965613,-3.1003925447423897,5.131260251462755e-05,-6.335733523774678e-06,1.59322428467183e-05,0.00013440385352714757,0.35245923619989955,-0.37532976051804057,3.603810098091658,91.78916367253622
69.59999999999819,-1.8267785716112825,-1.8414880509130456,-3.126752170984645,-0.3557962799212737,-3.1193047291624305,-2.620248603709996,-1.8551415699759946,-1.8042214637936695,-3.1223196223771725,5.178265318817845e-05,-6.9463401223222515e-06,1.5905304907499586e-05,0.00013441875660117722,0.3491728125254905,-0.37664307111074696,1.1115073605884638,94.73034729565707
69.64999999999819,-1.8438638507467715,-1.8424343380741202,3.137237476047508,-0.371024252519782,-3.1278594780823146,-2.639254155635975,-1.8733918359405628,-1.8043895028649402,3.122339815216854,5.223321654037067e-05,-7.600234718147579e-06,1.589857002657812e-05,0.00013443030686409894,0.34933311422918967,-0.38011103851960154,3.1831878264152484,93.88446253680323
69.69999999999818,-1.8609588462959046,-1.8430619348196722,3.1179267428599555,-0.38634130795985255,-3.1360762365940262,-2.6591775332319507,-1.890011244102904,-1.8050918460270489,3.1181618895198904,5.2677378528719603e-05,-8.38343171794955e-06,1.592045343256322e-05,0.00013443600043072356,0.34764194331794895,-0.39846755191953503,1.9833052328204601,95.34472702940387
69.74999999999818,-1.8780571327304194,-1.8433641503303289,3.098511193297678,-0.4018290434092407,-3.1440031999448075,-2.6778869763003796,-1.908424710747831,-1.8055700419708114,3.103159119866696,5.311729473788474e-05,-9.093843400045887e-06,1.596340082877428e-05,0.00013444724457765985,0.34797444015676865,-0.3741888613686023,2.9480240437342795,95.71285187921518
69.79999999999818,-1.8951663217642092,-1.843336975507987,3.0790350182165276,-0.41764750762687247,-3.1517163963150088,-2.6979297843018855,-1.9270867081370404,-1.8054481279561019,3.0856842848745405,5.3540847441603496e-05,-9.807882518696628e-06,1.6033657141039857e-05,0.00013446237971615963,0.35198157724909274,-0.4008561600301362,1.4805353690186944,96.60972707311029
69.84999999999818,-1.91227256905979,-1.8429755847578129,3.0594690992650064,-0.43336863029739076,-3.1590000220039576,-2.717534433330018,-1.9403086027153489,-1.8045276992882422,3.065290881406308,5.39515013617294e-05,-1.0530731095920453e-05,1.612421473774937e-05,0.00013447439077462955,0.3465339905419289,-0.3920929805626805,1.3669986507596517,96.92223351306771
69.89999999999817,-1.9293649245597568,-1.8422856672033432,3.039822699545717,-0.44913438623498175,-3.1659370829220257,-2.736623488257404,-1.9557920445423569,-1.8031479204593241,3.04784349593951,5.4350521716815284e-05,-1.1279963746422058e-05,1.6241218467807636e-05,0.0001344864089090991,0.34449434461024053,-0.3817810985477415,0.6814076608919766,100.3393589936458
69.94999999999817,-1.946421103873033,-1.8412649780206738,3.020107208582081,-0.4651668367768987,-3.172611192846299,-2.757625696017497,-1.9736787090264205,-1.8007314469823807,3.0209252822839314,5.473377486995868e-05,-1.2046068584040954e-05,1.6388721275040602e-05,0.00013450141546773794,0.34732941103133497,-0.4200441552018828,1.7894912439093305,103.92967238159164
69.99999999999817,-1.9634705698735075,-1.8399043821573045,3.0002902354230288,-0.481283519386114,-3.1789330479873503,-2.7779352393864634,-1.9921745816005278,-1.799289477552996,2.9992594927604657,5.5094029798713266e-05,-1.2869014391221237e-05,1.6576672666979997e-05,0.00013451472631649818,0.3462505526623802,-0.40619086737934756,1.8651827757761796,102.67277814918415
70.04999999999816,-1.980483411124452,-1.8382089904121108,2.9803947990803303,-0.4975370667838875,-3.18493702257248,-2.7975552299830198,-2.007221942852796,-1.79729017495712,2.9784777751210427,5.544246224722136e-05,-1.3717032266948158e-05,1.680118830222347e-05,0.00013452843056756882,0.3465458958642634,-0.3923998119311488,1.429506105349522,103.37721230052735
70.09999999999816,-1.9974572844673553,-1.8361872832056374,2.9604807343141473,-0.5140053581275591,-3.190646487692312,-2.81817612908412,-2.0260465014145375,-1.7944531398675545,2.9606345241986167,5.5777930406674364e-05,-1.4589704849938309e-05,1.7065921160952577e-05,0.0001345458302281272,0.34860486356134585,-0.41241798202203367,1.3976734619707607,106.72240852379323
70.14999999999816,-2.014390951034824,-1.8338252022735948,2.940475856224096,-0.5305220478055247,-3.196019941155633,-2.83593986067737,-2.0426289431371605,-1.7907541397585114,2.93196304388886,5.610438398478338e-05,-1.5458082003952833e-05,1.735855876948738e-05,0.00013456413914234123,0.34738046747995455,-0.355274631865015,0.863485593938452,110.6398256078939
70.19999999999816,-2.031256746542614,-1.83112549801652,2.9203730496893594,-0.5470461870753414,-3.201048116834013,-2.8564645990097723,-2.055692494256083,-1.7877881469498738,2.911742491193909,5.640010597295485e-05,-1.6392857186633945e-05,1.7711332997469887e-05,0.00013458100908905822,0.3454505478172745,-0.4104947666480713,1.5275484009814995,113.31188342330651
70.24999999999815,-2.0480777228066964,-1.8280903752908977,2.9001846125990354,-0.5639199568334805,-3.2058041140912907,-2.8772601906452056,-2.065379224973655,-1.7852520885248395,2.889353490175445,5.669370144403643e-05,-1.7344013618887602e-05,1.8109218716200735e-05,0.00013460431895508034,0.35063068437708445,-0.41591183270868726,4.804153032935804,116.2240571114176
70.29999999999815,-2.064855048481569,-1.824721015342865,2.879913389925086,-0.5808857532211493,-3.2102169206729134,-2.8970013431597117,-2.083228192913785,-1.7811687403677061,2.8713883919004513,5.697879174257818e-05,-1.831753360823996e-05,1.855421701755249e-05,0.0001346317559399035,0.35061151689753023,-0.3948230502901415,1.8429912521396055,119.16509622371431
70.34999999999815,-2.0815411669972947,-1.8210120764522966,2.8595539928992633,-0.5980593637083638,-3.2143116720926086,-2.9180588139299273,-2.102585292902868,-1.777018456529163,2.8687115782908323,5.724892559703862e-05,-1.9293907426991373e-05,1.903945905828194e-05,0.00013466006659837413,0.35310701174877973,-0.4211494154043342,2.427013336838612,123.87197146645994
70.39999999999814,-2.0981553144800746,-1.816972002545079,2.839098970367882,-0.6153111096025445,-3.21804972272882,-2.938370123306194,-2.1182327179455007,-1.7715727167799098,2.824235566486152,5.754171764143047e-05,-2.0195390154203116e-05,1.9510561032966935e-05,0.0001346914694547498,0.3530475727498129,-0.4062261875253629,2.0044269894874978,125.90853775202973
70.44999999999814,-2.114664112797407,-1.8126064954687755,2.818645358738109,-0.632467560040618,-3.221404925116396,-2.9585600088451938,-2.1332687153766416,-1.767129629112802,2.8211898467601513,5.7737090091143204e-05,-2.1222972708958334e-05,2.010496101243859e-05,0.0001347148866833132,0.34963498449792413,-0.4037977107800136,2.2007632476503605,132.31808827149302
70.49999999999814,-2.1310843858392796,-1.80789760811492,2.7981395272009344,-0.6495985367109858,-3.224399069500195,-2.978561781202965,-2.149202749288563,-1.7631955456943518,2.8083854565453255,5.797484357117905e-05,-2.218104952703987e-05,2.068042388559312e-05,0.00013474237665926495,0.3478191170339463,-0.4000354471554484,5.625714080704076,130.92562808620198
70.54999999999814,-2.1474079421533316,-1.8028530736112227,2.7775307764092894,-0.667014581810074,-3.2270754103790646,-2.9996671073246346,-2.1628679003457743,-1.7580535960572035,2.7815746188476087,5.820563846824501e-05,-2.312362286330604e-05,2.1280995797526617e-05,0.00013477435695766326,0.3524162042732435,-0.4221065224334117,1.6217717527426134,133.20067064862567
70.59999999999813,-2.1636216254325435,-1.797485201866499,2.7568295508850054,-0.6843764954810155,-3.229383422127567,-3.0191972757676604,-2.1829848401252,-1.7510037890982986,2.746406204647985,5.838439457284639e-05,-2.410385337915871e-05,2.1949805742584435e-05,0.00013480461240593237,0.35029856716034535,-0.3906033688605379,6.157362032199455,131.20013166117116
70.64999999999813,-2.179714610450554,-1.7917829784338628,2.7361207836726726,-0.7017479177286017,-3.2313375451665802,-3.039948520684926,-2.1986755623293255,-1.7452167598944488,2.7208927452868874,5.847708284308456e-05,-2.5154174956219085e-05,2.2730372810790547e-05,0.00013482833945018704,0.34962601376757757,-0.4150248983453399,3.404978347600741,130.5531496469146
70.69999999999813,-2.1957033286375545,-1.7857512618301339,2.71535264849599,-0.7193497228977797,-3.2329483547510214,-3.060717402956292,-2.2134071928346373,-1.7385590515225002,2.6994956350652632,5.853745558878198e-05,-2.623086858027311e-05,2.3588114407825724e-05,0.00013485452098717273,0.353513497912505,-0.41537764542733957,2.0334851993004754,136.1042190440998
70.74999999999812,-2.211549771522685,-1.779400255392036,2.6945178437284576,-0.7369737800632506,-3.234183009888942,-3.0825862329867153,-2.2311236263153726,-1.7306679957427504,2.6815288827808414,5.858150820852355e-05,-2.7317311914467846e-05,2.4505315557903582e-05,0.0001348846522282414,0.3533520647847355,-0.4373766006084935,1.9386983753058709,140.89673343645956
70.79999999999812,-2.227280199724598,-1.7727084117924505,2.6735849798138083,-0.7545265361118622,-3.235043559695653,-3.1026245651497284,-2.24769033412854,-1.7236037983506975,2.6719690289782836,5.862051764775176e-05,-2.8391565624866985e-05,2.5456898170729954e-05,0.0001349166767893047,0.3514826455110324,-0.4007666432602854,2.606626936035543,142.65096375818024
70.84999999999812,-2.242864091176529,-1.7657049073797406,2.6525326368976803,-0.7722000181882882,-3.2355425560595545,-3.1241073696515835,-2.2661941443171534,-1.7152877530841513,2.6483637719383957,5.86774801253516e-05,-2.9433220202472583e-05,2.6415170711545452e-05,0.0001349535017021494,0.35361730090606713,-0.42965609003713034,2.8023921921682176,141.3580740894945
70.89999999999812,-2.258275994430381,-1.758382333932153,2.631424089147387,-0.7895613412438193,-3.2356623278496413,3.137904692546459,-2.2799301887695997,-1.7078015252887153,2.6291028680684825,5.869085904940053e-05,-3.0483827292982288e-05,2.7435374547024764e-05,0.00013498688019226778,0.34724121002500224,-0.423464899630898,1.4377248305968648,145.44736593893677
70.94999999999811,-2.273535317775528,-1.7507180642092628,2.610292493034861,-0.8070708330380639,-3.235402374384392,3.1155899335461736,-2.293278717042448,-1.700430447522713,2.6131341931215886,5.8680733043449435e-05,-3.153553774104771e-05,2.8511515678341634e-05,0.000135023190929967,0.3502356941642626,-0.44629518000574153,1.9825483979257192,148.93659292260855
70.99999999999811,-2.288610388738931,-1.742741382094308,2.5891208012388724,-0.8244217559128658,-3.234769668981877,3.0946972123386125,-2.308071656669113,-1.6916989457159968,2.5800743749113604,5.8668469388454674e-05,-3.25730533648305e-05,2.9614685064126295e-05,0.00013506169081653306,0.3472554140908852,-0.4178544241512356,2.8188250275630273,149.0386778763948
71.04999999999811,-2.303547853887432,-1.734429119886181,2.5678815157685237,-0.8418671160109189,-3.233764417536789,3.073369686196953,-2.3233380142504463,-1.682239535099006,2.5585676035658453,5.85570814249907e-05,-3.364101277020838e-05,3.084537195352974e-05,0.0001350977382100113,0.3494926002660649,-0.42655052283320344,0.7863733153109546,153.5731064118843
71.0999999999981,-2.318285871826933,-1.7258257091160552,2.546526839176149,-0.8595522110537802,-3.2323805333933384,3.0536310110276847,-2.3417724711096137,-1.6708769879477345,2.5303295629278217,5.8414012671647206e-05,-3.470403882784412e-05,3.2140754892903586e-05,0.00013513642450100352,0.3547889170391077,-0.39477350338538814,1.7246908319294552,156.24535397682823
71.1499999999981,-2.332840766117306,-1.71690778817913,2.525125375182754,-0.876958381666583,-3.2306520679848703,3.0315995088348764,-2.352340425880284,-1.6627476391303377,2.497850175395868,5.8198715420594376e-05,-3.577434530479983e-05,3.3536613707852893e-05,0.00013517144348840936,0.34984267562392424,-0.44063004385619553,2.864362910482566,160.57601052039897
71.1999999999981,-2.3471953088863162,-1.7076809908130681,2.5037138351548536,-0.8944815262330699,-3.2285341112771433,3.011020222795877,-2.364891970662181,-1.6525404989640253,2.4659181720523833,5.7911500126871735e-05,-3.685966297682845e-05,3.5061591479341466e-05,0.00013520844580697974,0.35301973401962106,-0.41158572078000977,1.297536596661077,172.10655997257834
71.2499999999981,-2.361346001533096,-1.6981669340824102,2.4822119150918107,-0.9117197938119148,-3.226073587935711,2.988608194032743,-2.379663742532828,-1.6421532777597876,2.4571193110521747,5.7550139284384424e-05,-3.795038551287164e-05,3.671254011069548e-05,0.00013524461113460114,0.3482669875131884,-0.44824057526270106,2.532252054130943,171.05738228859207
71.2999999999981,-2.375317616846235,-1.6883283381085161,2.460652854937707,-0.9291503232151018,-3.223191779959832,2.9668793300764715,-2.390288942100008,-1.6336387475746192,2.4377898593353073,5.72438792193819e-05,-3.9014679217511244e-05,3.835738294429367e-05,0.00013528842034780527,0.3533499418706004,-0.4345772791254482,3.6015213940134747,172.28629935021812
71.34999999999809,-2.389070265623316,-1.6781854585016691,2.4390866689466457,-0.9463448338309149,-3.219966785064367,2.945494998325902,-2.407418278633761,-1.6212252655655524,2.4173185175207568,5.6929188165838776e-05,-4.0065027980144504e-05,4.005306281813868e-05,0.00013533678279021606,0.3498933840581753,-0.42768663501142046,5.459051542215535,169.87230534546904
71.39999999999809,-2.4025784238384875,-1.6677855372566377,2.417539370185303,-0.9635844911678167,-3.216349499618655,2.9240439999125005,-2.4231683701380784,-1.6085129335544697,2.4065636864937803,5.657662924795042e-05,-4.108935863109404e-05,4.180596862897119e-05,0.00013538458257235,0.35230806836741957,-0.42901996826804284,1.4736018846704746,174.13523504227615
71.44999999999808,-2.415868534490238,-1.657096120172031,2.3959208641953826,-0.980854826835115,-3.212329851250931,2.901786456491143,-2.436269647769139,-1.597003810913808,2.368757682479149,5.6239995026133484e-05,-4.2082903249757386e-05,4.356152102070047e-05,0.0001354357184860793,0.35464632958919906,-0.4451508684271796,2.4806287419227124,173.88867016693334
71.49999999999808,-2.428936097571236,-1.6461006088299033,2.3742182459335255,-0.9979054433286518,-3.207959911245893,2.8796150314603395,-2.44734680561465,-1.5868261846842857,2.3493620020708867,5.5770291335789575e-05,-4.305301267423282e-05,4.547158726688616e-05,0.00013548132656721333,0.3520412420936762,-0.443428500616098,2.596277584953104,172.15551344968634
71.54999999999808,-2.4417497318046184,-1.6348289586353417,2.3524740461649025,-1.0148682175882553,-3.2032048270015303,2.856950771377491,-2.4576484320467813,-1.5751098103405585,2.32495146162512,5.528420212129431e-05,-4.399823986162768e-05,4.743290094944038e-05,0.00013552818479185442,0.35234064295940154,-0.45328520165699254,1.2172187279291489,183.0069194696028
71.59999999999808,-2.4543106307857023,-1.6232915938242545,2.3306874638960418,-1.0316986853801535,-3.1980710898328417,2.8341109826584585,-2.4700663565231755,-1.5626148370464445,2.313215557922632,5.474706694542969e-05,-4.4910322627492974e-05,4.946997988061878e-05,0.00013557614446021356,0.3519280400031289,-0.45679577438067825,0.6606726617332164,186.23435006108005
71.64999999999807,-2.466620308977451,-1.6114789011090593,2.308848011633405,-1.0482942823297023,-3.192588659783597,2.810939907837912,-2.4820204290110235,-1.5506514889152192,2.2995423378957494,5.423193068085631e-05,-4.579410916751368e-05,5.150510431335472e-05,0.00013562763258503056,0.349562323465771,-0.46342149641096264,2.9984647313746624,185.69192759787472
71.69999999999807,-2.4786774487110104,-1.5993999548082845,2.287029030832872,-1.0647223491687412,-3.1867446305771887,2.788696814713596,-2.4953769450650145,-1.5374764336328144,2.2802420319864947,5.37200720759582e-05,-4.664344379655058e-05,5.354362907575113e-05,0.0001356808576325966,0.348738637346519,-0.44486186248633736,2.590360253514395,181.56124665450346
71.74999999999807,-2.49045878364607,-1.587076139045598,2.265118910521368,-1.0807602437621737,-3.1806335582956113,2.766378324554905,-2.5055177446645573,-1.5258184280724285,2.2533680026403546,5.3174300195843894e-05,-4.745010618325784e-05,5.561252899222361e-05,0.00013573258484617136,0.3432617046848133,-0.4463698031738534,2.2209681189554966,178.89935857799136
71.79999999999806,-2.501985365369682,-1.574490904344815,2.2431237016877263,-1.097093974108459,-3.173998274345701,2.745072543866346,-2.5163519962867795,-1.5136082343380282,2.243810060125991,5.2544087938707664e-05,-4.8198626741281935e-05,5.776534719412292e-05,0.00013578120671589366,0.3526071457069526,-0.42611561377121576,1.7781879428605085,178.55889339762405
71.84999999999806,-2.5132294692668387,-1.561674780910136,2.2211077700541924,-1.1131803912243305,-3.1670558383232668,2.723265944882204,-2.529734805739013,-1.4975885713585415,2.2113487015948747,5.193823079624571e-05,-4.891701106277782e-05,5.989720278898135e-05,0.00013583294099419157,0.3504182633632408,-0.43613197968285855,2.1186704822073628,178.71698209236826
71.89999999999806,-2.5241868218353893,-1.5485907825135494,2.199079763222953,-1.1291769110945342,-3.1597387496719875,2.701908962173823,-2.541587811153542,-1.4838902020388145,2.185199208408611,5.121318306835181e-05,-4.9553335542163897e-05,6.212499385194917e-05,0.000135879015290252,0.3518182462294245,-0.4271396541676393,4.462257388447423,169.3190386790463
71.94999999999806,-2.5348579948740384,-1.5352700660966083,2.17702230117519,-1.1448460745946083,-3.1521539164231958,2.6796455171717923,-2.553922008186453,-1.4674390517655829,2.1705966753720976,5.042163036164581e-05,-5.0122827398355876e-05,6.441262770740878e-05,0.00013592180921578312,0.3481751847089005,-0.44526890004063285,4.863659205017573,175.2040369621239
71.99999999999805,-2.5452277629800313,-1.5217388901757671,2.15490966436917,-1.160450354775154,-3.1441672247988444,2.657411058287746,-2.5661575129630605,-1.4510608743282654,2.1416772895187712,4.9621917532558244e-05,-5.064200941159345e-05,6.66927382164851e-05,0.00013596558057761055,0.35059575730407394,-0.44468917768095123,3.9063356827321414,173.08140384708156
72.04999999999805,-2.5553041119031064,-1.507973153950502,2.1327525987738203,-1.1760802955883207,-3.1357199984448862,2.6348085827657304,-2.576410476654017,-1.4358743961521465,2.1177124135760534,4.873052607111254e-05,-5.1065267430205856e-05,6.903194565263756e-05,0.0001360039868555088,0.35533877994391144,-0.4520495104403256,1.8135174977395487,171.88655979203173
72.09999999999805,-2.5650747301423436,-1.493986686950389,2.1105567021959146,-1.191346240199533,-3.1270268095954674,2.6130704426973796,-2.5840420805080253,-1.4234219921742048,2.0964896636125605,4.779641719537175e-05,-5.1413076812680705e-05,7.138890808806498e-05,0.00013604051670511536,0.3513589336671955,-0.43476280136704637,3.470179400998693,165.77403371542317
72.14999999999804,-2.5745166527560417,-1.4798088485466352,2.088335359364146,-1.206275115415885,-3.1180828210669485,2.5905901209544027,-2.5889055366070814,-1.4138357607968732,2.0712185064657476,4.683595307744379e-05,-5.169114742022432e-05,7.374848968923713e-05,0.00013607609755311305,0.348068384761384,-0.449606434859563,4.0120699388039025,155.5727746331307
72.19999999999804,-2.583663311829482,-1.46538613062364,2.0660715710218343,-1.2211959963770511,-3.1086713904737167,2.56714011165044,-2.595990193183926,-1.4010777066421287,2.0673356963200114,4.5824317093791905e-05,-5.187798368181615e-05,7.612990980981633e-05,0.00013610792213611988,0.35282969037785417,-0.4690001860792672,3.0669067622586152,155.2225443490945
72.24999999999804,-2.592474330530334,-1.450793416797607,2.0438043252441256,-1.2357253265049035,-3.0990427197888026,2.545534358877079,-2.6028998710696127,-1.3874459146125226,2.0388275448791493,4.488009873329991e-05,-5.205423119436876e-05,7.841226133664173e-05,0.00013614494870994685,0.34861127459128194,-0.4321150554672402,1.8392133401933033,151.69505282121025
72.29999999999804,-2.6009513120796877,-1.4360071216381165,2.0215085853374317,-1.2501387212865154,-3.089029290080744,2.523289253908599,-2.610302396173636,-1.3738813751549754,2.012742137142707,4.3862743930076844e-05,-5.2114494283935704e-05,8.070969196292355e-05,0.00013617749499237092,0.35101420232471076,-0.4449020993696231,4.948183743840088,142.7427303089376
72.34999999999803,-2.6090958894877905,-1.4210381369296428,1.9991680316508103,-1.2643842340607832,-3.0786445832472893,2.5000708107778316,-2.6207484801536522,-1.3554127356129728,2.0030301665062904,4.279238053575435e-05,-5.206537569977683e-05,8.300056284079671e-05,0.00013620390928592775,0.3525851568857861,-0.464368862615371,2.2210352843866548,144.76804064086159
72.39999999999803,-2.6169159536634043,-1.405866805104052,1.976815094839691,-1.2780732105224826,-3.068182555130833,2.4779756728340807,-2.626925869812816,-1.3419403376414825,1.9872014836623526,4.175330755823147e-05,-5.1975615255740916e-05,8.518695998716336e-05,0.00013623152908260954,0.3445891382960682,-0.4419027588750496,1.371979933982249,141.43175100710528
72.44999999999803,-2.624383703772507,-1.3905529163115065,1.954501730834043,-1.2917613887604635,-3.057228790561561,2.4554407291319595,-2.6330815344583764,-1.3275789205615838,1.9483832185581669,4.0704791320217105e-05,-5.18091601563102e-05,8.730770657101774e-05,0.00013625504150060965,0.3506361012378971,-0.45069887404245806,2.8220276471890493,130.6067247389702
72.49999999999802,-2.6315035258296158,-1.3750647568340406,1.9321339010099208,-1.305238958966679,-3.045914151449877,2.4309923203962214,-2.64222332322828,-1.308063427229443,1.9332688353181542,3.955622883372969e-05,-5.146353526673646e-05,8.943773037420547e-05,0.00013626885872873858,0.35195532780992805,-0.48896817471479126,2.9745799284295193,133.39815052272684
72.54999999999802,-2.6382827596523417,-1.3594046243598106,1.9097512331044495,-1.3183859994755052,-3.0343315074289836,2.4077480233725153,-2.647774749295449,-1.2937272343292259,1.9111487121666029,3.841755301684091e-05,-5.1049742300000986e-05,9.146112815290384e-05,0.00013627946728242564,0.35043752067395467,-0.4648859404741476,1.1881574203581382,126.59484234963506
72.59999999999802,-2.6447101733873386,-1.3436166125292486,1.8873812976577544,-1.3312190452390227,-3.0224897832115576,2.3849487943739343,-2.6529105500108283,-1.2794194885261037,1.878108235418761,3.726704954813826e-05,-5.0538069391815356e-05,9.33997511932018e-05,0.00013628579999714545,0.3492430124212914,-0.45598457997164205,2.869494951060421,116.63273451885264
72.64999999999802,-2.650790411785321,-1.3276937338970642,1.8649928114016563,-1.343886396698197,-3.010243903177839,2.361272105687825,-2.657716658438732,-1.2655010957353667,1.8528468068267294,3.6066289541206735e-05,-4.986444746837771e-05,9.52708657241655e-05,0.00013628159671331768,0.35238494449637325,-0.4735337737222066,3.0726953664854224,107.2669499058831
72.69999999999801,-2.6565176901717695,-1.3116344307448915,1.8425333324768234,-1.3561654765929323,-2.997820779919054,2.3394546168358783,-2.6607393628303364,-1.2539788543106636,1.8317905638796246,3.486238487545771e-05,-4.9082345535908346e-05,9.702407090083888e-05,0.00013627110873190365,0.3493547753287813,-0.43634977703895744,3.6943870935237295,97.0305130056911
72.74999999999801,-2.66187835621864,-1.2954573731848424,1.820070141365297,-1.3684338132707512,-2.9848515607460593,2.3174058173480905,-2.6662017056640654,-1.2380534702135433,1.8190006379507437,3.366380354052833e-05,-4.820380396363494e-05,9.865299601660352e-05,0.00013625237885482385,0.35705777848923775,-0.4409759897557792,2.0579266339767814,91.8097855511808
72.79999999999801,-2.6668826934799137,-1.2791453198678342,1.7975780330537512,-1.380272982894951,-2.9717662938315357,2.295076339808279,-2.670687392818747,-1.222234694341188,1.792520359445053,3.2503002564039466e-05,-4.728432905925203e-05,0.00010012625715928346,0.00013623336340724425,0.35293233705207117,-0.44658955079624085,1.3035316417362746,86.23883054839662
72.849999999998,-2.6715203126060834,-1.2627330623652666,1.7751298388072,-1.3917177635826237,-2.9585360442880164,2.272845750041614,-2.673692055833961,-1.2093490337055912,1.7670341004196501,3.134534283563659e-05,-4.625053262914103e-05,0.00010146189783436722,0.0001362100717950049,0.34987718490277786,-0.4446117953333324,3.715483976139986,76.69783929019832
72.899999999998,-2.6757876883376963,-1.2462255014117614,1.7527041275642987,-1.4028250068526125,-2.945121195993953,2.251889628471753,-2.6749010282925885,-1.1983180601193957,1.741870234116142,3.020214648728089e-05,-4.5113709045745836e-05,0.00010263841098829829,0.00013617937522127142,0.3483332363478069,-0.4191224313972509,3.5212579842097345,69.01535553134026
72.949999999998,-2.679685482094073,-1.229621652545569,1.730267532496138,-1.4136942308734772,-2.9313998323063197,2.2295612013229515,-2.6768161031107907,-1.1855223839170284,1.7209487796608363,2.9076658611023948e-05,-4.3869949688177616e-05,0.00010364416817363731,0.00013613872051425514,0.3501020326158945,-0.44656854297606274,2.8348105235900545,63.154289084296835
72.999999999998,-2.6832069146420947,-1.212943593294627,1.707822423001128,-1.4243230976810033,-2.9173596630835212,2.208005143467383,-2.676716507727375,-1.1753058844962134,1.6978207707320792,2.7984507618161313e-05,-4.255708126155218e-05,0.0001044708991255733,0.0001360909256186767,0.3521994715192722,-0.4311211571114006,3.3350736760341517,58.37332104181412
73.049999999998,-2.6863549302039904,-1.1961852366236716,1.685376649557191,-1.4345675771815132,-2.9031766489013595,2.184668005838346,-2.678120777218932,-1.159295257944033,1.6744289625659174,2.6928769344840107e-05,-4.1167544808845316e-05,0.00010511684154700302,0.00013603801232771228,0.34992636061581833,-0.4667427525807664,0.8558398498347954,60.59348922921605
73.09999999999799,-2.6891300029123686,-1.1793655041733966,1.6629411848207296,-1.4445447812438055,-2.888692838161092,2.1633345127473875,-2.6787220989033274,-1.1457641446024147,1.6372367310245473,2.5912036600425387e-05,-3.971348048415908e-05,0.00010558639314690228,0.0001359806933998179,0.35175963745402694,-0.4266698618191982,2.6914147257773933,60.4573283971946
73.14999999999799,-2.6915335192851746,-1.1624681687222658,1.640514836847552,-1.4541545744029638,-2.874070455265248,2.1410948011278936,-2.678605747756671,-1.1339752344459164,1.6271831282181868,2.4930905697523466e-05,-3.811586315708713e-05,0.00010585714208981484,0.00013591334479841992,0.3499570405258082,-0.44479423238989013,5.335112421900051,55.6896281528475
73.19999999999798,-2.6935509369768145,-1.14555128588469,1.6180652231813024,-1.4634591174360674,-2.8592021818980906,2.1188444622243203,-2.6792953709806486,-1.1208504832392363,1.601869156021806,2.4009896202102984e-05,-3.65525295414181e-05,0.00010595033616213979,0.00013584313144736148,0.35080066501167556,-0.4450067780714967,2.853356506391083,51.582720292738664
73.24999999999798,-2.6951792314734555,-1.128561247507174,1.5955585514545003,-1.47249630368141,-2.8439937931075776,2.0950710973720312,-2.6787991980242554,-1.1096781800968347,1.5860046870347393,2.313973007053137e-05,-3.492789801829731e-05,0.0001058615245151058,0.0001357653971183868,0.3538251349104156,-0.4754672970457973,2.8006706687335803,47.39126162480841
73.29999999999798,-2.696415350191444,-1.1115354595357536,1.5730291625657462,-1.4809976449401379,-2.828880496631639,2.071311734875784,-2.6782103988703416,-1.0974618768465263,1.549240089409115,2.2330113188101457e-05,-3.3322600609052364e-05,0.00010560156020889184,0.00013568841930686093,0.3468133093472147,-0.47518724992497596,3.282512016559423,47.404526927382044
73.34999999999798,-2.697278753605068,-1.0945087642065165,1.5505066464437482,-1.4891674999929956,-2.813555478337684,2.04984113685497,-2.678599446372521,-1.082457281455796,1.5322477169185387,2.158235815209478e-05,-3.162159098619788e-05,0.00010515917672002993,0.00013560457971713774,0.3473409298056291,-0.42941196041630175,1.3486587691538494,43.65986065042134
73.39999999999797,-2.697758808819224,-1.0774810667710668,1.527972799016068,-1.4970522703478342,-2.7979540233152576,2.0276471249089028,-2.6792681848166486,-1.0675734260593732,1.5242106994275417,2.0892021858375596e-05,-2.9943025015898506e-05,0.00010457263509290956,0.00013551707956417156,0.3496212498520687,-0.44388023892137135,4.016835699939942,37.89014644759055
73.44999999999797,-2.697850629291659,-1.0604237596207065,1.5054324577433642,-1.5045435851283582,-2.7822521326707226,2.0042602948891943,-2.6796547950365586,-1.0478438218645565,1.5077605540673717,2.025216598418745e-05,-2.8343933214928222e-05,0.00010388002699372834,0.00013543221215527192,0.34795572280600984,-0.4677366003941857,1.9500654398246422,39.4222544919895
73.49999999999797,-2.697554583637831,-1.0433880311907542,1.4829259766311444,-1.5115862289924984,-2.7666112547892285,1.9834919708943417,-2.679095945178112,-1.0321382492475972,1.4823256200915313,1.966360202204917e-05,-2.6786055181696598e-05,0.0001030919954754858,0.00013535382088577985,0.3430722778822632,-0.4153664798970692,1.574324530375483,37.40103234542258
73.54999999999797,-2.6968690051629003,-1.026348388096615,1.4604449354054352,-1.5184316201695,-2.750471948770135,1.9603915948005497,-2.6777414258211776,-1.0194951063273943,1.461504217455527,1.9134717938181907e-05,-2.5195650180331593e-05,0.00010217536401381161,0.00013526516268448703,0.3506281485808957,-0.4620075218758736,2.7800592622284688,34.2323739577127
73.59999999999796,-2.695808317494555,-1.0093441233932383,1.4379305842591663,-1.5248330139509938,-2.7343534258367077,1.9372868789578543,-2.675981128588619,-1.0029056421039175,1.4444566035421271,1.866387537830033e-05,-2.3626637220681346e-05,0.00010115127703022825,0.00013517574768749755,0.3468705838552576,-0.4620943168539223,1.6566291810627793,35.922969247610354
73.64999999999796,-2.694370538217606,-0.9923505770033112,1.415503751142699,-1.5309877444307414,-2.717752851406084,1.9143918184957878,-2.67318011709644,-0.9878433185880654,1.4140063190693297,1.824015687703405e-05,-2.2092086535170723e-05,0.00010004080457642202,0.00013508186875809593,0.354103641104461,-0.45790120924135497,1.7091449235092477,37.08861241881628
73.69999999999796,-2.6925479572984052,-0.9753968845729263,1.393071567596073,-1.5367597672048627,-2.7010750896114564,1.893577140331093,-2.6718013614222405,-0.9726932778274878,1.4059388256765164,1.788736403924576e-05,-2.053895620326247e-05,9.882196034883848e-05,0.0001349872982982914,0.3529732175653308,-0.4162935632939106,4.414370251143124,35.432892527410786
73.74999999999795,-2.690337297101512,-0.9584945295204814,1.3706515316638999,-1.5420699060221934,-2.684608273043903,1.8719086103685392,-2.6676424366640985,-0.9600052165668317,1.3685485065840695,1.7564433354478448e-05,-1.9087711568262255e-05,9.755714564929731e-05,0.00013489952455047433,0.3460435436430896,-0.4333705992510962,1.7650127478380937,36.30411022177047
73.79999999999795,-2.6877406814236116,-0.9416318256274513,1.348191543443637,-1.5470934025704415,-2.6677808361672586,1.8498994927304846,-2.6635851511717528,-0.9442241973222492,1.3433789692812628,1.7331189372277307e-05,-1.7578080021756826e-05,9.61578831565103e-05,0.00013480421892361852,0.3512324579231962,-0.44018235276111173,2.7105242986422087,39.83752766515583
73.84999999999795,-2.6847742019218646,-0.9248360889070302,1.325743702282574,-1.5517237703423976,-2.650922715301764,1.8278061662360585,-2.6601882755775375,-0.9265477260042586,1.3298436925891668,1.715966667494599e-05,-1.6095107193722073e-05,9.468230570950885e-05,0.0001347101244710724,0.3496563897732069,-0.44186652988854075,1.9178762906574198,41.28446786893653
73.89999999999795,-2.68144384138728,-0.9081217312562051,1.3033538303626906,-1.5559434109004056,-2.6341374674539075,1.8063591024141719,-2.656421937780407,-0.9110461270354557,1.3064497864640572,1.7014515655379497e-05,-1.469942130858664e-05,9.31893209924067e-05,0.0001346221079294837,0.34615683970017347,-0.42894127643776775,3.091436019301942,41.348594835439066
73.94999999999794,-2.677741243300815,-0.8914799950612935,1.2809651842364977,-1.5598227537736107,-2.6171451105453847,1.7841385879821514,-2.6534315309465524,-0.8981156664035671,1.2799839668868884,1.6924066258259034e-05,-1.3333488398783034e-05,9.163867351422225e-05,0.00013453136988016764,0.3485983330120734,-0.4444102886404355,2.8030298960312034,36.84982458990522
73.99999999999794,-2.673660190322362,-0.8748920535575617,1.258624772396264,-1.563335059297794,-2.599983686448696,1.761204061691486,-2.6490698067966285,-0.8799188944515607,1.2570593703653952,1.6896539856748344e-05,-1.1990523773443588e-05,9.00239503825491e-05,0.00013443696215075768,0.35035080566510707,-0.4586905258133404,1.2318348347863595,37.68116264665245
74.04999999999794,-2.669217188267379,-0.8584415592573315,1.2362893759214035,-1.566464340229084,-2.582723133802279,1.7390858760315195,-2.6441567566236586,-0.8630346010043706,1.253183824391523,1.6914455028051545e-05,-1.0693902251802971e-05,8.837963030081908e-05,0.00013434518436348326,0.350845619700238,-0.4423637131993524,2.731129090022683,41.25001106922182
74.09999999999793,-2.6644027913453856,-0.842082790486784,1.213954684842901,-1.5692235797783216,-2.565304560841127,1.7167118122759302,-2.6376196338464735,-0.8459229070261516,1.222010162858739,1.6911966499905558e-05,-9.516353464317233e-06,8.678782076240216e-05,0.00013425709113057394,0.3527225889597635,-0.4474812751118062,1.0354739369205153,44.693276137276925
74.14999999999793,-2.6592240222046652,-0.8258521638025573,1.1916042695714424,-1.5715897905861023,-2.547894637763842,1.6950486818386041,-2.6333636808917977,-0.8356025567615747,1.2028870447705486,1.6985441212237963e-05,-8.341620897381144e-06,8.513166665991544e-05,0.00013417095394599633,0.35140657257081287,-0.4332626087465469,2.5524308839684933,40.527001805566826
74.19999999999793,-2.6536681852136925,-0.8097193112379557,1.1692638027615603,-1.573560621642914,-2.530646067404942,1.6740782971490917,-2.627398997367806,-0.8199610974253266,1.1756692002358946,1.7087104570097015e-05,-7.2294307916372265e-06,8.346552759799467e-05,0.0001340873213868089,0.3472223494288397,-0.4194076937902704,1.6586246270073373,40.73526838781748
74.24999999999793,-2.647761947339814,-0.7937295241393449,1.1469451811138494,-1.5751586144905323,-2.5134083179771003,1.6523921642003234,-2.620983288185357,-0.8047782942822791,1.1517189044242127,1.7248931545057124e-05,-6.143105932533084e-06,8.175745792028556e-05,0.00013400527941573263,0.34623999304229486,-0.43372265897540035,3.8530544598431513,41.77994422746811
74.29999999999792,-2.6414930288975946,-0.7778562698040491,1.1246762461466138,-1.5763831561252226,-2.496092623262913,1.6304026067353474,-2.6152424493193918,-0.7928085236474648,1.137414972589836,1.7453205405024316e-05,-5.099271776001237e-06,8.002915547258216e-05,0.00013392313594772518,0.3471857878221604,-0.43979114929954166,1.3170935309042713,41.24889697107171
74.34999999999792,-2.634884358478023,-0.762139617778455,1.1024596434610916,-1.5772321288067221,-2.478695552050383,1.608712177283297,-2.6083255875761377,-0.7776507806345249,1.116126329697674,1.765569626579123e-05,-4.130668026107118e-06,7.833344320826285e-05,0.00013384080645076964,0.34836230336101653,-0.433808589041031,1.23732632577668,42.310058305460274
74.39999999999792,-2.6279271103064774,-0.7465662885117429,1.0801730763060557,-1.5776979978842067,-2.461207848882557,1.5861474964538091,-2.601580191924985,-0.7644004762258826,1.092177905631492,1.7889479424550966e-05,-3.205824113718612e-06,7.66379053196679e-05,0.00013375948749417134,0.34988557082461613,-0.4512936165897868,1.6817149820364201,41.92709959807194
74.44999999999791,-2.620616922100637,-0.7311322954580111,1.0579056388531496,-1.5777714135875784,-2.4437243088652094,1.5638433730347483,-2.5941244941188795,-0.750656676017242,1.06522423594331,1.8161921916523134e-05,-2.32223400098006e-06,7.493070870734375e-05,0.00013367901771372992,0.34968113132955686,-0.44608246838124815,1.1346943231528308,42.375389011239896
74.49999999999791,-2.612975353694206,-0.715897930671183,1.0356942340481126,-1.5774626604423636,-2.4260787284325653,1.5427578964273563,-2.5866612278274164,-0.7376958715049975,1.0485690172237518,1.8481634199601616e-05,-1.4742030086951001e-06,7.320103987279687e-05,0.00013359680566133313,0.352972167264084,-0.4217095321478707,0.6566225140240536,43.65909697261918
74.54999999999791,-2.604989998264683,-0.7008275961446919,1.0135206803708692,-1.5767883233212803,-2.408594800683883,1.5217350281625333,-2.579863344575015,-0.7273369552133666,1.0291460557748202,1.8798890288839082e-05,-6.90124843084788e-07,7.150881520095269e-05,0.00013351999709725672,0.3499449874338976,-0.4204573652964839,1.7929707677523323,43.95975455526888
74.5999999999979,-2.596660723858823,-0.6859387028053471,0.9913906077206149,-1.5757261298471519,-2.390972266349492,1.4994538379548166,-2.570736399560961,-0.7102122266217687,0.9956122711064612,1.9131595428226856e-05,4.4828394674102816e-08,6.983149914730235e-05,0.00013344178699634983,0.3530976444235317,-0.445623804154359,2.5913608277796865,43.62915185744295
74.6499999999979,-2.588006984156519,-0.6712531573810244,0.9692625623099247,-1.574275861117522,-2.3734204529181557,1.4772576554767838,-2.5633298966430043,-0.6990706552599467,0.9680111154934323,1.954264976979811e-05,7.576107823245696e-07,6.810791326840326e-05,0.000133367402940801,0.3522397869112753,-0.44392364956068686,2.982849025205453,43.475854729681544
74.6999999999979,-2.5790136974263804,-0.6567450679038411,0.9472773528680577,-1.572439058695962,-2.3559845719122894,1.4544170152077829,-2.553385324126981,-0.6827720687989699,0.9658245964420882,1.9996006716425775e-05,1.425170865774546e-06,6.637041391650196e-05,0.00013329509395706163,0.35065490346691897,-0.456812805380033,3.4366991268216935,46.39659316833916
74.7499999999979,-2.569710961059983,-0.6424482719868113,0.92529033229827,-1.5702192280497436,-2.338576548777839,1.4335093110654409,-2.542584634060236,-0.6653248436960071,0.9540574192467854,2.0353902397675457e-05,2.0166295258150123e-06,6.477947633412863e-05,0.00013322904204307124,0.3509861172817366,-0.4181540828468668,1.1700548934613177,51.5359067634464
74.7999999999979,-2.5601016430909014,-0.628358619852421,0.9033740483057022,-1.567630494656471,-2.3212464652908897,1.4115201635322085,-2.534054875009376,-0.6530994801592023,0.9285150367885775,2.068636060513044e-05,2.5627659624681672e-06,6.326183501280668e-05,0.00013316825432017847,0.3504543941847234,-0.43978295066466816,2.4480185910135455,49.01966995579147
74.84999999999789,-2.5501755271361457,-0.6144810304204673,0.881529385220159,-1.5646304689440849,-2.3037734197787305,1.3899993028896933,-2.523831638080321,-0.6394100263517062,0.8949564657992912,2.1063663112658026e-05,3.081724103632312e-06,6.172944713746231e-05,0.00013310331212892872,0.3545812205505639,-0.43041721285032286,1.1162114167710027,47.32587711856171
74.89999999999789,-2.5399536687191633,-0.600829058861359,0.859674903154545,-1.5612732774411373,-2.286459922478553,1.3685350221639254,-2.5132664467952224,-0.6257369753710441,0.8655840806397253,2.1521115682860138e-05,3.572066540949604e-06,6.0143065043193606e-05,0.00013304007279901133,0.35272644647317575,-0.4292856145153791,1.9126027909917835,47.61894789443269
74.94999999999789,-2.529437804624801,-0.5874070121854461,0.8378370862816993,-1.5575659970914273,-2.2694374112762397,1.3441807932422778,-2.5022936650692698,-0.6139249067936228,0.837042374194509,2.2033066919463878e-05,4.021180671639227e-06,5.852879334248254e-05,0.00013298205301939407,0.3484392729654711,-0.4870845784329739,1.105173352525812,50.695277143411545
74.99999999999788,-2.5186234619776435,-0.57420553881475,0.8160545155363277,-1.5534583597285667,-2.252443497876575,1.323085132274814,-2.492307907842326,-0.6022846470666127,0.8255837193430464,2.2571758654240264e-05,4.423608956198828e-06,5.6912168144903986e-05,0.000132923015205267,0.3496724829801511,-0.42191321934929576,1.3442469085388589,50.67342827971787
75.04999999999788,-2.5074660585134287,-0.5612313821575442,0.7882050726199524,-1.5488786959778786,-2.235454968626897,1.2918782700657907,-2.480501181267738,-0.5890997247576066,0.7988762526379065,2.3079400689888804e-05,4.781173798973641e-06,5.5357847913028715e-05,0.00013286269057113492,0.35191395074215875,-0.6241372441805108,0.9496561635525783,52.49225777111805
75.09999999999788,-2.496176678111543,-0.5482956377307084,0.7516751662898121,-1.5436771429578102,-2.2185574696858206,1.2524654035215201,-2.469231194247983,-0.5783757823266316,0.7512422202063389,2.3635244488779397e-05,5.094041958732013e-06,5.3781093863808896e-05,0.00013280144935839798,0.3536224486327126,-0.7882573308854562,1.8522213310002007,55.29736818806694
75.14999999999787,-2.4849910568816704,-0.535791338399936,0.7105853420611007,-1.5378443113254414,-2.202022667807436,1.2108626497188801,-2.460921194126089,-0.5701565489439108,0.7157974444601618,2.4322429622706295e-05,5.340335933512586e-06,5.20954753459841e-05,0.00013274281398615816,0.3506941356850173,-0.8320550760528436,3.5158698591580437,54.69723220453389
75.19999999999787,-2.473413539078576,-0.5238403856982721,0.6687076932856206,-1.5313106746526997,-2.1857157524372557,1.1685681681587594,-2.449084552943109,-0.5583676665861494,0.6762098665282918,2.505069687867562e-05,5.519330194602059e-06,5.039458426246228e-05,0.00013268338515337038,0.3513686977103362,-0.8458896312024609,1.6098632124070893,56.04866557520232
75.24999999999787,-2.461314102897344,-0.5123638851981958,0.6269087954287033,-1.5240773677869428,-2.169630037343887,1.1278610731556924,-2.4364178283266322,-0.5481012092863236,0.6429011462960919,2.5826296021436984e-05,5.626461162170644e-06,4.867699374396372e-05,0.00013262470487556056,0.35276843243423867,-0.8141419000613933,2.72793108910171,60.67416524134704
75.29999999999787,-2.44877055478889,-0.5013564307408893,0.5852845791852669,-1.5162409284619534,-2.153974082702797,1.085571753403653,-2.4244079270446526,-0.5401094440283243,0.5982666572356057,2.661482717458461e-05,5.665538149653528e-06,4.697918449790452e-05,0.00013257084426415475,0.3501796009268308,-0.8457863950408405,1.2519866522261545,64.94598765068581
75.34999999999786,-2.435761921158954,-0.4908768449839881,0.5437725913752146,-1.5078318089668734,-2.1387811512156887,1.0449850796055529,-2.409463368740061,-0.5304131563124354,0.5552817001950738,2.7457754312577137e-05,5.614428280260517e-06,4.526159924829518e-05,0.00013252194490446256,0.34732109317189025,-0.8117334759620441,0.38335579763365357,71.20682018215268
75.39999999999786,-2.422322395202242,-0.48094513979849485,0.5023337309662339,-1.498789450831578,-2.123902791266142,1.00440704823031,-2.3958082030699006,-0.5218562402166236,0.5073279173395076,2.8336236013752132e-05,5.474128789908511e-06,4.3546772437761275e-05,0.00013247457317718426,0.34823637531716606,-0.8115606275049008,1.6521233420984371,74.68461041955617
75.44999999999786,-2.4084443616013926,-0.4715881907029284,0.46096412504518736,-1.48904143293514,-2.1092502851416626,0.9631017576489436,-2.3815285251102893,-0.5137123613164217,0.46960216559346923,2.926115297125654e-05,5.2276594561634835e-06,4.182763752029541e-05,0.00013242539736190272,0.35200217471063344,-0.8261058116273828,1.2123232498825474,78.68526538747068
75.49999999999785,-2.3941867832330885,-0.4628257624282751,0.41966808466469063,-1.4786840193812538,-2.095016593467992,0.9203802950973259,-2.3693639861971354,-0.5069368616652009,0.43066211931857445,3.017415480620113e-05,4.9083903800011136e-06,4.016705297433467e-05,0.00013237950450459661,0.35209153829316003,-0.8544292510323926,2.494921640741998,79.49839847919166
75.54999999999785,-2.3795853118727743,-0.45465813676138894,0.37836512427735514,-1.4677667868323914,-2.081272816902672,0.8786519000216444,-2.3575471812245796,-0.5026310949465587,0.3968199507459498,3.107184357252107e-05,4.518793215371875e-06,3.856979937623372e-05,0.00013233866163026101,0.3510681234372239,-0.8345679015136689,2.4210726781925023,85.81927958400492
75.59999999999785,-2.364674922554648,-0.447107527368764,0.3371904607372432,-1.4561965260924503,-2.0678890567368016,0.8372366242896079,-2.3439002336046224,-0.496985253322278,0.3492184452788152,3.193337080350496e-05,4.080374216820688e-06,3.70540197061497e-05,0.00013229869812849334,0.3538591311897351,-0.8283055146407747,1.504799261060016,89.28298242118174
75.64999999999785,-2.349426162411304,-0.4401612431712933,0.2961063043239042,-1.4441640624984853,-2.055093641092171,0.7949996688056791,-2.327623800148593,-0.4912857119416425,0.3108910173926409,3.281040356256402e-05,3.5358556989595917e-06,3.557575930166823e-05,0.00013226694487680947,0.3513110922367528,-0.8447391096786296,1.2607374589695761,96.23044007911163
75.69999999999784,-2.333938182731471,-0.43384554217856913,0.2549942088773902,-1.4317440669051373,-2.0429296657536953,0.7549691846138362,-2.311142256047447,-0.484617598885323,0.2802981141112033,3.365602676784263e-05,2.9383721720871122e-06,3.418162576373131e-05,0.00013224470084519192,0.3477119193020508,-0.8006096838369046,2.3416628164407087,100.12201156156365
75.74999999999784,-2.3181944443854503,-0.42819112075062354,0.21401046066594345,-1.418710094571856,-2.0311465412641305,0.7151070431047426,-2.2934853881455375,-0.4775867892561458,0.23406003840022827,3.4449231622922924e-05,2.3235209050151676e-06,3.288553296973864e-05,0.00013222258624920693,0.35143553664876354,-0.797242830181923,6.221529014835831,98.75859615452846
75.79999999999784,-2.3022107264367557,-0.4231711329474493,0.1730369611153679,-1.4052043927442144,-2.019893523769764,0.6742179546615112,-2.2766840813088454,-0.47307002080433064,0.19290833532786245,3.523797941540141e-05,1.6125159308898426e-06,3.164694635389703e-05,0.00013220549701518653,0.3516119707023634,-0.8177817688646715,1.806045587874368,102.40767432762627
75.84999999999783,-2.2860650257651924,-0.418811440960277,0.13204040625840044,-1.391284738264053,-2.009220430639934,0.6340703795441556,-2.262144706977287,-0.4700898219961618,0.16161072368191043,3.599934503972994e-05,8.406375466362326e-07,3.048985948772862e-05,0.00013219491180459282,0.3508350195092993,-0.8029515023471566,1.940321852721424,108.04467198167852
75.89999999999783,-2.2697451400132493,-0.4151268692753208,0.09115358270231008,-1.3771280866316422,-1.999232750015063,0.5947604053531892,-2.24551718286313,-0.467408023685821,0.12289142535664599,3.671197998701903e-05,6.110049601389363e-08,2.943086200401607e-05,0.00013219305606164465,0.3465274625387467,-0.7861994838193676,1.4150721534361617,113.7132143235032
75.94999999999783,-2.2533018660525643,-0.4121004800759945,0.05035660471175317,-1.3624857240584995,-1.9897674501768001,0.5529661158441725,-2.2276149933656515,-0.4642324629181331,0.06857199767850286,3.739372148182841e-05,-7.747779567695948e-07,2.845278671525374e-05,0.00013219361823270566,0.3487319524107004,-0.835885790180383,2.6875457183010547,112.25171543150581
75.99999999999783,-2.236706900942899,-0.40976018682186766,0.00960442038635447,-1.3473292410845954,-1.9808466031701417,0.5109984641017267,-2.2101698600037585,-0.46317735424934603,0.02210999966266014,3.8059788012813886e-05,-1.7385431001970648e-06,2.7555126244067036e-05,0.00013219834252856588,0.3517646307484232,-0.83935303484897,2.5287075630353204,117.92517362759274
76.04999999999782,-2.220067752044656,-0.4081047977831659,-0.031123296233108652,-1.3318665803819392,-1.972578183316373,0.4710968387714929,-2.1956105892493922,-0.4634918953086346,-0.013327677476915767,3.8691771844102256e-05,-2.7699637775275456e-06,2.67593153675907e-05,0.0001322117115115525,0.350714379225845,-0.7980325066047191,3.883607453071786,124.66533768845395
76.09999999999782,-2.2033535666724537,-0.4071246420436962,-0.07172318373595708,-1.3158573262486433,-1.9648239567021661,0.43101658361077755,-2.1781044923820754,-0.4632056683721262,-0.06151295669115919,3.9283991698528137e-05,-3.8089016580217102e-06,2.6063439879464543e-05,0.00013222636598483547,0.3557901690935326,-0.8016051032143525,1.5341432554424452,128.26133488598776
76.14999999999782,-2.1866121857987446,-0.4068200931695996,-0.1122518348790251,-1.2998522770238192,-1.9578520731514266,0.3906214011954563,-2.1603002180963577,-0.46330814795600245,-0.09089963282293478,3.983386282864838e-05,-4.927427866106687e-06,2.5480897208266757e-05,0.00013225746470869063,0.34917629188996624,-0.8079036483064744,1.885767118403043,132.87743340136961
76.19999999999781,-2.1698653324852026,-0.4072050078435437,-0.15268372080536663,-1.2836072187734442,-1.9515600285799102,0.3484350782002279,-2.1431890823588104,-0.4643314918508696,-0.12647919846598565,4.034638021689458e-05,-6.019848978853111e-06,2.4991300113745597e-05,0.0001322961019158227,0.34844612579284323,-0.8437264599046134,1.3705785989223176,137.65794129749995
76.24999999999781,-2.1531760047914785,-0.40824741500927386,-0.19311057293357692,-1.2670995209422589,-1.9459408119576067,0.3077585469882549,-2.1284613917951463,-0.46618276372568956,-0.1628036223940703,4.0816117314972844e-05,-7.116778910071739e-06,2.4597086809267113e-05,0.00013233908828905178,0.3487816587042959,-0.8135306242395065,1.699535267040773,142.28870809687112
76.29999999999781,-2.136525188771054,-0.4099879878162504,-0.23348536386338417,-1.2504326479846464,-1.941024741577671,0.2658956082104651,-2.110909942790593,-0.4684491877725099,-0.1948901188480563,4.124263168355481e-05,-8.230828547217662e-06,2.4301168180562924e-05,0.00013238875185423685,0.34756093209917865,-0.8372587755558415,1.3263806492546708,149.18128190320283
76.3499999999978,-2.1199535150884565,-0.4124082276052835,-0.2736709945836517,-1.23356088817357,-1.9367933831228075,0.22555851663549653,-2.0937949738494632,-0.4723610543557,-0.24877228396576756,4.1635081178346235e-05,-9.333155878020471e-06,2.4089249342184194e-05,0.00013244346154007002,0.34790901170264366,-0.8067418314994169,1.1600087515201896,151.90131371279614
76.3999999999978,-2.1035046613673245,-0.41548803394407274,-0.31371243252832753,-1.2163764159979398,-1.9332041102800754,0.1862554995953869,-2.0805133365203194,-0.4767297962405067,-0.2877202448003473,4.1954530180741186e-05,-1.0534934812976901e-05,2.4024647884819598e-05,0.00013250584336405233,0.35112883042012916,-0.7860603408022365,2.4222396502452757,159.4485414769847
76.4499999999978,-2.0871798361923775,-0.41924514084889636,-0.3537511538356996,-1.1993142018432277,-1.9303326432899333,0.1472075740745593,-2.0606582902182633,-0.4807038182021875,-0.3271409223492352,4.2234830985805634e-05,-1.1753141562006841e-05,2.407109224114736e-05,0.00013258202163402924,0.3460650315753194,-0.7809585104165933,2.4483747590166036,160.25056209128266
76.4999999999978,-2.0710197278419322,-0.4236596610690599,-0.39382703146204034,-1.1820760090648497,-1.928129101351708,0.10707152884753857,-2.045017937733259,-0.4862731694016279,-0.3673525096448227,4.2472185486866165e-05,-1.2989122316670227e-05,2.42326250404312e-05,0.00013266764069278886,0.347592539104148,-0.8027209045404651,1.7502948914795842,166.404989671606
76.5499999999978,-2.0550532056587363,-0.4287192985747826,-0.43379475563621456,-1.164648739782187,-1.926601666047708,0.06777422828318258,-2.028200128666508,-0.4935114704944648,-0.4080065643654516,4.2668542756285965e-05,-1.4239433702940823e-05,2.4511013170289305e-05,0.00013276064046707225,0.34990407879234037,-0.785946011287163,2.4641760404003112,177.45165351840163
76.59999999999779,-2.039307524829972,-0.434405841101284,-0.47367271105459996,-1.1472548187501967,-1.9257617585619657,0.028725646472129718,-2.01406308596522,-0.5006949553461448,-0.4553478568230962,4.281919574962059e-05,-1.5506122792586236e-05,2.491447683638914e-05,0.00013286549967748954,0.3483058826074961,-0.7809716362210972,1.4182291824713964,185.22088190120098
76.64999999999779,-2.0237876383895523,-0.4407169775110612,-0.5134551263729344,-1.1297970091695304,-1.9256067173668734,-0.010964298061393762,-1.998329227150578,-0.5074766857699445,-0.49306201338786115,4.28981936770461e-05,-1.6809246790838302e-05,2.547955703297873e-05,0.0001329822602075974,0.3491928799827961,-0.7937988906705139,3.206540919293853,187.3388758237438
76.69999999999779,-2.0085175834559,-0.4476372270400236,-0.5531447391431136,-1.1119434599574756,-1.9261593224750617,-0.050920174500251214,-1.9839638658792924,-0.5156245370838193,-0.5395750521778551,4.294683932608468e-05,-1.8103689660790003e-05,2.6158007742280605e-05,0.0001331025617608889,0.3572657509883729,-0.7991175287771958,1.6941351799020832,193.8332633278059
76.74999999999778,-1.9935379901509855,-0.45517099918585924,-0.592792728420361,-1.09462269939773,-1.9273775130145943,-0.08951105995015807,-1.973054610024867,-0.5220679634768853,-0.5764308949445698,4.292123135841951e-05,-1.9416543552861255e-05,2.700171703368088e-05,0.0001332445919448738,0.3472924727150696,-0.771817708998181,3.38566493310488,193.14090947351818
76.79999999999778,-1.9789048475997806,-0.4632805182802371,-0.6324043443996749,-1.07725436011259,-1.9292836699270977,-0.1291118729163938,-1.9604968641488205,-0.5309002751597923,-0.612297625988167,4.286199665639057e-05,-2.071215028468889e-05,2.796062870996155e-05,0.00013339399860573314,0.3494753462596278,-0.7920162593247614,2.6678183530486894,202.0150188303557
76.84999999999778,-1.964586268224426,-0.471988345654634,-0.6717939268530765,-1.0598752174322892,-1.9318886994010545,-0.16846071349590153,-1.9471117375518414,-0.5393581439841675,-0.656056821246584,4.277766050817527e-05,-2.198753341770793e-05,2.9027840122475217e-05,0.00013355141948370516,0.35148862192268604,-0.7869768115901992,3.7496837010854414,200.62249286824408
76.89999999999777,-1.9506115636533423,-0.48126967624262623,-0.7111693554114503,-1.0424609546809775,-1.9351977244281362,-0.20709810772784687,-1.933454729481689,-0.5481722948195216,-0.697487446048934,4.262894308262397e-05,-2.3253343384273384e-05,3.024927122167403e-05,0.00013371960769443213,0.3545392983762885,-0.772747884638952,7.289377999268218,196.2849227682449
76.94999999999777,-1.937011835959461,-0.49106023020397915,-0.7504442309775162,-1.0252105574430945,-1.939195790532919,-0.24839307566320246,-1.9168383808481355,-0.5597030382025467,-0.729271675014616,4.241982861555043e-05,-2.4501715337474844e-05,3.1622731696932735e-05,0.0001339026157264812,0.3541780908903244,-0.8258993587071558,3.3649624738506034,197.83822847677607
76.99999999999777,-1.9238242937155863,-0.5014017698023235,-0.7896170541836018,-1.0082612562484758,-1.9438471604869967,-0.2872764049485941,-1.9049138280335272,-0.5706066373692564,-0.766837886385821,4.221239859310273e-05,-2.5718266725306386e-05,3.307676263940716e-05,0.0001340998657653432,0.35154116533732066,-0.777666585707881,1.4226051483800528,202.53842462565294
77.04999999999777,-1.9110292833268154,-0.5122617662703621,-0.8286954329620563,-0.9916318715931622,-1.9491199242263582,-0.3268185582387608,-1.8893617093848587,-0.583020549849757,-0.8058223262090336,4.1958493219336934e-05,-2.690316069983225e-05,3.4656055764256854e-05,0.00013430733595069894,0.3489287201761203,-0.7908430658033765,3.6091529953254473,199.67477725266207
77.09999999999776,-1.89869701426406,-0.5235791296153532,-0.867668956601181,-0.9753615966091994,-1.954973840400365,-0.36392445859992195,-1.8783911351801532,-0.593569581263552,-0.8354878328404824,4.166049266294766e-05,-2.80532594051993e-05,3.636086859760332e-05,0.000134529307890172,0.3458464921436618,-0.742118007223263,1.764716032738295,197.618580951055
77.14999999999776,-1.8868119378422759,-0.535396867516308,-0.9066385378525765,-0.9592788373889165,-1.961471738408945,-0.40402484884112466,-1.8666213714541557,-0.6057836816308627,-0.8832087590873452,4.134879592004122e-05,-2.9159550318764703e-05,3.814356548078e-05,0.0001347533749461894,0.34693984756620005,-0.8020078048240974,2.016258333280593,192.13734683847244
77.19999999999776,-1.8753874749181836,-0.5476904916295599,-0.9455451250654322,-0.9432686406693983,-1.9686979491620609,-0.44392806932928996,-1.8540886864238852,-0.6196707970507058,-0.931114910608664,4.094466634537479e-05,-3.0210219816334118e-05,4.010492347456747e-05,0.0001349869213488205,0.35133201649955953,-0.7980644097633541,2.1403137367087655,189.57680222149494
77.24999999999775,-1.8644608517822756,-0.5603898716202091,-0.9843809157641175,-0.9276672526414821,-1.9764875500927972,-0.48222917423916645,-1.844730318516486,-0.6314134852763943,-0.9584336157061975,4.0453747771358336e-05,-3.119519845340146e-05,4.224030405938234e-05,0.0001352352669196285,0.348779797045332,-0.7660220981975764,2.5168478124439195,184.59295262268014
77.29999999999775,-1.8540184097721344,-0.5735142973129052,-1.0230598442085885,-0.9123747761138221,-1.9848755959416893,-0.5211648389005972,-1.8350942933447987,-0.6445501634829794,-1.002998263932052,3.9973843457801356e-05,-3.212979802034291e-05,4.441888567876793e-05,0.0001354830504166267,0.34885962052931013,-0.7787132932286586,3.5172228765556692,178.54334378615775
77.34999999999775,-1.8440877792286094,-0.587040306958895,-1.0616599834836882,-0.8972633825362133,-1.9939459204168795,-0.5600135990708468,-1.8246441081900888,-0.6597772038183329,-1.0563851284783006,3.942411396418737e-05,-3.2976315812934266e-05,4.6731639980572196e-05,0.00013573631100393546,0.35251330292021676,-0.7769752034050318,3.751568991772398,176.14535916553595
77.39999999999775,-1.8347077320021679,-0.6009323354484801,-1.1001576183150261,-0.8828895287953029,-2.003348446441114,-0.5985478731109946,-1.8156507667309738,-0.6729260960766098,-1.0777612411727624,3.8759289895430163e-05,-3.3701316794497666e-05,4.9222453044287866e-05,0.0001360044844076362,0.34354136585943146,-0.7706854808029986,3.3890575079080447,165.88561503309148
77.44999999999774,-1.825860705194705,-0.6152045239604257,-1.1385684741981583,-0.8687099472698742,-2.0134130342616987,-0.6359905221192541,-1.8104002947473128,-0.6844873148810435,-1.1233165805607133,3.8144220022002366e-05,-3.438227935185913e-05,5.16850994808029e-05,0.00013626466183301584,0.3477883188456087,-0.7488529801652293,2.8148354851473725,155.23958476459998
77.49999999999774,-1.8175787847937266,-0.6297854917447081,-1.1768326324690666,-0.8548920024348827,-2.024025559296242,-0.6738846051448819,-1.8025851954169938,-0.6980678736060983,-1.16766088030207,3.7456133290418106e-05,-3.492970411405155e-05,5.4239644369366046e-05,0.0001365199393565263,0.3484810553669054,-0.7578816605125936,5.735914142387825,142.24992882959998
77.54999999999774,-1.8098539592650458,-0.6446668482861523,-1.2150161328325015,-0.8413414414339478,-2.0352810771134986,-0.7123982215726268,-1.797193025384849,-0.7112587796869979,-1.2061684783774027,3.671773215335789e-05,-3.533972872958122e-05,5.6855385303767154e-05,0.00013677625499179002,0.35233094884920046,-0.7702723285549438,2.2861572019819345,134.11416964956535
77.59999999999773,-1.8027340042211368,-0.659848902055582,-1.25303544373226,-0.8284880870127671,-2.0468063496148794,-0.7495510859377319,-1.7930010409113744,-0.7238800840721319,-1.235906875356884,3.594543342006844e-05,-3.562419174328432e-05,5.94808242705072e-05,0.000137024381160545,0.3452969223577571,-0.7430572873021446,2.015266728525056,126.35720715800252
77.64999999999773,-1.7961926684860046,-0.6753112781199861,-1.2909836170647913,-0.8159262651538366,-2.058949982906572,-0.7873945280148438,-1.788461217367709,-0.7365752144870658,-1.26799820566851,3.5183678181444825e-05,-3.581050642678541e-05,6.205036909682575e-05,0.00013725793252044398,0.3494588000367863,-0.7568688415422796,3.5172370040371312,115.97270919004876
77.69999999999773,-1.7902339110465397,-0.6909861710286885,-1.3289173393602698,-0.8037566083968568,-2.071649536752065,-0.8260100606290868,-1.7843249616075227,-0.7515763476313125,-1.316339684921766,3.442088499985228e-05,-3.5878924104612755e-05,6.454954209694938e-05,0.00013747637099505107,0.3518054353188019,-0.7723106522849009,3.163645797758348,110.79520082693377
77.74999999999773,-1.784881700107007,-0.7069194701268201,-1.3666042316477327,-0.7921185643723736,-2.0847740179895737,-0.8646977595135055,-1.7805980993049595,-0.764420655237124,-1.3597776860993125,3.3617211063164166e-05,-3.575297812741784e-05,6.701549140752652e-05,0.00013768537340194786,0.3508472361074045,-0.7737539776884148,4.070712416763513,97.33663445214606
77.79999999999772,-1.7801366807098815,-0.723010017796129,-1.4042271192946854,-0.7809927964093382,-2.0983311834950604,-0.902475455905742,-1.7759410774882227,-0.7803918718341453,-1.3880668818889552,3.280188436547378e-05,-3.545341911972619e-05,6.938632233507309e-05,0.00013788034138589587,0.35077972130662677,-0.7555539278447726,2.8774506766402617,91.57825633261714
77.84999999999772,-1.7760045274189398,-0.7392848568321371,-1.4417058063538482,-0.7704468341893259,-2.112211827101832,-0.939680188675784,-1.7729988287198046,-0.7939377559418125,-1.4284604542413402,3.201353148964698e-05,-3.5057221593973815e-05,7.15926934598284e-05,0.00013805311051915377,0.3486686920129593,-0.7440946554008818,4.0505029009913365,80.39018220777585
77.89999999999772,-1.7725038780095903,-0.7557123414376077,-1.479142819172567,-0.7603251356128047,-2.126626315417188,-0.9775249820207597,-1.7735392009945017,-0.8046314387706653,-1.4620263592670155,3.1241692992718224e-05,-3.45019195906144e-05,7.364495967692597e-05,0.0001382062938763518,0.3522858409624355,-0.7568958668995606,4.119467898228052,72.18604484683078
77.94999999999771,-1.7696155254908796,-0.7722521422829036,-1.5165226901377404,-0.7507626981190803,-2.141395226074293,-1.0148774203162687,-1.770100276637341,-0.8232014884970617,-1.4978280584257826,3.0496341095879566e-05,-3.3822084789653084e-05,7.5491938267793e-05,0.0001383294824817311,0.35190733272698765,-0.7470487659102227,2.825858780432319,71.57387165760001
77.99999999999771,-1.7673563186968817,-0.7888867737819656,-1.553660758348493,-0.7417233208898644,-2.1565688816729756,-1.0521698705286129,-1.7687381425039097,-0.8367669709099088,-1.5326850036424686,2.979184343279364e-05,-3.301764474239175e-05,7.711581937091005e-05,0.00013843104621790833,0.35326269010806194,-0.7458490042469265,2.977397836355916,62.67170910647859
78.04999999999771,-1.7657181784008962,-0.8056023702843038,-1.590674568955346,-0.7332337120234091,-2.1720968937654703,-1.088766507307279,-1.76911694681045,-0.8523550184834415,-1.5912647937771798,2.9132917660978633e-05,-3.210316083716085e-05,7.850605106718782e-05,0.00013850797947964754,0.3539647303661438,-0.7319327355733634,2.260803439291114,59.623826749770814
78.0999999999977,-1.7646999869620472,-0.8223602860473124,-1.6275885409803534,-0.725321875425274,-2.1879308439707836,-1.126050234854855,-1.7699660049192736,-0.8675214998358663,-1.6123866217682743,2.8533403328178252e-05,-3.095867585971456e-05,7.965103789239755e-05,0.00013856274014778278,0.35403244701539127,-0.7456745509515628,2.4805245680108263,58.35750845224888
78.1499999999977,-1.7642914857868075,-0.8391831634291474,-1.6644578889750088,-0.7181036096300389,-2.2038251951087764,-1.16295905065991,-1.7705988518801834,-0.8835828837034878,-1.6345961606051618,2.7983043650414537e-05,-2.980588030520702e-05,8.052475754967114e-05,0.00013858167065064118,0.3491523194518598,-0.7381763161011421,2.716597920585796,60.631993436620085
78.1999999999977,-1.7644913378105873,-0.8559582850668817,-1.7012548637162233,-0.7115082085724224,-2.219888303144142,-1.1994238853851087,-1.7710490198394706,-0.8995014210155037,-1.6665298111037812,2.748740777752945e-05,-2.8646695707267453e-05,8.113590851581675e-05,0.00013856991100596238,0.3473074533748376,-0.7292966945040172,0.8129679899150868,58.77150212057143
78.2499999999977,-1.765316670068172,-0.8727448086758232,-1.7379325658271225,-0.7054823750600795,-2.236228902025226,-1.235583178177703,-1.772444840715833,-0.9192518534630697,-1.7137151299516762,2.706109458036356e-05,-2.743819881737537e-05,8.148980646935975e-05,0.00013853753063086785,0.3483440214556321,-0.7231858558519263,1.7709858153132798,58.92764073817247
78.2999999999977,-1.7667725562541967,-0.8894777976524798,-1.7745263466806211,-0.7000441908917807,-2.2527915670453575,-1.2715099278865623,-1.7765518397982685,-0.9309299062946008,-1.7528336832088915,2.673215305185693e-05,-2.6118624275675787e-05,8.157827948062374e-05,0.00013848821184052362,0.3486708528328652,-0.7185349941772293,3.823562650547657,52.848290424350004
78.34999999999769,-1.7688539392460352,-0.9061436310114399,-1.8110377104568862,-0.6951846262792665,-2.269614850988187,-1.307672657620733,-1.779677875407926,-0.9421269532697016,-1.7905724599532036,2.6492029239127676e-05,-2.4753250309172463e-05,8.142925621976476e-05,0.00013842478615274737,0.35024087141976135,-0.7232545946834524,2.547176243203099,43.60000564509352
78.39999999999769,-1.7715646297722187,-0.9227392371043086,-1.8473491108881142,-0.6909980965241971,-2.286338215420871,-1.3433224167377884,-1.7837898717307452,-0.9555193858162919,-1.8363254923251235,2.6331815268635475e-05,-2.33608635606073e-05,8.104795559192174e-05,0.00013834258923672637,0.34480686026243923,-0.712995182341149,4.305228724657199,37.99599874247803
78.44999999999769,-1.7748684526467904,-0.9392293884582777,-1.8835069983752062,-0.6873468789289273,-2.3035529455345616,-1.3802679131671405,-1.788592135054459,-0.967431325024457,-1.8845125096237272,2.6294721629364696e-05,-2.1935329448561733e-05,8.043260077500882e-05,0.0001382542463918958,0.35197360716217707,-0.7389099285870845,2.5834295106776617,32.474556408082755
78.49999999999768,-1.778763741005142,-0.9555933566255327,-1.919535729142938,-0.6843630130594441,-2.3207341565219854,-1.4174143870750613,-1.7939505219609535,-0.9801247403376457,-1.9185277381314556,2.6376912672178114e-05,-2.0483592648519805e-05,7.95831257141423e-05,0.00013815178531677739,0.3487878648165672,-0.742929478158458,1.6399437614624328,29.48768102162915
78.54999999999768,-1.7832527477393736,-0.9718056290005099,-1.9555095389407444,-0.6819837781772924,-2.338122658976826,-1.452211024434695,-1.8004079037926792,-0.9930794831539137,-1.958740057326789,2.6530923001780443e-05,-1.909789766186335e-05,7.857139646604563e-05,0.00013803794279727217,0.3510281228492793,-0.6959327471927135,2.368857631750695,28.552578489866743
78.59999999999768,-1.7883230482163157,-0.9878257470420267,-1.9913749143337507,-0.6802282131555204,-2.355542747241495,-1.4885034664432006,-1.8049253408350703,-1.0083476576450539,-1.9992176719933434,2.6780482928505807e-05,-1.7749505110854363e-05,7.738366162052616e-05,0.00013791367066916843,0.350185740685775,-0.7258488401701548,2.7670774857101597,25.77113826405766
78.64999999999768,-1.7939878888785805,-1.0036783797701905,-2.0271118615666732,-0.6791038274787699,-2.3730030420710606,-1.5244733428847115,-1.8115884980965509,-1.0211370627742526,-2.038687614283968,2.7121552457574222e-05,-1.645737223900692e-05,7.604202269850632e-05,0.00013778297444680564,0.34994808022749824,-0.7193975288302584,2.034877894427893,24.12968166300152
78.69999999999767,-1.8002159912169386,-1.0193098152174862,-2.062704253053593,-0.6786056958989872,-2.390364078922435,-1.5597500470697654,-1.8179516281338368,-1.0331303294361764,-2.0641102052431597,2.7539681105253115e-05,-1.5232688200296266e-05,7.458242649690069e-05,0.0001376462634209247,0.34738164615726513,-0.7055340837011193,2.0758363584158928,19.86979566820328
78.74999999999767,-1.8070000300515,-1.0346941691720275,-2.098143485900638,-0.6787287514454521,-2.407668673212101,-1.596064664573022,-1.8258240246522206,-1.0432464615542316,-2.102434244821761,2.7971593436798146e-05,-1.4115788998938713e-05,7.308347563251617e-05,0.00013750722625021722,0.3461196546070949,-0.7262923500651762,1.286130736757561,17.612032537408766
78.79999999999767,-1.8143476877597942,-1.049837875285275,-2.133482789263031,-0.6794790026564045,-2.425276205261427,-1.6306958200001422,-1.8339727378485713,-1.054585656639397,-2.146698507214139,2.8474840928062253e-05,-1.307885077588177e-05,7.15227790691581e-05,0.00013737677450286232,0.3524877897095154,-0.6926231085424418,1.5775047654308214,17.005500520555774
78.84999999999766,-1.822189869228555,-1.0647032806537962,-2.1687153902281704,-0.6808079151009889,-2.442711227298464,-1.6630443769834107,-1.842908582515586,-1.0684549309006308,-2.174951799984973,2.9063209558391516e-05,-1.2107166332661267e-05,6.987825018302752e-05,0.0001372458578445044,0.34972713072119077,-0.6469711396654068,0.5604935696624367,17.151272743697845
78.89999999999766,-1.8305665043889303,-1.0792899364571578,-2.203779836892838,-0.682715840395535,-2.4599646545985188,-1.6988181196338221,-1.8501440833879006,-1.077732874392954,-2.209286055338704,2.9665739417402444e-05,-1.1230458229160138e-05,6.822510444459278e-05,0.0001371121105456418,0.3471904776769819,-0.71547485300827,2.3038815572900653,13.455755843587147
78.94999999999766,-1.8394588533187395,-1.0935772937635677,-2.2386135610213294,-0.6852622205006245,-2.4773081782215933,-1.7343319451077863,-1.857751764948786,-1.0883807471755458,-2.2451805287954083,3.0305022113357547e-05,-1.0440500709121743e-05,6.656448241855337e-05,0.00013698955273263393,0.3506075649375797,-0.7102765094793254,1.7677865625235765,11.065437215435317
78.99999999999766,-1.8488524910332884,-1.1075507747214197,-2.273372432037192,-0.6884200939295719,-2.494542449527064,-1.7697045624513867,-1.8678023623478204,-1.1012945281128703,-2.276737793239296,3.098406340011523e-05,-9.732295991013544e-06,6.489124154725644e-05,0.0001368710794872782,0.35044216849671717,-0.7074523468720508,1.0867946169623086,11.650765925827997
79.04999999999765,-1.8587164358041548,-1.12120610709044,-2.308060134432711,-0.6922034206782579,-2.511723110315411,-1.805386344643487,-1.8769669126085289,-1.114044113371525,-2.306671079679044,3.1678821154020754e-05,-9.108755876395002e-06,6.323680462919929e-05,0.00013675644318612617,0.3518644653731498,-0.7136356438420455,2.477177461920607,11.00423201081805
79.09999999999765,-1.8690408660577347,-1.1345090469586965,-2.3426256665091727,-0.6965914847682648,-2.5287869513846974,-1.8396103554973993,-1.8854246969324315,-1.1231924597792118,-2.35476390815599,3.23754354379412e-05,-8.566186056277656e-06,6.161640423615823e-05,0.00013664564773628802,0.352397548437507,-0.6844802170782859,2.2838190824656937,9.351748062567692
79.14999999999765,-1.879833050248473,-1.1474465029442595,-2.377029863112251,-0.7014968169504491,-2.5454702904829696,-1.8739161148392265,-1.8962413914611875,-1.135996267535475,-2.37625130866421,3.316461450331039e-05,-8.095279481033554e-06,5.993962190001269e-05,0.00013653727739069854,0.34780784703750367,-0.6861151868365816,1.1427174556153852,9.48141928674084
79.19999999999764,-1.8910748519477203,-1.1600007256092542,-2.4112824366151786,-0.7070941491556874,-2.5623426448311344,-1.9083186760168027,-1.9084535239128944,-1.1454754942788108,-2.4209647234550538,3.390653365570141e-05,-7.70542827978144e-06,5.8364855290586136e-05,0.00013643855778559021,0.3555489490925415,-0.6880512235515648,2.513029434975113,10.92210052889598
79.24999999999764,-1.9027455173561922,-1.1721393313386983,-2.445415241038732,-0.7131520079452699,-2.578694894530305,-1.942843382253797,-1.9211969173279535,-1.154324899575554,-2.444141672852014,3.47130478988695e-05,-7.388744746798017e-06,5.6764104044771084e-05,0.00013633908718540727,0.34878298734331664,-0.6904941247399221,1.5453138178929726,14.018330271266048
79.29999999999764,-1.9148444886167635,-1.183866627755313,-2.479486915165322,-0.7198494548248656,-2.5950274051758306,-1.9770608828079177,-1.9323903209518853,-1.1645029306747572,-2.4755061082991547,3.5471745364843834e-05,-7.134802376331261e-06,5.526192663195465e-05,0.00013624787142005887,0.35306492539918827,-0.6843500110824524,0.640723272417325,14.539296021967107
79.34999999999764,-1.9273362155742635,-1.1951706754114473,-2.5134378102477513,-0.7270779842871781,-2.6110975762922397,-2.0099241918447364,-1.943195922803246,-1.1757932674113047,-2.5073252236442545,3.622739370176223e-05,-6.943260477983993e-06,5.380310490916441e-05,0.00013616220194011513,0.35243721966625524,-0.6572661807364103,3.755081817364321,13.59143319051918
79.39999999999763,-1.9402114244927329,-1.2060373886738485,-2.5472602315920443,-0.7348663397801257,-2.6269564264076317,-2.044680586798624,-1.9572713551513794,-1.185000471456602,-2.5443079210915034,3.699111275179658e-05,-6.818346985535936e-06,5.238132096760307e-05,0.00013608129776451053,0.3533797020857712,-0.6951278990777908,0.8843553656708556,15.18779027832389
79.44999999999763,-1.9534636780765076,-1.2164650201902174,-2.5808562691526573,-0.7431016865990001,-2.642351439462675,-2.079320571808643,-1.9680992515763367,-1.1913358730416912,-2.5695925575558998,3.777428248485412e-05,-6.7599936761572915e-06,5.097898128511986e-05,0.00013599961992938038,0.3492035778411675,-0.6927997002004271,1.4433628261912654,19.10383267796302
79.49999999999763,-1.9670529298826716,-1.226448383795817,-2.6143056649715466,-0.7518220001030631,-2.657394734467407,-2.112962321463701,-1.9797919600453981,-1.199482958070217,-2.6156475488161175,3.851739817580063e-05,-6.741328034510866e-06,4.965500257221018e-05,0.00013592439921120437,0.3477775778471117,-0.6728349931011919,2.2452053190233334,17.338398437125537
79.54999999999762,-1.9809648018417114,-1.2359618070653466,-2.647612996785999,-0.7611718988710194,-2.6723297457106585,-2.1473224864266474,-1.994960263036461,-1.2077756614581312,-2.6544540023464345,3.9324486828238094e-05,-6.8219758819306336e-06,4.8322144615229394e-05,0.0001358581984388739,0.3524234474231159,-0.6872032992589643,0.8384173498851046,19.133429217411464
79.59999999999762,-1.9952001774840653,-1.2450015148315434,-2.680778660143288,-0.7709407531725738,-2.6868094798610938,-2.181298178761608,-2.009570019419994,-1.2158593134558893,-2.694591503980319,4.014413196364382e-05,-6.973346629667873e-06,4.7018590935274106e-05,0.0001357917187839384,0.34935515783407706,-0.6795138466992571,2.398956709650667,20.73606192974326
79.64999999999762,-2.009736912119772,-1.2535620362279505,-2.7138840317381994,-0.7812036272269218,-2.7009524798101885,-2.215763274886926,-2.0260368132507285,-1.2262520802454366,-2.7251234067225036,4.0977891286582717e-05,-7.204339804278507e-06,4.575017662931411e-05,0.00013572783953952867,0.34950322399892086,-0.6893019225063989,3.3258192159181474,19.92467863184414
79.69999999999762,-2.024550678494436,-1.2616241974455948,-2.7468478350985386,-0.7918919541318022,-2.7146809318588803,-2.248881343183803,-2.042901392114955,-1.2343690998063659,-2.759028593432697,4.178025555340262e-05,-7.4762116594018e-06,4.4556557087159496e-05,0.0001356654483346369,0.3479875843298973,-0.6623613659375748,0.6606569312799311,21.37780610620502
79.74999999999761,-2.039626425891881,-1.269203911275219,-2.779605393992715,-0.802892460810357,-2.727910167695534,-2.2800574677532945,-2.056344833032584,-1.2421078062671973,-2.790372218642922,4.2562583344978174e-05,-7.796246367605686e-06,4.341983960307196e-05,0.00013560419154746032,0.34412079616726776,-0.6235224913898645,2.6650646296828997,20.325473144843343
79.79999999999761,-2.054937763484554,-1.2762836072261146,-2.8122324473090314,-0.8145181601449705,-2.7410209132192898,-2.312405959393597,-2.074212711277043,-1.2486990522814039,-2.8302537820233677,4.332441010994125e-05,-8.16760899439413e-06,4.2355397026659965e-05,0.0001355558365592983,0.3504712883407324,-0.646969832806083,0.8609468811293962,23.043297018028472
79.8499999999976,-2.0704731171719812,-1.2828488374166611,-2.8447304758830096,-0.8265707578806832,-2.753757014047564,-2.3448506426711195,-2.087249783133926,-1.2538369076725981,-2.8634661228750664,4.408690838543686e-05,-8.616383523354988e-06,4.1333763827318824e-05,0.00013551020274593377,0.3507137578817688,-0.6488936655504904,2.599091133346823,23.580693364301858
79.8999999999976,-2.0862133007321617,-1.2888832685153708,-2.8771531997927897,-0.8389949003918488,-2.7660546507601413,-2.377772608738572,-2.1045962394087807,-1.2598970364884068,-2.8921213957174823,4.482582024494343e-05,-9.111289573736095e-06,4.037672525348566e-05,0.00013547014308426286,0.3496391218085952,-0.6584393213490883,2.289667898421822,24.213924070779537
79.9499999999976,-2.1021618449494226,-1.29441377441248,-2.9094917559306372,-0.8516340265280397,-2.7777636718267384,-2.410979721708292,-2.1197505674615904,-1.2639874495388403,-2.9150106871117485,4.5527395869140345e-05,-9.62778545559231e-06,3.948828210424559e-05,0.00013542714660303183,0.34460177803053527,-0.6641422593944292,3.3036164126647103,26.086300108987196
79.9999999999976,-2.118272115040633,-1.299437766669577,-2.941621738385054,-0.8648837761846273,-2.789265350517367,-2.4424252201520824,-2.135774196619149,-1.2706445712233159,-2.9434329886075057,4.6180196734043026e-05,-1.0141843712916955e-05,3.868910957429298e-05,0.00013539542487845155,0.3509244059913543,-0.6289099688758423,3.366807857556778,24.313815088922635
80.0499999999976,-2.1345461582781273,-1.303937292342943,-2.973483784427107,-0.8786097165503161,-2.800427101603713,-2.475300077056164,-2.1491095561880327,-1.2733034878895846,-2.996501007598155,4.6805549184579435e-05,-1.0691114827820961e-05,3.7953420626401244e-05,0.00013536925896899055,0.3538442121807081,-0.6574971380816658,3.3550876379186954,26.65099381366391
80.09999999999759,-2.150957609854736,-1.3079061605519366,-3.005228119890876,-0.8924851749906018,-2.810981937608923,-2.507277771311904,-2.1684930908902906,-1.277480475121584,-3.02104455158708,4.743896877301243e-05,-1.1383452377500134e-05,3.724506024233632e-05,0.00013533906895136924,0.3486882910641656,-0.6395538851148319,1.442480826859152,26.560011831136123
80.14999999999759,-2.167498060726401,-1.3113555815142508,-3.0368252404155984,-0.9068011207509215,-2.8211680788279,-2.539070542198407,-2.182529339460284,-1.2803693997354575,-3.0414554866533985,4.8034272232204845e-05,-1.206865757237397e-05,3.661776253269695e-05,0.00013531228160224367,0.35141416015884624,-0.6358554177301053,2.4474183260714657,27.07041592716391
80.19999999999759,-2.184122182152086,-1.314263611372865,-3.068417479388624,-0.9214808725387634,-2.8309270829827824,-2.570705360787214,-2.197820818897441,-1.282258946124656,-3.077963016953629,4.858808740158259e-05,-1.2731527122687815e-05,3.606444039013553e-05,0.0001352931811528715,0.3525672645660749,-0.6326963717761744,0.7882574370563165,28.556881765511047
80.24999999999758,-2.200847632774346,-1.316636976778938,-3.099885891279189,-0.9364003043254495,-2.8401800699227295,-2.6022039069151313,-2.218130629877045,-1.2842605201890949,-3.1343763714339574,4.9113013836437844e-05,-1.3458619059246294e-05,3.556946055032656e-05,0.00013527392589034813,0.35113114128145834,-0.6299709225583786,3.802373030964114,33.97911894295037
80.29999999999758,-2.2176372460249616,-1.3184923530952677,-3.13114218931953,-0.9516778615412502,-2.8490084863261194,-2.633006939180364,-2.2335820706890757,-1.2853095381439354,3.1203385827097563,4.96156971477046e-05,-1.434585405781989e-05,3.5147054796213805e-05,0.00013525165429489655,0.3529131958563225,-0.6160606453046907,3.049917467972869,34.44310766485028
80.34999999999758,-2.23449103495311,-1.3198200148593828,3.1210282451344327,-0.9669516504341292,-2.8572121364763743,-2.6643978658454923,-2.2513834195322575,-1.2871236317146344,3.1093804912071628,5.009065722073092e-05,-1.5231977130639848e-05,3.479381255487451e-05,0.0001352302920887212,0.34676400460864837,-0.6278185333026025,3.055062489679557,30.87901083941536
80.39999999999758,-2.2513547868748285,-1.3206128820639076,3.0901059223192107,-0.9825493625252769,-2.8649731227651842,-2.6953806420641637,-2.2736808824039154,-1.2846233208538709,3.067169664249138,5.0533718722279166e-05,-1.6031782271443826e-05,3.4503765527228574e-05,0.0001352170105302467,0.34845132333343015,-0.6196555243734677,3.5808418984853896,38.96281704854815
80.44999999999757,-2.2682604588094213,-1.3208689335290502,3.0593718599098234,-0.9984919220016294,-2.872295007791181,-2.7267381575054626,-2.2882234490360287,-1.2836266237166454,3.0394677456703736,5.0923743687195424e-05,-1.6918327354476242e-05,3.429601918494624e-05,0.0001352046391760737,0.35088483790803454,-0.6271503088260156,2.7090200918596925,40.80012059402856
80.49999999999757,-2.285166901644497,-1.3205960474952494,3.0287497471275566,-1.0145316018209871,-2.879057274204013,-2.758479185569816,-2.3055113563841663,-1.282697505887021,3.009981437403196,5.128281892442348e-05,-1.7810261112275486e-05,3.415300582978305e-05,0.00013519622689614477,0.34815227483752714,-0.6348205612871036,2.9180616433195725,42.24359912313562
80.54999999999757,-2.302058568631137,-1.3198089356717164,2.9982423751853338,-1.030949550003093,-2.8853858764049227,-2.7888724870313797,-2.3248529782819984,-1.280758505658053,2.974987710614049,5.1606404722025825e-05,-1.8715678340741752e-05,3.408321834249612e-05,0.00013519241198455166,0.35192275417634883,-0.6078660292313084,1.5924058211827987,45.37662032623055
80.59999999999756,-2.318939727534956,-1.318512921893299,2.967875067159534,-1.0473182340332325,-2.891134761390928,-2.8188038004483813,-2.3403859919036707,-1.2776015518232327,2.960524858680291,5.188212600700432e-05,-1.9659817953152817e-05,3.40888926304461e-05,0.00013518460350806457,0.3469904707511904,-0.5986262683400642,2.2084581659416456,49.66481493192542
80.64999999999756,-2.335742353775128,-1.3167074632742657,2.9376520318315924,-1.063730354623752,-2.8963660655233587,-2.8472507797355786,-2.3557206922070346,-1.2756910340281902,2.9230470030944513,5.215118194465144e-05,-2.053790676428601e-05,3.412581487605939e-05,0.00013518237954504635,0.34452532904027017,-0.5689395857439824,2.4947452475564478,49.856337814176264
80.69999999999756,-2.3524853969723685,-1.314390355541446,2.9075831043303784,-1.0804869200779437,-2.9011861799685765,-2.875748053252951,-2.3735042699750526,-1.2716060743916016,2.8990169967392845,5.236033443771253e-05,-2.1478362446161134e-05,3.425834998229159e-05,0.00013518331506209621,0.3487328857829615,-0.5699454703474867,2.0165521518654614,54.68978643676946
80.74999999999756,-2.3691788859163454,-1.3115517406307522,2.877674446215734,-1.097369599911896,-2.90550958343323,-2.90604204412239,-2.3957720826787336,-1.2674238264147284,2.868075918142983,5.2534544440187665e-05,-2.241039607085575e-05,3.445133520330152e-05,0.00013518594112855748,0.3485627199510649,-0.6058798173888074,2.309888027541657,56.99250271228394
80.79999999999755,-2.385763063301191,-1.308220595356214,2.8479160963731864,-1.114264443017874,-2.90929725865148,-2.936054292034322,-2.408337230420059,-1.2645061565287508,2.8447770990017887,5.266284931258993e-05,-2.3361535549828174e-05,3.4716940755342135e-05,0.00013518503051477388,0.34629739252605446,-0.6002449582386759,2.896645546842314,57.60537994806345
80.84999999999755,-2.402239637357896,-1.3043885720834876,2.818324528461946,-1.131394766383,-2.9126152037880466,-2.9644921645475133,-2.4193043114470925,-1.2613344705769982,2.811852303614182,5.2776400579159786e-05,-2.429917098291733e-05,3.5036564286590024e-05,0.00013519186579675737,0.3489855340952181,-0.5687574502638605,4.045784974571069,58.140753540597984
80.89999999999755,-2.418606223488309,-1.3000606806871262,2.788899182035102,-1.1483981607953073,-2.915412637531964,-2.992570491537995,-2.43649822818982,-1.256441291696343,2.7826807568345835,5.283988544613042e-05,-2.526833250636626e-05,3.544035613641249e-05,0.00013519947959177563,0.34465087651228876,-0.5615665398096669,1.9211385796116807,59.447080528336
80.94999999999754,-2.434845067048238,-1.295242216626756,2.7596335132666017,-1.1656683271476422,-2.9177497803589563,-3.021592474918393,-2.454362222353876,-1.2506202508234838,2.7549106253089226,5.285617768510531e-05,-2.6249345551482463e-05,3.592761593201284e-05,0.00013520850390623472,0.34856402647677726,-0.5804396676079927,3.460544934783469,61.57721523003632
80.99999999999754,-2.4509152129697798,-1.2899537482173338,2.7305345972940507,-1.1830782329593903,-2.919585181950203,-3.0515231097638162,-2.468213134585133,-1.245606196557962,2.7371798704017607,5.2835629764461e-05,-2.72348621957619e-05,3.649019048150483e-05,0.00013521982029957505,0.3501407715441876,-0.5986126969084956,1.9869027961041639,65.7042047273247
81.04999999999754,-2.4668471811949266,-1.2841667959001406,2.701640897270563,-1.2006803431058113,-2.9209197466835253,-3.080314854908074,-2.4841729712857203,-1.2385394895125197,2.700351800603203,5.2817680410940866e-05,-2.8184841434790083e-05,3.7085706866534e-05,0.00013523812378726582,0.353064794072491,-0.5758349028851925,2.5712419111152105,67.6540547574118
81.09999999999754,-2.4825950185727867,-1.2779201682104149,2.6729259310155213,-1.2182277824503718,-2.9217494498937073,-3.1083739627141234,-2.4999490888664817,-1.232049477611381,2.6624304835417245,5.27185306034954e-05,-2.916762294816919e-05,3.7792468367059925e-05,0.00013525378458278587,0.3513524059474542,-0.561182156121018,3.9824902693314708,66.81454169222545
81.14999999999753,-2.4981407731742262,-1.2712067272127856,2.644362443868534,-1.2356179300690042,-2.922078735927043,-3.136945456869285,-2.5133098507643195,-1.224298807170744,2.6262692323540904,5.254107433686826e-05,-3.0182074924744418e-05,3.8620132720657245e-05,0.0001352652164905398,0.34787713026367945,-0.5714298831032637,0.7236039402766917,72.92526174395498
81.19999999999753,-2.513486799353424,-1.2640619307134968,2.6157997716996677,-1.2530634955038775,-2.9219162811397634,3.1183218023517902,-2.5264612924652017,-1.216872830885961,2.6027987045411587,5.2299384378738394e-05,-3.121394288277569e-05,3.956637264950804e-05,0.00013527920281298128,0.3489377682125864,-0.5583609591702416,1.7765218454266325,77.73484077214535
81.24999999999753,-2.528619060599419,-1.2564711411494192,2.5874575049715385,-1.2702036355805428,-2.9212769023230054,3.0902920610763154,-2.5441837236416824,-1.2072540436289072,2.568161735584945,5.205411293501819e-05,-3.222565247846512e-05,4.0563148764266427e-05,0.00013529630497465097,0.34305245625247455,-0.5605948255095328,2.742585865160962,80.66092090325282
81.29999999999752,-2.5435361593919876,-1.2484448786809668,2.5592152098936776,-1.2874580813219674,-2.9201537685444316,3.0628917882249223,-2.5572529480532182,-1.1995705654404751,2.5432975204363286,5.1737925424416504e-05,-3.323774001435599e-05,4.167493869790741e-05,0.00013531400960642878,0.3458300353765058,-0.5480054570279016,1.5377879122892448,82.67901546778705
81.34999999999752,-2.5582305709998607,-1.2399849933441902,2.5312166328440515,-1.305034576643817,-2.918525564538927,3.0355501511030845,-2.57029017201252,-1.1910621617591806,2.5245174939818105,5.140488538637905e-05,-3.423070056935408e-05,4.285950393040003e-05,0.00013533936390896896,0.3530459729839088,-0.5468327424367762,3.540830020394778,87.35829408142686
81.39999999999752,-2.57267095045316,-1.231115080351569,2.503364159179584,-1.3226147369317356,-2.9163895249303993,3.0058147971788767,-2.581333898990658,-1.183640229212684,2.4930927500024644,5.107776224699553e-05,-3.5195621025496196e-05,4.4084216166958025e-05,0.0001353708849373728,0.3542020952310185,-0.5947070784841809,3.1243791680892183,88.92581665323968
81.44999999999752,-2.586865980166813,-1.2218286017945201,2.4756840847073214,-1.3400561292130881,-2.913760067988015,2.978105053191424,-2.5919767278290196,-1.175304989128445,2.4665163785745614,5.069905294619063e-05,-3.615078929694043e-05,4.540654614831732e-05,0.00013540318836985683,0.3527810178089358,-0.5541948797490834,2.4571448990075817,94.95491604768809
81.49999999999751,-2.6008013702357067,-1.212163697328632,2.448133867124838,-1.3572211248652477,-2.9106876081667337,2.9508403480963805,-2.603594282607765,-1.1659803566862832,2.4433984507355886,5.029172256203356e-05,-3.708773116298532e-05,4.680169415727124e-05,0.0001354364612153585,0.34876692644748786,-0.5452941019009021,2.9583635391969936,101.90728933836787
81.54999999999751,-2.6144739846478107,-1.202112827276237,2.4206950892648282,-1.3741712951464755,-2.9071835426142956,2.9246333230255965,-2.617131232773604,-1.1553393010060418,2.4204791439324804,4.986713249922353e-05,-3.799587715229468e-05,4.824667017186915e-05,0.00013547028774739956,0.34618139470472936,-0.524140501415711,0.6139867564950344,106.87126545906673
81.59999999999751,-2.627851241945997,-1.1916950892880442,2.393403809473994,-1.3911281049148025,-2.9032129231587374,2.8985189982056525,-2.633117246365495,-1.1419690839516794,2.385275381749441,4.9413931793767195e-05,-3.887193866855585e-05,4.974909248304057e-05,0.000135505855754861,0.34831965400234816,-0.5222864963988987,1.7471342637977427,110.20087594379743
81.6499999999975,-2.6409491492603014,-1.1808971513113444,2.3662871810558994,-1.4082495771401364,-2.898718968854177,2.8712968751872765,-2.6462111761211697,-1.129895200448221,2.3535242717001577,4.885325930553578e-05,-3.971294993467274e-05,5.138380547840324e-05,0.00013553876892572665,0.35403942554000933,-0.5444424603675395,1.750344249177985,115.4646363197728
81.6999999999975,-2.6537359554643616,-1.1697558486241315,2.3393522628092134,-1.4251984304337564,-2.8937860918542255,2.845446479282977,-2.662956609614034,-1.11458442499185,2.316213188087387,4.82286683491647e-05,-4.051950499672167e-05,5.312088613853162e-05,0.0001355718203284106,0.3530519825267031,-0.5170079180860124,4.6377036345043585,119.65143511054758
81.7499999999975,-2.6662311109571895,-1.1582286916518,2.312622938277983,-1.4420493044237426,-2.888407090128713,2.8197628158882164,-2.6753673942445957,-1.1013340729105818,2.2908442051615694,4.750263940751771e-05,-4.1275895987806694e-05,5.498888528975437e-05,0.00013560089280462956,0.35378118319348767,-0.5136732678952343,0.6612518779690789,127.11018031431998
81.7999999999975,-2.6783927444148357,-1.1463931227837327,2.286040785420054,-1.4584230362530237,-2.882710011623227,2.7937453406102133,-2.6899040373735863,-1.0867959595148706,2.2820375196252947,4.675958806568089e-05,-4.199455706192044e-05,5.6916171412646665e-05,0.0001356322403627878,0.34674068245089273,-0.5203495055600839,2.0907843052972703,132.3545154199195
81.8499999999975,-2.690237879707372,-1.1342244288129337,2.2595845113122444,-1.4749172744418828,-2.876478955383004,2.767043110067842,-2.7013907491530764,-1.075065185337036,2.255590291051754,4.607436821868249e-05,-4.2681103110415476e-05,5.8816442996525273e-05,0.0001356705862912649,0.352649643698431,-0.5340446108474654,3.6488196600195355,129.49842541412198
81.89999999999749,-2.701734604271654,-1.121757320772876,2.2332593971574206,-1.4910199853176866,-2.8699000459512014,2.740416026153235,-2.7129770675320075,-1.062598853220555,2.223170217365954,4.535186563910528e-05,-4.332195894445455e-05,6.078136419103383e-05,0.0001357098837060265,0.34790643853317604,-0.5325416782921748,4.763996699954194,125.14218905093881
81.94999999999749,-2.7129153500532075,-1.1089610954351459,2.207135200470025,-1.5068817441512052,-2.8629177025046832,2.7134207308191822,-2.7231002002925617,-1.0490390228181916,2.200050682067646,4.4555120895016494e-05,-4.390000785937622e-05,6.28443824601984e-05,0.00013574651474306283,0.34662184222957726,-0.5399059066810927,1.5268294650138756,131.6924853930627
81.99999999999748,-2.723740268869148,-1.0958833537350663,2.181205822085836,-1.52266762963096,-2.8554655457603078,2.6876427749618763,-2.731945688856543,-1.0362422183118722,2.1813505760351486,4.374079447673764e-05,-4.442712695217394e-05,6.494935710850166e-05,0.00013578543500660813,0.3491393392433484,-0.5155591171461409,1.3542498109886472,139.0749642094594
82.04999999999748,-2.734246872846411,-1.0825203271293071,2.1553464153483857,-1.5381811910739367,-2.847640384613909,2.661207301594735,-2.743021094686884,-1.022385904091165,2.1490027628523443,4.293097747168928e-05,-4.4913139046801486e-05,6.707522658595062e-05,0.00013582834548833063,0.3475176645577132,-0.5287094673428552,4.188267593135883,133.6267987430493
82.09999999999748,-2.7444025514823718,-1.0688930025200554,2.1296216955955716,-1.5536052640022384,-2.83935000193479,2.6355923778364723,-2.7537862253013476,-1.007126429622166,2.119215937666878,4.2046390926974044e-05,-4.531573594045523e-05,6.928540578883714e-05,0.00013586783159592671,0.3502280611062584,-0.5122984751652846,1.509685474571286,134.24090091657226
82.14999999999748,-2.754191243692694,-1.0550105108864305,2.104107487873346,-1.5688390732529087,-2.83065010324246,2.609809002691704,-2.7647486492133564,-0.9905818331194188,2.085891985226686,4.110529123496157e-05,-4.5635294075804106e-05,7.155928912493593e-05,0.00013590493301804084,0.350869908317437,-0.5156675028953923,1.5469762277804122,136.0975525209978
82.19999999999747,-2.763617960224548,-1.040860317249143,2.078862449923581,-1.583734488442587,-2.8216387159729837,2.585233893234334,-2.7742302495632254,-0.9751859311466495,2.0636859402564927,4.01005502588811e-05,-4.585816908716439e-05,7.389704355301372e-05,0.00013593871648969613,0.3481917563576771,-0.49150218914742855,1.7069844654574302,137.27936070292907
82.24999999999747,-2.7726772398627757,-1.026459507992443,2.0537739381138995,-1.5985370460375663,-2.81217424059387,2.560203417106491,-2.7836309457610793,-0.962041487079888,2.0582497394813277,3.908576670436991e-05,-4.6013355059473e-05,7.625012776655036e-05,0.00013597294382899192,0.3514018343668005,-0.5006095225568911,5.804397666844298,129.89728340772834
82.29999999999747,-2.781367776332495,-1.0118260947326745,2.028808961708836,-1.6129272384358975,-2.802442123589207,2.5336946088680827,-2.791847455201337,-0.9485906323106154,2.0424265623709994,3.814372347445046e-05,-4.6162468896174624e-05,7.853394948260134e-05,0.00013601194517739277,0.3474532556307678,-0.5301761647681965,3.4752336481176407,126.60103508300692
82.34999999999746,-2.789675561827233,-0.9969933990035574,2.004018599059552,-1.6272905570552847,-2.7921740854180728,2.508205938174042,-2.798163273185714,-0.9361621832026424,2.012364156209303,3.7212453941920656e-05,-4.625812417579405e-05,8.078996721140384e-05,0.00013605209324763366,0.353131367887303,-0.5097734138808473,2.3778773695852227,118.31863284945166
82.39999999999746,-2.7976240025121912,-0.9819527951213491,1.9793883216049968,-1.6412369560146607,-2.78166463163769,2.483427640499137,-2.8084068847081407,-0.9184300634764269,1.9813383672024223,3.6233434101872325e-05,-4.625333968608943e-05,8.307525271171524e-05,0.00013609010221520178,0.3492656671189237,-0.49556595349813065,3.426144161126277,111.25531246892314
82.44999999999746,-2.805192614702631,-0.9667213465514616,1.9548837448633543,-1.655035524853714,-2.7707217761458196,2.4587890287464775,-2.8161752711133805,-0.9018789298090567,1.9520242290999583,3.519643018214873e-05,-4.6123218748493974e-05,8.537328173999173e-05,0.00013612053576079236,0.35222849324155825,-0.49277223505321666,1.4485026163786072,108.8427506286095
82.49999999999746,-2.8123667397698,-0.9513063188899114,1.9305921154079178,-1.6686065897568039,-2.7594216680162087,2.435712547788067,-2.820939597710807,-0.8904823465653869,1.9213795919051115,3.412543075608678e-05,-4.588098608108231e-05,8.766308132134326e-05,0.00013614626872956133,0.35320254042180554,-0.4615296191682385,5.058570355210177,97.0218238932914
82.54999999999745,-2.81916749899968,-0.9357049091452879,1.9064985514307737,-1.681892981599211,-2.747815950706555,2.411508525107922,-2.8264364308199146,-0.8748202003303794,1.8922023732149906,3.302291235218161e-05,-4.5518260786913555e-05,8.994406748729087e-05,0.00013616697514267395,0.35283768311961994,-0.48408045360292445,0.846736347569316,97.19048368486449
82.59999999999745,-2.8255739331242613,-0.919956253971332,1.8825237843018008,-1.694649722742529,-2.7361080091956085,2.3865678805992587,-2.8324110877381403,-0.8579687732807105,1.8625875764248399,3.1902387298982064e-05,-4.503993029181995e-05,9.21848314383119e-05,0.0001361859705940751,0.34630961902156615,-0.49881289017330693,2.0579648858438886,97.27677178120173
82.64999999999745,-2.831613891666766,-0.9040211603945296,1.8586930123631078,-1.7072884480321242,-2.7239293906428994,2.362896302877206,-2.8361272712322334,-0.8441970086006285,1.836305539514096,3.076460771191879e-05,-4.443515551841976e-05,9.437011188187057e-05,0.00013619919013485945,0.35103875112263877,-0.4734315544410805,2.13953818931963,94.78912805080748
82.69999999999744,-2.8372639133367774,-0.8879673956905154,1.8350580535249401,-1.7196712496113535,-2.711421538306715,2.339444753071536,-2.840631250612432,-0.8293196810287906,1.8309082157481296,2.963081917256836e-05,-4.372582801751645e-05,9.648048417901962e-05,0.00013620839814141008,0.352019512539264,-0.4690309961134152,3.9207685830086945,92.66957198145344
82.74999999999744,-2.842527149189109,-0.8717794145133075,1.8116540490525541,-1.7316306968076758,-2.6987640425440147,2.3162465650165664,-2.8463429474567103,-0.812409844836799,1.8048209303861729,2.856466159662671e-05,-4.302866254691914e-05,9.845989490900732e-05,0.00013622157704783907,0.34828389329196924,-0.46396376109942244,2.238721737210582,87.38569976529328
82.79999999999744,-2.8474111881761717,-0.8554443883799385,1.788410661040824,-1.7435796115674085,-2.685521991978658,2.2935658185616976,-2.8483451122920194,-0.7983763953040195,1.7714133393870615,2.7494705336710548e-05,-4.2209080703803465e-05,0.00010033266630436161,0.00013622588000582433,0.3567307696286701,-0.45361492909740425,1.3586115032719581,87.20673035541708
82.84999999999744,-2.851900394598468,-0.8390124443224776,1.7652990562559576,-1.7549637749596714,-2.6723000061243125,2.2697208876359927,-2.8508971025780427,-0.7848136714837762,1.7472835365909303,2.6423503400175956e-05,-4.124711321298148e-05,0.00010209943555305911,0.00013622520172154752,0.3489610353228237,-0.4768986185141212,3.5948499246017027,82.50440493786992
82.89999999999743,-2.8560034762498714,-0.8224438262296184,1.742308604208955,-1.7661643717800253,-2.6586628940816435,2.247098973171406,-2.8529747801874774,-0.7711178567474097,1.730246360364685,2.5374410041675833e-05,-4.0190803524126366e-05,0.00010372412909397389,0.00013621622891149326,0.352951824081918,-0.45243828929176805,1.8979749675989914,79.26294593619198
82.94999999999743,-2.859720983033322,-0.8058228093533796,1.7194973110382252,-1.777048701127999,-2.644789547156098,2.2249911483759837,-2.8548636212095477,-0.7585953001288565,1.7154034849658144,2.4366581041824454e-05,-3.9089242201251464e-05,0.00010519570249757216,0.00013620418640162058,0.3526760808422758,-0.4421564959084688,3.05592716669564,73.47317791445622
82.99999999999743,-2.8630594191650816,-0.7891001985143345,1.6968411950955238,-1.7876855070598652,-2.630563162139194,2.2006328326724436,-2.85670946535519,-0.743554445954564,1.6924414290033178,2.3399313414479954e-05,-3.794445187892091e-05,0.0001065046286624499,0.0001361865112969305,0.3552730063937916,-0.4871663140708198,1.0628311071099026,72.1719781128451
83.04999999999742,-2.8660122171361366,-0.772311854075028,1.674320018703427,-1.7978712625318107,-2.6162685350204393,2.179169291876165,-2.8596501964454006,-0.7237087824582866,1.6723046829651107,2.246764297399253e-05,-3.673388958272348e-05,0.00010765414459918435,0.0001361667972333805,0.351054301659292,-0.4292708159256013,2.061262663648082,76.66361999859569
83.09999999999742,-2.868586214699263,-0.7554485415142768,1.651960014043111,-1.8076895392991705,-2.601835231178933,2.1571206097965483,-2.860415006270364,-0.7080455959541718,1.6476922059454928,2.1572062503540822e-05,-3.5461984063202397e-05,0.00010863403312350999,0.00013614421331451857,0.34913101468663393,-0.44097364159236807,1.7749711232749326,77.79261515442084
83.14999999999742,-2.8707805451247674,-0.7385276752063075,1.629774981146364,-1.8172327788664342,-2.587117324700226,2.1349855344956543,-2.8609325907231935,-0.6958915833757444,1.6210215940051143,2.071331624747346e-05,-3.411038167899824e-05,0.00010944472581477611,0.00013611396892031815,0.35082916406278697,-0.4427015060179056,4.091830041618183,70.0278589928412
83.19999999999742,-2.872587717744664,-0.7215860124691487,1.607814195628201,-1.8264380314262911,-2.5721955441478177,2.112114476445308,-2.863247309213227,-0.6825060650317097,1.6113145372186288,1.989743663653783e-05,-3.267613112434084e-05,0.00011007585100969065,0.00013607346719878485,0.35066200788333657,-0.4574211610069435,6.022289950820505,59.14389140765848
83.24999999999741,-2.8740060232951032,-0.7045683361166359,1.5860292631049386,-1.835356703038685,-2.5569724176632773,2.0893982523844166,-2.863074521669537,-0.6717250983961199,1.5848468730834746,1.9132085870255967e-05,-3.1263640098804245e-05,0.00011052682837896512,0.00013602631966529245,0.3528737279230422,-0.4543244812178635,3.068922073473724,50.40983657560097
83.29999999999741,-2.87505397958101,-0.6875210854778435,1.5644038179421418,-1.843990275224288,-2.5414494666110827,2.0673471959617657,-2.8632945878657448,-0.6573041878457556,1.560001728221347,1.8414371204179598e-05,-2.978048382216895e-05,0.00011079193969326422,0.00013597061755094662,0.35525391633934794,-0.4410211284530537,1.201578539648004,46.576358202711326
83.34999999999741,-2.87572720244379,-0.6704881825334126,1.5429561452077787,-1.8520251263733343,-2.5262282994177254,2.0456394097962223,-2.864055220755069,-0.6423438286634926,1.5430933716969433,1.7751899330924997e-05,-2.825934981522937e-05,0.00011087956621644058,0.0001359166213325117,0.34424084426238266,-0.4341557233108935,3.068896084699096,41.64431554674536
83.3999999999974,-2.876013126221859,-0.653426447403717,1.5216634908326374,-1.8598687770169033,-2.510581780107586,2.0253325400861524,-2.863863286817832,-0.6272279361172727,1.5239226111720923,1.7137536575760656e-05,-2.6737452966330797e-05,0.00011080163757178536,0.0001358560723592314,0.35005539511755623,-0.4061373942014196,1.410845217797236,39.21735813831364
83.4499999999974,-2.875934838006386,-0.6363544647492705,1.500532270328471,-1.8673677950424712,-2.49485873666528,2.0063273585793198,-2.8646419386807573,-0.6108437823499706,1.4918649218577782,1.657471087098845e-05,-2.5214739986885206e-05,0.0001105669925369504,0.00013579247822497552,0.34840120570949085,-0.3801036301366822,7.661926807977334,32.93442266047688
83.4999999999974,-2.8755005142245222,-0.6192772968471629,1.4795668874034977,-1.874661023546064,-2.4787212327017807,1.984202042205606,-2.8631656819791895,-0.5926571767933295,1.4710007864753987,1.6076020166702967e-05,-2.3602970000316867e-05,0.00011014432779566178,0.0001357174730831554,0.3541880912443952,-0.4425063274743125,1.4631826162066361,35.97297828327694
83.5499999999974,-2.8746915976462395,-0.6022208538721973,1.4588137684173565,-1.8816634626289512,-2.4623004789265344,1.9635672284256387,-2.8617276622417287,-0.5775021602710054,1.4651077237818697,1.5631632942379542e-05,-2.1995759657181308e-05,0.00010956773799725054,0.00013563879839691866,0.3570359172079516,-0.41269627559935834,1.3778502967235484,35.97050443013635
83.5999999999974,-2.8735249519443293,-0.5851717255323767,1.4382000328086308,-1.8882076436046236,-2.4460627987451367,1.9442471821783425,-2.859799545080686,-0.5655369545248075,1.434057643099731,1.5222237194016657e-05,-2.0489776246379424e-05,0.0001088801594708021,0.0001355649478922156,0.3501417404008476,-0.386400924945939,2.122525761722714,30.329065394047447
83.64999999999739,-2.8720015239758467,-0.5681543749359429,1.4177391921455547,-1.8944159842381376,-2.4297316114253924,1.9239058802259805,-2.8578967798786894,-0.5490780404883262,1.4080496246704284,1.4884439460990312e-05,-1.8934157330392867e-05,0.00010802456428985426,0.00013548581290670887,0.34943479974978015,-0.406826039047254,0.9448391982454455,29.736189024468764
83.69999999999739,-2.8701230818748575,-0.551147660201414,1.3975128065990543,-1.9002271663458972,-2.4134705522981994,1.9041339664608987,-2.8556097319938,-0.5340713586683863,1.38725135604186,1.4610346446280774e-05,-1.7375862572172064e-05,0.0001070253747969431,0.00013540568363225604,0.3453702916743815,-0.39543827530165054,2.403155423377215,28.168265751171724
83.74999999999739,-2.8679036254176937,-0.534196557890701,1.3774745504220143,-1.9057827178279056,-2.3968958816882906,1.884287743746329,-2.85359519989598,-0.5178831639233004,1.3854668466535704,1.438894407578572e-05,-1.584086324126118e-05,0.00010590929445506366,0.00013532032011831272,0.34962487805364356,-0.3969244542914213,2.42773038004861,27.403047274776036
83.79999999999738,-2.865343509796486,-0.5173066600693123,1.357534951735946,-1.910985867741969,-2.380321403323196,1.8656707796779672,-2.849946738099639,-0.5056838897680423,1.3584972155691402,1.4174929372625855e-05,-1.443517409312586e-05,0.00010474732472865204,0.00013523780610639978,0.3474448552650451,-0.3723392813672579,1.5733963549028136,25.304397271763783
83.84999999999738,-2.8624374630155396,-0.5004430618001312,1.3376978202589833,-1.9158727747983042,-2.363632340417035,1.8456369847411693,-2.846319945343717,-0.4907909912487784,1.3294626703636254,1.4028529365314923e-05,-1.30170016002993e-05,0.00010346226907698245,0.00013515175472125462,0.34780270026761523,-0.4006758987359748,4.798537755039719,25.22833561339283
83.89999999999738,-2.8591998088676904,-0.483662533146122,1.3180365869379238,-1.9204130309811365,-2.3468642650814746,1.8248104681214423,-2.843871006370703,-0.48105094838243123,1.3247788748182217,1.3954789552564141e-05,-1.159014659350272e-05,0.00010205114951432987,0.00013506138083636978,0.3474439148508414,-0.4165303323945616,3.7713566677701023,20.13246341741041
83.94999999999737,-2.8556182973413717,-0.46693762079932516,1.2985404804662084,-1.924552079923421,-2.3302403519945663,1.80482211713311,-2.8415130432200413,-0.464131451559625,1.3054939886231924,1.3881713279110887e-05,-1.0286024644167745e-05,0.00010062301262159487,0.00013497391025402887,0.34263448988327583,-0.3997670197666647,3.0849317348231002,16.96138329297952
83.99999999999737,-2.851697605949704,-0.4502825896185299,1.2792294434190505,-1.9284488357605178,-2.3131210233556123,1.7843901472941734,-2.8375811194809764,-0.4453290650132804,1.2836547114192598,1.3851117303663309e-05,-9.007686690737229e-06,9.914290268013228e-05,0.00013488276188702714,0.35115059059125153,-0.4086393967787599,1.2422440991648231,16.980578285539586
84.04999999999737,-2.847441859020955,-0.43369680776898567,1.2601071712927903,-1.9319768219203726,-2.2960294527564895,1.7643181321035684,-2.833305102019356,-0.4279858930443232,1.2498616788411168,1.3867928076381768e-05,-7.757477651057347e-06,9.760985258097872e-05,0.00013479445545063108,0.3490436635269708,-0.40144030381211915,2.8934069558907196,16.76218398141971
84.09999999999737,-2.842868623296274,-0.41720584478019057,1.2411944900340326,-1.9351851309048687,-2.2788333810400654,1.7461775469912322,-2.827890870756113,-0.40814647680732513,1.2359506179193556,1.3967850610256212e-05,-6.492765256524368e-06,9.597702773444472e-05,0.0001347045300622004,0.3498608412865408,-0.36281170224674014,1.5232235996788073,18.833658480550433
84.14999999999736,-2.837984783575542,-0.40080753643125455,1.2224296458375592,-1.938086312476923,-2.261512293946468,1.7273225741012244,-2.82250081938847,-0.3887795309366072,1.2346945717842264,1.4082727437754634e-05,-5.298393369578416e-06,9.433740257983717e-05,0.0001346172469219983,0.3512526443921135,-0.3770994578001882,1.8363374811869932,22.62932109382301
84.19999999999736,-2.8327824767676395,-0.3844959553601769,1.2038015371007684,-1.9406593645535357,-2.2442206571547882,1.7097087701317593,-2.8175206010413607,-0.3739557195564274,1.2295591295667565,1.4163092267929765e-05,-4.222862010291666e-06,9.276236109734177e-05,0.00013453749350306345,0.34964507806138495,-0.35227607938932337,1.7632133026451289,25.754736550653618
84.24999999999736,-2.827268748625599,-0.36828331871555947,1.185338460704476,-1.9429587071155556,-2.226707720218751,1.6929783488948216,-2.811934789608885,-0.35952915661896334,1.2091281678980756,1.4228387971390301e-05,-3.2336037897033083e-06,9.122208096341925e-05,0.00013445713130764967,0.3532688572700083,-0.3346084247387742,1.6172011080368862,23.98550023401247
84.29999999999735,-2.821446641840315,-0.3521720068902038,1.1670459632664756,-1.9449437892072738,-2.209244358674639,1.6749851458313758,-2.806523504161805,-0.34494972768186316,1.1758244860238714,1.4338998485162943e-05,-2.263184248098003e-06,8.96492986092031e-05,0.00013437770695935868,0.3515211980670521,-0.3598640612689422,1.9677417350504516,17.69087453906576
84.34999999999735,-2.815327913933781,-0.3361712711320713,1.1488964523333398,-1.9466054577447782,-2.1918649229847045,1.6572503776754424,-2.799393715176846,-0.3274744212048186,1.1580317352611145,1.4538781487581613e-05,-1.2752467774905873e-06,8.798924461526554e-05,0.00013429838992028162,0.3491784164973285,-0.35469536311869626,0.6491619676104963,19.879924602504975
84.39999999999735,-2.808907825335374,-0.32027950157222,1.1309118905422817,-1.9479614340106224,-2.1744112198695187,1.6394105725310908,-2.7927845764591837,-0.31652509673941026,1.136604399940646,1.4761389367907896e-05,-3.328747249115167e-07,8.631650983177626e-05,0.0001342195102377308,0.35013057693828753,-0.3567961028870506,2.2426514181051846,18.353333713052034
84.44999999999735,-2.8022027780425365,-0.3045110160485001,1.113089852218194,-1.9490096872052272,-2.157009879968662,1.6225162594072113,-2.78527776423842,-0.3011689078026189,1.1222729952866501,1.5018166965127524e-05,5.687638426443734e-07,8.461418018555228e-05,0.0001341397804577505,0.3486618382011559,-0.3378862624775999,0.660501607472027,20.238536843023702
84.49999999999734,-2.7952104898701107,-0.28888137770253886,1.0954846310620903,-1.9497476164487073,-2.139604413053658,1.6038184573171037,-2.777680712446372,-0.285216170709837,1.093052060962708,1.528233128174726e-05,1.4161903395629477e-06,8.292711355585092e-05,0.00013406270536664018,0.348427128832029,-0.373956041802177,3.836381039236205,20.158906662512756
84.54999999999734,-2.787923470035845,-0.2733518805470513,1.0780878797811801,-1.9501856682705883,-2.122278191244974,1.5883286133711163,-2.7698484783632704,-0.2720330286232982,1.0719767571151433,1.5607623000334445e-05,2.2450048998656624e-06,8.119045711901143e-05,0.00013398661941299643,0.3466386347832665,-0.3097968789197632,2.1012087199263454,21.0610155121969
84.59999999999734,-2.780368829769624,-0.2579678611143196,1.0608729366084149,-1.9503518693695032,-2.1047820328720737,1.5722620506969474,-2.7632809034919066,-0.2626377287598465,1.0527589221391187,1.5961654090364705e-05,3.0315905078195597e-06,7.943357089563389e-05,0.0001339063055143211,0.3499427188601238,-0.321331253483388,1.7963310051556638,19.45598628342357
84.64999999999733,-2.7725349334274267,-0.24270013107612645,1.043795359471231,-1.9502192504737688,-2.08708006634615,1.5543473619653572,-2.7552744718522666,-0.24976923659396622,1.031069341191329,1.6336490166886142e-05,3.770090800466279e-06,7.766576561937485e-05,0.0001338204163100928,0.3540540003794747,-0.35829377463181833,1.8452190485832318,20.918250880573623
84.69999999999733,-2.7644438001439067,-0.22758903366227573,1.026877671977475,-1.9497851081374473,-2.069547604246287,1.5377310097596224,-2.7477966164017746,-0.23726067803894726,1.0209781009588896,1.6733202975027808e-05,4.461936925342626e-06,7.589674930051079e-05,0.00013373930560891444,0.35076076395997313,-0.3323270441147077,2.130269485347775,19.473081427249387
84.74999999999733,-2.7560783058319527,-0.21259289225412542,1.0100854773984516,-1.9490711182866225,-2.0520345804499045,1.5223686161567693,-2.7399543570526266,-0.2250540537262904,1.018006996198408,1.709537047739912e-05,5.088565820278459e-06,7.419615713702464e-05,0.0001336628311597412,0.3505548893179543,-0.30724787205707627,2.0043028889814707,19.7466855772864
84.79999999999733,-2.747461369753045,-0.19773933421059642,0.9935348990388907,-1.948065331673831,-2.0345117559884005,1.5045525429531201,-2.729867829750347,-0.2100483043993541,0.9947439263108846,1.7403684109432557e-05,5.651869949182807e-06,7.259495717811107e-05,0.00013359149098190397,0.3510379651727262,-0.3563214640729977,3.6691834371700107,22.38437308438319
84.84999999999732,-2.7386123658737667,-0.18306256094114182,0.9771640851215191,-1.9467402500138324,-2.0169175101990073,1.4866972274829093,-2.7213986401779695,-0.1971017192855442,0.9774413799510553,1.7757867120240987e-05,6.1971593847662165e-06,7.097856900107268e-05,0.00013352087890496488,0.3528861557564072,-0.3571063094042343,1.2341704862917882,22.52615195362358
84.89999999999732,-2.7294969327393503,-0.1685061513552966,0.9609928578358692,-1.945154927915918,-1.9997427549251696,1.4708063386391963,-2.7139526971010306,-0.18762945607186438,0.956493277652176,1.811615598424168e-05,6.7030925156061794e-06,6.939256169716875e-05,0.00013345858680025006,0.3449589685999558,-0.31781777687428825,2.085619916596266,22.853956673442
84.94999999999732,-2.7201464757394165,-0.1541105777489527,0.944967624993652,-1.94324794061872,-1.982224667736671,1.4539238552383562,-2.7042974903220465,-0.17250245271808876,0.9485996886792503,1.8506430400598617e-05,7.182466266496085e-06,6.779811064890253e-05,0.00013338886253911665,0.35243572731623357,-0.3376496680168264,3.004455524047573,22.879965640305127
84.99999999999731,-2.7105542112097267,-0.13986333244031648,0.9290994903715316,-1.941050222592065,-1.9647919450185176,1.4368548707242272,-2.6945953948091894,-0.15869093217696045,0.9194451173336358,1.8857245168119858e-05,7.619175900128606e-06,6.628690732421773e-05,0.00013332380777131595,0.3514184296304596,-0.3413796902825964,2.4868105008254346,24.533624905581647
85.04999999999731,-2.7007250703668424,-0.12576543955440234,0.91339092846075,-1.9385480131957027,-1.9473038883111158,1.4205048428458031,-2.685401457493944,-0.1452452762620129,0.9193058068338775,1.927868561234477e-05,8.039784841018624e-06,6.472900504702365e-05,0.0001332576004841684,0.35332711859802424,-0.3270005575685077,1.6262003190840395,23.23246179002072
85.09999999999731,-2.6906871463466175,-0.111845119641327,0.8978101291092518,-1.935774619294858,-1.9299653004317712,1.4038650318815176,-2.674034595099224,-0.13183945120606072,0.8893981127065143,1.961692962025605e-05,8.412427542053454e-06,6.329591203902626e-05,0.00013319752150992026,0.35118397315051103,-0.3327962192857213,1.6227434738612816,27.212223899358904
85.1499999999973,-2.680426531740341,-0.09807995607136269,0.8823693279659496,-1.9327352141349639,-1.9127344474677241,1.3885333426829618,-2.666040608561315,-0.12146620980218133,0.8924872135903392,2.003086706418801e-05,8.768411934936989e-06,6.180983189227977e-05,0.00013313933138739094,0.3499407232435909,-0.3066337839711415,3.3485775783749627,26.014388805499536
85.1999999999973,-2.669939578748456,-0.08446232123345102,0.8670613643505379,-1.9294831659570082,-1.8958394620563186,1.3727388473217497,-2.6521391175450137,-0.10482962630410848,0.8650286963661769,2.0345722492831884e-05,9.081733696735203e-06,6.0465499860834675e-05,0.00013308968910430297,0.3441060902203066,-0.3158899072242654,2.0856517292217918,29.875954627641253
85.2499999999973,-2.659223760690583,-0.07098511047667992,0.8519806804661917,-1.9259295447263791,-1.8788205256226707,1.3571610233369231,-2.6439893241520256,-0.0953338823030641,0.8539222412726617,2.0733497012933108e-05,9.383563188838687e-06,5.907465560996261e-05,0.0001330381449369573,0.34772318526454976,-0.3115564796965456,2.4292188195727396,28.998536822058576
85.2999999999973,-2.6483411671151877,-0.057704611050456225,0.8370730472734719,-1.922085949047713,-1.8617241478822464,1.3421467443073496,-2.634901812826453,-0.083269106473951,0.8542228031986618,2.1097063439191154e-05,9.656072547770055e-06,5.773404851192107e-05,0.00013298162991797955,0.3504654778884087,-0.3002855805914839,3.677548941191258,29.062323708182547
85.3499999999973,-2.637218586549115,-0.044562373949231696,0.8223291973235652,-1.9180419641058493,-1.8449030932479293,1.3275767233771276,-2.623274123642531,-0.07113888124352584,0.8237100396134451,2.138298771662592e-05,9.903210662275725e-06,5.651282852168959e-05,0.00013293288815939224,0.34600981954928145,-0.2914004186044565,1.5276753722606173,30.120395430872847
85.39999999999729,-2.625932952401751,-0.0316200194304305,0.8077550603732728,-1.9137315338096814,-1.8280499848119398,1.3132222005037093,-2.6115033918409023,-0.05729229370647875,0.8192618339657773,2.1762531555113693e-05,1.013503264069659e-05,5.5217645655421804e-05,0.00013288265607622164,0.34791508700900176,-0.2870904574683718,2.6837544773899085,30.977671704078517
85.44999999999729,-2.614425755619706,-0.0188243955445729,0.7933332572632216,-1.9091428706428577,-1.8111495746013873,1.298129440198581,-2.6006317358658873,-0.044497487087609644,0.8068249076798248,2.209019431266242e-05,1.0347515958218076e-05,5.4006645044624794e-05,0.00013283224583766998,0.35024877820960076,-0.30185520610257477,2.092094110530079,30.555194859076988
85.49999999999729,-2.6027357853209407,-0.006203439531494545,0.7790810842949194,-1.9043031327098552,-1.7943257851488887,1.2832453216990878,-2.5895484290963253,-0.03191448752107547,0.7793325250445635,2.2412818908079004e-05,1.0542973661431704e-05,5.282978170857999e-05,0.00013278368134493916,0.3501248992029722,-0.29768236998987485,1.9278483545302032,29.07134500478017
85.54999999999728,-2.5908510915818104,0.00625329511741963,0.7649875895053865,-1.8992872080472216,-1.7777971518898374,1.2690750465328993,-2.578336760154012,-0.019550652678396157,0.7630346544081643,2.2804923621350548e-05,1.0713644744154998e-05,5.160178802085545e-05,0.00013273956695283526,0.3454621311106687,-0.2834055033237914,1.2669412613658662,28.571928313966872
85.59999999999728,-2.578786974128688,0.018536988474829773,0.7510589286877403,-1.8939276724851972,-1.7609888440921977,1.2551764543131059,-2.5661204967723448,-0.009128764128938897,0.7517368315605921,2.32009287997083e-05,1.086227722890479e-05,5.038632834530902e-05,0.00013268856243426962,0.3528449193508551,-0.27797184439588135,0.9015548895348148,31.860307912442586
85.64999999999728,-2.566567985940783,0.03064207521243803,0.7372851182240319,-1.8883366604509346,-1.7442336140379435,1.2422775287502485,-2.5563847872748346,0.0004939182100286341,0.7480267430604313,2.3571194618299038e-05,1.0991286560164104e-05,4.921717964619575e-05,0.00013263786026164717,0.35327127008804354,-0.25797851125716853,2.6432654923712438,32.46377159741644
85.69999999999727,-2.5541424693607526,0.042595016614634065,0.7236832621295334,-1.882588107042289,-1.7277627886330356,1.2277223045265426,-2.5458950316165554,0.01072339782028065,0.7352605545483359,2.388808345950422e-05,1.1108418604906483e-05,4.812813358223003e-05,0.0001325941288043247,0.3489064795877517,-0.2911044844741282,1.6702389085565852,33.03257411957515
85.74999999999727,-2.5415770293166244,0.0543584390491233,0.7102264973396558,-1.8766017112633704,-1.7113762288752778,1.2133497162597564,-2.534689211133166,0.021526575151041234,0.7361629724380969,2.4203279527312174e-05,1.1211001657326889e-05,4.7064104792991486e-05,0.00013255246714424115,0.3489191966304038,-0.2874517653357346,0.9912429800004423,36.75580260042671
85.79999999999727,-2.5288602237690947,0.06594480930590785,0.6969262765974874,-1.8704428276209144,-1.69522038051313,1.199822942181446,-2.520066646130851,0.03400563790414865,0.7156695154240613,2.4447350656807876e-05,1.1314554354665554e-05,4.610289560191663e-05,0.0001325169439897397,0.34580216441866835,-0.2705354815662302,0.9033077336269467,36.70634339730959
85.84999999999727,-2.515966201168875,0.07737250818719682,0.683787557065487,-1.8639799486896076,-1.6789492929419279,1.185588886625295,-2.5087046102191475,0.04465722424317361,0.6792637125964607,2.4745389883300786e-05,1.1399112583068675e-05,4.510685892192292e-05,0.00013247749931562944,0.35015554836453855,-0.2846811111230335,3.533601186578669,35.23743643185294
85.89999999999726,-2.502920212091431,0.0886182695470353,0.6708249454577887,-1.8572935149233136,-1.6628010812521734,1.1708566391784432,-2.497608685398352,0.05329232401202026,0.6551974844731703,2.5162568712170382e-05,1.1435157013853408e-05,4.399870309174416e-05,0.00013243531049486523,0.34955895772611684,-0.2946449489370478,2.090830275415527,40.699385516704396
85.94999999999726,-2.4897031020784697,0.09970645481494239,0.6580358450733365,-1.850285124593648,-1.6464918629521401,1.159013279798998,-2.4845544138083757,0.06386623775414488,0.6537411185530946,2.5606474677071834e-05,1.1435783937804059e-05,4.286975932037237e-05,0.00013238579750269732,0.3550277847275787,-0.23686718758892122,3.4245417194126673,40.05304343924611
85.99999999999726,-2.4763509539804054,0.11060531144517922,0.6453896289277977,-1.8433092571692709,-1.6307740901727155,1.1471732572056181,-2.4684609610371115,0.07502990235034,0.6394028829582887,2.5968311062566485e-05,1.1442369862206585e-05,4.1846617197422536e-05,0.00013235133430654513,0.3439270632224948,-0.23680045186761722,2.277822201658675,44.53190700736858
86.04999999999725,-2.4628618813502956,0.12132456357297908,0.6328745268532489,-1.836044515379252,-1.614926124282882,1.134781085171939,-2.45389968410911,0.08678464019764465,0.625628758730457,2.632935244638042e-05,1.1434420045381303e-05,4.084143658497505e-05,0.00013231475361336395,0.3486765754388673,-0.24784344067360023,1.8600363308512906,45.07792770925492
86.09999999999725,-2.4492258222346246,0.13187772656154334,0.6205038567971541,-1.8285133519051526,-1.5990305793244575,1.1218889648359243,-2.440666596617813,0.09810832901502763,0.6264339830741319,2.6686325435601104e-05,1.1413667744475462e-05,3.9859005085350475e-05,0.0001322749997099075,0.35179031141622635,-0.2578424067203067,2.326317043576666,42.85514618696256
86.14999999999725,-2.4354572171105473,0.1422570715685692,0.6082871964217497,-1.8207987848857483,-1.5832563036417269,1.1099889772704508,-2.4263076923974367,0.10941956311731538,0.6103383852434532,2.6967106995802552e-05,1.1411931365532992e-05,3.8977515789154846e-05,0.00013223808780602112,0.3511956470835973,-0.237999751309476,0.9460099906361246,42.57441680809627
86.19999999999725,-2.4215557393603975,0.15246555818730573,0.5962226073108795,-1.8128131524845479,-1.5674181561153786,1.0975958860975847,-2.4120699239126444,0.11952966302396735,0.585077849364926,2.726973579745793e-05,1.1391821388062374e-05,3.809120647252464e-05,0.00013219895802573642,0.35475133192087943,-0.2478618234573298,2.0328365348641286,45.65666976766025
86.24999999999724,-2.407505610132867,0.16251612589336945,0.5843111625845662,-1.804659427173541,-1.5517269778588128,1.0855288873671673,-2.3968395653800676,0.12962606754422046,0.5716932318658348,2.762832334083309e-05,1.1330758077777677e-05,3.716031186324121e-05,0.0001321611952661902,0.3536665694846255,-0.2413399746083658,0.3581946199588288,48.64214356580953
86.29999999999724,-2.393366878934342,0.17236936384837143,0.5725733875277439,-1.7965400011892423,-1.5365160921821828,1.075437426951245,-2.383158482029037,0.13873673123489766,0.5752787219334206,2.797160224825542e-05,1.1259881638843669e-05,3.6260556132486574e-05,0.0001321347228483462,0.3448470063015525,-0.2018292083184552,1.954195706983123,48.622096464142395
86.34999999999724,-2.3790893200270173,0.18206715678389948,0.5609768487172482,-1.7881588102930916,-1.5212271433249205,1.0632560312234238,-2.366901906802702,0.15000194133733832,0.5589999415401476,2.8236743064106524e-05,1.1218283430260934e-05,3.5457977621259475e-05,0.00013210572623348314,0.34871195970443597,-0.24362791455644098,2.471025088441348,49.360795394929475
86.39999999999723,-2.364690911540529,0.19160228807689667,0.549567636285493,-1.7796383541548404,-1.5061226058544572,1.0511298540996084,-2.3539349524719912,0.15904827854771378,0.5577239799801341,2.8523474476202097e-05,1.1157336511219174e-05,3.4650683160655726e-05,0.00013207831059607928,0.3468422755453308,-0.24252354247633148,1.6385594144885713,48.90075333223509
86.44999999999723,-2.350177933734636,0.20096191782955378,0.5383436195733248,-1.7709546659602156,-1.4911405756538727,1.0398835982441534,-2.3394245493733674,0.16844386745519693,0.5454187631586866,2.8757920784596556e-05,1.11168075272852e-05,3.391398173290265e-05,0.00013205159087548672,0.3463355772511609,-0.22492511710910457,1.65347536848166,49.58347981593023
86.49999999999723,-2.3355511282182713,0.21015593776290253,0.5272667952705934,-1.7620385224200505,-1.476143262628324,1.0289541783304257,-2.324299425715777,0.17885287622213702,0.535067765666279,2.9000710217376134e-05,1.1064507809628072e-05,3.318332611454214e-05,0.0001320216531293965,0.34895274402546267,-0.2185883982745634,2.7998645478169504,48.33118480372038
86.54999999999723,-2.3208266446802974,0.21918416519684875,0.5163592139488326,-1.7529571859151185,-1.461229106924541,1.0187521364386436,-2.314254140035223,0.18570171603864755,0.5499087606481341,2.9240772919009406e-05,1.1007601016415748e-05,3.2471173438501646e-05,0.00013199184254433473,0.3492307876756014,-0.20404083783565402,4.681847840372712,54.292925548895155
86.59999999999722,-2.306012837993802,0.22804682214507857,0.5055968219575826,-1.743579002584962,-1.446202746911436,1.0069145646995175,-2.298313567681336,0.1954796651159504,0.539343406469337,2.9373027672453215e-05,1.1010205182721856e-05,3.1886704954329204e-05,0.0001319584685006946,0.3542572407241401,-0.23675143478253308,0.1038163155982832,54.68701659463642
86.64999999999722,-2.291083179004743,0.23675340179436577,0.49498578144254185,-1.7341619432103483,-1.4314732754347803,0.9969962225671507,-2.282051220343652,0.20562868344887122,0.5215351553440968,2.952194929001048e-05,1.1002888268077908e-05,3.1302699361075466e-05,0.00013193269656310626,0.349651736914693,-0.19836684264734764,0.9829224827580312,50.961854006760014
86.69999999999722,-2.276053836605326,0.24530237694991305,0.48453204386788096,-1.7247320173775613,-1.4170510307118709,0.9864482234627356,-2.27165277754697,0.211385965579652,0.5031637607720998,2.9720375201549104e-05,1.0961242217067467e-05,3.0680985156935356e-05,0.0001319139348857781,0.3446316277233295,-0.21095998208831682,1.7402814252059975,49.980465688190584
86.74999999999721,-2.260921874689046,0.2536894129349592,0.4742273740224756,-1.7149517844604194,-1.4024285016168991,0.9761235072943286,-2.254095017943286,0.22043697135610701,0.49333159177679997,2.995768472923708e-05,1.0882858050461304e-05,3.002513881617844e-05,0.00013188475479181537,0.3518374978266438,-0.20649432336814885,1.6273087982182823,52.62564824731777
86.79999999999721,-2.245733694418515,0.261901481231963,0.464072170686619,-1.7050284534607887,-1.3879091791054285,0.9663957326897084,-2.2361874823554593,0.2302447698881244,0.4784724574228951,3.0189869513792638e-05,1.0799232627912098e-05,2.9384725369760993e-05,0.00013185564509639983,0.3517303872442774,-0.1945554920924157,1.1715743875904585,52.35298463935625
86.84999999999721,-2.230435767814224,0.26996827223950404,0.454064192377991,-1.6948623437475505,-1.373333849376458,0.9571215112560125,-2.2197026300697296,0.2397424018238153,0.4635509320436957,3.0439244102402104e-05,1.0694435233854483e-05,2.873644854369195e-05,0.00013182377025617334,0.35541090972321404,-0.18548442867392081,2.1708627654428594,50.49315722431282
86.8999999999972,-2.2150508774379376,0.277878214912811,0.44421332596470037,-1.6846811998530713,-1.3590379262653423,0.9467753510065187,-2.199312829780019,0.25064132036213743,0.45173801015394455,3.070450860331189e-05,1.0567037161568777e-05,2.8082039090769575e-05,0.00013179819558058027,0.35101672684431356,-0.20692320498988442,2.776511344078529,51.96907296573537
86.9499999999972,-2.1995860356275214,0.2856291537347178,0.4345116632936196,-1.674488040717661,-1.3450179641417777,0.9375211818977718,-2.186046428494555,0.2571402842574882,0.44361841008993297,3.096580513666929e-05,1.0433713199352101e-05,2.7442496865390055e-05,0.00013177993109287175,0.3466767805250279,-0.18508338217495543,2.1776900485808617,52.003081565662704
86.9999999999972,-2.184050977977882,0.29322480320922817,0.42495000396764404,-1.664010871524524,-1.3308776412623662,0.9287130723030694,-2.169365459979524,0.2654094371358811,0.4336588052322621,3.120887000501969e-05,1.0303001642109225e-05,2.6828039068004502e-05,0.0001317544658482647,0.35197829924817664,-0.1761621918940554,2.7817831245849627,52.855605979952216
87.0499999999972,-2.168434638340835,0.30066865025101713,0.41554053391398094,-1.6533775705459632,-1.316815164846495,0.9180322441541344,-2.1500175919039206,0.2748744079983584,0.43442585998954364,3.14500742521258e-05,1.0165618976313135e-05,2.6225602635967902e-05,0.0001317276160248068,0.3526036230852516,-0.21361656297870885,2.1764806662537253,57.13644985268936
87.0999999999972,-2.152755266228726,0.3079549498052753,0.4062735114161798,-1.6426192797342174,-1.3028962933728447,0.9075313813000543,-2.134976055018748,0.2827950303759142,0.426137868210164,3.16450778207229e-05,1.0064643837376312e-05,2.5681828382890556e-05,0.0001317038217199712,0.35184010463963844,-0.2100172570816144,1.6148289070437296,54.9354064260213
87.14999999999719,-2.1369855930787613,0.3150936166560081,0.3971368284295148,-1.6318002339128326,-1.2891804158877285,0.8983161869564373,-2.120343615102311,0.28968625981003937,0.4038959589659319,3.183363737526904e-05,9.963521950524635e-06,2.5154483911981507e-05,0.00013168378695799162,0.34938758267143466,-0.18430388687234886,2.7277802181735282,51.48721114368301
87.19999999999719,-2.1211544186508067,0.322081400223937,0.3881408353315946,-1.6207813573574739,-1.2754785588352788,0.8886970207512856,-2.1064852480530636,0.29535382059247833,0.38901020372467787,3.207103513267437e-05,9.805519856354672e-06,2.4584445018935765e-05,0.00013166008699088473,0.3516583063436608,-0.19238332410304787,0.8144712850272491,51.841504231349006
87.24999999999719,-2.1052500701019756,0.32892513074247554,0.3793051165685995,-1.6096405657494515,-1.2618726639324434,0.880671174265931,-2.0897607833074123,0.3038704769553398,0.3833560059071113,3.2314710365486936e-05,9.627044060852732e-06,2.4014531474157297e-05,0.00013163550047608138,0.3517040083406458,-0.16051692970711187,3.067901208566329,49.12394420846404
87.29999999999718,-2.0892721469164153,0.33562874571235646,0.37060019448117887,-1.5984221425546143,-1.2484231170370013,0.8705266585760896,-2.0761939915767953,0.3096440832214223,0.37422266233899704,3.253958410873312e-05,9.461306302516631e-06,2.347413881508629e-05,0.00013161350034542225,0.35028329180538864,-0.20289031379684702,2.7266338208336793,48.122008395084144
87.34999999999718,-2.0732427368728543,0.34218541371131156,0.3620382039366282,-1.5870603860918708,-1.2350527086052312,0.8623462977845113,-2.0598098242880836,0.31568968694846256,0.3678498677002442,3.275288179448274e-05,9.298483254986014e-06,2.2953273109514745e-05,0.00013159091249828795,0.3509182516376138,-0.16360721583157783,2.495241761273002,50.90700707377282
87.39999999999718,-2.0571518330024317,0.348600476222627,0.3536196589457625,-1.5755473686289483,-1.221717279853765,0.8548699901514736,-2.043365240751987,0.3221695671744418,0.3616026977346154,3.2950070923686535e-05,9.14681573960904e-06,2.2457394923810883e-05,0.0001315670835539495,0.35235475125778926,-0.14952615266075917,1.4633571648400325,52.11037405341341
87.44999999999717,-2.0409828999374575,0.354880908553063,0.34535790971491787,-1.5640619495392807,-1.2086188591731974,0.8469630603612384,-2.027650046042495,0.3282951946333711,0.3551356653061606,3.313508329277927e-05,9.00297009807005e-06,2.1982784658620435e-05,0.0001315489489603814,0.3484164503192392,-0.15813859580471534,1.2626721843105102,52.66851766306638
87.49999999999717,-2.024791014777961,0.3610115835840402,0.3372534644240819,-1.5524003159007969,-1.195525336466519,0.8393886161429962,-2.0123863731993876,0.3340012684158757,0.3412399797971504,3.330950051460936e-05,8.865538722091822e-06,2.1526753864704836e-05,0.00013152861547943703,0.3506767775830924,-0.15148888436485422,1.6551757253137565,52.62758209216306
87.54999999999717,-2.0085464388740206,0.36700666055126624,0.3293190429780131,-1.5407142723388516,-1.1825834317817598,0.8333061114912677,-1.9991270169785147,0.3378558466388213,0.33094627736363913,3.349735117786057e-05,8.704733906508201e-06,2.1065015809146956e-05,0.00013150997079199262,0.34874486286161965,-0.12165009303457483,3.1038815919257465,55.752681390235715
87.59999999999717,-1.9922361830706705,0.37287130252322975,0.32149767586829214,-1.5288712334279106,-1.1696374888335852,0.826414977882918,-1.980561004729908,0.34413769702060654,0.3309700693521256,3.3687063083222664e-05,8.532381183003421e-06,2.0608018914092314e-05,0.0001314882238058759,0.35091664408753964,-0.13782267216700342,0.7366103052060309,59.047023514633715
87.64999999999716,-1.9758533715674904,0.3786115276125905,0.31381490667257983,-1.5169987761654717,-1.1568446288908862,0.8189780647446803,-1.9618877405724091,0.3517204877915038,0.3321625307146596,3.38466865321219e-05,8.395642023537942e-06,2.0190116904058657e-05,0.00013146959429280255,0.34906383995866097,-0.1487382627647638,3.9054466956225102,59.01984144424179
87.69999999999716,-1.9594552549179578,0.3842120341584614,0.30627802509614144,-1.505113969325197,-1.1442169961002977,0.8124077993672487,-1.9482354921490794,0.3559804815022109,0.3152150127702771,3.3977403983839365e-05,8.29804195835365e-06,1.9811383082589732e-05,0.00013145505149505997,0.34681800718846967,-0.13140530754863894,1.6357808688601159,58.145398268879916
87.74999999999716,-1.9429974350802308,0.3896895770396023,0.2988832269546048,-1.4929215497882622,-1.131443608622816,0.8049212196029227,-1.9313815015728393,0.36203001090012993,0.313661512575242,3.413978542497969e-05,8.14950353763072e-06,1.9405721332665526e-05,0.00013143173842282546,0.35316623747074594,-0.14973159528652807,2.257678613779219,58.51396243161582
87.79999999999715,-1.9265018275022414,0.39504228446854556,0.29165575060899845,-1.4808282985479557,-1.1189332965390113,0.7997743353797024,-1.9114980900493248,0.3684974977501428,0.29728555097045994,3.427850698283565e-05,8.032122437895145e-06,1.903230194066032e-05,0.0001314150966276379,0.3479973001835897,-0.1029376844644122,2.1902110798357084,59.4599329751838
87.84999999999715,-1.9099572986161735,0.40027178629326726,0.2845529385349037,-1.4686191233555939,-1.106457897605476,0.7925912045149914,-1.8934619558734669,0.3744651607504852,0.2839430222926622,3.444792288982666e-05,7.866393044142559e-06,1.8635326307594335e-05,0.00013139800088931016,0.3491136477270651,-0.14366261729423002,1.9534602712234994,59.843894375204584
87.89999999999715,-1.8933697815877923,0.4053798295260057,0.2775477024231954,-1.4562252889072789,-1.094002360921394,0.7831712124581669,-1.8795633628009187,0.37885885328516605,0.28799811363247096,3.463213093453172e-05,7.670626252042682e-06,1.8230330150501593e-05,0.0001313777240456101,0.35142555941331405,-0.18839984113650227,1.5160278758968928,59.203127508232654
87.94999999999715,-1.8767529756577364,0.4103665767685928,0.2707264632786974,-1.443668467387867,-1.0815962474194996,0.7755507179250856,-1.8639212133662861,0.3832231875633562,0.28932327101827804,3.477409377776431e-05,7.535728861353701e-06,1.787393578907203e-05,0.0001313558289702768,0.353036500526915,-0.15240989066163504,1.8572164923020367,62.41769326660208
87.99999999999714,-1.860083668436643,0.4152398186607775,0.26404671429781135,-1.4313084301928964,-1.0695777945299254,0.7672240248702371,-1.8455585899080609,0.3895853915676238,0.2838237758885418,3.489068705382998e-05,7.434612382334849e-06,1.7548060223782723e-05,0.00013134579225065074,0.344798750910054,-0.16653386109697502,3.120708790401405,60.73690906635612
88.04999999999714,-1.8433971965417755,0.4199928701884007,0.2575018409524892,-1.4186070941983397,-1.0574153561673056,0.7602310727675654,-1.8320095548442126,0.3928893352007951,0.2659884124509273,3.5006005902137553e-05,7.336492186486519e-06,1.7230779165268197e-05,0.00013132733245220876,0.3517101665854091,-0.13985904205344304,2.697139811905379,59.6414120337318
88.09999999999714,-1.8266669191504068,0.4246346627220484,0.2510643306431054,-1.4057624834519165,-1.045296362457257,0.7524476223721441,-1.8185764569450178,0.39700150026308123,0.2512621173459735,3.515130979874502e-05,7.177775898944579e-06,1.688674316225072e-05,0.00013130570927525137,0.3531886794187015,-0.15566900790843674,2.9840227855746377,57.475862748587005
88.14999999999714,-1.809903933673563,0.4291641984667772,0.24477081914151272,-1.3930654148794883,-1.0334794681324404,0.7465695055951072,-1.800989042803743,0.40272966926861986,0.24264132807614747,3.5309847459195514e-05,6.987920568824772e-06,1.6535445122746574e-05,0.000131292714846205,0.34690368005273153,-0.11756233554074716,3.8360118007278277,54.76813482886896
88.19999999999713,-1.7931134095286538,0.43358514225671396,0.23858974073966552,-1.3801540405990804,-1.0216048230882933,0.7406211993216996,-1.7838609538492267,0.407869479541788,0.24171360135314712,3.5468207150252585e-05,6.795304461220726e-06,1.6191960085940855e-05,0.00013127523873439692,0.35083425604068313,-0.1189661254681582,3.9630320558692915,53.23181081698734
88.24999999999713,-1.776280401520074,0.43790194145317846,0.23254338233160468,-1.3671949194325204,-1.0098090352863802,0.7362561302402013,-1.766594127924907,0.413011498695039,0.24305353707637822,3.5604958597789024e-05,6.640063783167037e-06,1.587642281214454e-05,0.00013125810835870757,0.3504739184957372,-0.08730138162996912,2.8157131051248028,52.17475609284691
88.29999999999713,-1.7594239368399918,0.44211077859194836,0.22663596361981084,-1.353952615570735,-0.9978767426427494,0.7305599245159344,-1.7516086565574147,0.41711492646527204,0.25252853592304314,3.5722583874540514e-05,6.519786302358657e-06,1.5586251652427235e-05,0.00013123383815032683,0.3565047424278307,-0.11392411448533979,2.4993312014615974,55.370420152465755
88.34999999999712,-1.7425453300560818,0.44621590409685064,0.22083510174823925,-1.3409562007819391,-0.9863054756335567,0.7243481840177934,-1.7353265471013046,0.42088535958822887,0.23775743832054408,3.5801702572197846e-05,6.468940859782707e-06,1.5339005298066954e-05,0.00013122244439562591,0.34802413204373295,-0.12423480996282665,1.0307348363219397,53.74552455564837
88.39999999999712,-1.7256236578634905,0.4502233768139421,0.2151379496067082,-1.327822352715203,-0.9747368150597314,0.7198943605244712,-1.7200439108534873,0.4240552480554063,0.2262691550600464,3.590512825181941e-05,6.3678287396039756e-06,1.5071161696059522e-05,0.00013120946308724392,0.35004707048823014,-0.08907646986644664,0.849303989628782,54.74779311378354
88.44999999999712,-1.7086914916299978,0.4541260234385273,0.20960463799742557,-1.3144858743911108,-0.9631050513262426,0.7145629226355066,-1.6990117857524816,0.4294724795232059,0.21833549985705325,3.602335292689716e-05,6.2323874165042784e-06,1.4793154828195062e-05,0.00013119027626701794,0.353926728811739,-0.1066287577792937,1.7098105532134267,53.77923473620871
88.49999999999712,-1.6917118611151103,0.4579371459115209,0.20419614553493484,-1.3010930023607117,-0.951545908865133,0.7095166719603241,-1.686946588722987,0.43214694557871736,0.19779561090406128,3.614527646418896e-05,6.088189748275915e-06,1.4517597845961476e-05,0.00013117163123849474,0.35382677107652505,-0.10092501350365632,4.623984379661918,53.31708499155254
88.54999999999711,-1.6747500412161649,0.4616445092042212,0.19890943797380883,-1.287818907268551,-0.9402024326604804,0.7047511828417949,-1.6711598590763643,0.4354050843543501,0.19381976439172055,3.629414029205557e-05,5.873718644929717e-06,1.4219868139396471e-05,0.00013116029547293798,0.3492143352710422,-0.09530978237058937,1.443440249433283,54.731663874173435
88.59999999999711,-1.65773811284053,0.46526142194023007,0.19377613133182764,-1.2744267175472146,-0.9288719534878935,0.699643124271955,-1.6523878801758138,0.439017263601296,0.19666411533970418,3.643275470384965e-05,5.678553729577443e-06,1.3938098688152003e-05,0.00013114697029224657,0.3508453636170831,-0.10216117139680687,2.2458535020602013,57.04801490338351
88.6499999999971,-1.6407014465718734,0.46878829881639456,0.18875780905944736,-1.2611261095479689,-0.9177344600141976,0.6945853299611819,-1.6349329227810896,0.44211236554720745,0.1841939247227713,3.654935736931964e-05,5.5344042838003465e-06,1.3683272628521003e-05,0.00013113827763455393,0.3469585425287581,-0.10115588621546066,1.3422997923715556,60.11602342442731
88.6999999999971,-1.6236714352477601,0.4722224592270338,0.18384450821296944,-1.2476324477877871,-0.9065418824966064,0.6903216628179791,-1.6177960404390568,0.44567627192190173,0.1694783663836814,3.6675442635262845e-05,5.3590128138973675e-06,1.3422976391415053e-05,0.00013112402402444903,0.35062981321959064,-0.08527334286406288,2.2099300599763136,61.782000061196946
88.7499999999971,-1.6065838934201497,0.4755726620152278,0.17907520340386282,-1.2342132253690123,-0.8955093263309063,0.6858769653761327,-1.5989345714102894,0.4488426794250777,0.17312550134376892,3.681638515605359e-05,5.1439183195269714e-06,1.3155363744133536e-05,0.00013111316429289198,0.3474439941684186,-0.08889394883693015,1.069501501796993,63.92899724350499
88.7999999999971,-1.5895019618957185,0.4788325190877537,0.17443547041548274,-1.2206984551328952,-0.8845040564991016,0.6809398282482548,-1.584869390689113,0.45141428870982236,0.17323985353756255,3.693447607040922e-05,4.984902824997244e-06,1.291400240813922e-05,0.00013110068927008105,0.34857744943553043,-0.09874274255756248,1.2843109610640944,64.82695615668075
88.8499999999971,-1.5723854185861246,0.4820114426751899,0.16992908133801068,-1.2071052188532894,-0.8735484592497311,0.6757885815731188,-1.5688418951739445,0.45519143026160624,0.17731869098267428,3.703745828313693e-05,4.855863608003867e-06,1.2689333797633636e-05,0.00013108694933195233,0.3491715095163742,-0.10302493350272847,3.467488978903199,62.63135774077667
88.89999999999709,-1.555266575227506,0.4851058153736207,0.16554476046830702,-1.1935194450736601,-0.862707078325066,0.6712459122366434,-1.553975059710694,0.4580476233604833,0.17425092837156564,3.712129347155667e-05,4.774449516288548e-06,1.2486442021046637e-05,0.0001310751303828305,0.34762583854946016,-0.09085338672950874,2.469032387956595,63.18764537046472
88.94999999999709,-1.5381166982128573,0.48812532626386596,0.1612652447874925,-1.1796623963848591,-0.8517507922590143,0.666800110492729,-1.5323357244674982,0.4621082041435361,0.16594134359439794,3.7202661549414506e-05,4.696050086523601e-06,1.2289325709904242e-05,0.00013105526183503332,0.35330356166617294,-0.08891603487829507,1.7147185631741244,62.32064529959213
88.99999999999709,-1.5209424156729479,0.49107065755176,0.15708673245582347,-1.1658860248673784,-0.8409583399713221,0.6622771695511576,-1.5159275337900395,0.4654796875116924,0.1624907109584166,3.7292989646991785e-05,4.5940903307221244e-06,1.2087855162222647e-05,0.00013104035028036403,0.35000912026757885,-0.09045881883143433,2.453282083301102,60.625002217919416
89.04999999999708,-1.5037971750020094,0.4939346662878619,0.153001432473798,-1.1520320592882891,-0.8301983165069224,0.6584337298890182,-1.5037240613332126,0.4677395356981876,0.15112897148333415,3.73784230564827e-05,4.497295832394008e-06,1.1892782335321182e-05,0.00013102619520870496,0.35083377603283755,-0.0768687932427903,2.269747212961532,60.49140124011228
89.09999999999708,-1.4866133513693744,0.496728613553993,0.14903401898748575,-1.1381153846203855,-0.8194763029243461,0.6544806169778825,-1.4879331090058203,0.4703081302769373,0.13108573373728571,3.7474068531418015e-05,4.362863034785328e-06,1.1690796741204646e-05,0.00013101175544216466,0.35136067566001006,-0.07906225822271574,3.6405447012509917,63.83982547363127
89.14999999999708,-1.4694082229358516,0.4994481202003892,0.14522455978517856,-1.12430762355054,-0.808922050091205,0.6507900161447289,-1.4693042322061372,0.4732707678071839,0.145106581532902,3.759171471726751e-05,4.153241123863036e-06,1.1473050455178438e-05,0.00013100286831883146,0.3475899086362112,-0.07381201666307761,3.2848360904199945,62.28394748774808
89.19999999999708,-1.4521786237162524,0.502099952132601,0.14153774100343594,-1.1103878560600495,-0.7983637219728706,0.6470647108822805,-1.4545978460891766,0.475787685703304,0.13965203315516828,3.767755309420284e-05,4.052068700220522e-06,1.1290072724686852e-05,0.00013099112868742335,0.34942156353003856,-0.07450610524897143,1.2795963423075893,62.68564299044044
89.24999999999707,-1.4349572959263954,0.5046822185760875,0.1379616144816476,-1.0963237743624352,-0.7877729209007802,0.6438216699898769,-1.4353376218474512,0.47926656643122717,0.14608115910663289,3.7762971683415785e-05,3.944605483909711e-06,1.110978678128493e-05,0.00013097495105596956,0.3521157383652252,-0.06486081784807073,4.232082083569374,60.923312752791944
89.29999999999707,-1.4177133325180753,0.5071999457583888,0.13451463997338675,-1.082398488414042,-0.7773496027379013,0.6412814070666397,-1.4178478381298505,0.4824298292449031,0.1498014071040319,3.783262187955619e-05,3.893123711836465e-06,1.0948553957243542e-05,0.0001309648882549661,0.34788464350629444,-0.050805258464745755,1.1698944563441653,60.295462644648616
89.34999999999707,-1.4004768600232218,0.5096538599582646,0.13117652451033304,-1.068383652815944,-0.7669104574455297,0.6391303962618431,-1.4037236277210263,0.48499564360359065,0.15177614609333245,3.789037856475804e-05,3.873890631912803e-06,1.0800082042559837e-05,0.0001309530424882387,0.349509078009118,-0.043020216095935176,1.1233749526673007,60.95541890401026
89.39999999999706,-1.3832304810947256,0.5120458964610962,0.12795362364348653,-1.0542288930036017,-0.7564354630314832,0.6350533689636553,-1.384171008965066,0.48735773600681936,0.13685676871399233,3.7943227826810835e-05,3.867067550723862e-06,1.0658601212764403e-05,0.00013093708006322517,0.3521835673849602,-0.08154054596376173,1.0568397185859237,59.82789119285495
89.44999999999706,-1.3659564354606046,0.514380807552697,0.12484255677054612,-1.0401265962570505,-0.7460787466480822,0.6318299254424344,-1.367854274751697,0.48955442252111103,0.1369694283232814,3.801601009047053e-05,3.79198222080895e-06,1.0499869452689184e-05,0.000130924243995957,0.34993520134574485,-0.06446887042442383,0.5751498830537896,61.57683270706809
89.49999999999706,-1.3486957495977447,0.5166557802187188,0.12183677215829668,-1.0259550041202767,-0.7357386127923822,0.628853357858719,-1.349958591138891,0.49161388646779985,0.1325527977056371,3.808379345953102e-05,3.7337427635324772e-06,1.0348919688216765e-05,0.0001309110647059232,0.3508575888121474,-0.05953135167430719,2.4997822607118394,63.48995222838919
89.54999999999706,-1.3313831414116384,0.5188804057818925,0.11894371080564073,-1.0116510317370218,-0.7253634265042497,0.6262034476642651,-1.3313023908726773,0.4944602139439891,0.12309734095799607,3.815301572869655e-05,3.666465187601372e-06,1.0198798059134095e-05,0.0001308942894388665,0.353410978421593,-0.052998203889078575,1.7615171075843827,60.909265552227616
89.59999999999705,-1.314101375523059,0.5210448553299707,0.11616724058950276,-0.9974260862236792,-0.7150931035686129,0.624466405128774,-1.312656852086741,0.4967767356266026,0.1046202105741445,3.823225810858039e-05,3.5676682688172752e-06,1.0043321442403838e-05,0.0001308818627076127,0.35090094640011027,-0.03474085070982589,2.7586581912106967,62.039407541530956
89.64999999999705,-1.2967572780701269,0.5231570132507097,0.11357508902187645,-0.9831496284970076,-0.704842244758742,0.620976326544656,-1.2923865715965768,0.4996108063930683,0.11563591221278324,3.833184395545817e-05,3.388263194756887e-06,9.873484556920906e-06,0.00013086947624583005,0.3515096955186776,-0.06980157168236263,1.5006406083900865,60.47114386051406
89.69999999999705,-1.2794192758106762,0.5252248308838131,0.11107509669210633,-0.96880608507215,-0.694609877856747,0.6183198899829723,-1.276123321367171,0.5017044293408848,0.12310988958402724,3.841055628315153e-05,3.2989411469054874e-06,9.72682537095989e-06,0.00013085587335273457,0.3523854440539588,-0.05312873123367762,1.599007762554462,61.880652871672986
89.74999999999704,-1.2620198090109371,0.5272554218647254,0.10864023535859423,-0.9545837841331682,-0.684518081889618,0.6159272921275494,-1.2606173104532583,0.502762206747678,0.09880527192246857,3.8472913898211306e-05,3.2656140591148894e-06,9.59595784785828e-06,0.00013084824911161405,0.3487797786104298,-0.04785195710845787,1.9341559844211413,65.46100966438095
89.79999999999704,-1.2446258136043262,0.5292382548399137,0.10631010462899891,-0.940319115995177,-0.6744478739878924,0.6134950315113699,-1.2404638383949547,0.5053707837945015,0.10205747992650505,3.8561223049212196e-05,3.1150042377818324e-06,9.442287286189015e-06,0.00013083951784395787,0.3492219893300165,-0.0486452123235955,1.8556930302746177,64.21046449845662
89.84999999999704,-1.227231157843606,0.5311773314235558,0.10408303688346125,-0.925888131380249,-0.6642955638220425,0.6126575916916255,-1.2229496645812556,0.5078740260935721,0.11301771645165148,3.863992098074974e-05,3.0116755675506505e-06,9.301598031355468e-06,0.0001308238713152784,0.35288680159755537,-0.016748796394890655,1.3845810725021854,63.12874244760836
89.89999999999704,-1.209837400507591,0.5330718184172956,0.10196222870089487,-0.9114251654596106,-0.6541373878446366,0.611955577095026,-1.2058156770860053,0.5100349777905582,0.10592159151122305,3.8699998377875065e-05,2.984073911739032e-06,9.179972549343515e-06,0.00013080755852213515,0.35347754397591846,-0.014040291931995037,1.9522799590221624,61.66953884024034
89.94999999999703,-1.1924361135407746,0.5349274039690891,0.09994029570613576,-0.8970202000461502,-0.6440395537705881,0.6108336573308368,-1.1866365829973038,0.5121359996318975,0.09580656406740884,3.87666724176186e-05,2.9260050192265277e-06,9.05378170094836e-06,0.00013079490724818844,0.3518347987399034,-0.022438395283787,1.5072853525663856,61.968444165773214
89.99999999999703,-1.1750523382402769,0.5367410697466825,0.09802133831786206,-0.8826203850213601,-0.633967268256595,0.6099110587355043,-1.17063960771801,0.5140463101697474,0.10112732624653464,3.884073188364217e-05,2.827515736495989e-06,8.92190748730649e-06,0.00013078349937714262,0.35145732607412006,-0.01845197190664848,3.464700898509862,61.55771767606139
90.04999999999703,-1.1576940046653887,0.5385313887759957,0.10167473711335095,-0.8680558713004602,-0.6236923362610416,0.6188738808151357,-1.1538981572475,0.5159354307498685,0.11469624603595552,3.889732203622561e-05,2.7995913850401034e-06,8.807449940414366e-06,0.00013076491253211946,0.35648361209895707,0.17925644159264137,0.7192421706981962,63.127279031975796
90.09999999999702,-1.1403485808308538,0.5401143419089108,0.11399916850096097,-0.8538387946820615,-0.6134012769146473,0.6342367257491044,-1.1366083557332238,0.5176796231672806,0.12760466156370676,3.8929129663831585e-05,2.864742208293622e-06,8.716001987594035e-06,0.00013075597608225284,0.35101978776063253,0.3072568986793879,2.3548426186511273,63.14054703594999
90.14999999999702,-1.1229316351641707,0.541486439627828,0.13029576066200527,-0.8399032023978884,-0.6029643368193633,0.6514096204964295,-1.1202658061470332,0.5199453568300477,0.15195582646216632,3.8939817499688896e-05,2.992609047859493e-06,8.643100152114446e-06,0.00013075327083813884,0.3482171165316176,0.34345789494652323,1.3929115177847848,61.05378325550159
90.19999999999702,-1.1058810100195766,0.5429958071264755,0.14956274993110366,-0.8259901770926094,-0.592145911612682,0.6704244081176522,-1.103960711555677,0.5230498813435914,0.17236718978473098,3.891161794582474e-05,3.2305829085179453e-06,8.608395469430172e-06,0.0001307447820268073,0.35248827272408373,0.3802957524244751,1.6790740327879012,53.613331891260216
90.24999999999702,-1.0889158449658936,0.5448515070778037,0.16944516792047215,-0.812468725199251,-0.5812297340007928,0.6879559836452049,-1.0815938512099117,0.5273407536670564,0.19248586036898363,3.885685446173552e-05,3.5327063294258615e-06,8.601857925001468e-06,0.0001307451775068959,0.34756313384333265,0.3506315105510693,3.543914070043268,46.36326019678348
90.29999999999701,-1.071950585835645,0.547075294026562,0.18905966300531357,-0.7988422856964641,-0.5698039244253932,0.7076069058349272,-1.069342775993789,0.530529971860769,0.2141726723982531,3.8771271626130895e-05,3.893397214692276e-06,8.628208926007961e-06,0.00013073599303504462,0.355662286102032,0.3930184437944648,2.143909290451356,40.3302372047937
90.34999999999701,-1.0550309186939548,0.5496305113950715,0.2082014129848026,-0.7855300353831662,-0.5582093365554308,0.7254804810567403,-1.0526397618337309,0.5346974719385786,0.2341350512826028,3.865601115891969e-05,4.301105835970691e-06,8.686852331297176e-06,0.00013073468232436476,0.3530772001631774,0.35747150443628695,3.6302820490102685,34.422076654384185
90.39999999999701,-1.0381502044232318,0.5524958522663812,0.2270401144777056,-0.7727232189949804,-0.5466478273994665,0.74319763851536,-1.034987956426319,0.5384454959618604,0.22473816537903657,3.851575257436637e-05,4.74277636264283e-06,8.774416905150763e-06,0.00013075145735243473,0.3450743843989283,0.35434314917240994,4.0879396615207515,25.717085752559342
90.449999999997,-1.0211673809833894,0.5557301408758499,0.24504574644057264,-0.7599528750969472,-0.5346927520317366,0.7616767916520994,-1.0202417722813226,0.5425305183984531,0.24757229129494718,3.84224548061345e-05,5.076267338327301e-06,8.816375497915635e-06,0.00013076028800527152,0.3498652416829797,0.369583062734809,1.745235904320316,21.968272075166624
90.499999999997,-1.0040275943967891,0.5593725701001329,0.2619344606876035,-0.7473147152159474,-0.5224197759205302,0.7798027176373852,-1.0016776400764122,0.5475439383605909,0.2628862827905962,3.8292339010405914e-05,5.466341490338709e-06,8.899596751694404e-06,0.00013076647641651246,0.35233933928555705,0.3625185197057306,2.0745394387919056,18.433695135813963
90.549999999997,-0.9869799140256905,0.5633169048042811,0.27885515331095845,-0.7350088897373567,-0.5100026060846,0.8000008999917583,-0.9876333466348172,0.551090648664427,0.2835954959997715,3.8146398647549626e-05,5.874076211228365e-06,9.004791243696865e-06,0.00013078106330461004,0.34964544204989506,0.4039636470874873,4.191425413250467,18.492595464202033
90.599999999997,-0.969997414407503,0.5675667903210744,0.2958264537732733,-0.7230810836335985,-0.49748286316941914,0.819211010554687,-0.9737740897903993,0.5553847923998526,0.29434998325468165,3.79690476338889e-05,6.311628589434259e-06,9.14321726932387e-06,0.00013080648625850947,0.3458472013737713,0.38420221125860204,1.5586121831639863,16.869240292190803
90.649999999997,-0.9530875251042363,0.5720897883684015,0.3129231800866833,-0.7111672849519952,-0.48450133895339365,0.8373099795353358,-0.9560258181288186,0.5612650664748177,0.3176582961576062,3.779429725396811e-05,6.728244243107858e-06,9.2834546715277e-06,0.00013082384190145035,0.3524015011023527,0.3619793796130012,2.7636662787967707,13.641482331475858
90.69999999999699,-0.9362631792628153,0.5768797675485865,0.3301450079263049,-0.6993724450913871,-0.4711727125666027,0.855434906204533,-0.9371299262766514,0.5677473482679557,0.3276671871634034,3.758426080375033e-05,7.182900711577295e-06,9.468614983561617e-06,0.00013084163608590615,0.35596584149271876,0.3624985333839674,2.0687745307812246,9.960815680680883
90.74999999999699,-0.9194915205322532,0.5819452377308333,0.3474454503875489,-0.6879035011087326,-0.4577047216028729,0.8753475033721445,-0.920112169731534,0.5739951574217148,0.3495892856124061,3.7380509572267206e-05,7.616465071800579e-06,9.653840678267458e-06,0.00013086946245443007,0.35379869795945673,0.39825194335224895,3.1032421846171703,7.6515275156956655
90.79999999999698,-0.90283185789276,0.5872940261297799,0.3648848489176145,-0.6767154172265848,-0.4440424459146868,0.893921976208361,-0.9041046327677396,0.5796031857501313,0.36067244370118257,3.7146605638169986e-05,8.072991948487492e-06,9.87677490158204e-06,0.00013090667987819985,0.3531798202144491,0.3714894567243535,0.535157629394192,6.88663195119961
90.84999999999698,-0.8862517598281053,0.5929506817810715,0.38239328247915244,-0.6658559479926931,-0.43025502189520515,0.9133582449695394,-0.8873015140140861,0.5858353072821585,0.38052832218309707,3.6916874667887276e-05,8.508497407827242e-06,1.009970270744349e-05,0.00013095123053488816,0.35101614210322507,0.38872537522358686,1.6121478505828728,5.840402749115999
90.89999999999698,-0.869778801193114,0.5988859975439975,0.39996948693827483,-0.6552218683205275,-0.4161998912742508,0.9328138294461379,-0.8718797035824405,0.5926548343496585,0.4070932239471041,3.665993648480833e-05,8.956305342217758e-06,1.03553525705472e-05,0.00013099981771179104,0.35249972808051994,0.38911168953200065,2.510676509844291,4.5926035821530995
90.94999999999698,-0.8534095444661789,0.6051060073395662,0.41760152325176214,-0.6448691438717858,-0.40195206463579464,0.952043233737494,-0.8542248245299701,0.6005582603710955,0.42732124391884563,3.6355643542808324e-05,9.437162543702647e-06,1.0669540713909237e-05,0.0001310552586737965,0.35224368015869634,0.3845880858271488,1.6409091073131148,3.1239079196539215
90.99999999999697,-0.837151012635308,0.6116089686308155,0.4353046336440277,-0.6348654629722625,-0.3876021268884951,0.9719635905361361,-0.8391491775774562,0.6078633966649162,0.4492084404208869,3.603056892923037e-05,9.921451862966715e-06,1.101474526847203e-05,0.00013112242559842565,0.349859665483371,0.3984071359728705,2.6299798664456686,2.881659917919521
91.04999999999697,-0.8209998009647567,0.6184018767779011,0.45304552161216344,-0.6251816446610344,-0.37310255797653263,0.9919594646519219,-0.8205890118767112,0.6166515373939895,0.47988907344443144,3.5680455552246415e-05,1.041045294936068e-05,1.1396139572939292e-05,0.00013119528145196126,0.3487256603888173,0.39991748231573565,2.7118740929965166,6.100698950764615
91.09999999999697,-0.8049791263331917,0.6254715675307077,0.47086134053364664,-0.6157392665424316,-0.35833300392066997,1.0119808743021688,-0.8063957500727297,0.6242093563727634,0.49166910955126086,3.527076870730692e-05,1.0925032945636861e-05,1.1851450766030465e-05,0.00013127800077581902,0.35060433366752075,0.4004281930049575,0.8922714606764718,3.433807652448927
91.14999999999696,-0.7890744515602262,0.6328337704406065,0.48874665859986033,-0.6065107257250557,-0.34323817105798643,1.0321347896989215,-0.7932662406997727,0.6317675602497429,0.517035503601202,3.488671167353405e-05,1.1400760258785226e-05,1.2289184839195802e-05,0.0001313558121046264,0.35385338217795653,0.4030783079350752,2.1740046297949567,6.348660136512977
91.19999999999696,-0.7733307909854389,0.6404631754035695,0.5067058928143684,-0.5977192954405423,-0.3281665553071741,1.053343181986767,-0.7774378769582886,0.6400751631267244,0.5118176794634288,3.4461410337183124e-05,1.188385786251204e-05,1.2779669965498698e-05,0.00013144391509538176,0.34897235390390907,0.42416784575692895,2.8453161624386207,0.7498745408690747
91.24999999999696,-0.7576934873851984,0.6483828925705867,0.5247223060793225,-0.5892718985247306,-0.3129802109705573,1.07299217121445,-0.7597911275681859,0.6493998929186892,0.5205272733140882,3.413621133991271e-05,1.2282624442688999e-05,1.3164144431167533e-05,0.00013153138588349413,0.3475590798923734,0.3929797845536754,1.1857547808994309,0.6679972338893783
91.29999999999696,-0.7422146848373697,0.6565764751318852,0.5427971701549287,-0.5810518191772398,-0.2975023473481081,1.0921881337957444,-0.7416241949325496,0.659736902840074,0.5418545903568166,3.383272793373143e-05,1.2647972412512833e-05,1.3524420524401821e-05,0.00013161293408618874,0.35051014145428877,0.3839192516259014,1.3178914305758478,1.0054386553894294
91.34999999999695,-0.7269438732209688,0.6650093708937909,0.5611437069389312,-0.5731881320226472,-0.2819605975969503,1.1125772575821378,-0.7282351873386904,0.6679603906730924,0.5641490520356536,3.348804476299154e-05,1.3020778064942008e-05,1.3930468394684718e-05,0.00013170037480956956,0.34836421821848823,0.40778247572789644,1.3425282137090435,1.4321910230188086
91.39999999999695,-0.7117794133045224,0.6737628409745127,0.5793536967954128,-0.5655159774449854,-0.26603712462818774,1.1310286565620347,-0.7105367255745935,0.6785806879177924,0.5817092756071514,3.3111388665718406e-05,1.3393257176290845e-05,1.437626363875904e-05,0.0001317795500330031,0.35351255202305215,0.3690279795979547,1.7350867297696326,2.153819137213992
91.44999999999695,-0.6967859212692699,0.6827906395790747,0.5975934716190486,-0.5582622434238347,-0.2501955418115096,1.1517689973492296,-0.695747302379214,0.6878969172517054,0.5979194394010561,3.2716643046252683e-05,1.3759017531630974e-05,1.4846615849396256e-05,0.00013187029979994759,0.34847283149424013,0.41480681574391826,0.7941266759454437,2.43979301424211
91.49999999999694,-0.6819294759267724,0.692102513810904,0.6158899970122237,-0.5512660521462083,-0.2340487612835937,1.172085893123148,-0.6802666480124846,0.6982583272450036,0.6069004734006742,3.231912154040409e-05,1.4108486861594857e-05,1.5325298858943262e-05,0.00013195651502211937,0.35195219328782357,0.4063379154783804,1.3053910505901323,3.992246736826104
91.54999999999694,-0.6674965302640372,0.7014686174778924,0.6356203041302904,-0.5445598591842626,-0.2176727949639466,1.1921439865620425,-0.6649736976614479,0.7095005273623027,0.6383678558621102,3.1952735222181606e-05,1.4429967715840555e-05,1.5775902282223028e-05,0.00013203601633421014,0.35392417044327323,0.401161868777911,1.5482071652094356,5.368155240837882
91.59999999999694,-0.653339908384774,0.7110026131873723,0.656174714347453,-0.5382676091514209,-0.20136601609406093,1.212921030994094,-0.6496130194221222,0.7211195755020277,0.6535870259185761,3.1502142316610805e-05,1.4768936038838316e-05,1.6326152701645585e-05,0.00013212471089873488,0.3495794261358616,0.4155408886410626,1.1576112099634397,7.961668492146516
91.64999999999694,-0.6393417967680912,0.7208128712756722,0.6771261280159396,-0.532268778062585,-0.18483120416532214,1.232607243161449,-0.6375237562836212,0.7297138681723073,0.6595088612634421,3.106415335724887e-05,1.5088945388512851e-05,1.6873544129157936e-05,0.0001322104067990705,0.35179310507410305,0.393724243347121,3.2455316321748477,9.459445773416261
91.69999999999693,-0.625561831181561,0.7308732225672909,0.6983006259694955,-0.5266880078026432,-0.1683978060200736,1.2542268693390461,-0.6233655711980394,0.7417036643776989,0.6923433532994094,3.0666040640808794e-05,1.53801880870049e-05,1.7377492038044314e-05,0.00013229253381907672,0.3471099558218721,0.4323925235519568,1.0436804112278328,10.321049018626804
91.74999999999693,-0.6119816886580363,0.7412250381523567,0.719578715769097,-0.5213577511761203,-0.1515544107699596,1.2743892875190657,-0.6084465934414558,0.7544155166702927,0.722124136979319,3.0187811461625397e-05,1.5677027337540075e-05,1.7981854500428518e-05,0.00013236978742168904,0.3533395946409226,0.4032483636004099,2.02147863918131,13.537425269938462
91.79999999999693,-0.5986213749954532,0.751868249447437,0.7408850608105655,-0.5164032505042379,-0.13470159992227704,1.295341705892561,-0.5964804742774261,0.7659320954140353,0.7533124900804182,2.9648097121586674e-05,1.597025353514085e-05,1.866891692788417e-05,0.0001324506213878369,0.35132640039309426,0.41904836746992696,0.7754611224435726,17.64059998069073
91.84999999999692,-0.5854960701423496,0.7628021510021995,0.762155865923178,-0.5118878907707305,-0.11803944309963686,1.3169731201843877,-0.5856576892529225,0.7762579434261709,0.7674068917769752,2.9045667750713194e-05,1.625299733145272e-05,1.9439587358251342e-05,0.00013253934011206393,0.3452694972710986,0.4326282858365647,1.9566193740247924,17.814993983019722
91.89999999999692,-0.5726118541602465,0.774020408552114,0.7833856155693188,-0.5076995078352876,-0.10120036529779747,1.3370536079487492,-0.5724392782767942,0.7890157449084936,0.7812429244653885,2.8481974097308004e-05,1.6511287430307113e-05,2.018040715364356e-05,0.00013262092411187514,0.3470488210893357,0.40160975528725085,3.051338951321858,21.057532146736857
91.94999999999692,-0.5599882402975449,0.7855113421893615,0.8046289064850691,-0.5038754471897295,-0.08435094173739903,1.358190159897557,-0.5600156998052433,0.8006802049764613,0.7960890872528981,2.794404510998248e-05,1.674863335513128e-05,2.0902471204364404e-05,0.0001326940514684895,0.34556482944622663,0.4227310389761744,1.9605098531486698,22.1140401905567
91.99999999999692,-0.5476141658556292,0.7972608780086717,0.8258704318685669,-0.500394940631963,-0.06730263162728412,1.3806264194462834,-0.5511082682552649,0.8097444769201698,0.8090832271056749,2.742067408168647e-05,1.696301223841318e-05,2.161220153344231e-05,0.00013275811110110395,0.34800661154701995,0.4487251909745629,2.6083608609855347,22.807311533583082
92.04999999999691,-0.5354767643050978,0.8092792619312796,0.8471810197996932,-0.4972859459118915,-0.05020366194597638,1.4012489152190986,-0.540516241506161,0.8210564359803848,0.8393667752532608,2.692320893583686e-05,1.7156321542380215e-05,2.2293341979932414e-05,0.00013281399625432452,0.34759247233691526,0.4124499154563236,2.516419752691433,21.742544836922214
92.09999999999691,-0.5236014561405425,0.8215400345091008,0.8685562109357732,-0.49450609478728186,-0.0328199463272031,1.4232063497188019,-0.5306337692987068,0.8314149549693217,0.857104631535059,2.6357855251882076e-05,1.732313712154363e-05,2.3055600860880035e-05,0.00013286557842020396,0.35209861863892106,0.43914868999409323,3.316325982837885,21.805499673544666
92.14999999999691,-0.5119851715889058,0.834039967564256,0.8899503466280342,-0.49212462579661753,-0.015606530490589274,1.4434325232202454,-0.5202108912227775,0.843191892985927,0.8710733889346178,2.5799200946976593e-05,1.7468776430947296e-05,2.3812452112947186e-05,0.0001329181266898918,0.347553376761561,0.40452347002888334,1.2885775264523252,25.013774731731804
92.1999999999969,-0.5006540231169723,0.8467804447969144,0.911351870710693,-0.4901065131144851,0.001599657344958979,1.4646471638689729,-0.5089996778704717,0.8574425300549675,0.9072150467441151,2.5260120849045532e-05,1.7595757823320752e-05,2.455105604351305e-05,0.00013296548063070347,0.3464892120233042,0.4242928129745698,1.0200227409470302,25.483625775278004
92.2499999999969,-0.4895814991299582,0.8597901113022435,0.9327998352031482,-0.48844012547090493,0.018981598857008886,1.485791878887663,-0.49807420020837534,0.8713668381672464,0.9316957308966929,2.4636323105456828e-05,1.7682834790937437e-05,2.5394918859202482e-05,0.0001330068246946784,0.349239229827536,0.4228943003738213,0.5137723623576819,27.823997299433138
92.2999999999969,-0.4787933287318963,0.8730390531159322,0.9543015428881032,-0.4871649319226302,0.03624239144662227,1.5083126309948822,-0.4904076279091738,0.883593813925418,0.9445416701254841,2.399156284088464e-05,1.7738686796036395e-05,2.627104137294069e-05,0.00013304906576708746,0.34616397315958986,0.4504150421444085,5.668733905394001,35.517012602634765
92.3499999999969,-0.4682797159077422,0.8865598889466977,0.9754804554196671,-0.4862817100728735,0.05357800482363818,1.5314712415823166,-0.4807189238416306,0.8969905864598511,0.9822173050254106,2.3387973367333168e-05,1.7780524499764383e-05,2.7108675967106798e-05,0.00013308060400413685,0.3471697214024512,0.4631722117487073,2.481145741933813,35.71687774131836
92.3999999999969,-0.4580832895869501,0.9002399196397246,0.9970485046451725,-0.485769563779938,0.07115712261788038,1.5518703128066393,-0.46679431612754557,0.9157585287032565,1.0061311396918198,2.2713904394994432e-05,1.7765782735768325e-05,2.8034768868134178e-05,0.00013311018890600694,0.3517376303964942,0.4079814244864735,3.43988336589534,38.69780315087917
92.44999999999689,-0.44816610252305233,0.9141466315080281,1.01878838578788,-0.48563062233977555,0.08867863905999207,1.573863150915968,-0.45622476172221993,0.9319577325036832,1.0253411434671964,2.2034751934163944e-05,1.771689069445539e-05,2.897736177988865e-05,0.00013312871722111032,0.3504484091262483,0.4398567621865933,3.060500089607747,43.00421441347808
92.49999999999689,-0.43856935781573514,0.9282346726980482,1.0405448385854537,-0.4858800265470209,0.10627290562407483,1.5960782267655471,-0.44824830447654007,0.9445547033185812,1.0403315185885003,2.1376021189168604e-05,1.7643087165748984e-05,2.990205442804239e-05,0.00013314112195969644,0.3519279199427694,0.44430151699161813,1.6331814844239678,43.222438033001545
92.54999999999688,-0.4292679521846211,0.9425280962633849,1.062321859715124,-0.48651662956682046,0.12369596401935602,1.6185578545552293,-0.44136265362199245,0.9564672455085557,1.0498434565071921,2.0747485428882637e-05,1.755175515919172e-05,3.078658581996031e-05,0.00013315692193279903,0.34870103413776665,0.44959255579366875,2.94964540369633,46.656575651741804
92.59999999999688,-0.4202691940101942,0.9570511308761114,1.0841835699494253,-0.4875237555915398,0.14103321152924223,1.6390849931415055,-0.43287991144040383,0.971752208619331,1.0671327752796218,2.0174151347032702e-05,1.746116988169402e-05,3.160235222390435e-05,0.00013316790298591806,0.34733559814357445,0.4105427717255507,3.1537030906704047,52.25906354428018
92.64999999999688,-0.4116045986682958,0.971734440485025,1.1060560491841693,-0.488877322852362,0.15818709860551675,1.6599959819301038,-0.421945565515603,0.9903784016718347,1.0941072968119387,1.9607753817953066e-05,1.7345660487954427e-05,3.2400986614970184e-05,0.00013317265691821766,0.34415041803085533,0.41821977577198494,3.5469547390214293,53.3398569838165
92.69999999999688,-0.40327216263856414,0.9866022712609089,1.1279681364340888,-0.4906086632968397,0.1755185719600851,1.680727529170042,-0.41488653816676,1.0041484243282182,1.115005281421439,1.9014698060107973e-05,1.7177313700771822e-05,3.322433054939477e-05,0.0001331655143255432,0.34836094758447195,0.4146309447987809,3.710470844551928,54.53923148765547
92.74999999999687,-0.3952579400433591,1.0016737315973845,1.1498724520028702,-0.49273834873790673,0.1930815661903207,1.702206468549326,-0.4086558160012463,1.017567310255343,1.1381612611608034,1.8425993752773824e-05,1.6975479143690116e-05,3.4041373700986126e-05,0.00013315733948894728,0.3538397150574447,0.429578787585706,3.9740556514679213,55.97405333781783
92.79999999999687,-0.3875663227371236,1.0169069452411241,1.1718492826767648,-0.4952370394946757,0.21046851288863552,1.7248531195993664,-0.39943257677381677,1.035605312490331,1.1709535500218058,1.7828467828529564e-05,1.673124291845276e-05,3.4863636241858245e-05,0.00013315687503443445,0.35131897670912693,0.45293302100084054,2.762367609345052,54.83120788318382
92.84999999999687,-0.3802120498342576,1.0322994808851933,1.193892105305145,-0.4981393607574032,0.22785137623926646,1.7476164479495102,-0.39106521026705504,1.0521715008387436,1.1851346637926046,1.7197083200728044e-05,1.641301459281118e-05,3.572453155603546e-05,0.00013315173176786578,0.35247741415672024,0.45526656700290463,2.7023085549448975,54.19093343892269
92.89999999999687,-0.37320018095808977,1.0478564613856678,1.2159461318449216,-0.5013721664799771,0.24478810168296422,1.77118979381628,-0.38443273520920623,1.0679012138297113,1.2096768578547898,1.6599138422229345e-05,1.6089749907813884e-05,3.653914601900142e-05,0.00013314704693441622,0.3448579241843747,0.47146691733542495,0.999639796344381,54.52968271010801
92.94999999999686,-0.36653061526228675,1.063567972356649,1.2380610503321297,-0.5050307602783046,0.26183106462384925,1.793322159864399,-0.37807294319167173,1.0823631463170589,1.2258096511966396,1.6007085823720785e-05,1.5725416870374994e-05,3.7344603242899786e-05,0.00013314030232747844,0.3486317815699562,0.44264732096240117,3.2732213927199165,52.473525185631416
92.99999999999686,-0.3602124968807394,1.0793822855742115,1.2601728845813414,-0.5090432287648041,0.2786902066578357,1.8155757725348707,-0.3714826535260285,1.099979296477417,1.248539766656604,1.5444156311092565e-05,1.5351682494849253e-05,3.811102134142706e-05,0.00013313582424078548,0.34660811762475985,0.44507225340945344,2.785710173361835,54.90548670280948
93.04999999999686,-0.35424538376840375,1.0953661557604186,1.2823099679093632,-0.5135144112602558,0.2958180073615735,1.8367162572342997,-0.3681546338895818,1.1125302796747467,1.2710159850316645,1.489578019458649e-05,1.494388953247442e-05,3.885856460481258e-05,0.00013312071535085686,0.3540422011168706,0.42280969398860296,2.719139223625936,56.230266546276994
93.09999999999685,-0.3486287380654433,1.111465013940718,1.3044636480985907,-0.5183196246871755,0.31270075644840134,1.8594567070245276,-0.3624883734250031,1.127560834348071,1.2862618074617176,1.4354124154456837e-05,1.4496594332468283e-05,3.959354616508882e-05,0.00013311885269260519,0.35107296743467287,0.45480899580458334,4.039231977122563,54.62318413331976
93.14999999999685,-0.3433772202967892,1.127688242114563,1.3266474945363986,-0.5235123400883525,0.329521729020225,1.8809831801339163,-0.35842733438456537,1.1432694656040827,1.3167334558365784,1.3847145392804597e-05,1.4050391189326765e-05,4.028238627248454e-05,0.00013311389622184841,0.35209168076652414,0.43052946218779864,1.0926667940086487,55.29929663093849
93.19999999999685,-0.3384928219307931,1.1440268053187306,1.3488560471574462,-0.5290065563698364,0.34601478810932385,1.9037318446872016,-0.3532885966785113,1.1613869754306139,1.3467930838781221,1.3328203395508625e-05,1.3528162390044865e-05,4.098218193537174e-05,0.00013311483998622021,0.34768977191736555,0.4549732910657328,2.101815485301326,55.561882563309794
93.24999999999685,-0.33396527295523626,1.160460398192288,1.3711387142230576,-0.5348871225285875,0.36243074400761516,1.9258232079714332,-0.34832032760736514,1.178603596086179,1.3643558180857216,1.2814502240660232e-05,1.29416498806899e-05,4.167682330706733e-05,0.00013311443937435676,0.3487560939787049,0.4418272656846686,2.1079284964192126,54.74399416244278
93.29999999999684,-0.3298060361979152,1.176998899090346,1.3934001041161168,-0.5410981645329342,0.3786309289686172,1.9479870032501907,-0.34640322979128424,1.1918729150555556,1.4016086125272427,1.233395247063682e-05,1.235274368683687e-05,4.232781055706416e-05,0.00013311207621352064,0.34700741120489664,0.4432759055751729,1.844921720203636,55.45139715592607
93.34999999999684,-0.32602321703563747,1.193733753966923,1.415319839328657,-0.5476457831296059,0.3946436242080638,1.969918929324157,-0.34165859065795023,1.2130687441554806,1.4194400063425725,1.1853864535350772e-05,1.166583569189835e-05,4.298746360312017e-05,0.00013312413350245248,0.34599983508084675,0.4386385214793509,1.7119898215795102,58.94640281177594
93.39999999999684,-0.322598804758219,1.2107891829497646,1.4358335138853622,-0.5546853014382259,0.4108419011140927,1.9915949725198647,-0.3398568986251528,1.2296852778069711,1.448906432871242,1.141746421740468e-05,1.098846683760046e-05,4.359833167522138e-05,0.00013312322515513658,0.3532428098416883,0.4335208639141865,1.031068625152649,64.50384142501628
93.44999999999683,-0.31953341100309535,1.2276703274709382,1.4578278101228723,-0.5620147999015962,0.4267479375771158,2.0135950036427204,-0.33642659626292704,1.2485944220532008,1.4522273137151078,1.1002279489455624e-05,1.02546490855755e-05,4.4187663877650846e-05,0.00013313253771430974,0.35027755577822994,0.4400006224571402,2.4511944284912204,65.96689590584083
93.49999999999683,-0.3168256627710499,1.244526909880142,1.4801377302717456,-0.5695428611686084,0.44218987453604475,2.0352052858157776,-0.33486430918703763,1.2607929225659504,1.4717328836903851,1.0634251941719483e-05,9.603461902273699e-06,4.4702831469266126e-05,0.00013313535832328377,0.34359080845875467,0.43220564346117013,2.8850296634178134,61.957344881361465
93.54999999999683,-0.31446462142622955,1.2614180947701406,1.5025189317584067,-0.5776271821408393,0.457889130194019,2.0574581939512466,-0.33251583109179006,1.281477460779234,1.4934589809563814,1.0299286934342059e-05,8.945193996573705e-06,4.518104015843402e-05,0.00013314436018438714,0.35317742951427367,0.44505816270941506,1.9766283375788094,67.76214591688343
93.59999999999683,-0.31247590732994446,1.2783396902791284,1.5249206882385826,-0.5859483534843799,0.473186821641201,2.0805065290861133,-0.3297592974855927,1.3017451170037686,1.5086108751776628,9.987625685640991e-06,8.262241777044044e-06,4.562335295543255e-05,0.0001331514104467111,0.348295668370495,0.4609667026973699,5.8402295648166875,70.39721543783354
93.64999999999682,-0.31087661815449324,1.295300115812286,1.5473437344735985,-0.5944804391203911,0.4880811446208167,2.101507249081509,-0.3292878467534025,1.3121382079190413,1.5353738103139438,9.703370102614303e-06,7.596534123551247e-06,4.6016203134820543e-05,0.00013315797923370816,0.3433063770016426,0.4200143999079375,5.558914010348796,62.06007343997415
93.69999999999682,-0.30967169546241574,1.3123034332354055,1.5698096958229155,-0.6035274502996493,0.5030861160841362,2.1252338896297154,-0.32808089015370984,1.3300212199022,1.5611977036822786,9.448065071615598e-06,6.8790074798181155e-06,4.638273801713377e-05,0.0001331788356143557,0.35043514801507675,0.47453281096414557,1.3532632435365368,61.0715051842261
93.74999999999682,-0.3088441914365931,1.3293255889989244,1.5922421995176896,-0.6129277232596234,0.5178998230279248,2.1472559535819684,-0.3274574809416306,1.3459733102916815,1.581390352424008,9.222868266683011e-06,6.129873127490114e-06,4.671392591519052e-05,0.00013320013915574174,0.3508979825535657,0.4404412790450861,2.3358752589339513,59.67484427123325
93.79999999999681,-0.3084007688471332,1.3463774714393977,1.6146592324848161,-0.622735760141177,0.5325892178273279,2.1717652113703636,-0.32629955651935855,1.3651898127146527,1.5966635677462335,9.030009600535205e-06,5.373106064766857e-06,4.700833594722656e-05,0.00013322542164779198,0.353265636371468,0.490185155767938,2.132476940312654,59.65755676645213
93.84999999999681,-0.30832476517843943,1.3634312088274898,1.637107982312471,-0.6327951941867792,0.5469156036494006,2.1941775330598556,-0.3267520466739129,1.3865275714756617,1.6318545493679455,8.862768428054532e-06,4.6463372555526314e-06,4.7264642965150184e-05,0.00013324950731789624,0.3501144793569025,0.44824643378985524,3.532509150520714,63.078772170667314
93.89999999999681,-0.3086336803590023,1.3804803538832453,1.6595607596857118,-0.6430206190544385,0.5608007477221642,2.2169332027366426,-0.3282313075755295,1.399149384318084,1.6653698191977249,8.734217547480659e-06,3.831780308842065e-06,4.7478550914725116e-05,0.00013328243314414718,0.3448880232310428,0.4551133935357698,2.5533059426851104,60.206715380978885
93.9499999999968,-0.30933382331996684,1.3975107900884995,1.6819950997188928,-0.6537136507853605,0.5746303201112735,2.2410290807377624,-0.33013087796881596,1.4096982810310776,1.6947649023736826,8.656656861803045e-06,2.953644321270321e-06,4.7648208280593966e-05,0.00013333057290338245,0.3496356884713112,0.48191756002242153,5.007696738873555,58.16796077319603
93.9999999999968,-0.31041420635162115,1.4145382043509676,1.7044675287587971,-0.6647613893214852,0.5882618755374375,2.262728491939919,-0.33176864601135225,1.4261266662313365,1.7039000909187045,8.62536366928689e-06,2.0538538414925608e-06,4.7774063933866854e-05,0.00013338709426440542,0.35093242134358704,0.43398822404316584,2.034183469730559,59.236651244933284
94.0499999999968,-0.3118690755863779,1.4314987662653835,1.7270320153138365,-0.6761955758824626,0.6017343866878587,2.2863476128921825,-0.3336233463287713,1.4399163849232555,1.7199993854038276,8.610738934340652e-06,1.2300339511311615e-06,4.787181942197428e-05,0.00013343810304943337,0.3534196912641518,0.472382419045298,1.6935489471279082,59.4871535482443
94.0999999999968,-0.3137073783964589,1.4484418365127432,1.7495641974594167,-0.6877021155604051,0.6146704665099597,2.3092033552191875,-0.3357911003814243,1.4516187446801596,1.7372549443334933,8.615900914515857e-06,4.3841831226359294e-07,4.7933872700315764e-05,0.000133491323634604,0.34626906606521185,0.4571148465401266,3.024691947881407,60.48499073543226
94.1499999999968,-0.31593085058469095,1.4653670114507027,1.7720659716740976,-0.6995268140234964,0.6273936866685142,2.3300127616709023,-0.33845120689208885,1.4673880908030088,1.7652259667235972,8.643407918530829e-06,-3.2235628641596137e-07,4.7963423498859714e-05,0.0001335472070313612,0.34739874061424764,0.4161881290343215,1.581475482770001,60.70701436068323
94.19999999999679,-0.318531753665414,1.482199274896783,1.7945608921282368,-0.7116714485542346,0.6399037507730673,2.3527345814355503,-0.34179396515215793,1.4859637645704176,1.7954672816125852,8.719330032606193e-06,-1.1163214847146716e-06,4.794173432366885e-05,0.00013361336182706775,0.34871589064991426,0.4544363952929975,1.2540166553632133,62.58390525368332
94.24999999999679,-0.3215036127278571,1.4989910604243677,1.8171275709241117,-0.7238686681809205,0.6519034766862823,2.375977891336806,-0.3458073889069959,1.5033773460150255,1.8172938516064292,8.846888977493603e-06,-1.9465127313337984e-06,4.786130040402326e-05,0.00013368998523146736,0.34221558676147523,0.464866198025131,0.22384226563528575,67.39310513552294
94.29999999999679,-0.32485020892782945,1.5156985801675198,1.839716514119789,-0.7366349831375092,0.6639031364622511,2.398303297309872,-0.3493953162274128,1.5252676214447916,1.8378667473171442,9.006889459683205e-06,-2.7524091446008736e-06,4.774658015225927e-05,0.0001337730090780863,0.3504188252641687,0.44650811946134866,3.61181399925431,67.67655825503383
94.34999999999678,-0.3285819001997309,1.5323242030118864,1.8623079214861615,-0.7496945082472326,0.675655000402617,2.4193963860675805,-0.35370618742799376,1.5382470205106191,1.8725872678375257,9.19229555866496e-06,-3.5321471314514275e-06,4.7593377229285735e-05,0.00013385523330552458,0.35137953632445956,0.421861775154187,2.2814400734403124,68.99149310766552
94.39999999999678,-0.33269474968901086,1.548878754806308,1.884807891404931,-0.7629753949912818,0.6870880702310538,2.4422511838261203,-0.3578109394820029,1.5531531039662239,1.9001700774974193,9.452196804819002e-06,-4.357503484931905e-06,4.736473184629967e-05,0.00013394824266778924,0.3504913158565611,0.4570959551708237,2.368695669916413,68.24258879740628
94.44999999999678,-0.33718947038023417,1.5653332228201988,1.907264700297834,-0.7765973634162849,0.6982649221179706,2.466698676197762,-0.36339627484080567,1.571845402574667,1.9166324012499434,9.761600680057745e-06,-5.179225390115331e-06,4.70805794192383e-05,0.0001340540299881536,0.3524176535356662,0.48894984743286835,1.2730865878903934,71.5972865124335
94.49999999999677,-0.3420302685071302,1.5816680176097062,1.9298304685693835,-0.7903644481894075,0.7090213958228571,2.4899959634467503,-0.3675187347972393,1.5840678517100475,1.9319791077149082,1.0074065445881465e-05,-5.946531502454496e-06,4.677746811449819e-05,0.00013415467203474598,0.3494270487126038,0.46594574497980773,2.5566233229667183,68.55238461356993
94.54999999999677,-0.34724028696413056,1.5978995881934333,1.9522947729024556,-0.8043523908937047,0.7194439197562491,2.512463978788789,-0.3741822387484224,1.6010415683539674,1.9506875964107753,1.0384845287371205e-05,-6.657309380013351e-06,4.645967509525898e-05,0.00013426515561209206,0.3488864270171809,0.4493603068407864,1.6025498686545339,75.5191401630146
94.59999999999677,-0.35285902602140523,1.6140610533512718,1.9744715056334101,-0.8186325421703349,0.7296035096383262,2.533985008847706,-0.38092449531810285,1.616939382960555,1.9817134106228051,1.0708251769652506e-05,-7.329691949172998e-06,4.6116869571516075e-05,0.00013437819414080575,0.3505149593241036,0.4304206011783553,2.6101533436151403,80.08458336085059
94.64999999999677,-0.3588323570317902,1.630084677013815,1.9966100086553444,-0.8332709286265793,0.7395389439155433,2.5565921525597304,-0.38873745677423416,1.633884420615821,1.997670982705987,1.1096875645993183e-05,-8.011408275636343e-06,4.5704318814371294e-05,0.00013451272514537844,0.3538409491299207,0.45214287424051475,0.8043715768902027,89.08128824987172
94.69999999999676,-0.36515513551198875,1.6459695940687387,2.0187771402921153,-0.8479319145230613,0.7490173728628283,2.57876172880158,-0.39610691600846326,1.650541453384821,2.0113167514716377,1.1480276022544448e-05,-8.642998135235352e-06,4.527900195138239e-05,0.0001346537827601304,0.3491690744105887,0.443391524837021,1.5570974698779667,94.68898725301861
94.74999999999676,-0.37182632761625956,1.661720003307805,2.040966235811143,-0.8627057331354149,0.7581034469494681,2.601654397064838,-0.4020478629349825,1.6616768838709968,2.0462745761226984,1.1855360330861746e-05,-9.226920780201718e-06,4.484782363060541e-05,0.0001347737461977868,0.3468922580966905,0.4578533652651689,2.2326101195005315,91.99343623040821
94.79999999999676,-0.378847061345402,1.67733321876154,2.0631788782490057,-0.8776894757547817,0.7668433418256639,2.62544392455722,-0.40825154689716575,1.6741555957304288,2.0689047070045135,1.2316834980552465e-05,-9.830603255450816e-06,4.4324608298336105e-05,0.00013490663498589499,0.34693659169257457,0.47579054984767255,2.446330665874631,89.89496709060033
94.84999999999675,-0.38624378509313295,1.6928408769603114,2.0851448642360575,-0.8929864794152855,0.7753063261262283,2.6470797133778987,-0.41650740374517575,1.6903521210665944,2.097986401157163,1.2795452529705823e-05,-1.0398519330108032e-05,4.377493682349487e-05,0.00013504199604306064,0.3496468769892951,0.43271577641360104,1.1870050298795087,92.36763856207902
94.89999999999675,-0.39400291777731783,1.7081744872776863,2.1069338146198757,-0.9086195199157341,0.7835150444230747,2.6690739924707145,-0.42385644951466994,1.7055819871699944,2.1192702097585174,1.3326925735248101e-05,-1.0949356492098097e-05,4.316386599201374e-05,0.00013517782306678188,0.3531501550649514,0.4398855818563508,6.114873392868188,88.41781656566579
94.94999999999675,-0.4020335559571276,1.7232390428001534,2.129295198918427,-0.9241511309248291,0.7912295309702086,2.6921097398307072,-0.4326210473328451,1.7206311690964173,2.138936685741413,1.3868893926288744e-05,-1.1462517085660734e-05,4.252344028315981e-05,0.00013532809649345137,0.3468472531987808,0.46071494719987316,1.355648541801142,91.00337115093588
94.99999999999675,-0.4104017609811533,1.7381698736241624,2.1515979172835804,-0.9399236125341165,0.7986180206241154,2.7149078689007764,-0.4404641637521674,1.735365960828017,2.1459452795203298,1.4408742171002326e-05,-1.1927727710995258e-05,4.1868312456745285e-05,0.00013548743878917904,0.3483527495299154,0.45596258140141305,6.877079153842775,88.70671012694811
95.04999999999674,-0.4191538645939149,1.7529765438896743,2.1731391473596844,-0.9556655364351853,0.8055536450187117,2.7382869866080313,-0.4487548468401132,1.7475239764806465,2.1765100401595676,1.4891954684273474e-05,-1.2334667031810172e-05,4.1258230221967165e-05,0.00013561013435779286,0.34404914332183173,0.4675823541451123,1.5223134168962758,88.26237432648914
95.09999999999674,-0.4282883799375428,1.7676304178410063,2.194309030987217,-0.9718041544558006,0.812233641936922,2.7600119159294145,-0.45865041937912315,1.7641234536710422,2.2065714169989183,1.5433472661198253e-05,-1.2722070559296969e-05,4.058422739490059e-05,0.00013575625981987816,0.3493361416957497,0.43449858642768774,3.47352368844421,86.8060826097873
95.14999999999674,-0.4377490292345829,1.782086932998006,2.215382295098869,-0.987933236053106,0.8184865562326589,2.783492700318221,-0.46721236794713905,1.7764362309677182,2.228140737674954,1.603814421496347e-05,-1.3093839701752871e-05,3.9843715269847974e-05,0.00013588958343463268,0.3459826352804439,0.46961568777615703,3.958550571974799,84.41475798446011
95.19999999999673,-0.4475033030786273,1.7963439215749617,2.236451885742205,-1.004185530690572,0.8243649175862093,2.805583350441956,-0.47668231059099175,1.7903309037032633,2.2427165241733924,1.6642679926451547e-05,-1.3423366394935857e-05,3.9092290508482157e-05,0.00013603257883128015,0.3456613141327396,0.4418130024747219,2.285012388005839,82.22121950791474
95.24999999999673,-0.4575622141819179,1.8103951007947678,2.257567976981403,-1.020862245029519,0.8299878967122267,2.827192977646412,-0.48573341508889095,1.8017757805653232,2.267435487985491,1.721478179331128e-05,-1.3705205913234033e-05,3.837148825418326e-05,0.00013616466173424485,0.3519901980126051,0.4321925440891454,1.259514008955292,81.2368647327408
95.29999999999673,-0.46789985759407343,1.82419925400891,2.278763451526878,-1.0376385437108957,0.8352435364321633,2.8488059466926217,-0.4940195978890797,1.8116440291865656,2.2868607301652233,1.7816728541700062e-05,-1.3959687063605095e-05,3.762292137832842e-05,0.0001362841295443696,0.35161227368323794,0.43225938092420785,2.0822525657178357,79.35759279361864
95.34999999999673,-0.478555070154876,1.8378140107234286,2.299757957449857,-1.05463573375528,0.8401555075136174,2.8717334061742754,-0.5039063074318514,1.8233195068054275,2.303360904194152,1.8418792129726967e-05,-1.417875496349746e-05,3.68743989816027e-05,0.00013639507613094696,0.3538619178454568,0.4585491896331028,3.263354803774178,80.28989247923869
95.39999999999672,-0.48944405006877023,1.8511438460351024,2.3209009862486285,-1.0718207619650197,0.8447063180002606,2.893710827731148,-0.5122044325382615,1.8322487496071467,2.326550737463923,1.9002300607508323e-05,-1.436498175328578e-05,3.6146924146539685e-05,0.00013648058237708538,0.35555466052893747,0.43954843113746933,3.0114374051539166,79.57001440630025
95.44999999999672,-0.5006368288694858,1.864290976083733,2.341906010216561,-1.08875395895965,0.8488030570871328,2.9147262222199606,-0.5211265367811498,1.8414027892313158,2.3423256099872702,1.9605126715007054e-05,-1.4524370637797871e-05,3.539445123346064e-05,0.00013656115657684065,0.34844087156365994,0.4203078897762743,3.5052103588029206,82.38970044946849
95.49999999999672,-0.5121214525587833,1.8772231462368179,2.3628727692461466,-1.105892218937776,0.8525625367298642,2.936576102701302,-0.5311283980643212,1.8520024496344487,2.369807540670169,2.0189481688440453e-05,-1.4653159195167306e-05,3.466561143802318e-05,0.0001366349447295615,0.35092215116271197,0.43699760962687034,1.9663604661880658,82.19200102861757
95.54999999999671,-0.5236836652113538,1.8897366596710412,2.3848784880249996,-1.123285105097189,0.8559632973098911,2.9604293840850513,-0.545795520659045,1.8679531608024007,2.379260476258647,2.0819598825062147e-05,-1.4745854983989689e-05,3.38934938580727e-05,0.0001367237056027094,0.3544531302543009,0.47706562767500427,1.744658302105758,87.26973216537885
95.59999999999671,-0.5354950458119063,1.902022643995712,2.406894631058961,-1.1404697651770588,0.8589182463707331,2.982181092566524,-0.5593597009650544,1.8817055919937036,2.4140595115253287,2.138532478051001e-05,-1.4813537319877448e-05,3.3180846260922914e-05,0.0001367994468993281,0.3487441779726943,0.4350341696294821,2.759694760868489,86.58636100586314
95.64999999999671,-0.5475959074836464,1.914073079282657,2.42889479258027,-1.15770118921268,0.8614960267465276,3.0040113773283856,-0.5709483922639367,1.8905142555669747,2.447596570584702,2.203903345240202e-05,-1.4847921349233756e-05,3.239512028343876e-05,0.00013686550909703998,0.3484703614006505,0.43660569523725407,3.7836927747003197,93.69053570135297
95.6999999999967,-0.5599519757346846,1.925838251231675,2.450948137924841,-1.1750724986443593,0.8637114576072629,3.0254756705653696,-0.584539971365254,1.9022305994258777,2.4724417799960516,2.2759058362480352e-05,-1.4842339938772394e-05,3.15621169813404e-05,0.0001369209743588162,0.35024694119413763,0.4292858647397038,1.0720900791836552,98.43486749389882
95.7499999999967,-0.5725733770887056,1.9373254046490753,2.472935114065258,-1.1924077671189446,0.8655516091702571,3.0462002130321935,-0.5980802155546312,1.9145413467619585,2.4897176166485657,2.3486537591047807e-05,-1.4801675771432098e-05,3.072982137075783e-05,0.00013695935057985107,0.3486594718448923,0.4144908493364932,1.2540354125428452,98.28291090259607
95.7999999999967,-0.5854239620541893,1.9485094833273948,2.4948646804998917,-1.209740353416825,0.8670233748607803,3.0675650640165726,-0.6105422881018706,1.9249943988799916,2.4949931560417884,2.4183296547975316e-05,-1.4735265694628756e-05,2.9933652138623108e-05,0.00013698159679687878,0.34790582175078993,0.42729701968760314,2.225276833519006,100.7367301918585
95.8499999999967,-0.5985594493889946,1.959431184489251,2.516744609322066,-1.2273105728419895,0.8681354171320018,3.0892062316365063,-0.6212820025557232,1.9336327100701804,2.505858967543049,2.479002195589459e-05,-1.4662110176126783e-05,2.923096383033029e-05,0.00013698616792998314,0.35211438241050846,0.4328233523987029,1.8168046034451533,103.01362458972585
95.8999999999967,-0.6119080102165105,1.9700348755081158,2.5384881250548093,-1.2448289569229944,0.8688662115172916,3.110595709652487,-0.6339102413340301,1.9447434565538406,2.5277390046302832,2.5349196246332414e-05,-1.4577840573230164e-05,2.8576834957365098e-05,0.0001369776688845867,0.3506790911634578,0.4277895603196337,4.7696250990252,97.45302732438437
95.94999999999669,-0.6255033138753704,1.9803602187253624,2.560236300116219,-1.2625195176591506,0.8692293162177714,3.1315446891086562,-0.6506401926829873,1.955517024580954,2.560843435584122,2.5923246937548435e-05,-1.4464578004799165e-05,2.7919806959739063e-05,0.00013696882746768008,0.35389220650911973,0.4189795891234006,2.0698822248080737,103.37748296384746
95.99999999999669,-0.6393207535534952,1.9903795666374062,2.5819698335023777,-1.2797931045461632,0.8692170306331388,-3.1301222187622812,-0.663771545403271,1.9654000887764587,2.5768503509931957,2.6571981416470586e-05,-1.4304485240594707e-05,2.7202044370607162e-05,0.0001369433393419161,0.34547849053448837,0.43036798617299676,2.0316634516819327,101.90740192727249
96.04999999999669,-0.6533286465371625,2.00008745119696,2.6036826026003235,-1.297196685007611,0.8688317151222148,-3.1087902938306007,-0.6779095534586497,1.974433438937648,2.608228553110709,2.7190803267595904e-05,-1.4128970145832833e-05,2.6522609421759338e-05,0.0001369066264240335,0.34816350898696596,0.4266384986336397,2.418338508459063,101.11398868076967
96.09999999999668,-0.6675708790117885,2.0095065116514723,2.6253806752924596,-1.3146678701375178,0.8680717780311769,-3.087456620403492,-0.6944924093025234,1.98485294116457,2.635369728491696,2.7859086533740177e-05,-1.3902093830062762e-05,2.58131337184901e-05,0.0001368697368371835,0.34976072584509904,0.42667346854219573,2.756693207056199,103.66096746215294
96.14999999999668,-0.6820092932806303,2.0186064728329893,2.6470642377845515,-1.3321453111877781,0.8669369421627162,-3.0660477994168005,-0.7095088874921424,1.994098049276224,2.650640664243414,2.8543404363057796e-05,-1.3632582120157586e-05,2.5098376311911895e-05,0.0001368220766415406,0.350291601150593,0.4281764197338576,1.5833400583059711,104.83436155856452
96.19999999999668,-0.6966821720582549,2.0273907136405063,2.6685726602736293,-1.3496829774467725,0.8654109642920366,-3.0435517875417943,-0.7184270406037178,1.9980974309165802,2.6685968038112637,2.918912863848572e-05,-1.335617387495677e-05,2.4432114427984424e-05,0.00013676358294993106,0.3520860211974515,0.4499202375001498,2.979010392401063,104.00030215286374
96.24999999999667,-0.7115984678755657,2.0358871346314302,2.689871512324539,-1.367184860766217,0.863485659608812,-3.0205034555987833,-0.7355876680939742,2.0073536301839776,2.7021122906379995,2.980839043282429e-05,-1.3062200538311962e-05,2.37936387650827e-05,0.00013669925117486663,0.3521570346019508,0.4609666388602459,3.3742498136806924,104.4018806175864
96.29999999999667,-0.7266782285726252,2.0440465446278666,2.7111245250433886,-1.384390893212153,0.8611979841947619,-2.9983168629979193,-0.7519067326084854,2.016060052198696,2.721533485063377,3.04700652915091e-05,-1.2705921265080188e-05,2.312478917332184e-05,0.00013662186425334138,0.34715608610811133,0.4437318520173073,2.257644950795838,105.04727651658793
96.34999999999667,-0.74194393126736,2.051894892789432,2.732393686444856,-1.4018127998751448,0.8584925605159995,-2.976752189869412,-0.7675774857889702,2.0249064614201036,2.7461210555348803,3.110186861121959e-05,-1.2334054650363639e-05,2.2496970127774733e-05,0.00013654537011520537,0.3526211538628573,0.4312934625701661,4.604340468294139,99.95221414227002
96.39999999999667,-0.7573485334747632,2.059405341430868,2.7536681217284977,-1.4189176764082057,0.8554554953530074,-2.9549847895468893,-0.780942291570795,2.0297003620293426,2.7713978507568697,3.1726603162760596e-05,-1.192683775976651e-05,2.1874224220765857e-05,0.00013646339108707958,0.3474550232108307,0.43534800645047994,3.441823354236762,103.27188782923314
96.44999999999666,-0.7729125150773528,2.0665890038324486,2.7748686739199466,-1.4360838201227708,0.8520219620071628,-2.933375274202003,-0.7960623134674693,2.035846689457987,2.7908299007174193,3.234416107172785e-05,-1.1483628707965807e-05,2.126914699168633e-05,0.000136380969749536,0.35013001438272684,0.432190306897744,0.4242744834314198,105.2305333489767
96.49999999999666,-0.7886309381905794,2.0734375763274597,2.7960367004271824,-1.4530240726682198,0.8482586893893159,-2.912610295013018,-0.8116241794614526,2.0434892389264983,2.7991197589125045,3.292930570480957e-05,-1.1029704720040296e-05,2.069743540028734e-05,0.00013629197863175078,0.34707071193209643,0.4152995837797275,2.7836799787692215,102.24350281779144
96.54999999999666,-0.8044918320376457,2.0799626709318204,2.8171273205289267,-1.4699636389946262,0.8441192384653029,-2.891237189914643,-0.8313967662603096,2.05216848348405,2.8161843839589107,3.344735016485236e-05,-1.0605219263260225e-05,2.019102940305651e-05,0.0001362068811500489,0.34876670554975986,0.4274621019675256,2.2829187508666857,103.87383821253229
96.59999999999665,-0.8204893068926411,2.086163815715331,2.8381625432194495,-1.487011286021662,0.839575801062406,-2.8710283188706547,-0.8475868915422399,2.058740450029932,2.8544323828744425,3.3933459264463504e-05,-1.017360812209813e-05,1.972010659363421e-05,0.00013613103701124083,0.3528601344202756,0.40417742087979136,5.237222393398675,97.6173722245477
96.64999999999665,-0.8366245662528229,2.0919845260214025,2.8591358782279226,-1.5039095131269047,0.8346877165124361,-2.848996311553253,-0.8615992399553054,2.063663443990424,2.8612155706864497,3.446034057552657e-05,-9.63805492847775e-06,1.921677238784708e-05,0.00013605810073592803,0.35182721179603205,0.440640146348062,3.627444116195468,96.37384686703889
96.69999999999665,-0.8528816421649645,2.0975136344172496,2.880036915390231,-1.520836225748448,0.8293973700484506,-2.8283386590988413,-0.8797724063855082,2.069802650419331,2.8750992932165227,3.491977043622563e-05,-9.153048685467076e-06,1.8782574191410677e-05,0.00013598907218357716,0.3546900338471158,0.41315304908825756,3.5560968343688795,99.6447358796826
96.74999999999665,-0.8692548745060847,2.1027009893868494,2.900872128901563,-1.537386876242567,0.8238409643187647,-2.8070503014416337,-0.8920350737699688,2.0728312523759094,2.908963110665625,3.534392680199914e-05,-8.676619171712169e-06,1.8378724279520774e-05,0.00013591236567622858,0.349175708041929,0.42576715314417884,2.9620559894892335,93.50680360104568
96.79999999999664,-0.8857073905370513,2.1075365747366237,2.9216598946533785,-1.5537295964190745,0.8179739034808017,-2.7867923130960035,-0.9066170664340107,2.0769258926570098,2.9279252913335245,3.5784537118015424e-05,-8.117890004300395e-06,1.796282627194838e-05,0.00013583756328981335,0.34728502244831766,0.40515976691262706,2.9757294063849065,91.60515685859689
96.84999999999664,-0.9022932869099248,2.1120263060377367,2.9423384980818295,-1.570146736673404,0.8117089410746605,-2.7672849155776515,-0.917207741027198,2.078758201038932,2.9580979868549537,3.6198759811139585e-05,-7.5551735981208295e-06,1.758212320363971e-05,0.000135774152375893,0.3514439015902999,0.39014795036706096,3.8568302026999453,89.21194858130322
96.89999999999664,-0.9189759603647383,2.116157176068419,2.9630177634390544,-1.5862208072165107,0.8052004905487887,-2.746447316293377,-0.9324325195089384,2.081446852625249,2.978274324646554,3.661361492564437e-05,-6.929427267223624e-06,1.720579387505975e-05,0.00013570828408803688,0.3468409168865633,0.41675198568551197,2.192842856390295,92.77592336836435
96.94999999999663,-0.9356996091944703,2.1199383700098293,2.9835589098165727,-1.6022407431495058,0.7983144102529207,-2.724804469668504,-0.9456883070513279,2.084074216706274,3.0047619452835814,3.700105983314696e-05,-6.295617967781374e-06,1.686369634974618e-05,0.00013564912045178893,0.3487510963869407,0.43285693249749285,3.3325813181411927,92.08804148310367
96.99999999999663,-0.9525338247462288,2.1233696596083336,3.0040354759006354,-1.618252595214535,0.7910274668986731,-2.704212092887553,-0.9671248414989148,2.0888462955635045,3.0177347605762224,3.7370945413464674e-05,-5.6260390089465255e-06,1.655032025642418e-05,0.00013559544950278603,0.35184649285793274,0.4118475356190483,2.581467606933657,92.23699591012829
97.04999999999663,-0.9694326706312182,2.1264490644673506,3.0245011595585285,-1.6338734806067376,0.7835261256424674,-2.683588206320532,-0.9836053343379014,2.0918960493354968,3.0218809751194904,3.770084093413184e-05,-4.989567073527091e-06,1.627364597800212e-05,0.0001355360534696636,0.34657918282795525,0.41247773134044036,1.6627278250100097,95.34587849821762
97.09999999999663,-0.9863625454758418,2.1291795935755022,3.044926384621825,-1.6495149702236531,0.7756201216968348,-2.663599580097806,-0.9985236130190615,2.0939419176322174,3.0496022250136576,3.798476406893804e-05,-4.427387534931829e-06,1.6044826530482532e-05,0.00013548766667995527,0.3505260749730388,0.39977252445454675,1.7672856665864356,93.03413553901073
97.14999999999662,-1.003347053553632,2.131568109531773,3.065353775484828,-1.6649221368761429,0.7674431742139394,-2.6437390219697345,-1.012824963150217,2.094847166474381,3.0719764339137905,3.825712549249975e-05,-3.808598944857187e-06,1.583042791162122e-05,0.00013544318417287393,0.34885713701371796,0.39721116256145217,0.9444126720741943,96.41428407581937
97.19999999999662,-1.0203632564890808,2.13361841661158,3.085693641839268,-1.6801753321555388,0.7589510726852903,-2.623436235561945,-1.0273911326671943,2.097040194381062,3.098296299587396,3.850978197366597e-05,-3.165510812599437e-06,1.564178542739331e-05,0.00013540079398376755,0.3491625546629501,0.4060557281558152,3.3752350633216777,91.92850741852685
97.24999999999662,-1.0374629985746542,2.13531470916275,3.1059854704608725,-1.6953746279655473,0.7500641424439913,-2.601571621386604,-1.0458532898026731,2.098020685995299,3.125299316957852,3.87449041592912e-05,-2.4776307238284105e-06,1.548212522699936e-05,0.00013536914340011525,0.3521411491393171,0.43729228350685034,1.164919531693136,95.36730994393038
97.29999999999661,-1.0545496478378775,2.1366581757839294,3.1260837997223376,-1.7102718516765911,0.7409294337141177,-2.5815021410152372,-1.0663679130710566,2.098987147384669,3.1415263431465705,3.895816207500282e-05,-1.7563793463419363e-06,1.5351973622127598e-05,0.00013533115445772039,0.34950274845034734,0.4013896074273532,2.130252699647918,99.72426521650699
97.34999999999661,-1.0717027750161485,2.137644404794488,-3.1371671070443217,-1.725039750364205,0.7314530266053079,-2.5606613366185558,-1.0841094490816634,2.099867665232185,-3.131111648087447,3.91453605624711e-05,-1.0545018693168254e-06,1.5255434499299933e-05,0.0001352973105535583,0.3509440227448303,0.4168160879336536,1.2598164493232529,101.81287224677659
97.39999999999661,-1.0891298145564412,2.138228395893525,-3.1185050169840234,-1.739413190449192,0.7218198464162878,-2.541624767156523,-1.1033571400525903,2.1002780204555176,-3.1058024168729856,3.930917992932145e-05,-4.0523688099577983e-07,1.5180803549121069e-05,0.00013526123502959457,0.34606530139069525,0.38073138924067945,2.1683731449449573,101.77233028250954
97.4499999999966,-1.1068066012401652,2.1384816765181087,-3.100071155974418,-1.7537986879532554,0.7117774292298916,-2.5226704425468083,-1.1216859962678283,2.0990162388343445,-3.0780247860134935,3.944807095170932e-05,2.796669520749397e-07,1.5141703271353187e-05,0.00013523470926568,0.3508856774023178,0.3790864921943164,1.570276530646958,108.0000846083277
97.4999999999966,-1.12448947921234,2.13838298593512,-3.0817848526295317,-1.7677944427920709,0.7015822608964137,-2.5013868211015606,-1.1341664004047234,2.0983984784579532,-3.057354811018287,3.9559626911255606e-05,1.0132919682589134e-06,1.5135835839475136e-05,0.0001352067652917538,0.3463142672370188,0.4256724289049744,2.607523358747917,106.8693722633632
97.5499999999966,-1.1422739538593158,2.1379620371045336,-3.0637930391784445,-1.7815870322981284,0.6910860941945597,-2.4807898903645698,-1.1511449996300864,2.0988207363964713,-3.0507645821270795,3.965188752648439e-05,1.7452688956741734e-06,1.5161744056879653e-05,0.0001351842010380546,0.34665006049285046,0.41193861473983945,3.6868976649490914,102.47741167149276
97.5999999999966,-1.1599122243593951,2.1371970802290976,-3.045851860851915,-1.795103836664965,0.6803683054631394,-2.4615735306629047,-1.1650475547545902,2.097646774108225,-3.030326903080818,3.9735441899547226e-05,2.401335760429052e-06,1.5198978719085413e-05,0.00013516514446882148,0.34501255214305054,0.3843271940333179,2.797277532663361,103.52594930003583
97.6499999999966,-1.1775455165521218,2.136127038330893,-3.0278744640848125,-1.8087863571962723,0.6690834897378145,-2.442295580832545,-1.1839070825522577,2.097311271812305,-3.0084965636553562,3.979470401040718e-05,3.0681260331444456e-06,1.5274322985172383e-05,0.00013516483360661568,0.35472139832996313,0.3855589966072241,3.730533209337898,98.84058026456675
97.69999999999659,-1.195131117548323,2.134766472955842,-3.0098878228168267,-1.8219920022549374,0.6577528295174451,-2.4226304568240513,-1.2001563112214404,2.0955264343687876,-2.9907340161802494,3.98280581703141e-05,3.7499407624835056e-06,1.5375947128914283e-05,0.00013515554952233408,0.3480130341941477,0.3933024801698906,1.2136692712214743,100.84532998685572
97.74999999999659,-1.2127537118051823,2.133108636918707,-2.9921015295320137,-1.8349055029284025,0.6462323102562395,-2.403655068484346,-1.220186939886177,2.091896203919911,-2.961319990616411,3.9843552389656956e-05,4.420440872725014e-06,1.5500150421519825e-05,0.00013514279870408335,0.34611550090127946,0.3795077667941347,1.6669739298384556,110.32572569643544
97.79999999999659,-1.2303060413480402,2.131113832386945,-2.9742106276593003,-1.8478083937308365,0.6342636064849582,-2.3838194145974145,-1.2381116632569429,2.0893021107207193,-2.956042280138949,3.9817711977688606e-05,5.142344692015349e-06,1.5680213121431285e-05,0.00013513601881153843,0.3519912593939729,0.39671307773865133,1.8981141243567579,112.78775449707692
97.84999999999658,-1.2478108896817706,2.1288085223011977,-2.956440820409835,-1.8602483702286767,0.6222819494272919,-2.366099049150628,-1.2557655445239015,2.0872795634227423,-2.9479987500040292,3.980179424739177e-05,5.783238033158392e-06,1.5849674872380104e-05,0.000135126020205865,0.3454393882458341,0.3544073089357493,2.35393855797277,112.26847835248243
97.89999999999658,-1.265225464373709,2.1261589932316327,-2.9387133377850523,-1.872573945680737,0.6099692441887697,-2.3473346642273363,-1.2713119719318746,2.084725591468955,-2.9368788320416424,3.9782219561988226e-05,6.375819179866452e-06,1.6025727220750073e-05,0.00013512273721034602,0.34844306655910723,0.3752876984658624,1.3027120151600649,114.08543431120935
97.94999999999658,-1.2826188183291483,2.123198455550896,-2.921296351675894,-1.8847063976775689,0.5973843146604062,-2.328446312370124,-1.2857879032566568,2.081704113828718,-2.9093254894091336,3.9752949127336974e-05,6.939265510309869e-06,1.621190345767305e-05,0.00013512289322962172,0.34962032429560364,0.3777670371442701,3.495350647532846,113.26997557349188
97.99999999999658,-1.2999351966976673,2.1199735863468065,-2.9037344814203165,-1.8965152511239167,0.5846643601795795,-2.309688560546303,-1.3067878820408272,2.07829390720865,-2.903457155566102,3.9680292609526134e-05,7.554009039741961e-06,1.64451313278709e-05,0.00013511994904849764,0.3471340344824497,0.3751550364764366,2.573504335602715,114.41341410006402
98.04999999999657,-1.3172340872048298,2.1163981418736535,-2.886256349181877,-1.9081401538408986,0.5716542600384699,-2.2903610509986887,-1.3200835029983895,2.0753393922238383,-2.8794413914979815,3.961410743033927e-05,8.112385625676058e-06,1.6673707634040016e-05,0.0001351193790734298,0.34894729966355575,0.386550190952308,1.740701884617776,111.72326217235444
98.09999999999657,-1.3344598044938425,2.1125425882929076,-2.868962013157395,-1.9195909479354873,0.5583377299511405,-2.2716508609215307,-1.3362449430993373,2.0715545394121944,-2.8579902087777267,3.95129260914083e-05,8.702948853227391e-06,1.6946431644074376e-05,0.00013512388534166837,0.3512603919766509,0.37420380154318,2.6668267742806453,111.1160621393033
98.14999999999657,-1.3515960554173452,2.108371400501898,-2.8518089437998992,-1.9308447511492774,0.5447458278907186,-2.2530812648054304,-1.354572528279436,2.066779408467482,-2.840854739569181,3.9384473292969765e-05,9.308395380317787e-06,1.725652648413044e-05,0.00013513005208910727,0.35292879538909605,0.37139192232202894,1.7377384535375868,112.71029999163498
98.19999999999656,-1.3686729044077581,2.1039238792640935,-2.8345357911477405,-1.9417245337045717,0.5310921363193392,-2.2341314269479686,-1.369180020002633,2.061788441259461,-2.8256312937146717,3.924094601721441e-05,9.906762243590552e-06,1.758591579844998e-05,0.0001351297428947758,0.34917163858334094,0.3789967571492541,1.0201386224244822,118.98555927722502
98.24999999999656,-1.3856664009599966,2.0991738251928544,-2.817417480375954,-1.9522656592652061,0.5173353319750957,-2.215099366946534,-1.386306978302626,2.0572357337266225,-2.804628096024324,3.909000303012272e-05,1.0490362681550546e-05,1.7928838185250945e-05,0.000135127648588132,0.3466260581751527,0.3806412000287151,2.647887811385369,116.53531497564128
98.29999999999656,-1.4025395326857808,2.0941620165028505,-2.8004911674988504,-1.9626293110639021,0.5032571964745772,-2.1956523139563036,-1.404649806509925,2.051940368038357,-2.8008039734621297,3.891058241947691e-05,1.1084775345046285e-05,1.8311671546525356e-05,0.00013513103253545925,0.3496334132294787,0.3889410598046279,1.9927217055973734,119.27363028325149
98.34999999999656,-1.4193381866855515,2.088823892044401,-2.7836036480250335,-1.9726045803465766,0.48913423954419405,-2.1758448789350706,-1.421604873390314,2.0463494599180545,-2.7692436846848434,3.875970623885587e-05,1.1617448650419608e-05,1.8665654552712797e-05,0.00013513296778966578,0.3458171102757452,0.39614870042468214,5.2685483361738665,116.01778066901286
98.39999999999655,-1.4360451230665023,2.083175968844203,-2.7666064546961544,-1.9824402374295829,0.47464085598853384,-2.158227417408076,-1.4383264939417744,2.0401685403612464,-2.7567961848381874,3.85419184619204e-05,1.2200518920502265e-05,1.9098262662896793e-05,0.00013513936295190334,0.35031771435571324,0.35234923053990463,0.6092496323088948,119.27827420134044
98.44999999999655,-1.4525739494221297,2.077275035867293,-2.7498644549898255,-1.992125779530562,0.4598024280661178,-2.139954405807642,-1.4545960589597227,2.0339206325726304,-2.724427112775647,3.832753091241988e-05,1.2757081651108218e-05,1.9539231999946425e-05,0.00013515276300889894,0.3543994390269039,0.36546023200870675,1.7436082307881549,119.22578428663432
98.49999999999655,-1.4690267067339133,2.071090560611081,-2.733236113054959,-2.001374212288884,0.4450402332807588,-2.1209847228212584,-1.4718782424905097,2.027451100525877,-2.721684317647925,3.804286847901281e-05,1.336205406791136e-05,2.00610404478734e-05,0.00013515665871845437,0.348404938762495,0.3793936597276959,1.7584655064102839,119.94371011654182
98.54999999999654,-1.4854267519870406,2.0646219666543115,-2.7166826133297195,-2.010361071899135,0.4301107322150914,-2.104316678444557,-1.4888755272473322,2.020447537611491,-2.706150192999689,3.781302310667109e-05,1.3897432047555795e-05,2.0536037254912843e-05,0.00013516459914693214,0.3485172466341156,0.33336088753404847,0.834049525935068,121.32922820627718
98.59999999999654,-1.5016613738108657,2.057913979444141,-2.7004427372161577,-2.019101245163816,0.4150135076745423,-2.086835256869638,-1.5049317293098972,2.0140566916231513,-2.6947663325511106,3.75692681408632e-05,1.4420593956562884e-05,2.1029220900213494e-05,0.0001351737446203907,0.3488980180971757,0.3496284314983972,1.4653047700530055,120.32521565950405
98.64999999999654,-1.5178421253585308,2.0509307741351397,-2.6841882527859013,-2.0276497375663087,0.39961902427754176,-2.0685574194182537,-1.5213453564189041,2.006431294898608,-2.662116590071921,3.732834855754283e-05,1.4917969174349103e-05,2.1525017115893424e-05,0.0001351887580708909,0.35217920086461485,0.36555674902770624,2.260973357133045,119.76962988599799
98.69999999999654,-1.5339213050750513,2.0436822574229128,-2.66823051752729,-2.0359661018696182,0.38399334306349187,-2.051221929485125,-1.5369545936642555,2.000574999518732,-2.6528720922410467,3.700515557765419e-05,1.5456344512916668e-05,2.2115867064477418e-05,0.00013520053221257168,0.35402354464012803,0.34670979866259966,5.727166858797351,112.68984241982567
98.74999999999653,-1.5497871283209912,2.036195322389549,-2.652320011515032,-2.043907140263199,0.3683969827710322,-2.0322677296994898,-1.5534707766783107,1.9926994810643919,-2.636145630460499,3.670667853525554e-05,1.596179370040644e-05,2.2689906329011792e-05,0.00013521371341432539,0.3500375497890911,0.3790839957127215,1.8250510949800118,112.35694699053569
98.79999999999653,-1.5655789236136752,2.0284381936323403,-2.6366528089397008,-2.051501016057467,0.3527885406543812,-2.0149419241726267,-1.5672441773933738,1.9853156862535137,-2.617130757895756,3.639892171634783e-05,1.645316236713032e-05,2.327727242684595e-05,0.00013522434125342786,0.34715872558200983,0.34651611053728354,1.8977498024444026,113.60087723571506
98.84999999999653,-1.5812164458921845,2.020429620233192,-2.6210385869258728,-2.0589035035143017,0.3368826784478388,-1.9978133280242787,-1.5814957214661554,1.9766996825929106,-2.6066119992570305,3.606763660599715e-05,1.693787916948053e-05,2.3898302364463312e-05,0.00013523938864619687,0.3508850515202638,0.34257192296698014,2.146720004930676,120.08706909023131
98.89999999999652,-1.5967306422224172,2.0121777571901776,-2.605615818299294,-2.065962649106314,0.320989844116231,-1.9797722537600158,-1.5970825865766436,1.9687756724381353,-2.5872175422298995,3.5750844293641986e-05,1.7395323106455503e-05,2.450739153914868e-05,0.00013525111957514357,0.34780564813808806,0.3608214852852778,4.386508001338188,116.80266568506325
98.94999999999652,-1.6120672248149461,2.0036929835925923,-2.590119507000922,-2.0727414034203466,0.3049999146225343,-1.9637636123565931,-1.6157428411797983,1.9587188194752185,-2.585770889887685,3.540998827752718e-05,1.784572233179071e-05,2.514578517742284e-05,0.000135263233021998,0.34735330547332544,0.32017282806847064,2.1454438742258355,118.78433647294678
98.99999999999652,-1.6272524421874142,1.9949871358606814,-2.5749800535094214,-2.079240703640388,0.2889180078747809,-1.9459650765485872,-1.6305847028241742,1.949853750651401,-2.5637443200115135,3.511820221953228e-05,1.824956106825574e-05,2.5731479941972257e-05,0.0001352758253302526,0.3469158807246163,0.35597071616014114,2.1043507201787177,117.72003105168451
99.04999999999652,-1.642291405216343,1.9860585628848324,-2.559953556594008,-2.085520472357406,0.27255844153106695,-1.9286572927675592,-1.645054112432003,1.9410921460826098,-2.549303850326957,3.4776423585091773e-05,1.8656027458103708e-05,2.637220620516296e-05,0.00013529310295455692,0.3504731497310264,0.3461556756205809,1.850835771456242,117.3570893747928
99.09999999999651,-1.6572133105686475,1.976891823534465,-2.5450575801683106,-2.0914306482026115,0.2563454193996894,-1.9120601248466838,-1.6604818649984836,1.9316960349779393,-2.541624677804245,3.443034797825299e-05,1.9047645511234084e-05,2.7017093273233957e-05,0.00013530457650157336,0.34513713287208164,0.33194335841752703,1.0000241664747773,118.09260453851167
99.14999999999651,-1.6720029839168036,1.9674938016546757,-2.5302637587978465,-2.0971879270218006,0.23972609877373485,-1.8964979212488282,-1.6761949538925767,1.9223050160366157,-2.522199528334363,3.410859249340228e-05,1.9409591578935873e-05,2.7642231216749012e-05,0.00013532234297473838,0.3517694249145601,0.31124407195712933,3.5124280585236387,113.037029501491
99.1999999999965,-1.6866499804547037,1.9578752327169044,-2.5155706730822316,-2.102669475316508,0.22304916290333607,-1.8802269068061135,-1.6927322795349748,1.9114714386792426,-2.50544160464635,3.374593365954754e-05,1.9767709450343317e-05,2.83091692947247e-05,0.0001353377700158213,0.3510979126479999,0.3254202888543121,2.533350715570564,112.48881693124767
99.2499999999965,-1.7011388992248342,1.948055050918389,-2.5009955840806857,-2.1078441984442216,0.20634672406232207,-1.86224574052624,-1.7090520027735663,1.9003846685700607,-2.4932057743995006,3.33583632646414e-05,2.0116711071536544e-05,2.9004295129806653e-05,0.00013534918317539314,0.34971843576361794,0.35962332559748783,2.764576234715752,113.25544013266412
99.2999999999965,-1.7154649974910026,1.938026093724438,-2.4864528294537447,-2.1127562822435517,0.18945809577313188,-1.84543238864153,-1.7208883005804303,1.89069478920358,-2.4867047945378964,3.297711814047065e-05,2.0445868412511984e-05,2.96972256161225e-05,0.0001353644857016251,0.3517735751468092,0.3362670376942192,1.5506643591614568,119.53241987856019
99.3499999999965,-1.729658007297265,1.9277767588613308,-2.4720107118752526,-2.1174041968934647,0.1724205822680614,-1.8288085914380294,-1.735326613477414,1.8813428928493205,-2.4751597982832823,3.26284909748244e-05,2.0751087320241236e-05,3.0361283987460893e-05,0.00013538244783364064,0.3532065455112898,0.3324759440700297,3.42976837571012,113.85482255320203
99.3999999999965,-1.7437176047005216,1.9173065929116297,-2.457654567250944,-2.1217617298691005,0.15532920731124245,-1.8120576801637498,-1.7487895528691946,1.8713990358435577,-2.454547888397681,3.227932994484957e-05,2.1040928174375004e-05,3.102619527919366e-05,0.0001354013334394349,0.3527664757877762,0.33501822548561205,2.1385301203986815,109.16833246127874
99.44999999999649,-1.757586768710846,1.9066623938209286,-2.4434027475433853,-2.1257844228876013,0.13841988720258303,-1.796647958624435,-1.7611414031374173,1.8611796854936011,-2.4318079570382616,3.188710624887916e-05,2.1325053063404605e-05,3.1732076797390665e-05,0.00013541216021173373,0.3476280448493099,0.30819443078631387,1.0418450560669656,108.02329767568628
99.49999999999649,-1.771321731310572,1.8957945459765468,-2.429292207067831,-2.1295299973115753,0.12148035527321077,-1.7801707115600756,-1.7717409085652216,1.8520774543422858,-2.413773613618739,3.144113607634925e-05,2.1604604657720613e-05,3.2500703023168384e-05,0.00013542144309298008,0.34697773959847816,0.3295449412872091,1.7370822692296317,107.39548548038611
99.54999999999649,-1.7849074832997947,1.8847317212897121,-2.4152774180887087,-2.1330306169727224,0.10437236260710302,-1.7650877351232253,-1.781679558980209,1.8437413969459355,-2.3957570069500687,3.098113447693471e-05,2.1873945612375497e-05,3.3300243563600396e-05,0.000135436636389358,0.34925264904124087,0.301659528737022,2.228489213677236,105.30104661707259
99.59999999999648,-1.79832249074003,1.873496246600172,-2.4013857230054203,-2.1363221817040148,0.08701791766361819,-1.7513858906390567,-1.7938135421451022,1.8324194320564728,-2.3792124816922424,3.050736793883308e-05,2.213043642024963e-05,3.413041937132449e-05,0.00013545877058271437,0.35327951491771875,0.2740368896833849,2.2011658091863793,109.48398393743817
99.64999999999648,-1.8115843836478374,1.86206397539268,-2.3876245008411,-2.1393799660065618,0.0693828603999999,-1.7335775200618337,-1.8048367810032697,1.8218954515201113,-2.360498394755746,3.001201095692666e-05,2.237124928612929e-05,3.49974876828672e-05,0.00013548464684636662,0.3579685772839038,0.3561674115444783,1.3509797460233424,113.09748043871825
99.69999999999648,-1.824674768402494,1.8504542863022384,-2.373966434161213,-2.1420781722010513,0.05211148957326579,-1.7179582586966726,-1.8189987531295297,1.8079214191413282,-2.339159026829354,2.9506722540146775e-05,2.2599394024627323e-05,3.588197536733189e-05,0.0001355046946533278,0.3496208114314951,0.31238522730324153,1.6424786297751994,120.19881574766471
99.74999999999648,-1.8376059180258704,1.8386492017008127,-2.3604013764570286,-2.1445187107432164,0.03474664600098948,-1.702894860695413,-1.8317306903846566,1.7950295238337421,-2.3308997241960805,2.896857722882238e-05,2.280759704725021e-05,3.6809283341877954e-05,0.00013552066811889992,0.35071346428876504,0.3012679600252081,1.7609355020731683,124.7915236157009
99.79999999999647,-1.8503709486835345,1.826674006115389,-2.3469302707421567,-2.1467116375424578,0.017221097533141213,-1.6876587126469083,-1.843888018777557,1.7840435320285077,-2.331818023927301,2.8469673447644772e-05,2.3000439164275014e-05,3.770956420667365e-05,0.0001355417957208599,0.3532476818703945,0.3047229609701132,3.368142353337685,122.0174634038983
99.84999999999647,-1.8629669538493463,1.81453110238059,-2.333560224621292,-2.148624009308196,-0.00016428538059314393,-1.6730506808889205,-1.8533185970118184,1.7734907791744317,-2.305703602073757,2.805440588782183e-05,2.3183067366845424e-05,3.852591277978416e-05,0.00013556861832056,0.3498080301103659,0.2921606351597715,1.2780368228789696,127.41234587403183
99.89999999999647,-1.8753911446522373,1.802224875471591,-2.3202923613879887,-2.1502691650962342,-0.017569335554893185,-1.6570254757534069,-1.8657572020268598,1.7614150685124506,-2.302175855718853,2.7560866401706784e-05,2.3341106387314356e-05,3.942321922244081e-05,0.0001355907918731636,0.349656317059845,0.32050410271029317,2.070419675670815,125.71544274544708
99.94999999999646,-1.887662530544262,1.789742598384415,-2.3071322409473343,-2.1516381200993733,-0.035078951848167686,-1.6406158176135774,-1.8734293479646853,1.7528220150021392,-2.2960083246489575,2.7120769136801216e-05,2.348820558037517e-05,4.0270422532690896e-05,0.00013561622704511602,0.35126492703341916,0.32819316279660865,2.2644621534273406,130.50978542877348
99.99999999999646,-1.8997673501878538,1.7770968361232513,-2.2940820001917546,-2.152734646301312,-0.052627280704294684,-1.6257867153213983,-1.8868807790163509,1.737792073968664,-2.257417562017686,2.6717910737836e-05,2.3623778919881896e-05,4.107855722348885e-05,0.00013564589330250452,0.3516543078534039,0.29658204584359943,4.251251330092009,134.53953851849258
100.04999999999646,-1.9116870970536168,1.764313429717474,-2.2811493425088174,-2.1535609070489494,-0.06993265789782062,-1.6112252669954177,-1.8997987507982022,1.7244348741124362,-2.2648885503706584,2.617120770639071e-05,2.3715326611840227e-05,4.202590184532219e-05,0.0001356582131022809,0.3465048861933669,0.29122896651962915,3.047405881996443,130.9235510716237
100.09999999999646,-1.9234678530232827,1.7513390255528911,-2.2683921842681065,-2.1541280385172126,-0.08728152974832262,-1.5957237493331222,-1.9085006632061319,1.7148519792295154,-2.2530552538256763,2.5740034346298457e-05,2.3815378064492105e-05,4.286334066503671e-05,0.00013567811501557576,0.3471662577027689,0.3100303532459265,3.3876640267040607,130.96389277212245
100.14999999999645,-1.9350505543846128,1.7382335242573745,-2.2557165631854397,-2.1544329070682444,-0.10483499450554386,-1.5806014093807503,-1.9177697844693902,1.704420468337221,-2.2477753597689953,2.530926543234419e-05,2.3898270394743218e-05,4.3702527233359865e-05,0.00013570388105100907,0.35112558642528546,0.3024467990474547,3.4138354455706117,132.64038230631698
100.19999999999645,-1.9464611425706935,1.72498402212041,-2.2431694662827693,-2.154486847234215,-0.12255894693340645,-1.5670779226359273,-1.92824705015096,1.6918887587004832,-2.232822122193702,2.4914836900645084e-05,2.3972224589342546e-05,4.450346140278039e-05,0.000135734407762641,0.354483391367356,0.27046973489647663,0.7768344040971831,134.2686291730348
100.24999999999645,-1.9577244777933878,1.7115606967833088,-2.2307451972415966,-2.1543119305642064,-0.1399882914573217,-1.5544438903326072,-1.9396424788381719,1.6779751723958714,-2.2037363351606687,2.4500366156538086e-05,2.4026502037135656e-05,4.531405707581259e-05,0.00013575724197967493,0.3486067627516904,0.25268064606641455,3.367981152013689,134.47690462632002
100.29999999999644,-1.968796481542919,1.6980282622428178,-2.2184267479934077,-2.1538999496960476,-0.15743219162321284,-1.5399225935432714,-1.9505554352147316,1.6647782899314794,-2.200302635890801,2.3987870998548326e-05,2.4033340434631316e-05,4.6222187791114885e-05,0.00013577011579573605,0.34897835540503885,0.29042593578673104,2.3480910144615077,134.0355190216699
100.34999999999644,-1.9796998724481605,1.684347711515508,-2.2062389910265328,-2.1532495834929875,-0.17482883564378807,-1.5269357066020484,-1.959548526959848,1.6537829028694342,-2.1869191774619017,2.3533713322385165e-05,2.4045849866691735e-05,4.707974415524749e-05,0.00013578812299220807,0.3481783789891041,0.2597377388244762,2.789591987070582,133.630945525626
100.39999999999644,-1.990437551875992,1.6705187427622235,-2.19418876412703,-2.152371037024792,-0.19217293821250062,-1.513435656043727,-1.9707058289973471,1.6393443500103753,-2.164971923232595,2.3073365824279216e-05,2.4041168643317195e-05,4.7946105962138625e-05,0.00013580774026314987,0.3473294218928328,0.2700010111664425,3.009327117149309,134.00939391042775
100.44999999999644,-2.0010073351755655,1.656566863028812,-2.1822390568780476,-2.151246670586764,-0.20955586442642443,-1.4989724965411748,-1.9793278164398311,1.6277768856967567,-2.1586296156040725,2.256240171581456e-05,2.399870003108267e-05,4.886776550720686e-05,0.0001358244584587213,0.3483880670015682,0.28926319005106044,2.0779342447121074,136.00936993713506
100.49999999999643,-2.011401095889302,1.642494217591923,-2.170422333710236,-2.1498700694445856,-0.22710144384217554,-1.4860238056934842,-1.988919701039562,1.6138697370255746,-2.1473108755462884,2.209231282252732e-05,2.395598308268514e-05,4.975685207257748e-05,0.00013584735864187027,0.3519924519728395,0.25897381695382526,0.5976792356608464,141.01421716182344
100.54999999999643,-2.0216246597517884,1.6282959636523031,-2.158718481099792,-2.148305922620276,-0.24431980184197546,-1.4743825310392271,-1.9983576493888284,1.6014642619666337,-2.145447576110733,2.1633604909875047e-05,2.390456395259165e-05,5.063325447221496e-05,0.00013586765565452795,0.34578709246433703,0.23282549308515543,4.493338836296584,139.74204007324585
100.59999999999643,-2.0316688083085195,1.613991290381112,-2.147128303714212,-2.1465029667320072,-0.26164708144267335,-1.459850284376011,-2.0091986701626845,1.5860057847441609,-2.12553895967873,2.1217582230280858e-05,2.38553300561039e-05,5.1465347608372583e-05,0.0001358910010918737,0.34841963741659443,0.2906449332643391,2.71964698398746,138.87758937197873
100.64999999999642,-2.041549224027869,1.5995619209598875,-2.135651432314074,-2.14444966490101,-0.27906473677879146,-1.4470530688717378,-2.019747740714853,1.5711692848165917,-2.134420237446226,2.0760623485513612e-05,2.3766438141985708e-05,5.2333585277008683e-05,0.0001359112310560072,0.3507677086983235,0.25594431008548174,2.7056328589571423,139.9954767516233
100.69999999999642,-2.051281327268223,1.5849886478027315,-2.1242922983950048,-2.1421545360278498,-0.2965673722240394,-1.4337665268284387,-2.03149957296034,1.55410096788356,-2.1118714464595842,2.040213823964577e-05,2.3710301925592866e-05,5.309801521365112e-05,0.00013593722502168952,0.3530520914607638,0.2657308408659952,4.084494414125299,133.86026414302248
100.74999999999642,-2.060823721066591,1.570332470120409,-2.113056640126074,-2.139621881310756,-0.3140693818214314,-1.4204082012565715,-2.0402489359621505,1.5407797604729159,-2.099049346116233,1.9978272791455e-05,2.360235315868474e-05,5.391874298541796e-05,0.00013595710244618348,0.35368875039850983,0.2671665114373594,1.7323923499618559,133.353871063374
100.79999999999642,-2.0702099940565732,1.5555438344636805,-2.1019576509779725,-2.136888784836866,-0.3314053509924068,-1.4084491732448876,-2.0497731842423215,1.5247342239077237,-2.081443400463632,1.955138366807602e-05,2.3478078438187838e-05,5.473941453719583e-05,0.00013597369821925488,0.3510038827879178,0.2391805602336917,0.8724545606435067,136.8901367172986
100.84999999999641,-2.079417594696604,1.540662854296381,-2.0910146218308716,-2.133998075275262,-0.3483422825573685,-1.3950513731968928,-2.0599014265453577,1.509527573862226,-2.074117513512264,1.909461100545801e-05,2.3322988786962577e-05,5.5587429892555454e-05,0.00013598364738330823,0.34363950215787303,0.2679560009599128,3.501958273672492,131.85225247420576
100.89999999999641,-2.0884522758602193,1.5256739716222145,-2.08019935701042,-2.1308436786528078,-0.3654857906300051,-1.3826129085819654,-2.069606584435602,1.4927718752526964,-2.068452065387667,1.8661724043312688e-05,2.316376674780687e-05,5.641357549378512e-05,0.00013599777029184594,0.348628171347456,0.24876929229856173,2.410555139595102,134.87185439492407
100.94999999999641,-2.097331138355364,1.5105672489555808,-2.0695091819890434,-2.1274477560858065,-0.3827735440323602,-1.371048767204902,-2.0794521548726834,1.4766825373508052,-2.0504739480913927,1.8257648768060482e-05,2.300630010606314e-05,5.721465015322227e-05,0.00013601756677017874,0.3523646786631191,0.23128282754128124,4.525329484313163,130.51641330170793
100.9999999999964,-2.1060302223538683,1.4953897943697494,-2.058934074138292,-2.123896347081574,-0.3997752590092483,-1.3586951364414852,-2.0883838330802043,1.4608004941022597,-2.0332115803564452,1.7821403146548253e-05,2.2811630558877477e-05,5.8042411608689154e-05,0.00013603211628292756,0.34737567828145394,0.24707261526834962,2.8763293261037317,130.82203446633798
101.0499999999964,-2.1145905422915603,1.480084149301608,-2.048444763297608,-2.120121728015776,-0.41675699967616686,-1.3454587398665327,-2.097972538988091,1.4420614125298288,-2.0158063832908977,1.736070218225496e-05,2.2579431450711294e-05,5.889461902582711e-05,0.0001360437452961565,0.3479262471401158,0.26472793149906404,0.9141380277403732,136.69538266392985
101.0999999999964,-2.1230767349047004,1.4645302996433078,-2.0369971500978132,-2.1160932397884316,-0.43388916486201773,-1.3342412360753722,-2.1066766911535595,1.425385033506987,-2.015639767306765,1.688542056962422e-05,2.231357750468332e-05,5.976919734905079e-05,0.00013605673381303596,0.3519903687973622,0.22435007582322497,1.7123706669040857,138.26876536471065
101.1499999999964,-2.131423445789381,1.4488765304751543,-2.025487887170672,-2.1118234569945695,-0.45118567003794496,-1.3233125716422673,-2.112990074878662,1.4136674066073174,-2.006002465298835,1.6468241566939973e-05,2.2077373584742523e-05,6.060130820754123e-05,0.00013607953373700495,0.3563163176181095,0.21857328866210662,3.558445936883402,136.74181409122863
101.1999999999964,-2.1395967561003655,1.4331214107096213,-2.01401467991004,-2.107438165794261,-0.4681213842311227,-1.3115349577124724,-2.1202553221826337,1.3993038693875806,-1.9949827996706448,1.606165280918485e-05,2.183698736108447e-05,6.142315446984569e-05,0.00013610089741882014,0.34988725721213154,0.23555227859591235,1.3988081526376828,137.48732968589243
101.24999999999639,-2.147584984793692,1.41727763475301,-2.0026695016854634,-2.102853385519082,-0.48497139514518245,-1.2987333772857679,-2.1265864297885573,1.3859948314596808,-1.9815967120457532,1.5656790513996413e-05,2.1580968053756066e-05,6.224405780258246e-05,0.00013612095295568354,0.3492547737840996,0.2560316085341056,2.087734111382696,139.90920465215814
101.29999999999639,-2.155376643534383,1.4013536609859423,-1.9915226752203117,-2.0980421904210282,-0.5018688695370034,-1.2880829257845854,-2.1310890525662827,1.3746698071672945,-1.9721442156308389,1.5251107022607514e-05,2.1305011390053133e-05,6.306966207837665e-05,0.00013614217954362716,0.35138307124229334,0.21300903002366292,2.8698406361752493,149.2091113628578
101.34999999999638,-2.1629928591909793,1.3853250583133312,-1.9805734984545043,-2.093093106192392,-0.518548316663706,-1.2766244612391615,-2.138398694664162,1.3595782220855384,-1.9750871511317658,1.4856671687526633e-05,2.1024803580036372e-05,6.388795471133867e-05,0.00013616345726213635,0.3479659196529309,0.22916929090849028,2.541696136768607,150.95037827639055
101.39999999999638,-2.170408434798285,1.369247025337931,-1.9697944250257318,-2.087889841914688,-0.5354044992424933,-1.2661556911639271,-2.1468183513916816,1.3416037677886414,-1.9645151253403874,1.4520665120672695e-05,2.0781980832395727e-05,6.464575680714332e-05,0.00013618993298880752,0.3528215937271547,0.2093754015046998,1.97093258422809,149.3895175353857
101.44999999999638,-2.1776547164285662,1.3530668050546386,-1.9591662451663265,-2.0825554218094715,-0.5520535326643163,-1.2552978643207342,-2.1547694175981453,1.3244245253170916,-1.9663654450781327,1.4180597892187665e-05,2.0518607623925387e-05,6.539128812600191e-05,0.00013621144946132914,0.3496566055658514,0.2171565368638719,2.2137962820142256,151.87449215901464
101.49999999999638,-2.1847178008835604,1.336811527795204,-1.9486717272994676,-2.0771064675450788,-0.56846712246554,-1.2452338820514828,-2.1624085344616786,1.3068347884336549,-1.9441922713960544,1.3887512185885543e-05,2.0289716350504816e-05,6.607563664969427e-05,0.00013623240077861916,0.3458898999527132,0.20127964538503898,3.0323817477610002,146.70040358892487
101.54999999999637,-2.1916049898587384,1.3204697380768435,-1.9383666632231578,-2.0714394609575355,-0.5849238147390508,-1.2330779175810855,-2.1692422375343208,1.2904412674637307,-1.932361965208932,1.3538933997322815e-05,1.9982533398554654e-05,6.680260702571489e-05,0.00013624629447852592,0.3481042456720128,0.24311928940795813,0.7660417846952623,146.37214434407863
101.59999999999637,-2.1983103123996965,1.3040837998576678,-1.92819194625531,-2.0655639846271683,-0.6014030627033702,-1.2235401211272616,-2.1752681861601655,1.2753765675617303,-1.9257910217427128,1.3191883133400742e-05,1.965794599537643e-05,6.752631247345975e-05,0.00013626011249511064,0.34990807705505117,0.19075592907648767,2.25205760432215,148.2783828526309
101.64999999999637,-2.2048493887337486,1.2876294641595094,-1.91817971047965,-2.0594867680951534,-0.6179137393867828,-1.2126759655074644,-2.1822941672323153,1.2592288031593082,-1.9263740298588024,1.2859478702206132e-05,1.933265238422669e-05,6.824046009420943e-05,0.00013627726349670985,0.35187386937409043,0.2172831123959554,2.4751820759926577,147.21713178652922
101.69999999999636,-2.2112100428338524,1.2711181402133633,-1.9083187151911736,-2.0531418678401803,-0.634594870964352,-1.201986779470671,-2.188532931772238,1.2438993362207589,-1.9114017957308598,1.2566988291445459e-05,1.903524044978646e-05,6.891538668948128e-05,0.00013629962350861666,0.35694310065214063,0.2137837207358838,3.0213478491453047,141.51294044680756
101.74999999999636,-2.2174142633173854,1.254517093236023,-1.8986116261710901,-2.046801703594562,-0.6507508390693069,-1.191670482774281,-2.194360970382253,1.2273194595285046,-1.8821141119724802,1.2257207492490942e-05,1.8707229763854155e-05,6.959588929839487e-05,0.000136315881706471,0.3471113132648991,0.2063259339278098,2.5585439468349516,138.71616144825774
101.79999999999636,-2.223437740991527,1.237904777026344,-1.889053206078725,-2.040215860522394,-0.6670329806621658,-1.1811927507635318,-2.1993254794900112,1.2136386370424284,-1.871180623998878,1.1886356126269963e-05,1.8272937588147444e-05,7.033947983503965e-05,0.000136325035016973,0.3512744146684475,0.20955464021499645,2.514097595442196,138.26988640508597
101.84999999999636,-2.229308941185738,1.2211872914784367,-1.8796482745921863,-2.033458363061497,-0.6832858554545836,-1.172342030918746,-2.20470192604417,1.1994282681344826,-1.858153900261987,1.1528410302781709e-05,1.783511163769407e-05,7.10886510896624e-05,0.000136338218045057,0.35203507407273343,0.17701439689572407,4.467624046728598,134.84479965649737
101.89999999999635,-2.235010397655567,1.2044400837070552,-1.8703934926246155,-2.0266382196969044,-0.6992937248726094,-1.1637322755172839,-2.2098645946232955,1.1835149788006203,-1.8616593198573819,1.1173726977925732e-05,1.7380947589488802e-05,7.18405149434248e-05,0.00013635088674533106,0.3480046603770024,0.1721951080292514,1.6650491784577468,138.72885947363187
101.94999999999635,-2.2405486118768514,1.187645929016328,-1.861296551546448,-2.01956203375643,-0.7155002366120911,-1.1545069792077483,-2.2149341720015734,1.164495637282204,-1.8400039742322694,1.0868585786066594e-05,1.6976452267994853e-05,7.254458462124807e-05,0.0001363710687775978,0.35368101341445035,0.18450592619072403,2.1601761627457265,147.13044534906746
101.99999999999635,-2.245929480322761,1.1708050089394006,-1.852350371030892,-2.012491230179696,-0.7312929626584167,-1.1451642655260723,-2.2210833199747877,1.1441544443774978,-1.84483301054172,1.0535486963576398e-05,1.650663568485162e-05,7.326511187356191e-05,0.00013638538256353138,0.3460685695319531,0.18685427363352905,2.161403407612003,151.86450726003974
102.04999999999634,-2.251157518259457,1.1538918172087806,-1.843565895681895,-2.0052122840147746,-0.7471313848256793,-1.1348522277108501,-2.227403102452556,1.1234867326787226,-1.839349204369473,1.025155713498007e-05,1.60946488910949e-05,7.39361977082137e-05,0.00013640435869255904,0.3486209210613498,0.20624075630445604,2.7270489839854917,153.064040899135
102.09999999999634,-2.2562270426897766,1.1369608792484098,-1.8349372700738371,-1.9977230330765885,-0.7630387817247272,-1.126703557157919,-2.2323954149351226,1.1084558128745672,-1.8323074615456927,9.987295023567309e-06,1.56928397454127e-05,7.459114572807116e-05,0.00013642712426945478,0.3516451997615985,0.16297341105864038,4.845408715410043,148.18059757106525
102.14999999999634,-2.2611373422755197,1.120000669536419,-1.826460235036384,-1.9901921722322506,-0.7787241157133005,-1.119652201524569,-2.2362442478844753,1.0933734508353379,-1.8171523446386288,9.735032332986036e-06,1.529445091741869e-05,7.522326087416646e-05,0.00013644738250456824,0.3479912767879776,0.1410271126670072,1.6536925897612513,150.18390814684005
102.19999999999634,-2.265904189391645,1.1029808114232607,-1.818150489167818,-1.9824053780787294,-0.7946387588838681,-1.1118628100526031,-2.2424225740645904,1.072953725693208,-1.814395271881937,9.470919045030677e-06,1.484571410217005e-05,7.58660134172947e-05,0.00013646623294337408,0.354351022370925,0.1557878294393202,2.6355634847050404,147.11699965005946
102.24999999999633,-2.2705251950924934,1.085924687859003,-1.8099921508597225,-1.974618054161792,-0.8102660532659955,-1.1051315485461277,-2.248595768194135,1.0522313179419456,-1.813733837595825,9.230467403874468e-06,1.4424374211380402e-05,7.647441191364597e-05,0.00013648329345560846,0.3492024596553131,0.13462523012951855,2.99925759831505,144.9387486058342
102.29999999999633,-2.274992974687607,1.0688523374486398,-1.8019954172512977,-1.9667330741078646,-0.8257896854741175,-1.0965118715257844,-2.252236462441818,1.0374218978726018,-1.8013090124833724,9.012723602456696e-06,1.4028145771940382e-05,7.705516360294671e-05,0.0001365018352135938,0.34822862857766107,0.17239354040687282,0.8367203548962749,143.5058868412868
102.34999999999633,-2.279325464265247,1.0517211482551299,-1.7941560907894054,-1.958659633077969,-0.841375215689697,-1.0891795915976346,-2.2576487296679035,1.0180037001013995,-1.7882223037082394,8.791081659325051e-06,1.3600533077112924e-05,7.763367903948327e-05,0.00013651910731174942,0.351050185852167,0.14664559856300557,3.4150037380232883,136.6613611694031
102.39999999999633,-2.283513661990408,1.0345778937441277,-1.7864686440539517,-1.9504861810023384,-0.8568630650901874,-1.0812386336962279,-2.2610577797189437,1.0025364732613042,-1.773452337489109,8.56341653878374e-06,1.3137428546884487e-05,7.82126266013456e-05,0.00013653340499881266,0.35024586190660467,0.15881915802814772,2.1867521132734566,136.4197490289296
102.44999999999632,-2.287565243904428,1.0173895719335642,-1.7789396295874744,-1.9421658864492868,-0.8723340791892735,-1.073498940884492,-2.2651019135342603,0.9855463681553167,-1.776785883371542,8.330514032021079e-06,1.2634649055446057e-05,7.879847803577715e-05,0.00013654605245519674,0.3513295427986998,0.15479385623473127,1.7088656062998138,137.93075109689084
102.49999999999632,-2.291481109499487,1.0001723362970814,-1.7715769886617752,-1.9337258122497398,-0.8877451396982058,-1.0659986596947348,-2.2695172279559803,0.9679570940222644,-1.7758889882456776,8.132350212300635e-06,1.218986965127565e-05,7.935322530395661e-05,0.00013656369302334552,0.3514183181422185,0.1500056237951566,1.1250808319908938,135.94514914407836
102.54999999999632,-2.295265251727765,0.9829155608806044,-1.7643660351366341,-1.9251386136843112,-0.9031577467789259,-1.0589554520685835,-2.273468862917099,0.9525052286935195,-1.767152332497336,7.956221360391614e-06,1.1774276836727146e-05,7.98863153554811e-05,0.00013658471728513483,0.3528680904046622,0.14086415252303025,4.231264038378913,128.73374188422838
102.59999999999631,-2.2989189198613498,0.9656468790350378,-1.7573272331976695,-1.916488782271167,-0.9184272308522461,-1.0518243703335743,-2.2774136804000817,0.9333027481597395,-1.7459426549741341,7.782203407874404e-06,1.134466419443718e-05,8.040518044903221e-05,0.00013660302030106932,0.35098605810239214,0.14262163470018674,2.9338919955617007,124.55896347931355
102.64999999999631,-2.302437477179815,0.9483810007790827,-1.750433666313621,-1.907725186953033,-0.9336514344618914,-1.0451444739156046,-2.2805205870909915,0.9170168811543484,-1.7424424362176874,7.587918311393695e-06,1.0834253083113982e-05,8.093502529726589e-05,0.00013661525626623204,0.35132783884499663,0.13359792835940248,1.251673382090079,125.69282820450869
102.69999999999631,-2.3058343487400865,0.9310760227078821,-1.7437102048866524,-1.898825536728485,-0.9488905826545178,-1.0393059584969597,-2.2843651131793883,0.8960286925655261,-1.7304088663049755,7.411858959566008e-06,1.034488905905429e-05,8.144732728780055e-05,0.00013662939641265816,0.35295115608178335,0.11677030837290793,1.1937207404572352,126.62605742183032
102.7499999999963,-2.3091059307605244,0.9137432787738119,-1.7371383933562259,-1.8899171837378623,-0.9639202539329109,-1.0321912946607963,-2.2867998942868724,0.8813835934056621,-1.7244156362557475,7.234619732730465e-06,9.82676644309065e-06,8.195781442700919e-05,0.00013664228009027985,0.3494287105267804,0.1422932767232754,1.368740900462305,127.38424485765806
102.7999999999963,-2.312251239601144,0.8964096638308071,-1.730721444922169,-1.8808896449222583,-0.9789402247193871,-1.027039950419406,-2.289911299022834,0.8638152753937224,-1.7170441576149533,7.071373933339922e-06,9.320616920486496e-06,8.245708240543558e-05,0.000136656652590435,0.350483470991276,0.10302688482780786,1.1910264941507065,126.63073722450484
102.8499999999963,-2.3152815616231543,0.8790509169622969,-1.724478803433168,-1.8718318739386604,-0.9938148431624237,-1.0206164377543514,-2.291891582731652,0.8511251748659975,-1.710031626683689,6.9156459212540094e-06,8.811715869253518e-06,8.295221939977913e-05,0.0001366722953132847,0.3483093635810456,0.12847025330110234,2.9722352089721906,126.47956361702902
102.8999999999963,-2.318197109346742,0.8616746558087816,-1.7183922333919583,-1.8626959925265214,-1.0086334100947898,-1.0160260585184524,-2.295074742758375,0.8328498568071077,-1.7023958971038382,6.770669454212321e-06,8.309001246593926e-06,8.343782736518543e-05,0.00013668869735050947,0.34816937674584925,0.09180758471798185,1.8242041494303902,124.3090268131551
102.9499999999963,-2.321007051439195,0.8442768996052494,-1.712475279841017,-1.8535581448441623,-1.0232924924056548,-1.010732075374583,-2.2982249561874655,0.8117789305371416,-1.6977495065575114,6.632083871830502e-06,7.800365330227072e-06,8.390425068054182e-05,0.000136702634854557,0.34547917526678124,0.1058796628773913,2.1810447681008567,126.30674251123389
102.99999999999629,-2.3237050617035937,0.8268797912200097,-1.7067206106146993,-1.8442476684756264,-1.0380282872718418,-1.003873132716183,-2.3002804677613424,0.7979162190715604,-1.6913681274485468,6.5047573315389386e-06,7.295411412255213e-06,8.436410048605167e-05,0.00013671975408647655,0.34861429212665535,0.13717885316800976,1.5468563003246545,125.19361983295536
103.04999999999629,-2.32629755970504,0.8094607146271835,-1.7011334076721507,-1.8347429741032015,-1.052864492329513,-0.9981826707239376,-2.304160802814894,0.7749849074965147,-1.6899891489769854,6.3881833878417975e-06,6.791381115039568e-06,8.481048940563185e-05,0.00013673706883767647,0.35239354895713126,0.1138092398449084,3.403026449259967,121.85192961108226
103.09999999999629,-2.3287869171113176,0.7920324950735746,-1.6957117008856697,-1.8251287909061538,-1.0676791062964508,-0.9921137764117858,-2.3077852051615046,0.7553943029513269,-1.689039703633554,6.285973006040942e-06,6.311285043111484e-06,8.523846185840096e-05,0.00013675569644203998,0.3532173624641699,0.12137788624304603,4.182962594537245,115.3297324526092
103.14999999999628,-2.3311767091782265,0.7745867166918845,-1.690463511781039,-1.8155026096111153,-1.082310041898283,-0.9856146656189986,-2.3099729873861516,0.7403910560603895,-1.6820425349334043,6.196250268295816e-06,5.860326625447358e-06,8.564864685807237e-05,0.00013677441590586605,0.350273448924512,0.12998221585574965,1.4571110904784756,111.55245934337066
103.19999999999628,-2.333462458442276,0.7571474480030467,-1.685345745763375,-1.8057492039300471,-1.0969474606177694,-0.9804338534231372,-2.311895400491356,0.7242589778556281,-1.6780426840914726,6.112731055790039e-06,5.403823027107291e-06,8.604518040907903e-05,0.00013679156387419962,0.35178609475507866,0.10361624391723054,1.7872148590383887,111.82378394617155
103.24999999999628,-2.335658314643326,0.7396684424781454,-1.6803773305861194,-1.7959623714847268,-1.1114585558287393,-0.9744319951988611,-2.3142753401941545,0.7096330419254502,-1.6882038149147855,6.036596858145877e-06,4.956331516312445e-06,8.643180281793123e-05,0.00013680863324536596,0.35005993382138567,0.12003716448553084,2.1019576880872295,111.25116891503122
103.29999999999627,-2.337754712976599,0.7222152592046186,-1.6755995367996894,-1.7860615904137076,-1.1259856404804227,-0.9707034942473332,-2.3160100640107206,0.6919845916966891,-1.671461333920375,5.986344734380047e-06,4.599841771466434e-06,8.678491242187155e-05,0.0001368295218199636,0.3516031924396669,0.07457001903055915,0.9975561056063642,108.70853094734838
103.34999999999627,-2.3397674501521393,0.7047367996941092,-1.6709683597334088,-1.77626343432511,-1.140233292131596,-0.9660384859050124,-2.3185803324734584,0.6756302819575366,-1.6755448481382849,5.923502230633866e-06,4.175765632763574e-06,8.713313719192009e-05,0.0001368443631275087,0.3458323192261585,0.09330016684641691,3.4161465098670636,105.0453750748335
103.39999999999627,-2.341689934422376,0.6872470094702016,-1.66652385660858,-1.7662133999018843,-1.1547083171247947,-0.9617714606162706,-2.320970397399808,0.6605721678637245,-1.6803734216909147,5.877997673948619e-06,3.797067096458574e-06,8.746655683305896e-05,0.00013686235240844262,0.3524372350511306,0.08534050577484088,2.978927694534569,102.3242272184255
103.44999999999627,-2.3435329476515068,0.6697470902878045,-1.6622398567382448,-1.7562140377846795,-1.168991229338041,-0.9582448831248325,-2.323786398515914,0.6412931941544208,-1.6777969628352,5.846145581472084e-06,3.474556609769909e-06,8.777133133901834e-05,0.00013687998637916676,0.3487056862715255,0.07053154982876902,1.5745910367066112,96.78316910514133
103.49999999999626,-2.345291537989545,0.6522461261290232,-1.6581303312995552,-1.7463327008390102,-1.1829717634535502,-0.952807429428217,-2.3266836847063783,0.6218322998877924,-1.6776157277975772,5.815088573644053e-06,3.1566563508281996e-06,8.805257346218975e-05,0.00013689408033242838,0.342401446333147,0.10874907393231772,2.5301587695611563,91.9217183479429
103.54999999999626,-2.3469699953293808,0.6347696428917787,-1.6541816267867244,-1.736102774474523,-1.1973085496940419,-0.9492689999035662,-2.3291183191104636,0.6042172865948627,-1.6654809583751637,5.795222640581579e-06,2.8502610007814205e-06,8.831691021132661e-05,0.00013690999648656058,0.3522471613953608,0.07076859049302232,2.263782728254808,81.15792490325828
103.59999999999626,-2.348574413974651,0.6172705872860978,-1.650400562958426,-1.725950176461972,-1.2114283495075617,-0.9455522151531848,-2.3308696963020825,0.587887603091857,-1.6656057138251976,5.767186397496667e-06,2.4971418184767826e-06,8.856740769847526e-05,0.00013691920696905303,0.3478185396751496,0.07433569500763221,0.5091355468304042,80.22713132062306
103.64999999999625,-2.35010364038731,0.5997727068061067,-1.6467932826996223,-1.715828907581827,-1.2253966244719117,-0.941961969631782,-2.332128858066226,0.5741207295508649,-1.6576801076914092,5.7455394205993645e-06,2.1699089202883507e-06,8.880271253091834e-05,0.00013692801381035748,0.34499455580748184,0.07180491042805988,2.174468034672161,75.66148767030717
103.69999999999625,-2.3515675438692036,0.58226015885442,-1.6433500408349624,-1.7054934313334806,-1.239564423701691,-0.939121536875688,-2.333969386045652,0.5592174449522995,-1.6517511185172036,5.725379173363719e-06,1.8153456439482168e-06,8.903722792307998e-05,0.0001369376870427646,0.3507413925228885,0.05680865512188283,2.6415901203529617,69.25441270382449
103.74999999999625,-2.352966376360606,0.5647553425145329,-1.640069008973596,-1.6951883170862188,-1.253599864655396,-0.9358195708523591,-2.3362914161718575,0.5406080528686906,-1.650612537772662,5.705811318522616e-06,1.4511784165636058e-06,8.926510911938435e-05,0.00013694550678941108,0.34824661255276324,0.0660393204665828,3.6293698060593735,64.43321613738648
103.79999999999625,-2.3542984665045124,0.5472598588712854,-1.6369610743441614,-1.6846817813246222,-1.2678413334182956,-0.9345530868279659,-2.337132175685624,0.528333254724547,-1.6405906832080621,5.695409089380267e-06,1.1022702182259314e-06,8.94841593445008e-05,0.00013695589642151088,0.3539529732036228,0.025329680487863587,2.811075110895882,60.84494508079266
103.84999999999624,-2.3555724241067355,0.5297422632036513,-1.6340196411570276,-1.6743801585666904,-1.2817277052065226,-0.9305085657479122,-2.337858974095159,0.5128187999024076,-1.6273162773868686,5.679115821004148e-06,7.205114507892456e-07,8.969626340276968e-05,0.00013696208134348478,0.3458063969430672,0.08089042160107798,2.614957409789965,60.26616416699571
103.89999999999624,-2.3567889565798366,0.512235207431778,-1.6312328210711948,-1.6640102071938423,-1.2956182734868018,-0.9285100305413545,-2.3392845181765094,0.496045464715726,-1.6272464342817767,5.6619416979272376e-06,2.9394248154953316e-07,8.991068567504174e-05,0.00013696658219912984,0.3466894164170696,0.039970704131161376,2.5449736558249745,58.71369007237263
103.94999999999624,-2.357950634104192,0.4947227481945345,-1.6285966606445321,-1.6534209097800705,-1.3097546056399867,-0.927253656715207,-2.3409755201383295,0.4782398474283229,-1.631678207851954,5.655192609790557e-06,-1.1028654852705761e-07,9.011939477885358e-05,0.000136974476535086,0.3532529674320238,0.025127476522956934,1.893315173676453,56.94177398927284
103.99999999999623,-2.3590524481114405,0.47721171082695035,-1.6261685536539128,-1.6429146734403044,-1.3237390040594745,-0.9256959579340331,-2.3429270631107957,0.46104801790029537,-1.6328320792715152,5.656307268725695e-06,-4.6180313896788593e-07,9.032189769002495e-05,0.00013698588479584006,0.34982536388583607,0.03115397562347935,3.140530437313342,52.44899858681943
104.04999999999623,-2.3601077313131604,0.4596929558809192,-1.6239006811530783,-1.6323847998643106,-1.3377012113264446,-0.9235679437351161,-2.344568397776826,0.446511474068309,-1.6354965631807135,5.663410958125974e-06,-7.876339665761197e-07,9.051506171554703e-05,0.00013699771583145762,0.34975510558118894,0.04256028397834517,2.3361681538194015,49.462890913343145
104.09999999999623,-2.3611164372934876,0.44217618333643466,-1.6218045438669522,-1.6219347939360091,-1.35149050475962,-0.9210316507786649,-2.346232103343099,0.4290438956162962,-1.62749486197416,5.675146619481431e-06,-1.0762542341416082e-06,9.069627397418913e-05,0.00013700905060867453,0.34603317630392005,0.05072585912902367,1.5155247352727788,43.34402239089181
104.14999999999623,-2.362084116318987,0.4246749630407474,-1.6198581753135757,-1.611379599159837,-1.3653553122524145,-0.919180657920283,-2.3475411844748377,0.4108833144248622,-1.6180723708457296,5.687197083282295e-06,-1.3952320844652855e-06,9.086613643708578e-05,0.00013701786644531328,0.3485083128249841,0.03701985716764097,0.9458433398507764,39.5497344696562
104.19999999999622,-2.363013375371098,0.4071666455820645,-1.6180735396189376,-1.6007947455573805,-1.3792236199076051,-0.9185694093476497,-2.3478077149507492,0.3919899538012936,-1.6039464796945788,5.699254681213421e-06,-1.7465963569452526e-06,9.102003102891501e-05,0.00013702311598791814,0.3489235403243564,0.012224971452662678,2.124133990963977,41.79747291739272
104.24999999999622,-2.3639002583909106,0.3896667964725903,-1.6164784432255361,-1.5901816528695045,-1.3930978643086027,-0.9170229006497896,-2.348640991620882,0.37185389403558994,-1.6005652321993518,5.7105571539139535e-06,-2.1602033785205893e-06,9.116990219307201e-05,0.00013702599800462207,0.34936081916280065,0.03093017395720545,1.2218560380748067,42.379806624011124
104.29999999999622,-2.364754613271776,0.3721652520238592,-1.6150467427231243,-1.5794076502067893,-1.4071390151611485,-0.9155863809572562,-2.34942745463487,0.35648891610292904,-1.5975623238363403,5.7288159956966226e-06,-2.5723578452964764e-06,9.132152027968292e-05,0.00013703137221883661,0.35396785419330795,0.028730393850665566,1.5175511846347922,41.90504550566019
104.34999999999621,-2.3655759789558233,0.35466737105804425,-1.613791484186514,-1.5687025095661595,-1.4210662379200218,-0.9153466919032955,-2.3501592804296014,0.3374606895200496,-1.6037742131890176,5.750404295336523e-06,-2.9690642937290557e-06,9.147036208750453e-05,0.0001370371822509556,0.3513218304564263,0.004793781079211161,0.9417122731462003,42.522321774466825
104.39999999999621,-2.3663695518671535,0.33717354839290153,-1.6127000785808014,-1.5578641117048693,-1.4351528057174991,-0.9146249106002671,-2.350262402410408,0.32106549645760374,-1.5971811123998365,5.780783324991404e-06,-3.3130297474141037e-06,9.161341789389933e-05,0.00013704814963210696,0.3554727973993156,0.014435626060575208,2.2421992037406517,45.40804626668248
104.44999999999621,-2.3671418643678845,0.31966889873793,-1.6117645072441549,-1.5472309347300588,-1.4489439238696267,-0.913334888673468,-2.350752998423252,0.3025819648486373,-1.5887053406058123,5.809314959467359e-06,-3.6680119015708394e-06,9.17486991795388e-05,0.0001370563865609768,0.34828691305848003,0.02580043853598031,0.8584604592797158,47.106802059718085
104.4999999999962,-2.367885857031909,0.3021797736858708,-1.6110176319208283,-1.5364758255032978,-1.4628619683968414,-0.912457464018229,-2.3516884544112098,0.28291440005724605,-1.607094053040625,5.841931805858502e-06,-4.052981713538957e-06,9.187531816993327e-05,0.00013706228896034737,0.35178650217993856,0.017548493104784867,1.6338996085091144,46.85981077382747
104.5499999999962,-2.3686097366523864,0.284690088990725,-1.610442588463545,-1.5258533515518489,-1.4765898194470866,-0.9120278403681601,-2.3529415770911446,0.2649090844062292,-1.6260476834686226,5.880989108316711e-06,-4.305778760311423e-06,9.199319779134717e-05,0.00013707330610007203,0.3471546352512533,0.008592473001378442,2.5125629799953386,50.34394272220916
104.5999999999962,-2.3693169758601,0.2671947996813505,-1.6100428664856772,-1.515051413918767,-1.4905357963071153,-0.9114997960128703,-2.3537338769496303,0.2482463263462448,-1.6069152998079832,5.934626842901555e-06,-4.447013485062049e-06,9.209542899366978e-05,0.00013709193291416803,0.35280143675440667,0.010560887105797888,2.444219634441455,42.781302714946854
104.6499999999962,-2.3700092739794267,0.24970763762352427,-1.609818471693549,-1.5044946016502738,-1.5041465531205476,-0.9106948550617471,-2.354269778859495,0.23437477094763134,-1.6084413934673796,5.975176950452991e-06,-4.684642875102942e-06,9.217989918346111e-05,0.00013709833725294627,0.3444990579532162,0.016098819022469648,3.987819203458108,43.03776503046777
104.6999999999962,-2.3706934955760075,0.23223499110316953,-1.6097481519663566,-1.4938259376397387,-1.5178996030852114,-0.911364881654785,-2.354575810816317,0.21950765107165687,-1.6015958473303489,6.020349338318436e-06,-4.901210703196535e-06,9.22589616469825e-05,0.00013710424261602816,0.3481188224928542,-0.013400531860756465,2.1592247805302383,43.504314469730545
104.74999999999619,-2.3713725266130377,0.21473642321952413,-1.6098484466916831,-1.4830703943196186,-1.5317855031404324,-0.9121502842483666,-2.3555409752494305,0.2034076306869806,-1.602215469466843,6.066571117552777e-06,-5.149385247062273e-06,9.233145766067595e-05,0.00013710829295233225,0.35128333197748285,-0.015708051871638585,1.0497283147978993,41.719217813391765
104.79999999999619,-2.372046748076671,0.19728176674804382,-1.6101054253907507,-1.4722392060233922,-1.5457740278386716,-0.911708483770834,-2.355801583047397,0.18462621089033388,-1.6014726079810773,6.11645471037627e-06,-5.3880978279381584e-06,9.239003159964917e-05,0.0001371117053173163,0.3538324282665594,0.008836009550648189,0.504572753313996,43.48954700674675
104.84999999999619,-2.372719076099726,0.17979538251764474,-1.6105439202958514,-1.4616128389950767,-1.5594977467956914,-0.9121306569803718,-2.35612810086994,0.16526365403702936,-1.5911783159798414,6.1643860764806435e-06,-5.6106877032548564e-06,9.243568982229791e-05,0.00013711398649459463,0.3471369428373678,-0.008443464190755638,1.6260441201500293,44.77467520363819
104.89999999999618,-2.373391913313766,0.1623316564686519,-1.6111503038162927,-1.4510498788808155,-1.5731599924400206,-0.9131559961855036,-2.356517523845753,0.14610065816748807,-1.5942205823326463,6.21041933003918e-06,-5.877883715759545e-06,9.246967689647256e-05,0.00013711184956383167,0.3453885397923346,-0.02050678410264127,0.5191428042752388,45.85853206664048
104.94999999999618,-2.374070069722345,0.1448616524228181,-1.6119222806101117,-1.4403920134603325,-1.5869687686921217,-0.9137982933153443,-2.3576624786820846,0.12763988315019173,-1.6049362998391177,6.261328767761621e-06,-6.119342634516332e-06,9.249725899449541e-05,0.0001371117925863809,0.34886811683629937,-0.012845942596815853,1.2281302964410017,43.602183007164925
104.99999999999618,-2.3747559284691837,0.12740955427451675,-1.6128666109744387,-1.4296666397222482,-1.600879968633765,-0.914196514375051,-2.3580818312216514,0.1103408994209769,-1.6020876835831692,6.31882695469804e-06,-6.292771622272849e-06,9.251670898891878e-05,0.00013711601645183317,0.351314747607119,-0.007964421194131118,1.0624898171874424,44.203269272568924
105.04999999999617,-2.3754527029541554,0.10994160997847317,-1.6139804326341518,-1.4188698753202988,-1.6149269209722537,-0.916772915589199,-2.358849618730545,0.0897930625687787,-1.607638376663322,6.378838912925453e-06,-6.4737903338035685e-06,9.2519264849769e-05,0.00013711908964467534,0.3543372208384498,-0.05152802428296678,0.8953196566828437,44.124799355838675
105.09999999999617,-2.3761575176972882,0.09249626975722143,-1.6152838301086883,-1.4081867618174853,-1.6288822564650371,-0.9180971898379493,-2.359628220084694,0.07364319997555778,-1.6066005963425902,6.440310806246426e-06,-6.618840908464592e-06,9.250981249078698e-05,0.00013712134428938184,0.3514998423729476,-0.02648548497500128,0.5132212861259053,42.8816624132938
105.14999999999617,-2.376880050409093,0.0750310562135813,-1.6167515738020142,-1.3976282122804036,-1.6427201751332239,-0.9199369358083613,-2.360733242597975,0.05514824665705226,-1.6164961794257355,6.499989035511086e-06,-6.760855653313417e-06,9.248765249085612e-05,0.00013711964932591723,0.3481212701625883,-0.03679491940824308,1.0732619704348827,42.101217560538636
105.19999999999617,-2.3776241970036147,0.05758501884492331,-1.6183719964169212,-1.3871106842710403,-1.6565540940243952,-0.9215712434982155,-2.3618751313587074,0.035698955703775605,-1.6190810154972226,6.564336566228726e-06,-6.8445145348644e-06,9.244886930792415e-05,0.00013711837162089875,0.3475605124484256,-0.032686153797084984,2.19208805654306,40.2449482361812
105.24999999999616,-2.3783847421201445,0.04016551190365478,-1.620181112155077,-1.376594803064218,-1.6704212422381122,-0.922398741390877,-2.363217987255773,0.016096306689465042,-1.6324893914651604,6.630260145185249e-06,-6.918779541379039e-06,9.238722563838762e-05,0.00013711408024838425,0.3480698633438411,-0.016549957853224856,2.4427742584253287,41.56438447665013
105.29999999999616,-2.3791749049887665,0.022731071520636765,-1.6221440536997114,-1.3660812653321142,-1.6843315997973942,-0.9247801506997053,-2.3642588332720713,-0.0028276337029484256,-1.628999404843542,6.7053092633600655e-06,-6.9179554769786936e-06,9.229741849646573e-05,0.00013711135753814236,0.3487306506489126,-0.04762818617657276,0.8016278539577513,38.332779073187965
105.34999999999616,-2.379997218215629,0.005290824195403328,-1.6242632067651817,-1.355530108816384,-1.6983483644366335,-0.9262915653572765,-2.3652529414652492,-0.019283080595636017,-1.6248931674738407,6.778132001929187e-06,-6.9511337017982595e-06,9.218922728813405e-05,0.00013710495535243332,0.35088268886616103,-0.030228293151421476,0.3426757454778686,35.091106662169565
105.39999999999615,-2.3808444803180318,-0.012125298820729814,-1.6265677720672709,-1.344917380387301,-1.7124979077497238,-0.9282472227242091,-2.3668199993947767,-0.034197354064692174,-1.6403723463732747,6.849701376545532e-06,-7.015144950732298e-06,9.207133359245916e-05,0.00013709506959862697,0.35374549064863614,-0.039113147338651656,2.1412214917082184,35.53448524848198
105.44999999999615,-2.381728541344539,-0.02954503891342245,-1.629031419931826,-1.334581937838216,-1.72632819210185,-0.9297971016038522,-2.367478550807119,-0.047790103131288786,-1.634322073074487,6.925896834806591e-06,-6.987962764050931e-06,9.193701475203755e-05,0.0001370849128677429,0.3453104097003326,-0.03099757759285833,1.2730338326005957,32.263838524854656
105.49999999999615,-2.3826444326306593,-0.04697451531863282,-1.631684972143633,-1.3242435937058215,-1.7402202702065948,-0.932251034005894,-2.3684874516227987,-0.06493213012457331,-1.639110696648139,6.996695247491317e-06,-7.003230119822938e-06,9.179052114501545e-05,0.00013707111059142542,0.34633587394215115,-0.04907864804084397,0.4635129419608157,32.16912184605403
105.54999999999615,-2.383601752036098,-0.06437984245496801,-1.63449216135876,-1.313771263964193,-1.7543675725473948,-0.9348971718570258,-2.368652175190865,-0.08124299004619853,-1.6247892337587315,7.07380313313646e-06,-7.004958275938574e-06,9.162496748049379e-05,0.00013705875353092826,0.3520318363547511,-0.052922757022634014,3.0693102466817415,31.76661578064893
105.59999999999614,-2.3846024599945608,-0.0817847317273588,-1.6374675097580575,-1.3033851287955454,-1.7684896441401412,-0.938442403803105,-2.3703314460417224,-0.09934835587586824,-1.6364422879359142,7.139382749189378e-06,-7.090693904286202e-06,9.146100576519081e-05,0.000137041472569146,0.3506023569115949,-0.07090463892158229,1.476704403470824,29.822140153384833
105.64999999999614,-2.3856447903573916,-0.09917357053153855,-1.6406184736188059,-1.2929930171325206,-1.7827098768960004,-0.9409545167424649,-2.371390659001106,-0.11706588958214403,-1.6225952030054247,7.213610701838839e-06,-7.117649451148216e-06,9.128457950877395e-05,0.00013702577244855123,0.35225625194470295,-0.050242258787200844,1.5584041090018776,28.51860013339503
105.69999999999614,-2.386739597182777,-0.11657736043014774,-1.6438787678553772,-1.2826982083226104,-1.7968690429188947,-0.943301171625222,-2.372622043616306,-0.13278709292529517,-1.6235732413144026,7.2767227138923296e-06,-7.225881514757231e-06,9.11085476051293e-05,0.00013700466228754054,0.35012295642137353,-0.04693309765514353,1.4776367026779853,27.890559563688452
105.74999999999613,-2.387883112589429,-0.13394493793477819,-1.6473035255323785,-1.2725596338596734,-1.810895503411663,-0.9465388741786458,-2.3738476629106264,-0.15098062109173885,-1.631706169932592,7.338339268642906e-06,-7.31975927661785e-06,9.093287395790129e-05,0.00013698201181720472,0.3461401726209976,-0.06475405106847676,0.8323003146559154,27.018724054269338
105.79999999999613,-2.3890837417886512,-0.15134526830121287,-1.6509105618994222,-1.2624320479531357,-1.825005818951145,-0.9499831892487327,-2.375575524712525,-0.1729851848607588,-1.6446018415983152,7.406302770350075e-06,-7.369133289785108e-06,9.074445550348722e-05,0.0001369624110050118,0.3473725948608584,-0.06888630140174047,3.42491280955179,25.80205750714929
105.84999999999613,-2.3903346184975676,-0.16868523909487862,-1.6546755119477876,-1.252332948080338,-1.8391931160864892,-0.9543518233728734,-2.377067339623898,-0.18659970345608964,-1.6447315981148753,7.484971166318074e-06,-7.351077548742332e-06,9.053454205134075e-05,0.0001369456659197419,0.34829395663689555,-0.08737268248281622,2.153473036718076,23.84301592336905
105.89999999999613,-2.391648524070383,-0.18604551520142384,-1.6586158140587894,-1.242288886855477,-1.8534394942687238,-0.9590590538760448,-2.3792544705398795,-0.2005736790571724,-1.665190961101224,7.562418490498679e-06,-7.341586432778414e-06,9.032204120986121e-05,0.00013692813394600712,0.34862186864637934,-0.09414461006343927,3.0402267252219914,22.773268091196677
105.94999999999612,-2.393023737111453,-0.20340247456292668,-1.6627128621141927,-1.2323014700917003,-1.8677335800346733,-0.9628146309845422,-2.380416245923088,-0.21402000956266282,-1.6557192881720748,7.657367998848479e-06,-7.232061100448549e-06,9.008405400051016e-05,0.00013691341193095244,0.34875191118613086,-0.07511154216994928,2.717632322619128,20.863822835628714
105.99999999999612,-2.3944651384588247,-0.22074920463144773,-1.666982906414754,-1.2223450612568774,-1.8820933026002662,-0.9662712287455233,-2.381843472794094,-0.2316266924123015,-1.6614249378792187,7.739631760002885e-06,-7.194708555891592e-06,8.984257626596214e-05,0.00013689387582091676,0.34947504234637683,-0.06913195521962784,1.2303066136296956,20.767335862903927
106.04999999999612,-2.395973445707134,-0.2380783367894223,-1.6714262730663572,-1.2123916702279232,-1.8965742353436286,-0.9709577852665348,-2.383058163464166,-0.2511595875279025,-1.6710831299249418,7.827564151129591e-06,-7.137569609317902e-06,8.957934090647803e-05,0.00013687298563256218,0.3514358952845586,-0.09373113042022937,2.1514710181436936,22.185521263047765
106.09999999999611,-2.3975515795396687,-0.255394851323246,-1.6760206904687973,-1.202426574739094,-1.9112284270860203,-0.9762586777767766,-2.3845355799996364,-0.2724446381211652,-1.6744094814046835,7.926109179094358e-06,-7.0449412984380615e-06,8.92829352751668e-05,0.00013685238764367646,0.354428666508825,-0.10601785020484421,1.670060571791457,22.506599416031833
106.14999999999611,-2.3992049406463622,-0.2727114430955243,-1.6807850837063363,-1.1927835454933529,-1.925572093624707,-0.9815699477977864,-2.3866744051570103,-0.2922406344733479,-1.6826721338559345,8.019868028086993e-06,-6.944679908363847e-06,8.895877222942035e-05,0.00013682387879434136,0.34567585108574356,-0.10622540042019779,0.7874762941265169,21.893753660069663
106.19999999999611,-2.4009339085176356,-0.2900256253138867,-1.6857185180433774,-1.1831726899959543,-1.9400374501064646,-0.9871522757603932,-2.3883060554444002,-0.3111923570312684,-1.6831180421949614,8.121556841600471e-06,-6.82040180396407e-06,8.86043334633918e-05,0.00013679295985505853,0.3473418286306768,-0.11164655925214126,0.6954677780339564,21.64469473874224
106.2499999999961,-2.4027403259196918,-0.3073089457884136,-1.690814903020132,-1.1734159956570498,-1.9549073130157792,-0.9930830995610576,-2.391072808955443,-0.3292232872246017,-1.685423709059758,8.2253684792982e-06,-6.723799804690187e-06,8.82397759112607e-05,0.000136763875820692,0.3557003427208355,-0.11861647601328826,2.9584368991263594,18.677773614053518
106.2999999999961,-2.404628696365541,-0.3245802440930156,-1.6960807575550756,-1.1638537335109544,-1.9696443766686178,-0.9973655270960036,-2.393293687692055,-0.34210568789669543,-1.6949236669668746,8.32453819527128e-06,-6.634206143463971e-06,8.786789060889915e-05,0.00013673036833230018,0.3513507501679819,-0.08564855069892256,1.5194351165173399,16.951479236539566
106.3499999999961,-2.4066023651331636,-0.34184095115543306,-1.7015081383839625,-1.1542072451667078,-1.9846509509186263,-1.001608287660639,-2.397063546477118,-0.3628850072144828,-1.698837203197114,8.43569516233083e-06,-6.51719831671907e-06,8.749040309448606e-05,0.00013670121141024725,0.35679264874835404,-0.08485521129271245,4.480765663522569,13.445221761215503
106.3999999999961,-2.4086660777010023,-0.35909815239780835,-1.7070945804618285,-1.1448647063627357,-1.999349095313134,-1.007574770863049,-2.400256410141682,-0.37922330399472737,-1.7091114693636582,8.543673714766955e-06,-6.388893808527177e-06,8.709066011176861e-05,0.00013666377266297454,0.34832133426749884,-0.11932966404820917,1.3050231025221313,11.516352026912116
106.4499999999961,-2.4108162860613707,-0.3763192171650267,-1.7128352365875432,-1.135614536585299,-2.0140762232844307,-1.0123611244200066,-2.402675671001938,-0.3961424821268839,-1.7042123117850674,8.660390144325226e-06,-6.231390312059993e-06,8.667167675915751e-05,0.00013662558692952435,0.3478243905245109,-0.09572707113915677,2.261051405004208,10.025227874809051
106.49999999999609,-2.4130643159873557,-0.3935636438178337,-1.7187408480637023,-1.1264870524950976,-2.0287626563792203,-1.0170876976242402,-2.404872839819081,-0.4154647896413407,-1.7038641064271276,8.762201239214874e-06,-6.1235287395036315e-06,8.625240124513906e-05,0.0001365837115430685,0.3458339714488197,-0.09453146408468309,2.9919859473978305,11.125144681927294
106.54999999999609,-2.415402746907132,-0.4107601504698383,-1.7248047470073624,-1.1173943971910378,-2.0435597969803494,-1.0224971650448462,-2.407190759978442,-0.42754117360731075,-1.7069193007020296,8.860252189537243e-06,-6.0377373830787194e-06,8.583153915259808e-05,0.00013654173441750888,0.3473513990106533,-0.10818934841212531,2.3705750528333116,9.911027756901213
106.59999999999609,-2.417842639561175,-0.4279457712414043,-1.7310539193329118,-1.1081930658366896,-2.058733577677132,-1.028876038935302,-2.410068291181502,-0.4440545360249463,-1.7162006268782135,8.963656072799109e-06,-5.957350018080558e-06,8.542239172204164e-05,0.0001365070565376755,0.35491361604231303,-0.12757747780912418,1.615422654884886,8.628451343719982
106.64999999999608,-2.4203847669918432,-0.4451205515934632,-1.7374617313424143,-1.0992056053017198,-2.073790574205091,-1.0364486170700165,-2.4134891900679727,-0.4586956461203974,-1.736266847428016,9.075460175141489e-06,-5.839032523250321e-06,8.500069698409393e-05,0.00013647179923601324,0.35070731996580873,-0.15145156269429844,1.9649009840394718,6.485122444681921
106.69999999999608,-2.4230277186174263,-0.4622702556139912,-1.7440035510761767,-1.0902927818256343,-2.088973643286026,-1.0434969114650272,-2.416801575135815,-0.47709716084337395,-1.7531820803588265,9.216276988245247e-06,-5.64180542866985e-06,8.454530530921672e-05,0.00013643979264134153,0.35211662400209376,-0.14096588790021736,0.8262347144767165,7.563630002638169
106.74999999999608,-2.425776380855237,-0.47939596005856944,-1.7507144075041168,-1.0815216704525399,-2.1041334925134456,-1.0490619101965981,-2.420117405228851,-0.4950081888990847,-1.7574662733807034,9.378134268876171e-06,-5.393804959364768e-06,8.404097851812071e-05,0.0001364051182295804,0.3502880043494928,-0.1112999746314281,0.5241315744527076,6.586032443871148
106.79999999999607,-2.4286360879291236,-0.4965152272577801,-1.757572864993886,-1.0728517325532636,-2.1193395514153255,-1.056147077920679,-2.4235220147414553,-0.5113257903665126,-1.7713521697061696,9.538602872260932e-06,-5.159673847492827e-06,8.351507346075141e-05,0.00013636604111975643,0.3500818945549164,-0.14170335448161978,0.5086894362221307,7.459447085455391
106.84999999999607,-2.4316062778882874,-0.513602752472643,-1.7646219942625372,-1.0643004355127146,-2.1345685722521726,-1.0621664388000767,-2.4265438967582065,-0.5268782421305602,-1.7690623370153447,9.715121234426628e-06,-4.896059253581664e-06,8.295493075104766e-05,0.00013632463761028313,0.3493128556382184,-0.12038721758796524,3.0970794778960844,4.80043550550161
106.89999999999607,-2.4346913402368866,-0.5306660197011732,-1.7718197810399077,-1.0557105048189503,-2.1501075467868187,-1.0694468751861703,-2.4297471537707853,-0.5418524924885292,-1.780220970454853,9.877813818571462e-06,-4.687758123434584e-06,8.240073742951204e-05,0.00013628368534403622,0.3551045093377357,-0.14560872772188013,1.6220332190259097,4.7989743329738985
106.94999999999607,-2.437894376368508,-0.5477098836220663,-1.7791943346602537,-1.0473742397283288,-2.1654716785671524,-1.0778890727295907,-2.433097346526721,-0.5620924673523803,-1.776353398443003,1.0051103183343337e-05,-4.451486014895689e-06,8.1820517224242e-05,0.00013623903397865764,0.3496007298393002,-0.1688439508684169,1.383844562630745,4.219375914541491
106.99999999999606,-2.4412155688936132,-0.5647173405702054,-1.7867054914599476,-1.0390908388330236,-2.1810539308284858,-1.0865022821314416,-2.436020103690751,-0.5789041998387997,-1.772973471369368,1.0204399971571028e-05,-4.276700952629569e-06,8.124646963348504e-05,0.00013619126252653312,0.35294375825592456,-0.17226418803702995,2.9908151269115897,4.986543869839923
107.04999999999606,-2.4446622726450067,-0.5817172048084635,-1.7943984956703718,-1.031047598215721,-2.1964834897083927,-1.094025482315839,-2.440304877636539,-0.5987844765373179,-1.7891644341665245,1.033473809709786e-05,-4.147085417575736e-06,8.06913940493543e-05,0.00013613853473419974,0.3480036981787582,-0.15046400368796123,2.141758841794797,4.807599376463354
107.09999999999606,-2.4482295328766908,-0.5986713821900789,-1.8022721189504263,-1.0230908392605278,-2.2120478487633033,-1.1024060043701978,-2.444229412545924,-0.6183745345138894,-1.7984173451113648,1.0494533907518384e-05,-3.963466785843611e-06,8.010430504341726e-05,0.00013608903908725393,0.34960610648754714,-0.16761044108718562,2.4315823799220517,5.768204781400547
107.14999999999606,-2.4519263495680796,-0.6156066828169716,-1.810318047251109,-1.015280112875537,-2.227628038420122,-1.109773806018321,-2.4476045041695675,-0.6323688764227533,-1.7972933941517446,1.0662117410278877e-05,-3.7703718251608284e-06,7.950050142884222e-05,0.0001360393790594677,0.348569149801139,-0.14735603296247998,3.4208546663545043,5.160082295790919
107.19999999999605,-2.4557472349745084,-0.6324899282351831,-1.8184939401377225,-1.0075520436015872,-2.243342609919322,-1.1177232004325255,-2.4519236653504777,-0.6503168884750525,-1.8077530069202943,1.0814511016819509e-05,-3.6156943798664275e-06,7.892378453123025e-05,0.0001359926932635298,0.3502413037106481,-0.15898788828410074,2.458133072064977,5.0927617829521585
107.24999999999605,-2.4597046252237282,-0.6493552969508656,-1.826812754810395,-0.9999579072321899,-2.259098780322386,-1.1256158564028231,-2.4551862547190666,-0.6612652826241142,-1.8072824486011956,1.0980234490782784e-05,-3.440293350931424e-06,7.833522563304942e-05,0.00013594629660422815,0.34981675265493856,-0.15785311940596836,2.5964651790695337,5.013824507996625
107.29999999999605,-2.4637979770167466,-0.6661893882570364,-1.8353038388433902,-0.9925326449501967,-2.2748499486948184,-1.134946089713715,-2.4607322054838696,-0.6802196736408085,-1.8323823584447205,1.1131210029477965e-05,-3.2926387529054905e-06,7.777563649025181e-05,0.00013590042575819416,0.34827347005113546,-0.18660466621785254,3.4603398247585364,3.101173756783961
107.34999999999604,-2.468023026758233,-0.6829720481504298,-1.8439416227464902,-0.9851901676159693,-2.290789396004611,-1.1432993948314467,-2.4653354983296,-0.6952345318335376,-1.8491586453461142,1.1335832628402178e-05,-3.0625230366584665e-06,7.71626543736656e-05,0.00013585917932392472,0.3509870338257622,-0.1670661023546449,3.0785034185740217,3.000694161962331
107.39999999999604,-2.4723892179797184,-0.6997206887826547,-1.8527361858014244,-0.9779999360517638,-2.3067679433492945,-1.1525973498667796,-2.4709381412265667,-0.7110360841426177,-1.858570602895024,1.1569571217318631e-05,-2.7960899993031497e-06,7.651087368445407e-05,0.00013581810721367658,0.35043722235451036,-0.18595910070666863,1.9301245865484393,2.3678838793449355
107.44999999999604,-2.476895941325708,-0.7164319647058895,-1.8616576653901649,-0.9709483560557286,-2.3228472073363977,-1.1624105188329898,-2.474834886764779,-0.7258410182949652,-1.868074619611884,1.1808930779155271e-05,-2.535332871857121e-06,7.58436293589994e-05,0.00013577503185621426,0.3511523798137248,-0.19626337932421378,2.500306664262142,2.0930038058111906
107.49999999999604,-2.4815521492264954,-0.7331214369592216,-1.8707731949584823,-0.9641200863616745,-2.3388112536913037,-1.1708240928057287,-2.479782195908953,-0.7394974213226382,-1.875747924928678,1.2048333820780201e-05,-2.280099222819364e-06,7.516639612222826e-05,0.0001357279190321063,0.3472623339526109,-0.16827147945478804,0.8451888752076444,1.1348721930713452
107.54999999999603,-2.486351273029097,-0.7497579389036433,-1.880035069611186,-0.957433786783278,-2.3548648172183273,-1.1814713843024531,-2.4842027929388357,-0.7518510543772892,-1.8730249287088299,1.2289888436237827e-05,-2.03334130391026e-06,7.448883271476212e-05,0.00013568081445694603,0.3478082005933103,-0.2129458299344993,2.042726007896383,0.6619750761676527
107.59999999999603,-2.4912914606867256,-0.7663277161355458,-1.8894579983820246,-0.9509921255900262,-2.3708156951324635,-1.192490281244555,-2.4895530047804333,-0.7700381253356986,-1.8878078660598274,1.249566863004005e-05,-1.8384833201208209e-06,7.38458463392833e-05,0.00013562951579731787,0.344051449265953,-0.22037793884205087,1.7316674316486627,0.4042086924505443
107.64999999999603,-2.496383252953118,-0.7828503766527896,-1.8990365469722277,-0.944580985139491,-2.3871514539031096,-1.2011224132214668,-2.4946253132864316,-0.786068104962002,-1.891001561727379,1.2726582767567076e-05,-1.6302858477292393e-06,7.318254045891606e-05,0.00013558391374182363,0.3509767221710014,-0.17264263953824785,2.17699904930452,0.70317932283244
107.69999999999602,-2.5016242974475813,-0.7993257268136518,-1.9087935560615743,-0.9382670095706364,-2.4036557809884056,-1.2096975898410198,-2.5018068089525602,-0.806869506045785,-1.9064120239757876,1.2944606090837622e-05,-1.451927768028332e-06,7.253544549914006e-05,0.00013553964747915385,0.3534181735521379,-0.17150353239107108,1.429923061796431,0.7988440230909466
107.74999999999602,-2.507025110355124,-0.8157623409911743,-1.9187047304530829,-0.9321240164164276,-2.420133882383318,-1.2182186318855108,-2.507334341489577,-0.8219023230879244,-1.919275621165439,1.3189663160868867e-05,-1.2470705561756727e-06,7.185835705609202e-05,0.00013549397676616533,0.35171924129286886,-0.17042084088982817,1.3326706926065515,0.561407644219012
107.79999999999602,-2.512580964991557,-0.8321399526855238,-1.928744031385001,-0.9260808876937415,-2.436809091121445,-1.2280133162638895,-2.5142200442623084,-0.8389835795856053,-1.9304894934168737,1.3455237725096873e-05,-1.032404310971217e-06,7.116579255949714e-05,0.00013545115330807733,0.3547306055051812,-0.19589368756758618,2.0570596845028883,0.9330745435110855
107.84999999999602,-2.5182879361720145,-0.848447976814571,-1.9389644978278464,-0.9202870119561132,-2.453317151276591,-1.2384974206614783,-2.521212541981944,-0.8584449119981044,-1.9315560976220838,1.3728895358426257e-05,-8.13418411877611e-07,7.045792549475548e-05,0.00013540354121096862,0.34990733048211564,-0.2096820879517873,1.8577433877362135,2.4086940672734096
107.89999999999601,-2.524166147795318,-0.8647138487349129,-1.9493135505097368,-0.9146292813185949,-2.469974174372655,-1.2482271554924889,-2.527473775354464,-0.8742551025337859,-1.9323601895613352,1.3974487403330216e-05,-6.387806291672321e-07,6.977963397792265e-05,0.00013535437472084124,0.3518344927799606,-0.1945946966202244,2.7684159548189102,4.146362270026275
107.94999999999601,-2.530192509122521,-0.8808946389362371,-1.9597913596842134,-0.9091715061412818,-2.486595422685532,-1.2588273071956084,-2.5324129853271344,-0.8856809206091538,-1.952965111627126,1.4195299650824543e-05,-4.939811968254453e-07,6.913956621009536e-05,0.00013530512888405236,0.3498891659601546,-0.21200303406240256,1.8476986270352915,1.029564801761135
107.999999999996,-2.53638172509549,-0.8970261371388097,-1.9704086348062753,-0.9038625884179713,-2.5033725196795418,-1.2698276610327122,-2.5378374337985083,-0.9009693244206618,-1.959754310662178,1.4467004158196183e-05,-3.036661131266345e-07,6.84658867682228e-05,0.00013526362457746743,0.35194244615826403,-0.22000707674208828,1.8921835942684948,1.2016441441212578
108.049999999996,-2.542734707138857,-0.9130836631782182,-1.981176125477323,-0.8987644700161048,-2.5200979593317077,-1.2800333773022872,-2.5457950595149166,-0.9190455856979769,-1.9678830550147008,1.472884234051079e-05,-1.2952554620315287e-07,6.780216912399045e-05,0.00013522006875526949,0.34970490215172895,-0.20411432539151123,1.2524241431364416,2.4926519811435712
108.099999999996,-2.5492595014234674,-0.9290775430527409,-1.9920722988386275,-0.8937953038553241,-2.53699426378409,-1.2894929057582227,-2.5517049787675723,-0.9321166519520683,-1.9934883163354409,1.4989625094336868e-05,3.1706412493174576e-08,6.714716165503881e-05,0.00013517739493385276,0.35223857225040284,-0.18919056911872326,1.7001180330641708,0.5467633727792498
108.149999999996,-2.5559445868084985,-0.944977750383934,-2.0031179383016506,-0.8890788443018965,-2.553663394398744,-1.3006233565563945,-2.5585523155386984,-0.9466863695338558,-2.000692134050617,1.5318293056441542e-05,2.517554342741567e-07,6.642406053792478e-05,0.00013513458241233082,0.34647251229680914,-0.2226090159634464,0.6264853233247654,0.5543708325011036
108.199999999996,-2.5628104563698693,-0.9608223381683532,-2.014319125707878,-0.8844899897540182,-2.570606745011494,-1.3119891861397956,-2.567321164950665,-0.9643260351252417,-2.01437090520467,1.563591759012522e-05,4.4445521040663456e-07,6.571770577755884e-05,0.00013509406392578596,0.351077218396928,-0.2273165916680373,1.961893992380348,1.4792576653631788
108.24999999999599,-2.569848690561456,-0.9765871081045481,-2.0256652114329037,-0.8800960663632725,-2.587542901018933,-1.321915792463418,-2.5733596862752792,-0.9762636992596847,-2.022908965813956,1.5964794477858066e-05,6.350754027921104e-07,6.499898985748491e-05,0.0001350520850504787,0.34993854142702296,-0.19853212647245594,3.242494932059939,0.9014721813797947
108.29999999999599,-2.577062098479098,-0.9922732603909106,-2.037179186318752,-0.8758770701967746,-2.604516019612594,-1.3324135270543094,-2.5820920852231954,-0.9953078902769378,-2.0310739914333213,1.6286634993930704e-05,8.103713316812224e-07,6.429476238724873e-05,0.00013501100052171213,0.34979393510139434,-0.20995469181784193,1.2438664238484978,2.0673912658089555
108.34999999999599,-2.584438573727442,-1.0078628783091872,-2.0488969879429795,-0.8718293337345856,-2.6215857946046106,-1.3435222104687077,-2.5874398480143297,-1.004981277604951,-2.055012687871645,1.6602120792426352e-05,9.680554567142507e-07,6.359930947637508e-05,0.00013496906711258128,0.3508643918387496,-0.22217366828797866,3.4918694442319094,0.8426919599150828
108.39999999999598,-2.592005173052078,-1.0233901117481112,-2.060758160586867,-0.8679903389807337,-2.638675977244727,-1.3561429458807297,-2.5945864852379295,-1.0181551905117483,-2.0754103258955032,1.698025137453803e-05,1.1603015942585864e-06,6.285272265787461e-05,0.00013493228436733723,0.35032344821422134,-0.2524147082404542,1.2172227395261235,2.0843027261536506
108.44999999999598,-2.5997313047278645,-1.038786487490836,-2.0727410811563978,-0.8643666861170807,-2.655748927878041,-1.367166412860607,-2.6036794190624635,-1.0321185022627992,-2.0864313800660916,1.7391579379398255e-05,1.3590081747957886e-06,6.207204930952184e-05,0.0001348941269788563,0.34906709274395537,-0.220469339597557,7.176655730712055,2.596487984794244
108.49999999999598,-2.6076476166927742,-1.0541108200714258,-2.084857582608078,-0.8608846802353217,-2.673161935130599,-1.3797008955415868,-2.6143501106873277,-1.0484722199937964,-2.0998791066877147,1.7800267305974592e-05,1.5346360973211941e-06,6.13044342759831e-05,0.00013485941845676978,0.3551570442541645,-0.25068965361961065,4.254648634075994,4.190829249252593
108.54999999999598,-2.6157453914718736,-1.0693451071824007,-2.0971613514103713,-0.85764595491126,-2.6904291295290905,-1.3910698263184296,-2.622730888286099,-1.0636636860314785,-2.1108897048284603,1.8207930901808285e-05,1.6984985813884918e-06,6.053681926737684e-05,0.00013482004781872393,0.3513679943168577,-0.22737861553686772,1.3455033537342767,4.151742757003686
108.59999999999597,-2.624031006164827,-1.0844850094799166,-2.109566372415349,-0.8546251828813455,-2.7076307075479815,-1.4028475407041388,-2.6306369482078535,-1.0771279561169824,-2.1163839462282126,1.8607854943578873e-05,1.8465024532030498e-06,5.977923761641087e-05,0.0001347784737564065,0.34929808239182253,-0.2355542877141953,0.7885014522370664,3.4968646467539655
108.64999999999597,-2.632489200566862,-1.099504665201201,-2.1221076315984444,-0.8518127950354354,-2.7248128917609016,-1.414261550358284,-2.6398153105813322,-1.0918035789948188,-2.1349368305885372,1.8974031113853368e-05,1.968334414008402e-06,5.9065185514974135e-05,0.00013473690722848777,0.34821847785059723,-0.22828019308291983,1.7690539814177009,4.647917398983547
108.69999999999597,-2.6411250151250174,-1.1144145732145412,-2.134755745129966,-0.8491802685810493,-2.742109159853664,-1.4252455311108543,-2.650001295783983,-1.1083088122402007,-2.136115042023423,1.937359981174432e-05,2.0929233889416135e-06,5.832681912742264e-05,0.0001346978332331641,0.3499109389109567,-0.21967961505141495,1.1309229838099941,4.980597033555932
108.74999999999596,-2.6499458813606505,-1.129229433546328,-2.147597765262356,-0.8467735737698524,-2.7592810874095903,-1.4378553967353587,-2.657321264336471,-1.1193909111435496,-2.138797488820713,1.972294602417937e-05,2.188137122753319e-06,5.764514121760641e-05,0.00013465639971555884,0.34679749710261265,-0.2521973124901043,1.211406516951829,6.076461712823122
108.79999999999596,-2.6589563305192216,-1.1439377060248952,-2.1605893249634693,-0.844585958793911,-2.776493254342476,-1.4508988398833274,-2.6670573871456957,-1.1330842044094782,-2.1548104372087087,2.0034813893858567e-05,2.262266320073179e-06,5.701963775331399e-05,0.00013461790451730816,0.3470150532391541,-0.2608688629593864,1.377458895366921,6.578693138250197
108.84999999999596,-2.6681436143117496,-1.1585063955160226,-2.173697415042982,-0.8425774173328734,-2.7941364615376223,-1.4639854422779586,-2.6755629572067763,-1.1450662018865798,-2.1631862422020744,2.0380445878058523e-05,2.3386542133143606e-06,5.638543033898205e-05,0.00013458968576956178,0.3551458849809387,-0.26173204789263743,1.583220348386263,8.240221319663577
108.89999999999596,-2.677510870126665,-1.17295198380121,-2.1868910940147623,-0.8408570251466317,-2.8114485740306505,-1.4795074912988897,-2.684539681864396,-1.158502111031823,-2.1835907325992467,2.0717788487108957e-05,2.4123280497250663e-06,5.576560904673748e-05,0.00013455759234103169,0.34795118350517873,-0.31044098041863843,3.2705554648823805,7.155700294325134
108.94999999999595,-2.6870799531521654,-1.187296668164448,-2.2002353015407925,-0.8393746459932945,-2.828806520999057,-1.491697379606699,-2.6923343598942155,-1.1680563732748186,-2.2097620057377334,2.1095204988236672e-05,2.4917747350781447e-06,5.5114637596910376e-05,0.0001345259822008141,0.3484247574797157,-0.24379776615619797,2.5605820985221284,8.604437461238016
108.99999999999595,-2.6968100017306877,-1.201492556510383,-2.213707483315659,-0.8381256039538401,-2.8461917585474388,-1.5064517798500763,-2.70273905650028,-1.184491868571904,-2.2191388849100226,2.154917351697658e-05,2.5837705761200696e-06,5.4395439058482425e-05,0.00013449818370016102,0.34860413196268686,-0.2950880048675606,3.062342292333663,7.431539862377864
109.04999999999595,-2.706735167462026,-1.2155576153272047,-2.227325383710228,-0.8371277517930447,-2.863473126581117,-1.519785955232219,-2.711744686996395,-1.1969459713367634,-2.23071743967446,2.197523798055672e-05,2.654496561639811e-06,5.370035209025784e-05,0.00013446496447040474,0.3462056208568356,-0.26668350764287196,2.298408239819719,8.10040620569018
109.09999999999594,-2.716859738518994,-1.2295047826336134,-2.2410726510451333,-0.8363466995044907,-2.881096492963744,-1.5332264014653754,-2.7248165629666303,-1.2118505362638672,-2.2431135772313016,2.2395454123313818e-05,2.7081589152595177e-06,5.3027586289314385e-05,0.00013443841317176426,0.35281596903453266,-0.26880892466314205,3.769852762895121,9.538197952752858
109.14999999999594,-2.7271536579862605,-1.2432718592941896,-2.254966127936802,-0.835813613775403,-2.8985496575535086,-1.5472976656086828,-2.735175018493491,-1.2254491337870597,-2.263173976091549,2.2812754619728292e-05,2.7527079923812903e-06,5.2361332825795355e-05,0.0001344079997632986,0.3492289595417825,-0.28142528286616536,2.162427815510217,9.635690322476467
109.19999999999594,-2.7376269023303506,-1.2569100587506803,-2.2689928104236396,-0.8355209859025472,-2.9162316891798845,-1.561199112118024,-2.7462224344870725,-1.2390261324425573,-2.2686416549430253,2.326711898784872e-05,2.789448722059596e-06,5.167065603544946e-05,0.00013438212182905948,0.3536919054643353,-0.27802893018683994,1.125892585060808,10.495769385756326
109.24999999999594,-2.7482836208918666,-1.2704230179911469,-2.283161172107065,-0.8354760950583899,-2.9337409755636856,-1.5752658915134037,-2.760134984628815,-1.2559979856671164,-2.27894612706613,2.367708871484703e-05,2.810703798151534e-06,5.102853136328349e-05,0.00013435242283273466,0.3501897658234003,-0.28133558790760993,1.8596840135215444,11.737417467741928
109.29999999999593,-2.7591087316790652,-1.2837554480158904,-2.2974536916027644,-0.8356766681883468,-2.9511079999931664,-1.5894238923789656,-2.76974008375417,-1.26629285833624,-2.290175613167326,2.407432307164828e-05,2.8229204209121813e-06,5.040490260576919e-05,0.00013431928450019975,0.34736655337815814,-0.28316001731125395,1.991738486046365,13.195871347236988
109.34999999999593,-2.770150582797783,-1.2969647600308845,-2.3118731275429942,-0.8361282900876126,-2.9686038431022053,-1.603783493796601,-2.7828390683048263,-1.2820928967321634,-2.310280939046276,2.4467226768450292e-05,2.826083470158182e-06,4.980075695421398e-05,0.00013429100267683275,0.3500364277294619,-0.28719202835272317,1.9792759061951988,12.490751133766096
109.39999999999593,-2.7813574048854894,-1.3099935103863891,-2.326416883931809,-0.8368349182335992,-2.9861344478466334,-1.6183820583962898,-2.797006988150396,-1.2967136352275739,-2.338227793963568,2.4901469724147146e-05,2.822383948019658e-06,4.916420837858547e-05,0.0001342640384451979,0.3508999247419999,-0.29197129199379435,1.2453185676833503,14.660288859336008
109.44999999999592,-2.792769931117888,-1.3228825236162645,-2.3410902416663335,-0.8377991022937203,-3.003560758482871,-1.6337563086164986,-2.8087513164593583,-1.3083064090750895,-2.352023398108824,2.5410242690769678e-05,2.8101055156556046e-06,4.8459360226499025e-05,0.00013423687384895078,0.34906271830572916,-0.30748500440419474,0.3107157847572756,15.705094551726834
109.49999999999592,-2.804348020227991,-1.3355841399624795,-2.3558822377607025,-0.8390310653951056,-3.0210696929071075,-1.648328738071316,-2.8209881321155232,-1.3205597001775817,-2.3665085603784015,2.590605141048517e-05,2.7825447203467436e-06,4.777777751028255e-05,0.00013421207311830122,0.3510475578614112,-0.2914485890963663,1.6102030450425653,16.720260252576892
109.54999999999592,-2.816107034968092,-1.3481127862993463,-2.370792316538304,-0.8405115602407812,-3.038607945039875,-1.6616949726985735,-2.8330604427914676,-1.333373683665622,-2.376399404259712,2.639332953111854e-05,2.741882139032038e-06,4.711474244064372e-05,0.00013418895339227738,0.3520152070262979,-0.2673246925451623,1.7345117599954731,16.727325155057887
109.59999999999592,-2.8280555147014557,-1.3604727947560518,-2.385860188345705,-0.8422330119915309,-3.0561488484399955,-1.675549730657898,-2.846593684611215,-1.3456633017785515,-2.387100543268076,2.6854230012040702e-05,2.6906316194668513e-06,4.648771994910356e-05,0.00013416619707978374,0.352506259481827,-0.2770951591865043,0.4016856472477518,19.125976223363878
109.64999999999591,-2.8401789530004438,-1.3726502478972824,-2.4010501725741564,-0.8442032344749741,-3.073589947526238,-1.691017900460136,-2.858713722543217,-1.357255034489439,-2.399183335812032,2.729914197238728e-05,2.631878875358306e-06,4.588545315832423e-05,0.0001341426537855117,0.3510440750846643,-0.3093633960447803,2.2603925561939477,19.76546648435812
109.69999999999591,-2.8524896526183983,-1.3846458905295929,-2.4163633227596626,-0.846424631488644,-3.0909543312682586,-1.7050492515618116,-2.870576195571493,-1.3686935391369341,-2.415092750799197,2.772995713571537e-05,2.5657196440229376e-06,4.5305888800822316e-05,0.00013411846512033536,0.3501208107954549,-0.28062702203352685,2.2674845000225625,19.31366987849175
109.74999999999591,-2.864967806801644,-1.3964477698982767,-2.4317543538265345,-0.8489128473312264,-3.108420162407478,-1.719562832070526,-2.88168842508725,-1.378879129555803,-2.4374485940984782,2.8174171102403887e-05,2.488076983596815e-06,4.4726269433486533e-05,0.0001340989390171624,0.3528466743717157,-0.29027161017430414,4.143388407831672,18.1075331015027
109.7999999999959,-2.877645688165704,-1.4080816238402825,-2.4472742526553204,-0.851634201032786,-3.1256968509079175,-1.7344943522284246,-2.8952145517703087,-1.3901274202565561,-2.4538785807944565,2.865928684751755e-05,2.3942597851018466e-06,4.4111807621535795e-05,0.00013407749835045245,0.34979732117751094,-0.2986304031579875,0.6235829819106045,19.37584887809159
109.8499999999959,-2.8904663249753666,-1.4194886486390044,-2.4629276453419693,-0.8546145270856469,-3.1429167366322734,-1.7498521805862675,-2.9091764887059695,-1.4025930501226056,-2.4580163641331545,2.914912838771812e-05,2.2873409747043857e-06,4.350117766203735e-05,0.00013405565207178026,0.34952127869786276,-0.3071565671568735,1.0370522689533654,21.05886410228684
109.8999999999959,-2.9034842975978723,-1.4306975682702259,-2.478746304829691,-0.8578656245013122,-3.1601063671785092,-1.765587261487115,-2.919685543465793,-1.4105479959875478,-2.4849476128860633,2.9581737676801005e-05,2.1825675096122446e-06,4.2956509698065465e-05,0.00013403490454197214,0.34989103875938676,-0.31470161801697144,2.0357052134811338,19.54966482028669
109.9499999999959,-2.9166806884366467,-1.4417174218049174,-2.4946502534142816,-0.8613454788355086,-3.1770158455229076,-1.78192461802099,-2.9341674599382697,-1.4212635761784256,-2.496562375139177,3.007737810991085e-05,2.053163190879839e-06,4.235424420363061e-05,0.0001340123529123731,0.3452804502355925,-0.32674713067751593,1.379901349102524,21.596065650823817
109.9999999999959,-2.9300239809508497,-1.452528841057132,-2.5106435194170307,-0.8651745100132466,-3.194219554213822,-1.7976688941246777,-2.9499425557172088,-1.4326712446075238,-2.5254508083737544,3.0550110265871457e-05,1.915265944071975e-06,4.179207607667167e-05,0.00013399623387226256,0.35249708604777485,-0.31488552207377307,1.6918654125669546,23.958773143768564
110.04999999999589,-2.943524526678502,-1.4631120812671496,-2.5267678065880506,-0.8692725910119408,-3.211265196977427,-1.8158042986465777,-2.9632142843775444,-1.4425808065246122,-2.5348261157620566,3.109209095031449e-05,1.7408763334849574e-06,4.116936444511502e-05,0.0001339792251828506,0.350631789177763,-0.3627080904380226,1.6910314514933291,23.86837380604543
110.09999999999589,-2.9572083228405694,-1.4734808777512867,-2.5430829945782625,-0.8737222703187542,-3.2284422846926875,-1.832739428857829,-2.9748820594951146,-1.4514116167782858,-2.5570593737200324,3.159067609014792e-05,1.5671527262056459e-06,4.0603637772519405e-05,0.00013396625076547312,0.3548856228961084,-0.338702604225045,2.5633233339251604,23.085621062186064
110.14999999999588,-2.9710559052411054,-1.4836289435252006,-2.5594958843478817,-0.8784002170058001,-3.2453017216923223,-1.8501708699470223,-2.984573328534177,-1.4583344888714582,-2.5650695833415393,3.211517088384483e-05,1.3706105553060583e-06,4.0016588618877263e-05,0.0001339498744275268,0.349932309288608,-0.3486288217838891,2.7013102776576017,22.52119124848222
110.19999999999588,-2.9850582790805396,-1.493546717326669,-2.5759943362300115,-0.883380235161334,-3.262174827575636,-1.865415835398197,-3.0013916817922963,-1.4708277630715498,-2.5726570315797237,3.258909784706273e-05,1.183063236482889e-06,3.9490695918504114e-05,0.0001339358182967812,0.3518569466744094,-0.3048993090235155,1.4418947264503752,23.061854349197677
110.24999999999588,-2.9992177988323805,-1.5032475022378962,-2.5926127801655157,-0.8886640663482446,-3.2790426319366714,-1.8833118901136419,-3.0156647714245866,-1.4800216487218765,-2.5842931491408585,3.303023055788425e-05,9.982354580349915e-07,3.9006680338264063e-05,0.00013392162336845972,0.3535251249255706,-0.35792109430891705,1.477426583394941,24.865412770026964
110.29999999999588,-3.0135320549924365,-1.5127056689515563,-2.609336960668955,-0.8941367265555155,-3.2955102162843968,-1.8999740057053787,-3.030867946908474,-1.4892019753150312,-2.60721675907855,3.34501132832267e-05,8.158351525085862e-07,3.8544285631769704e-05,0.000133902712328718,0.3470667433892549,-0.33324231183475655,1.7272891393386263,24.781188971937194
110.34999999999587,-3.027990991294238,-1.5219192661626353,-2.626173946072214,-0.899879274977577,-3.311838277731357,-1.9179922767291295,-3.04475229173515,-1.4976702294779234,-2.627289469400039,3.391020518251134e-05,6.011948723322958e-07,3.804974192069601e-05,0.00013388370687645267,0.3461736895159001,-0.3603654204750366,2.946714403198621,24.598127118636235
110.39999999999587,-3.0426130676261205,-1.5308987371677616,-2.643112481076123,-0.9060174644426471,-3.3283480568018446,-1.935509283587744,-3.0586674601555512,-1.5060198448291047,-2.65294865162757,3.438793156186324e-05,3.6160474978862275e-07,3.755401091929854e-05,0.00013387154850087615,0.35228290235382576,-0.35034013717231355,1.5391956686862418,24.208367119377353
110.44999999999587,-3.0573770020921485,-1.5396320608403442,-2.66018857574504,-0.9123645200213581,-3.3445399848168806,-1.9532457923437692,-3.0720264972648774,-1.5123105291067647,-2.6833244492784085,3.490228408536917e-05,8.498054940694114e-08,3.702857206760485e-05,0.00013385677559870656,0.3478341999671503,-0.35473017512052185,3.878554239736267,27.80977875496163
110.49999999999586,-3.072280164856587,-1.5481116434286732,-2.677378216081632,-0.9190001934282591,-3.3606475454179314,-1.9698951812060734,-3.087612550588793,-1.5212599300289706,-2.6831892919115,3.546279532713333e-05,-2.4227192403766e-07,3.647250379143351e-05,0.00013384306340551792,0.34842082644418243,-0.3329877772461037,3.121805956353516,26.33999355973871
110.54999999999586,-3.08732688001935,-1.5563332997473582,-2.6946627805844257,-0.9258777602506751,-3.3765434117747106,-1.9883855768699514,-3.1052857412407255,-1.5296247083534757,-2.6904437972447566,3.5941238137362186e-05,-5.224577107222303e-07,3.60046603587993e-05,0.00013382854132465885,0.34640325608142714,-0.3698079132775793,1.3497381062823184,29.880457163473213
110.59999999999586,-3.102499284336438,-1.564290047576205,-2.712058239632829,-0.9331186624205741,-3.392493836060702,-2.0054963826369714,-3.1208244209655565,-1.5368199895380648,-2.719224002525686,3.637404323586004e-05,-7.830026137982409e-07,3.5592378660130995e-05,0.00013381791426491326,0.3503450789073788,-0.3422161153404218,1.583410847761908,29.895815630839998
110.64999999999586,-3.1178226161217446,-1.5720002430266882,-2.729547901282832,-0.9405980839587217,-3.4082469618730937,-2.022649708707926,-3.1357027051372732,-1.5436402405083847,-2.726776623431188,3.685514207140977e-05,-1.0996430349721648e-06,3.514019287475493e-05,0.00013380651409332917,0.34877510004498696,-0.3430665214191115,1.4684807878683164,31.98661542387317
110.69999999999585,-3.133272762974754,-1.5794377433788438,-2.7471324321769925,-0.9484387864563281,-3.424041331647891,-2.0405082075686707,-3.150898851854349,-1.5504413257734342,-2.751317145765223,3.7296471277715464e-05,-1.396702819011805e-06,3.473925910223314e-05,0.00013379922610554234,0.35267378481585493,-0.35716997721491683,1.1941281357458344,31.752143549571926
110.74999999999585,-3.1488290531070384,-1.5866068583240138,-2.7648064234673106,-0.9565249712444316,-3.4396283996199672,-2.05819390073332,-3.1660084841074405,-1.5571620080119442,-2.7808738658560723,3.776416844942594e-05,-1.7353267672895084e-06,3.432044709214671e-05,0.0001337905203064422,0.3511985817611254,-0.35371386329300464,3.4576472399846905,32.060265613521246
110.79999999999585,-3.1645227497116624,-1.5935069243244036,-2.7825873484922563,-0.9648185128426788,-3.4549637407795966,-2.07492272023301,-3.181896607438924,-1.563681488931617,-2.786780691269492,3.826900919755081e-05,-2.130210573607688e-06,3.3876417538374615e-05,0.00013377924337280048,0.34869046984712043,-0.33457638999381917,1.94185249740771,32.84231010759901
110.84999999999584,-3.1803265801391176,-1.6001205945250234,-2.800475090419052,-0.9733966256850456,-3.4701980976530713,-2.0923249556369026,-3.2026462901084307,-1.572317475954874,-2.810100211652297,3.8724710276642546e-05,-2.487991486651804e-06,3.349141824590028e-05,0.00013376911049778716,0.34967262599667576,-0.3480447080778669,2.668772867789683,33.72939674342743
110.89999999999584,-3.1962439235013944,-1.6064502992125245,-2.818470682751607,-0.9823850631348677,-3.4854938435208753,-2.1118354854276,-3.2148395737823914,-1.576181313553858,-2.820132113716717,3.919968780484833e-05,-2.8894959690636187e-06,3.310437780109827e-05,0.00013376257383668642,0.35483057033203963,-0.390210595813969,2.5756172635845833,34.81501916328057
110.94999999999584,-3.212262197339508,-1.612500768494634,-2.836587250809031,-0.9915423329636995,-3.5004006259047364,-2.1314962353661553,-3.2279262554008468,-1.5799612912820131,-2.848898512473722,3.9641552729162274e-05,-3.2672754495120477e-06,3.275329618724205e-05,0.00013375490172458693,0.34990147815097555,-0.39321499877112936,1.3384887544690909,36.26741737302139
110.99999999999584,-3.2283944317047313,-1.6182614924981071,-2.8548112677343047,-1.0009326939254555,-3.515048230278188,-2.1502616322606922,-3.2430982489762408,-1.5841861611779218,-2.86555020468021,4.011036221984022e-05,-3.7039508326782434e-06,3.238591968823748e-05,0.00013374535025085425,0.3479885496274707,-0.3753079378907609,2.6538026965840533,38.79632545221815
111.04999999999583,-3.2446164738435046,-1.623728820289849,-2.8731264709752127,-1.0106467677506108,-3.5296271192691178,-2.1668436596999516,-3.2582815190077548,-1.588039342352411,-2.8912229920563144,4.0563492903329844e-05,-4.139673577412956e-06,3.2047836597158384e-05,0.00013373872668353051,0.3503793755048058,-0.3316405487852043,1.0668680122012677,42.136792901516
111.09999999999583,-3.2609494902958778,-1.6289008267386709,-2.8914595967614347,-1.0204937993941126,-3.543864336305328,-2.184935590047823,-3.2757100001535187,-1.592354879643011,-2.907894837654519,4.1029412076382473e-05,-4.6224511667503826e-06,3.170676838784649e-05,0.00013372900850684255,0.346219904105833,-0.36183860695744713,2.0670928084205085,44.49719213793502
111.14999999999583,-3.2773590073886174,-1.6337720805669462,-2.909885771518673,-1.0306508632701794,-3.5579848357025297,-2.2037984501887196,-3.2904563759471834,-1.5968132262208832,-2.9167588164275036,4.148364820460623e-05,-5.107119989775447e-06,3.139284585798255e-05,0.00013372155727599605,0.34788700515934723,-0.3772572028179542,1.8462881443216006,44.92411852145352
111.19999999999582,-3.293878181321221,-1.6383446182089685,-2.9284357411693325,-1.0412189568844508,-3.572108029531308,-2.2225921072809562,-3.3062747456334995,-1.6011328867675665,-2.927648602941786,4.1905570986869405e-05,-5.558720479102116e-06,3.112403729837657e-05,0.00013371978130086122,0.35279363085262505,-0.3758731418447552,1.485655911874627,46.498873479695256
111.24999999999582,-3.3104585964990534,-1.6426218081461819,-2.9470691544878593,-1.0520115605860472,-3.585994330373308,-2.240382008307445,-3.3236705897705243,-1.6054787314357293,-2.9507681220607918,4.230073065565572e-05,-5.988328289690955e-06,3.0885092046770034e-05,0.00013371796708073173,0.3517486622033747,-0.3557980205297883,1.058158833408822,46.05149708921373
111.29999999999582,-3.327100467303424,-1.6465918520072613,-2.9658076561159135,-1.0630128176828004,-3.5996124345544365,-2.260217702248283,-3.339635508927548,-1.6083291945377587,-2.984106937068018,4.2701000046612694e-05,-6.46496480953321e-06,3.0647611142181315e-05,0.00013371333339782122,0.350137383461298,-0.3967138788167828,3.0399079407389857,48.548390219213836
111.34999999999582,-3.3438126394214103,-1.6502572364130568,-2.984658166684516,-1.0742053073547022,-3.6129155625587908,-2.28026802396833,-3.3572561213940553,-1.6118006819887571,-2.990152957017026,4.312240961396223e-05,-7.0286165267289455e-06,3.04045173560429e-05,0.0001337054586508827,0.34770974421559053,-0.40100643440096345,1.620295969989409,49.48676969108287
111.39999999999581,-3.360604547760763,-1.6536114994118147,-3.0036129771290785,-1.0856869004995429,-3.626029986108898,-2.2995435502684085,-3.375102036021612,-1.6148557353415178,-3.0150654772326164,4.351200502684198e-05,-7.533035488437958e-06,3.0204028312853903e-05,0.00013370005312815124,0.3486112408636305,-0.385510526001591,1.238246457715263,50.296406035629055
111.44999999999581,-3.3774377453342295,-1.6566519680425134,-3.0226551766923393,-1.0975427862952094,-3.6390622224552636,-2.318384649588405,-3.395281865403068,-1.6174500164402494,-3.0271676705340003,4.390028576028924e-05,-8.083690739632457e-06,3.0020278684421674e-05,0.00013369733039676052,0.3523693486768167,-0.3768219863999508,1.296480349779627,52.99506659728081
111.49999999999581,-3.3943313124350163,-1.6593519618638648,-3.041807350289691,-1.1095784757114011,-3.6517705356875276,-2.339651102292221,-3.4152446318122234,-1.6198211174560597,-3.0526198748567968,4.426894480275267e-05,-8.615924668086096e-06,2.9862424015599887e-05,0.00013369380517342237,0.35006890259298623,-0.4253290540763474,5.886892927236881,54.535182019128854
111.5499999999958,-3.411242255167553,-1.6617595111244416,-3.061058977696303,-1.1218693126723402,-3.6642299649182455,-2.3591146175586224,-3.4337571441270254,-1.6215010394793108,-3.077903619157831,4.463454041376408e-05,-9.191518593591444e-06,2.9720897751821108e-05,0.0001336892825772861,0.35003526667988905,-0.3892703053280511,1.7146962462580686,57.04332620642972
111.5999999999958,-3.428220014925967,-1.6638429110331803,-3.080378059003463,-1.1343086864625804,-3.6763620629510596,-2.378283832620903,-3.454812931057455,-1.6234541012431203,-3.098694593831919,4.4995505005370446e-05,-9.808053137130772e-06,2.9598395768035193e-05,0.0001336830446196448,0.3475255780991697,-0.3833843012456374,1.1180754565948259,59.45353923930591
111.6499999999958,-3.445235639411385,-1.6655995018183334,-3.099775964698835,-1.1471415585396965,-3.6884146429031093,-2.396795313732285,-3.4736940357555284,-1.6250989605109594,-3.1146834708705753,4.534779245592442e-05,-1.0439472405630398e-05,2.950641817521848e-05,0.0001336803962755253,0.35211142573362153,-0.3702296222276644,1.141354603317581,60.392099629218585
111.6999999999958,-3.4622587066801627,-1.6670226010765163,-3.1192426712081573,-1.1604076436984696,-3.7004024796614385,-2.4167390231011368,-3.4905299384658153,-1.6257502659332832,-3.1206814439894743,4.568845975028154e-05,-1.1066720279272578e-05,2.9446674179251212e-05,0.0001336831255680224,0.35760751807963376,-0.39887418737705804,1.3282217714907225,62.99398448092214
111.7499999999958,-3.4793232560587035,-1.6681137753472217,-3.1388208805020863,-1.1735636702717107,-3.7118390769770984,-2.4352556985876834,-3.507348219150632,-1.6273427083324792,3.134912647717682,4.60108581629941e-05,-1.1628082019482189e-05,2.940230587596883e-05,0.00013368204313631243,0.34864622525180894,-0.3703335097309534,3.2002388330223814,60.10491838298841
111.79999999999579,-3.4964060586934465,-1.6688704573145412,3.124718562095148,-1.187026850883407,-3.7230822909605936,-2.456359831929105,-3.5233869947530154,-1.626349916665191,3.1098199455927933,4.632185317627833e-05,-1.2260511729009798e-05,2.938463453993922e-05,0.00013368053671374038,0.35081534304773265,-0.42208266682845397,1.2402950865162494,63.603085710875696
111.84999999999579,-3.5134936173355,-1.6693041277529646,3.1049420827623653,-1.2008582134083414,-3.7341524964429706,-2.476892641489883,-3.5419451679894434,-1.6255713398140061,3.1002395646575165,4.661942554786184e-05,-1.293293607319013e-05,2.9400013953495396e-05,0.00013368134796658588,0.3543258758047017,-0.41065619121558095,1.3150378476109754,67.89769415796587
111.89999999999579,-3.5306062728237158,-1.6694071804967485,3.0851218227414465,-1.2149041642424174,-3.7449422374162666,-2.4962293246123113,-3.5587362113650562,-1.6252917468354522,3.067767640268075,4.690752957971003e-05,-1.3557986542405164e-05,2.9435350369362367e-05,0.00013368403168749008,0.3542411721260032,-0.3867336624485924,2.189588310495001,67.6661248484088
111.94999999999578,-3.547708339592392,-1.6691719474001452,3.0653280884227496,-1.2289599659546624,-3.7552977458706724,-2.5170314483387615,-3.573254217767241,-1.6241375192208327,3.0508689831210063,4.7177907068301254e-05,-1.4268928457276456e-05,2.95052828319155e-05,0.0001336820278195989,0.34917795390748413,-0.41604247452902693,3.5267252754840044,69.09104350106469
111.99999999999578,-3.5648003819463256,-1.6685972284681185,3.0454294668180744,-1.2434039444957594,-3.7654982781049413,-2.5363860221286885,-3.586382483680129,-1.6229776773647278,3.0367105539445927,4.7443336403222566e-05,-1.496938560384052e-05,2.9604940819674946e-05,0.0001336844991280184,0.35366036528644174,-0.3870914757985654,1.8586185169735192,70.65843104214792
112.04999999999578,-3.581877297581748,-1.6676846944690786,3.025393228741928,-1.2577782900332068,-3.775227665187382,-2.556749647368027,-3.599802493497238,-1.6217206258883143,3.016538889128407,4.770268755426071e-05,-1.5651962362773055e-05,2.9720795340453073e-05,0.00013368544072860826,0.3471559845977133,-0.4072725047867933,1.5540566791097614,72.37738605850544
112.09999999999577,-3.5989201637772985,-1.6664403380839787,3.0052271904468544,-1.272441918016615,-3.784717853472418,-2.5776377297457054,-3.616462421647225,-1.6189229514861112,3.001692091793849,4.794553986934693e-05,-1.635123191187777e-05,2.986974772566379e-05,0.00013368828589130214,0.3493403797296123,-0.41776164755359163,2.8271878255782457,78.53824193767214
112.14999999999577,-3.615936041471733,-1.6648574055036263,2.9849795434255033,-1.2873202756530764,-3.7939168386327284,-2.598043431942521,-3.632695646608613,-1.616730425763575,2.9846666322554647,4.817518547908894e-05,-1.7033998843469335e-05,3.0040726941228127e-05,0.00013369244181936403,0.34985566836418763,-0.40811404393633527,0.8119444123176014,81.81470349981177
112.19999999999577,-3.632901075611948,-1.6629389880190337,2.964648261635079,-1.3021499691306095,-3.8026767279929965,-2.6180365318727388,-3.651214169119422,-1.6140040477057551,2.954670726265296,4.8389810754974136e-05,-1.7713791219088923e-05,3.023130301168061e-05,0.00013369389567608554,0.34447952167464263,-0.3998619986043822,2.5701097167006193,82.3164838915409
112.24999999999577,-3.649842473899549,-1.660663612094971,2.9442681321157096,-1.3173176423948663,-3.811225983080477,-2.6386239273132537,-3.669945878224644,-1.6116840872967366,2.9318919210484244,4.856753924610117e-05,-1.8460025423298804e-05,3.0479619875416775e-05,0.0001336954725282,0.3482291097771674,-0.4117479088103198,2.3327889407300724,81.25977528295512
112.29999999999576,-3.6667196833177145,-1.6580455601583832,2.9238755616986274,-1.3325517138778977,-3.819400969329768,-2.6595280327245145,-3.6846194978852,-1.6083067183451094,2.899710693624865,4.872928049815873e-05,-1.9228130319114735e-05,3.076659089483508e-05,0.00013369630044416625,0.345785030974489,-0.41808210822524006,3.7408675186624976,85.61241820971847
112.34999999999576,-3.6835530639684713,-1.6550906835370491,2.9034176964623266,-1.3479590663163474,-3.8272616058183577,-2.680128785643393,-3.7005439540074074,-1.6049136261099644,2.8741629308846317,4.885883541093458e-05,-2.0060718253669432e-05,3.112138095391534e-05,0.00013369790213362247,0.3459402815695081,-0.4120150583775872,3.384056146583039,88.69998625345889
112.39999999999576,-3.700316254222799,-1.651791066194691,2.882874953634869,-1.3637158459224252,-3.8348956454273773,-2.7007270750758567,-3.722428699545294,-1.600088616799738,2.879248762808947,4.896917631864294e-05,-2.0918589037295355e-05,3.15336605149759e-05,0.00013370272146520166,0.3501802413221191,-0.41196578864929945,2.971567837923956,90.3844909619692
112.44999999999575,-3.7170226262333985,-1.648149863048691,2.8622737674963155,-1.379596056322392,-3.842178514400219,-2.7224716943330165,-3.738621802745082,-1.5958121934943994,2.8632841599001253,4.912783729027972e-05,-2.1658109999077387e-05,3.190551937338723e-05,0.000133712123515327,0.3494185396048437,-0.43489238514321654,0.878787464534937,94.07026245530294
112.49999999999575,-3.7336281592444402,-1.6441735849442807,2.8416146746651703,-1.3954619845969083,-3.8490526158652814,-2.743018319845685,-3.755921436607567,-1.5900339370187804,2.8254585060457202,4.926952266617215e-05,-2.23851461810459e-05,3.2295943270587366e-05,0.000133720673527516,0.3458273959252856,-0.41093251025339045,2.45003441094084,97.65588336793829
112.54999999999575,-3.7501563131734743,-1.6398450580016708,2.820877435273767,-1.4119634060724757,-3.8557989598157603,-2.7639695591405333,-3.7692617100016608,-1.584985358688036,2.7977370457726423,4.9333620164587554e-05,-2.3204558813727896e-05,3.2795481264010374e-05,0.0001337308793584035,0.35655108638867605,-0.41902478589699027,1.6359240398843906,103.74325865845373
112.59999999999575,-3.766575199214054,-1.6351812881816972,2.800059563000307,-1.4282325376696827,-3.8620670780806146,-2.7837160474293703,-3.7871892384481787,-1.5795725402596532,2.7943941074428604,4.93714315196373e-05,-2.4057105429110046e-05,3.3352709764283264e-05,0.00013373724695805056,0.3487026394652946,-0.3949297657767587,2.2863291318005756,105.87607122169507
112.64999999999574,-3.782923353611681,-1.6301760688212616,2.779120764816604,-1.4447116044292059,-3.868032752113642,-2.8047922551867535,-3.8025835781800414,-1.5739877142819287,2.766617893430836,4.9447958962221435e-05,-2.4841260701886123e-05,3.388929983416804e-05,0.00013374721291105468,0.35051977289830416,-0.42152415514768765,1.9016830939162772,108.31138621553599
112.69999999999574,-3.7991229107079674,-1.6248510291295066,2.758123422207358,-1.461363818100697,-3.8736614045355235,-2.8264817252464334,-3.823412234526416,-1.5665068775443654,2.740259811782459,4.947316911071571e-05,-2.5663184800422572e-05,3.4499553407138525e-05,0.00013375686224234023,0.35156226266220797,-0.4337894011936233,2.3001884611974033,110.71062598263181
112.74999999999574,-3.8152388787720732,-1.6191694395589564,2.737102962412268,-1.4780209583799047,-3.8788871401555136,-2.8487054066069124,-3.8401331847822138,-1.5600858268635187,2.7275995157848634,4.94570994161481e-05,-2.650993054768882e-05,3.51751538385934e-05,0.00013376362883795926,0.34915966486824723,-0.4444736272096099,1.7258532787486083,113.12151362428922
112.79999999999573,-3.83121686339526,-1.6131537895380412,2.7160138852785,-1.4946809835572739,-3.883722075656313,-2.869574383511174,-3.8564254784002605,-1.5527031702313687,2.7070873313572736,4.945859734869414e-05,-2.7325667492217478e-05,3.585526645518661e-05,0.00013377224327543486,0.34695473028217694,-0.4173795380852552,1.2989988841587365,118.08911224482367
112.84999999999573,-3.8470694703813066,-1.6068121998166174,2.694869284322721,-1.5116203388047234,-3.8882619391474007,-2.889904531573099,-3.8754842386696913,-1.5432889796226301,2.6833379374189175,4.943432204052988e-05,-2.814200082419432e-05,3.658254166456384e-05,0.00013378346121562714,0.3507493178472851,-0.406602961238518,4.063729533794001,126.06090219947089
112.89999999999573,-3.862787562295754,-1.6001443358722658,2.673632969572912,-1.5287238211448932,-3.892469921091945,-2.91080199932393,-3.891290202907459,-1.534718519708686,2.6639316014141396,4.9370229382063436e-05,-2.8970451591094267e-05,3.737267831333391e-05,0.00013379510549612567,0.35227688574375676,-0.4179493550166463,0.8093273206542606,134.00108141767802
112.94999999999573,-3.8783533986722425,-1.5931439891056922,2.6523822919929323,-1.5458011033454349,-3.896292107966653,-2.9320068960379895,-3.9084866513874874,-1.526437565117782,2.636142166183614,4.929199131531869e-05,-2.979614606320879e-05,3.820233117576554e-05,0.00013380669709366292,0.3500023744082094,-0.42409793428121745,3.03201750777082,135.14642911766543
112.99999999999572,-3.8937855530980476,-1.58581512226642,2.631063130538803,-1.5627323662238195,-3.899697991057771,-2.954158127524337,-3.9245526242273,-1.5182002370432928,2.6142781536617967,4.916328363560169e-05,-3.064597627157479e-05,3.9113792825959055e-05,0.00013381523108936565,0.3454156329292389,-0.4430246297269705,1.3570974528477182,136.73117591366218
113.04999999999572,-3.909055090008265,-1.5781677696873977,2.6097401044679156,-1.5799774222808918,-3.9027740634428763,-2.9759918259448073,-3.9367306499315537,-1.511477448112455,2.592632795393463,4.9019976049062394e-05,-3.1499982070418535e-05,4.0085436604833044e-05,0.00013382695910537731,0.3503520344273517,-0.4366739684094349,2.910262412445538,136.36623222310422
113.09999999999572,-3.9241497641894947,-1.5702005274705129,2.5883623864453242,-1.597291046162479,-3.90547914453142,-2.9972194651478876,-3.949833772327131,-1.5037626074593313,2.5650110580778387,4.886486722880639e-05,-3.235764655509203e-05,4.1113934688447806e-05,0.00013384145968364065,0.3504799948701305,-0.42455278406163005,2.564940169538867,137.6149453405548
113.14999999999571,-3.9390871565732524,-1.5619105381482572,2.5669205183846877,-1.6146055434134887,-3.907808464874172,-3.018511502139893,-3.9647825381532864,-1.4946032564358525,2.5477957777167273,4.866500742166314e-05,-3.3230811549472045e-05,4.223205257820563e-05,0.00013385569460723054,0.3494161298290474,-0.4258407398401324,2.000107648440726,140.39206509348682
113.19999999999571,-3.9538081981243742,-1.553316360425599,2.5453269199218744,-1.6319270078765244,-3.9097724953113846,-3.0388640485656477,-3.9789297497814817,-1.485919511574356,2.5208917038318965,4.8472879294727435e-05,-3.40903739520932e-05,4.338007235683555e-05,0.00013387159920895565,0.34865515161582494,-0.4070509285151175,3.267997684458762,140.479985314478
113.24999999999571,-3.9683619016875844,-1.5443900086338138,2.523743059833354,-1.649508025356264,-3.911395090164774,-3.060257824457324,-3.994509298471047,-1.4760731057785756,2.5088417187325014,4.823167387267519e-05,-3.495900768509752e-05,4.462585742566827e-05,0.0001338890934399914,0.3531214405832028,-0.4278755178335528,2.5905727049651874,141.04809287318972
113.2999999999957,-3.9827212145324262,-1.5351479013487748,2.502077994294773,-1.6671359338940006,-3.9126468239035397,-3.081148185823612,-4.007393872847659,-1.4659318530077197,2.487993333843649,4.8019932760711804e-05,-3.5803980619391864e-05,4.587597449515505e-05,0.00013390954443883926,0.3534523192037799,-0.41780722732577735,0.7249815881148614,148.05552761805993
113.3499999999957,-3.996850693235026,-1.5256088794992348,2.480443841221376,-1.6846385338076686,-3.9135208908427073,-3.102241501477231,-4.0235454866367615,-1.4551608840206829,2.4718519077905405,4.778517728688264e-05,-3.6642024682902016e-05,4.718117729380089e-05,0.0001339301202239305,0.35049472671575477,-0.4218663130724126,3.776011650168136,147.60928482107994
113.3999999999957,-4.010768345501096,-1.515767897672808,2.4587595858682016,-1.7022074785549808,-3.9140205582724423,-3.1240783783535298,-4.038564416556542,-1.4443902092844745,2.4540602746263156,4.754485209882599e-05,-3.74627616121443e-05,4.851873630710701e-05,0.00013395110672420065,0.35152795789524294,-0.43673753752599753,2.2322091926690346,147.97750026208132
113.4499999999957,-4.024499072996938,-1.50561366327401,2.437052033831198,-1.7196184407997266,-3.914134963219183,3.1372199036354793,-4.052963937221212,-1.43358827074561,2.430682847930857,4.7291627293307107e-05,-3.8268960094072854e-05,4.989332530067362e-05,0.0001339717063345857,0.3482337129299309,-0.4377405038115698,2.9898412262457446,146.38397040470844
113.4999999999957,-4.03800353809353,-1.495166177296462,2.4152805576691234,-1.7373255764031033,-3.913859523270214,3.114857296336413,-4.064962217840461,-1.4227071831182658,2.397506447715827,4.699245003454023e-05,-3.906599674029571e-05,5.135043094896544e-05,0.00013399336066941968,0.35419293525418116,-0.4472521459813532,0.8830101564966844,148.53718851438597
113.54999999999569,-4.051270859088664,-1.4844470121644016,2.393408479394507,-1.7546964849004174,-3.9131988513238483,3.0922981747940606,-4.077836760452943,-1.4122035662305583,2.381804334422613,4.660853530076865e-05,-3.986317759794541e-05,5.2938661359755115e-05,0.00013401178655247809,0.3476767264460692,-0.4511824308470715,4.232219087377651,146.55263817430298
113.59999999999569,-4.064303157729824,-1.4734291325540432,2.3715024156647018,-1.7721038881952595,-3.9121536349725905,3.070942425070717,-4.09048917602842,-1.4009255665441147,2.3610812825218073,4.6241109646949594e-05,-4.0647159449565075e-05,5.455710345200898e-05,0.00013403264075644177,0.34878172249394646,-0.4271149944668889,1.7775195593738542,146.431155240996
113.64999999999569,-4.077071974853767,-1.4621447192834338,2.3495949368251328,-1.7894696184373402,-3.910730730943234,3.0487332069732114,-4.100927426762257,-1.3902415264387025,2.3350354747670305,4.5851872950840444e-05,-4.1417276830174344e-05,5.624027865065115e-05,0.00013405502399534345,0.348485708146859,-0.44418436195013317,4.727090156310473,147.8760843488323
113.69999999999568,-4.089618819357542,-1.4505640396379575,2.3276564815375824,-1.8068470297203971,-3.9089282210090532,3.02773698933356,-4.110040385041399,-1.3804595014018592,2.3168269204692677,4.542055763101873e-05,-4.217450090900039e-05,5.8019375006366334e-05,0.00013407848111415588,0.3494193344007228,-0.41992435279305595,2.3888142629929043,149.36088398497103
113.74999999999568,-4.101893955635129,-1.4387437621155361,2.305669212889432,-1.82432289483957,-3.9067463179474973,3.007029064685028,-4.123981585948918,-1.3661130601460667,2.2953765660915755,4.498636741615462e-05,-4.29173253056594e-05,5.9853408828089896e-05,0.0001341051735316991,0.35223721928572505,-0.4141584929706636,3.31764789968633,153.1701943209422
113.79999999999568,-4.113919648067734,-1.4266501782781422,2.283624197996177,-1.8417936818091778,-3.904195767028414,2.9862254836759536,-4.133938065437383,-1.354245167716711,2.2711495947112077,4.4524495087331926e-05,-4.363703115540359e-05,6.175487943112507e-05,0.00013413237218572866,0.3531260117754521,-0.416071620181523,1.8295124489202204,157.10471031496078
113.84999999999567,-4.125665681093667,-1.4142942814276283,2.2615456420851197,-1.8593005196043644,-3.9012570176752166,2.9643350278926697,-4.146485341083201,-1.34095846466452,2.2544438991887645,4.402032258262014e-05,-4.4331971846207946e-05,6.374864076334822e-05,0.0001341599714235824,0.35504264614668485,-0.43780911566569203,2.1507961795773434,156.12365122573803
113.89999999999567,-4.137130339140624,-1.4016728463487917,2.239455191633719,-1.8765645928514283,-3.8979773093019023,2.943378439478076,-4.1599451782813555,-1.3257217925576241,2.2204728624865115,4.352237584124947e-05,-4.500936008213864e-05,6.577809931278362e-05,0.0001341886719602356,0.3514632350866308,-0.4191317682918972,4.358891314128553,154.90645361356846
113.94999999999567,-4.148315434277256,-1.3888069820146667,2.2173301563411005,-1.893763064284925,-3.8943233106400226,2.921111355203653,-4.170907422521671,-1.3125208094654452,2.203595426654166,4.2925356301416424e-05,-4.5636992427583114e-05,6.794961112522667e-05,0.0001342141243018736,0.3516543185449829,-0.44534168548848985,2.7146360288586404,153.6831369046484
113.99999999999567,-4.159231227554284,-1.3756938739438067,2.195108511952182,-1.910891810365077,-3.8902864800055768,2.899169393113249,-4.180949715567114,-1.29946292979088,2.1798458252319666,4.2338216400350005e-05,-4.624695298677063e-05,7.016576789983552e-05,0.00013424189913245076,0.3519672536811075,-0.4388392418080945,2.2217520018498864,152.37173613881825
114.04999999999566,-4.169848873831539,-1.362348415004159,2.1728692550130826,-1.9280113549775886,-3.8858494569444453,2.8768185047898642,-4.190516989665221,-1.286207922453433,2.1550092954300357,4.1718148844384046e-05,-4.6821392751252505e-05,7.246749253945102e-05,0.00013427085113763943,0.3537111828684159,-0.44701776646772645,1.7136188892883268,151.5076057194361
114.09999999999566,-4.1801650703947875,-1.3487720697748413,2.150606219228079,-1.9447146785078184,-3.881117332197269,2.8542263641217485,-4.20186414994395,-1.2705356696889516,2.127550870582735,4.106561644419902e-05,-4.735897900665043e-05,7.485270451127077e-05,0.00013430003003131,0.3472214517100065,-0.4518428133623443,2.092751747295485,151.47583020415678
114.14999999999566,-4.190178370288007,-1.334968055072433,2.128384523560673,-1.961361418979595,-3.8759880901262753,2.831174458038692,-4.2095957185905135,-1.2581639332139398,2.111965458081536,4.036385480285799e-05,-4.784305611229097e-05,7.733631183368372e-05,0.00013432840283968627,0.3483885929574231,-0.46103812166115604,3.370057155616368,150.32680667816405
114.19999999999565,-4.199886436015857,-1.3209349162021975,2.1061222219896796,-1.9778654259219393,-3.8704841066110105,2.8082209660722173,-4.2192132371926,-1.241349041579586,2.076108914647415,3.967810686787621e-05,-4.8306501663872764e-05,7.985476650767294e-05,0.00013436013943209476,0.3479594051627954,-0.4590698393295245,3.1125894657440583,158.80834312181747
114.24999999999565,-4.20926917743269,-1.3067107129110167,2.0837740778275764,-1.9943751298501022,-3.86455284138512,2.7851648681301615,-4.225547286435104,-1.2291065060985984,2.0687357086955576,3.8903403400446385e-05,-4.867953526649921e-05,8.250708987013675e-05,0.00013438974468458952,0.3508639988678457,-0.46112195884114426,3.3206532078969646,159.58330916618416
114.29999999999565,-4.2183435872475945,-1.292257653407001,2.0613670415974745,-2.0107486181488663,-3.8582538112809908,2.7635094825312567,-4.235667844489758,-1.2122577113134596,2.0460632007449107,3.819036366995321e-05,-4.9060678568945975e-05,8.515070831392061e-05,0.0001344248750279865,0.350873724923091,-0.43310771197811565,2.4513693231461042,159.63896283481182
114.34999999999565,-4.227079063507096,-1.2776255238842862,2.0390143405802066,-2.0269742555871533,-3.851602884253608,2.741648551124678,-4.242348403915783,-1.1995629082656831,2.02049783271589,3.745051850233483e-05,-4.938257836587926e-05,8.784705281658912e-05,0.00013445999628759146,0.35072404384945,-0.4372186281316122,3.492612252517647,154.36690689736255
114.39999999999564,-4.2354954633003175,-1.26279259871055,2.016645997740221,-2.042989476513029,-3.844612442616052,2.718416397706143,-4.249457741142122,-1.1856869955826108,1.998809724383106,3.667443797315178e-05,-4.96355551949545e-05,9.061514152649096e-05,0.00013449407868066688,0.34949524178674735,-0.4646430683707239,3.1139307909208,150.43118487215952
114.44999999999564,-4.243576640063905,-1.247784999702851,1.9942180665786546,-2.0589118229490877,-3.837229099466433,2.6963767667957548,-4.258330950796552,-1.1690050610526572,1.982273229877018,3.588464174714252e-05,-4.9832039655841524e-05,9.342626403035457e-05,0.0001345282738259709,0.3510255496529225,-0.4407926182077974,2.432421761526719,147.88665761355867
114.49999999999564,-4.251327818859037,-1.2325779396111178,1.971745075502961,-2.0746152942262777,-3.8295093487742884,2.6730062023662624,-4.263190935806208,-1.1559454165795842,1.9505140554763747,3.509776887021829e-05,-4.998264378928146e-05,9.624773542501868e-05,0.0001345629651785327,0.34997571216682904,-0.4674112885898723,1.9967872501700519,146.54459984997783
114.54999999999563,-4.258722151349363,-1.2172305110136927,1.949285976276505,-2.0899552833775488,-3.821531847973051,2.6510680216410236,-4.26994312279242,-1.1399749242237613,1.9308742491401212,3.4261101588090184e-05,-5.0030532176310866e-05,9.913306355554077e-05,0.00013459610423474509,0.3458136935967127,-0.4387636145048028,3.9299028362755846,146.19269502666964
114.59999999999563,-4.265776496864392,-1.2016855979472312,1.926848113184804,-2.105242318858825,-3.8131583860783356,2.6298902267873565,-4.276913843518725,-1.1241666844324025,1.9247238422081194,3.341982959992372e-05,-5.0016381498235634e-05,0.00010202846118868354,0.00013462890973739428,0.3486084754983205,-0.42355589707335795,2.937271373908307,144.14114427041204
114.64999999999563,-4.272469929197831,-1.1860227347065755,1.9043460743454401,-2.120461629040321,-3.8044049861860545,2.60939973037242,-4.283147272898377,-1.1074814516979576,1.9017134574464727,3.2624194508962523e-05,-5.000023376425937e-05,0.00010487823049877241,0.00013466477117165092,0.35114680545081406,-0.4098099282987483,1.3621406992330696,144.39354442030742
114.69999999999563,-4.27881802615659,-1.1702046510902075,1.8818593173230975,-2.1355093956611646,-3.7953154014060364,2.5870031500585915,-4.2894986151726,-1.092370790275596,1.878955976765245,3.1802361463608954e-05,-4.988953034083366e-05,0.00010773068595370997,0.00013469902770038211,0.3516070254029133,-0.4479316062765959,3.1952446133837613,133.8597420166666
114.74999999999562,-4.284807075111003,-1.1542185735581896,1.8594484429986644,-2.150147797655255,-3.7860212927138126,2.5647903979304214,-4.294662591117421,-1.0789812321423198,1.8534656219502006,3.096741217835496e-05,-4.969518798688598e-05,0.00011056882863781929,0.00013473118593002308,0.34680001848858105,-0.4442550425634391,5.353005255406025,120.05413912822632
114.79999999999562,-4.29043006010175,-1.1381171306445057,1.8369908486364814,-2.164730606550715,-3.7762998794424627,2.5424333150529526,-4.299524176750701,-1.0629821509402833,1.82972524470373,3.0109882286299964e-05,-4.939379606243028e-05,0.00011339585671330828,0.000134759299332408,0.350529306041298,-0.44714165754939833,1.3891042525875432,116.70917801700409
114.84999999999562,-4.295686985990671,-1.1219146110753333,1.8144878974610195,-2.1793140093890737,-3.7660940003786636,2.5195304553349924,-4.303322817134739,-1.0463982238648917,1.800553994021401,2.9236953901558806e-05,-4.898590138803807e-05,0.00011618729813795258,0.00013478379817676492,0.35600531210214736,-0.45805719435923137,0.8849946192502223,117.99524502855559
114.89999999999561,-4.300585264568417,-1.1055790580573608,1.7920384045351934,-2.1936287382467916,-3.7556033638329005,2.498777985706564,-4.306577968210132,-1.0304750731308774,1.7773441395157787,2.83468547153198e-05,-4.8454925865937555e-05,0.00011893565134680948,0.00013480575996032622,0.35495138897927314,-0.4150493925685837,1.1028015165332115,118.31692683643548
114.94999999999561,-4.305109832360226,-1.0891447303246207,1.769592636222647,-2.2073874492558185,-3.745041480424716,2.4750030180003986,-4.311126290778631,-1.0151375147325885,1.7638050362800497,2.7457872376621653e-05,-4.782642979340435e-05,0.00012161577865827582,0.00013482748722512774,0.34691190909728936,-0.47549935412332867,3.060194382926347,108.65734322512087
114.99999999999561,-4.309274459913216,-1.072593643926005,1.7471278271986694,-2.221011304753315,-3.734080100993938,2.453136613723985,-4.312855190617657,-1.0010552503374248,1.7221084647604439,2.6594417731694796e-05,-4.715572264295602e-05,0.0001241871482548381,0.00013484743474044967,0.34972758597644454,-0.437328085528292,3.7430802799093668,105.32284489703609
115.0499999999956,-4.313073775011489,-1.0559547111510117,1.7246160404245656,-2.234160265847026,-3.7230226029120304,2.431626345891572,-4.317765483659875,-0.9821954321797542,1.714524604091638,2.570788571850605e-05,-4.628841389707936e-05,0.00012668354703246476,0.00013486278030716724,0.34361305140693726,-0.43020535664829407,3.12320035539017,100.16077071860694
115.0999999999956,-4.316495419839056,-1.039289955705472,1.7020745131561614,-2.2472736511377414,-3.7114877732592912,2.4086747577950636,-4.320608496546677,-0.9658717949387752,1.7025046208596928,2.4854927795641387e-05,-4.540205984437123e-05,0.00012903551878144134,0.0001348753627358988,0.3493001910711718,-0.459031761930191,1.0664083957635846,98.19489407395955
115.1499999999956,-4.319529855922119,-1.0225186934388437,1.6795650813124432,-2.260268287985049,-3.6995452052485893,2.3880416618493943,-4.322231120262667,-0.9489157258932335,1.6698194945133968,2.403254397425434e-05,-4.4484702679884876e-05,0.00013124039545537713,0.000134886328792238,0.3529853075171528,-0.41266191891342213,2.824241977594631,97.41306079417973
115.1999999999956,-4.322187668828822,-1.0056878015846535,1.6570515979917335,-2.273003948519338,-3.6873262789529497,2.365755369584207,-4.323552430242761,-0.9354347811449367,1.6503016513013362,2.321458347153918e-05,-4.34062242573683e-05,0.00013329322991159487,0.00013489118072676943,0.3529941089054307,-0.44572584530377485,2.0898249893299283,89.1932662489967
115.2499999999956,-4.3244691839271425,-0.9887811460528007,1.6344950788128387,-2.2852447385614565,-3.675050205060096,2.3437552796673735,-4.324959792884296,-0.9191949824674011,1.6345139754135731,2.242740869554975e-05,-4.22656895630273e-05,0.00013516945743631426,0.00013489391627707027,0.34672816626711267,-0.4400017983366984,0.6042619931414637,87.60807316143543
115.29999999999559,-4.326366142626864,-0.9718349392680468,1.6119426745369543,-2.297391284611239,-3.6623311945903585,2.3225970628072865,-4.32611130678548,-0.9023574638718895,1.5918584748066493,2.167011093435711e-05,-4.1076303023187676e-05,0.00013686417849506465,0.000134892792389645,0.3517518145883653,-0.42316433720175906,2.6432688748143973,82.97936686589993
115.34999999999559,-4.32788501273569,-0.954857258972069,1.5894564947388368,-2.3092502596216042,-3.649362545914131,2.3004611262291235,-4.325888331472651,-0.8927695963398447,1.575473528923272,2.0938089171001368e-05,-3.968116711808234e-05,0.0001383361217523181,0.00013488200336839501,0.3514733260327274,-0.44271873156327374,5.163022795223782,68.96170010832715
115.39999999999559,-4.329022837499623,-0.9378611265678003,1.5669874403610862,-2.3206802061190372,-3.6363060864923136,2.279272451607529,-4.3263970604769275,-0.8770482144383346,1.551587410469848,2.0249279368929857e-05,-3.826522379927399e-05,0.00013958966122637432,0.00013486797178158085,0.3470596925761989,-0.4237734924319211,2.3942739628982355,64.64470876043436
115.44999999999558,-4.3297777595300255,-0.9208223779984962,1.5445180574780575,-2.3319804141391387,-3.622820703348262,2.2572450096500454,-4.324916156171045,-0.8593853247135239,1.5239970723931933,1.960114563602933e-05,-3.676818187125513e-05,0.00014060464157957157,0.0001348480444364276,0.35188792335257885,-0.440548839149695,3.273835842261043,70.86272593594947
115.49999999999558,-4.330159928787085,-0.9037803829245293,1.522036549327712,-2.3430752889588664,-3.6089636155972067,2.234639331175636,-4.324111059289292,-0.845102601025853,1.5059897339649897,1.900109223438933e-05,-3.518098818937758e-05,0.0001413708383628779,0.00013482214072192626,0.35503720798802535,-0.4521135694882135,2.1492133642268523,65.98459452722606
115.54999999999558,-4.330155245969283,-0.8867333033465666,1.4995206960167968,-2.3537155703539745,-3.595026751472812,2.2110772331614594,-4.321653200410338,-0.8343926088283338,1.4699237117017452,1.8449124213235986e-05,-3.35778050726467e-05,0.0001418861666146111,0.0001347936256943433,0.3506941654757519,-0.471241960283568,3.151966715460582,62.74883481246551
115.59999999999557,-4.329769092645007,-0.8696994909239525,1.4769312242308374,-2.3638041986903153,-3.581145294299504,2.1874503752504317,-4.318766735227772,-0.8221576246004708,1.4523803009856513,1.796844665806274e-05,-3.1871786981344255e-05,0.00014210269750174217,0.00013476088670730824,0.3432136209715924,-0.47253715822059017,1.7622504174038813,60.3290705598063
115.64999999999557,-4.328986779865017,-0.8526720805453205,1.4543760235653023,-2.3737581492611675,-3.5667599672787897,2.164750137622045,-4.318649682225112,-0.8040753891449163,1.4403038850478804,1.7534211435844712e-05,-3.0172223282918432e-05,0.0001420851231195561,0.0001347219364317994,0.3498753531041662,-0.4540047525677584,2.652481560618031,54.9883593938992
115.69999999999557,-4.327815754582323,-0.8356493367446367,1.431941275642941,-2.383284195270327,-3.5523043755526937,2.1421765180502854,-4.317082984835466,-0.7898725661537069,1.434058025477249,1.7138110377355674e-05,-2.851842401912755e-05,0.00014185464977124044,0.00013468275521533575,0.346249858873075,-0.4514723914352204,2.2594586903170413,51.06631441124485
115.74999999999557,-4.326271489428466,-0.8186686145435372,1.4094930272288513,-2.3925747104006114,-3.5374623706063555,2.117996172472882,-4.314694473205579,-0.7760010813099395,1.4014791946926435,1.6769492954848926e-05,-2.6931241520535474e-05,0.0001414341207898325,0.00013464026711909428,0.350207779124008,-0.48360691154809704,2.6046384225481933,46.28035123625234
115.79999999999556,-4.324348858509121,-0.8017463358849797,1.387054603486633,-2.4014971994696337,-3.5224355293373475,2.0952486812151463,-4.311548720097492,-0.7660818563171393,1.37644820133925,1.6474888263568963e-05,-2.528427279976454e-05,0.00014075535205682554,0.00013459197547274006,0.3495310800689457,-0.45494982515472954,2.611357091946961,39.95872966847151
115.84999999999556,-4.32204461615138,-0.7848460987278779,1.3645927480988178,-2.4101160351895796,-3.5071497529314946,2.0731678533487443,-4.308418131727338,-0.7558576451985675,1.3513929108349103,1.6242533164133653e-05,-2.3631309257570498e-05,0.000139836047316091,0.0001345370813329497,0.3509711107492883,-0.44161655732805527,3.1571659624998945,34.21654633389833
115.89999999999556,-4.319363139416618,-0.7680107267209444,1.3421210448989012,-2.418344508202285,-3.49177987227894,2.0514979378531724,-4.305712690715926,-0.7380217349627034,1.3386022919382095,1.6073074964777743e-05,-2.1986801527992655e-05,0.00013869875385302715,0.00013447960120428605,0.3486848970198897,-0.4333983099114738,2.2821329534689228,33.55439787076921
115.94999999999555,-4.316292754789116,-0.7512294142135975,1.319743965538152,-2.426237203392537,-3.4762312814883756,2.0295365060336827,-4.303228761707334,-0.7260553833991197,1.3047900104691186,1.5931633114484043e-05,-2.041018907557373e-05,0.0001374210714875344,0.00013442310505537645,0.3487494996449464,-0.43922863638981136,4.017641950774293,26.990291867809116
115.99999999999555,-4.312851867984593,-0.7345463535568958,1.2973666662026635,-2.4338048009021938,-3.460479132555369,2.0077735452261916,-4.300294459032952,-0.710712969271583,1.2866726971874218,1.587753170218393e-05,-1.8807911241062883e-05,0.00013591832251791614,0.00013436092919071152,0.34952011793574905,-0.43525921614983787,2.184060420430283,23.259770280510637
116.04999999999555,-4.309040642156601,-0.7179169741747286,1.2750464053944137,-2.4409962819802726,-3.4445970990793664,1.9841891080330658,-4.2947771458309605,-0.6966292017907592,1.2479352897947882,1.5863906640983837e-05,-1.7261329533146575e-05,0.00013426830554497262,0.00013429816463368365,0.3486949823843705,-0.4716887438625339,1.4494673359709416,27.946156281791342
116.09999999999555,-4.304859455957083,-0.7013887183862402,1.2526969140093154,-2.447858374965528,-3.4284676830736105,1.9618894854958366,-4.289907996594966,-0.6784647265056102,1.233096300429727,1.5953302997523154e-05,-1.5693774317378544e-05,0.00013240261602994076,0.00013423098639126055,0.35057616191444596,-0.4459924507446159,0.9956208989735721,27.494377396691334
116.14999999999554,-4.300313751857596,-0.6849573702418266,1.2303970236922221,-2.4543354300219336,-3.412286409798759,1.941200231214852,-4.2856235916744,-0.670968813686204,1.209832846375713,1.6056438780686447e-05,-1.4220740306739408e-05,0.00013045093761106886,0.00013416577055919772,0.3485952859147576,-0.4137850856197258,3.504589193124386,21.59071293438177
116.19999999999554,-4.295396740029066,-0.6686366864903477,1.2081457654818684,-2.4604813500416696,-3.395940221332773,1.9196601497047805,-4.282374930915034,-0.6549568293541758,1.2021134905112199,1.6209594192471898e-05,-1.2804837086928058e-05,0.00012836670140109292,0.00013409665740900172,0.3492746781987184,-0.43080163020145634,4.373181950565618,15.348339596178988
116.24999999999554,-4.2901203463278,-0.6524223328878889,1.1859501265509094,-2.466368660842549,-3.379194566233399,1.8980824403749228,-4.276565523916983,-0.6446184497686344,1.1857607713975211,1.634731262523237e-05,-1.1495766897736258e-05,0.00012626110452003525,0.00013402644528039817,0.35501527764097085,-0.431554186597171,3.120070024300552,13.848414750355566
116.29999999999553,-4.28447308655445,-0.6363208700396308,1.1637765866639012,-2.471813378998786,-3.362564952364651,1.8763322117768109,-4.270466775867918,-0.6258959039890808,1.1812293282902901,1.6504835351683096e-05,-1.0263037940945444e-05,0.00012411119962861222,0.00013396050306662237,0.34997204706022195,-0.435004571962262,1.387896017949647,18.335404083058634
116.34999999999553,-4.278473287717547,-0.6203599819050971,1.141626431624693,-2.4769699989960396,-3.345587663045511,1.8550226607403193,-4.262298579281003,-0.6110231934998819,1.1384887019987637,1.6632234361440152e-05,-9.129444483880012e-06,0.0001220007575271029,0.00013389690880987774,0.3548695511827111,-0.4261910207298481,3.1883387289789313,18.56713889130409
116.39999999999553,-4.272113345974724,-0.604527264681216,1.1195052246333368,-2.48174607646562,-3.3285506819753947,1.8332103098420038,-4.254911105964103,-0.5954040534675701,1.1117127804250408,1.68903912913388e-05,-7.967596986546894e-06,0.00011973039645492201,0.00013383176744953404,0.3538824962772402,-0.43624701796633497,0.6731874341497746,20.22109903647263
116.44999999999553,-4.26542281887963,-0.5888487626608826,1.0973695288053424,-2.486063236259158,-3.3117046504860066,1.8101275420527303,-4.248314928187552,-0.5807769560159171,1.1037932353057336,1.7203483034927508e-05,-6.853322710004661e-06,0.00011739619774521849,0.00013377028842963924,0.3478160859318219,-0.46165535578550365,2.044963218079946,19.649355973488753
116.49999999999552,-4.258373069795043,-0.5733129280825591,1.0752969017648533,-2.4900091410883394,-3.294697876442648,1.787436443770349,-4.2412660260400665,-0.5633174843405587,1.0806955018276003,1.7480286411313044e-05,-5.837347533331236e-06,0.00011511501774696354,0.0001337100660595719,0.3491782391530822,-0.4538219656476552,1.816308253574339,19.505333448821318
116.54999999999552,-4.250982555513024,-0.55794639811953,1.053295382254699,-2.4935929519405304,-3.2775148992832155,1.7653958485100096,-4.235548078783816,-0.552254081657612,1.065410954757592,1.7792317825939424e-05,-4.865963566969641e-06,0.00011281639622806833,0.00013364930677572029,0.3510617479173893,-0.44081190520681407,2.3667685123498146,15.88947139118693
116.59999999999552,-4.243244481596955,-0.5427333247856062,1.031319699551152,-2.496762586841363,-3.2604424790690687,1.743333035354456,-4.227578666793403,-0.5380597395925627,1.0360022031680414,1.810257471277819e-05,-3.967497660844083e-06,0.00011053279358722368,0.00013359026303364047,0.34729028105170795,-0.44125626311110216,1.4777147071958756,14.523254914679608
116.64999999999552,-4.235175274798711,-0.5276930797042907,1.0093784157411017,-2.4995581497801105,-3.243277661940104,1.7211563078109018,-4.219804367421742,-0.5263364129208562,1.0081627256382326,1.8477673310479917e-05,-3.1012000402804155e-06,0.00010819737114290982,0.00013353104444958642,0.3478266895756293,-0.44353455087110427,1.5424982676499968,12.932088269738426
116.69999999999551,-4.226778602732031,-0.5128353109516508,0.9874590495297227,-2.5019489319520742,-3.2262357174787377,1.6991933487312156,-4.211189907193048,-0.5112234574128393,0.9800546761172768,1.8902186825749406e-05,-2.2842418323849267e-06,0.0001058255861564952,0.0001334733459179964,0.3441834481672858,-0.43925918159375904,2.10224030387565,13.224830572095076
116.74999999999551,-4.218050936868441,-0.498170275775939,0.9655739838644402,-2.5039914562035333,-3.2088279594799007,1.675999470706273,-4.203599402997471,-0.5010417890807948,0.9631810835862433,1.9376009576875008e-05,-1.512820807795718e-06,0.00010341935869717645,0.00013341132879827366,0.35055140336020696,-0.46387756049887463,2.4738744104186647,10.825750232274423
116.7999999999955,-4.209012372446682,-0.48371423673406183,0.9437084282026085,-2.505674381601414,-3.191232693502534,1.6563060081512484,-4.1955364095888195,-0.488496441039546,0.9498226833967305,1.9825724638278514e-05,-8.142582511989755e-07,0.00010106160397688019,0.00013334732875805322,0.353517026636612,-0.39386925110051746,1.2096713342395198,9.668512681539916
116.8499999999955,-4.19965092525706,-0.4694462491546747,0.9219315990584254,-2.506973522449354,-3.17371480711964,1.6333372680598117,-4.186434580959442,-0.4756549916700273,0.9153985353932779,2.0253512555383767e-05,-1.7942180226071349e-07,9.876698810118259e-05,0.00013328783360198513,0.3513275828677086,-0.4593748018287549,2.6811297284550264,9.30108071425128
116.8999999999955,-4.189985128822432,-0.4553968088462379,0.9001718394948321,-2.5078514945900734,-3.156513029170639,1.610246115540587,-4.175999052651827,-0.4616178373198769,0.8991330607710664,2.075964440230064e-05,4.132534274279513e-07,9.642516101467544e-05,0.0001332347352268247,0.34449103454034413,-0.46182305038452165,1.107625559242477,9.865842601303255
116.9499999999955,-4.180017541266187,-0.4415566032626721,0.8783840769223872,-2.5083372733015263,-3.1391225726056815,1.5871992891994315,-4.164092918139811,-0.445118061725422,0.8777790347157746,2.1240856281504612e-05,9.506728808266884e-07,9.41516475588306e-05,0.0001331819754736162,0.3479525011664947,-0.46093652682314007,1.3048049925058915,12.1330863115599
116.9999999999955,-4.169745374251179,-0.42793148371661793,0.8566797593141281,-2.508437313774672,-3.1216671685011224,1.5658556458975639,-4.153907451318668,-0.43370632603328474,0.8533708116941048,2.1722437372657832e-05,1.4413730947217048e-06,9.192271063889745e-05,0.0001331299393514845,0.34912044228802364,-0.42687286603738706,2.8234511869004932,12.123552296681734
117.04999999999549,-4.159168658492243,-0.4145269943562392,0.8350482902432176,-2.508167191292927,-3.1040823710344108,1.5450171499489356,-4.1437315075912124,-0.4236748645429342,0.8290163714879113,2.222309616343983e-05,1.8833396012550872e-06,8.970602830591504e-05,0.00013307598069672256,0.35174380499712893,-0.416769918972592,1.541131059126674,12.23793000426826
117.09999999999549,-4.1483116295498945,-0.4013734773947319,0.8134688883769655,-2.507523649380668,-3.086555159668935,1.5231750131332653,-4.133511925539636,-0.4111240853152253,0.8178555402797678,2.2742302464079553e-05,2.2745224969944746e-06,8.750673133862e-05,0.00013302330297691525,0.3507874082947356,-0.43684273631342485,4.379500580166846,11.200379251604122
117.14999999999549,-4.137169087027496,-0.388457410796813,0.7918945806615247,-2.5065043599608563,-3.069088879313482,1.501834755155838,-4.119510941123919,-0.3993659021685286,0.7915221406841142,2.320547237486767e-05,2.6224734630046984e-06,8.541181246226627e-05,0.00013297449489583124,0.34992657382973574,-0.4268051595485722,3.005543377120904,15.397381787476705
117.19999999999548,-4.125740087764629,-0.37576538767629086,0.7704084400163831,-2.5051198102432375,-3.0518046130263676,1.4798900038710059,-4.10977102312941,-0.38884437753233575,0.7788548556824719,2.3701716480311318e-05,2.926977223519395e-06,8.332601760777304e-05,0.00013292952681979688,0.3467995993066441,-0.438895025696674,2.117823250883889,13.937427468819017
117.24999999999548,-4.114042027616036,-0.36332114848946806,0.7489857678455423,-2.503322447967645,-3.034288623937966,1.4571931052364597,-4.096350907962989,-0.37722120420187355,0.747997658147324,2.4156457063270624e-05,3.1979150458873582e-06,8.132547389540954e-05,0.00013288207892798827,0.35216683261913784,-0.45393797269094915,1.0496258950100867,16.241405686094573
117.29999999999548,-4.102093722384387,-0.3511456246780779,0.7275873490608329,-2.501174243257045,-3.017034325860008,1.4366691443565598,-4.084604146380186,-0.36935939538072726,0.7236474035248204,2.4660460394817187e-05,3.4223228189180874e-06,7.931303030748037e-05,0.00013283844566664194,0.3477563505237079,-0.4104792175980271,1.7617446428418486,18.022596170189676
117.34999999999548,-4.089879790038349,-0.3392142095211948,0.7061909387745903,-2.4986302343105486,-2.9995659601490168,1.4156865369466534,-4.072188880618144,-0.3585734153450157,0.7044517336257714,2.5177995460960637e-05,3.6023830315207436e-06,7.731878427299895e-05,0.0001327912929491968,0.35305932379873217,-0.4196521481981457,1.0310718966062618,18.750439474037982
117.39999999999547,-4.077417275952081,-0.3275514570729213,0.6847778867994494,-2.4957492099116734,-2.9823264120854422,1.3947321804334152,-4.0629708182688145,-0.35114827260523007,0.6781308929240337,2.5677823293004366e-05,3.7471806270919637e-06,7.538761670914659e-05,0.0001327482456988283,0.349578888222534,-0.4190871302647782,3.3587587346823673,17.54781930941158
117.44999999999547,-4.064700639011867,-0.3161688209275479,0.6634247748418481,-2.4925017868372743,-2.965124678468804,1.373683131958881,-4.0494080291654555,-0.3401710260168307,0.6765273194641392,2.619781854744095e-05,3.846480511060874e-06,7.347283056106073e-05,0.00013270578990413423,0.35011810054878817,-0.4209809694907156,1.9048768539199017,19.276007518495277
117.49999999999547,-4.051718338547922,-0.30505338512330615,0.6421783194644691,-2.4888944888747377,-2.9480485213761094,1.3515358392946455,-4.03535564406985,-0.33060515683290476,0.6483466555755051,2.661524137960957e-05,3.945928021298126e-06,7.171126032083981e-05,0.0001326670673010311,0.34906743810155605,-0.4429458532847389,0.7495832398601074,21.17420035129127
117.54999999999546,-4.038533324455257,-0.29424284416719526,0.6210424846366681,-2.4849233323219644,-2.93100430314828,1.3322415213422296,-4.020924714759748,-0.31836593831216486,0.6339028831201947,2.7068629677547716e-05,4.005419309032835e-06,6.995286875292031e-05,0.00013262875625436583,0.3500199771383538,-0.38588635904834906,1.49251258827169,22.619779706392695
117.59999999999546,-4.025088201630563,-0.2836916100885637,0.5999964488360656,-2.4805998902531883,-2.9140590752514157,1.3097262160094099,-4.009571504354056,-0.3093614717938795,0.6229467624624947,2.7498086482687263e-05,4.047965523696993e-06,6.826360373191736e-05,0.0001325922992139598,0.34976896375233624,-0.4503061066564267,1.3105453706408734,23.499501527521428
117.64999999999546,-4.011431397147618,-0.27342534669002216,0.5790056993438699,-2.475940083207489,-2.8972935761255476,1.289671078901847,-3.9933665462424397,-0.2960283226992664,0.5890607082326902,2.787775572483723e-05,4.086275497488213e-06,6.666859575079858e-05,0.00013255849982412674,0.34802638507246353,-0.401102742151272,2.069017668478847,21.844183196219543
117.69999999999546,-3.9975679559330546,-0.2634467911836772,0.558093498451494,-2.470874866633168,-2.8804235405297645,1.2685505646482813,-3.97864332688838,-0.2882971019971088,0.5571324529633919,2.8331851124591115e-05,4.067298988657422e-06,6.503056606342101e-05,0.00013252250785294456,0.35228741294543936,-0.42241028507134065,1.4536420128999912,24.512744905841352
117.74999999999545,-3.983500589239071,-0.2537733650387241,0.5372023139678246,-2.4654886512230956,-2.86375370876092,1.2479962368072988,-3.964737986355444,-0.2812935207990095,0.5372581109303618,2.8828726400716944e-05,3.987882284998083e-06,6.33780724072428e-05,0.0001324879386509519,0.3503743213306406,-0.41108655681967055,2.341038487412044,26.696607795880634
117.79999999999545,-3.9692465344820596,-0.24440050004457392,0.5163540696146837,-2.459728164550365,-2.84711179508651,1.2271266763001991,-3.9501856198614247,-0.27168922047234106,0.5276867840913031,2.930588339198797e-05,3.882902309784718e-06,6.177671090447499e-05,0.00013245293072446408,0.3522202459060176,-0.41739121014201996,1.5766556965765137,27.486177955376153
117.84999999999545,-3.954778551178374,-0.23530444099260617,0.4956196366335485,-2.4536663971982344,-2.830682907202604,1.207518627717807,-3.941278979775008,-0.26621579572840515,0.507310241204233,2.971809068640864e-05,3.789677814421002e-06,6.0279674400914484e-05,0.00013242108711706166,0.35023603799912284,-0.3921609716478743,3.328009549762933,24.503805612687554
117.89999999999544,-3.940133530219793,-0.22652006052833965,0.4749688489632025,-2.4472546220181197,-2.8143030083414926,1.187860395375404,-3.929239066711827,-0.25805572815361383,0.47431149116632554,3.0126618879737126e-05,3.670489229971808e-06,5.881911221891054e-05,0.00013238847825903277,0.3518078521616525,-0.39316464684807284,3.726828777641631,22.552562219065326
117.94999999999544,-3.9252968886944757,-0.21803196069261493,0.4544033679743375,-2.4405569560234306,-2.7981510040652653,1.1675640789357438,-3.9161742780586577,-0.25159879371070354,0.4660783153492387,3.058318083832265e-05,3.4843040401135093e-06,5.7342659744872314e-05,0.00013235837655586929,0.3497178679411658,-0.4059263287932339,1.4630862397761761,24.27159127685047
117.99999999999544,-3.9102861030592897,-0.20985690481821934,0.43391177999298336,-2.433540924094496,-2.782160277151002,1.1470997541431416,-3.8988897630913346,-0.24275189960900218,0.4439243843333256,3.097562141506777e-05,3.319945713609098e-06,5.596361147318025e-05,0.00013233019082805993,0.3492498779935549,-0.4092864958520621,1.6404500678779301,25.466143818410362
118.04999999999544,-3.8951039633771436,-0.20199250166781493,0.41349995091574687,-2.4262033560584744,-2.766350018082728,1.125455262556848,-3.8817232258373555,-0.23369410133713817,0.40972854691348326,3.137256243432195e-05,3.125552338349601e-06,5.461192894357749e-05,0.00013230385659551377,0.3486064011945629,-0.4328898317259028,1.6008728161901915,26.169255114346367
118.09999999999543,-3.8797746145923724,-0.1944535330058852,0.39308313616057644,-2.4185823879711883,-2.7507827350005725,1.1056314791993156,-3.867554670649835,-0.22832151847985294,0.39155962799241717,3.18095643245196e-05,2.861999007787165e-06,5.325106110977149e-05,0.00013228000237280348,0.34665792685990143,-0.3964756671506775,2.818787901628804,27.95123579177698
118.14999999999543,-3.8642745535397034,-0.18722785049706347,0.3727208822233487,-2.410589712007839,-2.7352691365520436,1.0844869696219401,-3.8542530014486296,-0.22379495429891252,0.3614208707252078,3.222303220642297e-05,2.5875251986741403e-06,5.194199771212508e-05,0.00013225426473239909,0.3490363609032545,-0.4228901915475387,2.717185444190661,31.810960207063907
118.19999999999543,-3.8486526463955726,-0.18033066794337752,0.3524286194876952,-2.402306269783074,-2.7199951941999743,1.063242325685942,-3.8390881022044527,-0.21788366830264894,0.34424608017667424,3.2654302361701014e-05,2.2545872304169427e-06,5.064566254241134e-05,0.00013222981471033005,0.34751695526045995,-0.4248928787199861,0.9362885311787754,32.80177399543043
118.24999999999542,-3.8328616144955965,-0.17373655733071738,0.3321742406703479,-2.393656307364301,-2.7047958333249977,1.0435717793771317,-3.8248995117770006,-0.2122202713367798,0.34169837319226914,3.305152055503516e-05,1.928572270227074e-06,4.941362669104819e-05,0.00013220460997584392,0.34977265913090094,-0.3934109261762173,1.448512991504434,32.937281850142305
118.29999999999542,-3.8169578083386946,-0.16747197490580062,0.31199916805907757,-2.384728979725792,-2.689832033620222,1.0221967934930554,-3.807161823631282,-0.2069784062810586,0.3295158308680435,3.338011181057398e-05,1.662786804202572e-06,4.8278954233110423e-05,0.00013218155650869938,0.348496221171344,-0.4274997176815588,1.7572266514258077,37.476360030630744
118.34999999999542,-3.800929212344009,-0.16152464887708823,0.2919005221436536,-2.3754327581346852,-2.6749658542586308,1.0017271756934605,-3.7954422540185058,-0.20326776700687887,0.3007399043770205,3.367869492784333e-05,1.4125090660700239e-06,4.7200080906798665e-05,0.000132157850810418,0.35067578144419553,-0.40939235599193086,4.399934966792698,38.44356250905962
118.39999999999542,-3.7847924334882608,-0.15590316099504925,0.27187173901840017,-2.3658033937401015,-2.6602277097816924,0.982393424450458,-3.7774065506573526,-0.19659328932808626,0.2859725320008879,3.4001242992194564e-05,1.1009326567282431e-06,4.612371228260155e-05,0.00013213376854240101,0.352106356571816,-0.38667502486006716,1.3524348955197245,38.74649448537724
118.44999999999541,-3.7685365383434783,-0.15060970222043107,0.2518802948479529,-2.3560010143739616,-2.645853608542473,0.9621851828671835,-3.7610164637419152,-0.19154463082780013,0.2636606546184854,3.4303635041131524e-05,7.946294855630667e-07,4.509547849054369e-05,0.00013211499189431683,0.3479722570215302,-0.4041648316655198,0.7877856137309109,39.61370521990901
118.49999999999541,-3.752163047864067,-0.14563371823449645,0.23195227124152096,-2.3458291605518657,-2.6315593292740878,0.942465624179813,-3.743318396607382,-0.18707985781793984,0.2495947467314652,3.4607201141355005e-05,4.586696393228523e-07,4.409038873603542e-05,0.00013209528201737895,0.35088630878579,-0.39439117374743793,0.8854319955015629,42.88140743274325
118.5499999999954,-3.7357180856437777,-0.14099681760531438,0.21214077908568219,-2.335340237167391,-2.6174321657495954,0.9218046449009076,-3.72690208710993,-0.1828070116703372,0.23832800275811783,3.489059114199524e-05,1.3115180360645368e-07,4.312961470735999e-05,0.00013207556351062548,0.3519120779095924,-0.413219585578131,1.2303596105058405,46.599994480090714
118.5999999999954,-3.7191441786833552,-0.13669022137583586,0.19240578936596595,-2.3245255186180236,-2.6034655179921757,0.9020121031857702,-3.7099603710298035,-0.17825126428906352,0.20789622408330022,3.514772397551632e-05,-1.7268859526055065e-07,4.221731386843494e-05,0.0001320556200386081,0.3532905734788824,-0.3958508343027711,1.3953772163883997,44.261112198430794
118.6499999999954,-3.70252985244536,-0.13273237593769838,0.172848893154612,-2.313447812920174,-2.5897312625634257,0.8821061720842494,-3.6976552594471523,-0.1752681583168342,0.1861383762111486,3.5426221365911424e-05,-5.525287840851486e-07,4.130984265823391e-05,0.0001320375505642387,0.35290543588622725,-0.39811862203044013,1.6892299371492896,45.01115610191412
118.6999999999954,-3.6858133432727938,-0.12909582025850078,0.15339242084740495,-2.3021825435760883,-2.5763279836375563,0.8615969889582145,-3.679404025953073,-0.17143493131308984,0.17452785217583378,3.5702121867880064e-05,-9.594462272502501e-07,4.043211946267879e-05,0.0001320231852110219,0.3501799108965531,-0.41018366252072336,2.2112429003726635,47.45279666231872
118.7499999999954,-3.6690320849903673,-0.1257881622128965,0.13396477669312432,-2.2907580852753773,-2.5632716001124893,0.8423250188412998,-3.66135562811877,-0.16868209653587934,0.14909790851975213,3.595352114268387e-05,-1.3350479643015919e-06,3.9602284688553545e-05,0.00013201251928019733,0.34698513753350596,-0.38543940233831014,0.469501474788667,48.51651424584793
118.79999999999539,-3.6521652405611333,-0.12280356159971532,0.11463371225636514,-2.278926449988556,-2.550271512786073,0.8225115663384113,-3.6448982538175856,-0.16680251277316507,0.12385216717732828,3.620910621628079e-05,-1.7597016505422012e-06,3.879181893372328e-05,0.00013199860522814698,0.3515679010796302,-0.3962690500577967,0.7354542364775085,50.8961345534617
118.84999999999539,-3.6352776133336624,-0.12014543912351676,0.09536406899726386,-2.266826173018083,-2.5374895476515182,0.8030642040376201,-3.6293376625797764,-0.16420967578108747,0.09488081476911336,3.646373510544311e-05,-2.2250432216528073e-06,3.800955112040156e-05,0.0001319847610660331,0.3520256237046147,-0.38894724601584335,3.385813469045655,51.52749472143689
118.89999999999539,-3.61834701923395,-0.11782167899840963,0.07616867589017595,-2.254677222062737,-2.5251401454083173,0.784096227974854,-3.608484450872812,-0.16320409152337712,0.08794764012774392,3.672117302184989e-05,-2.746421471596457e-06,3.725648726704655e-05,0.00013197756771281009,0.3464758248334423,-0.37935952125534544,2.9544606145779166,56.912686922694284
118.94999999999538,-3.601360538362047,-0.11582850505460422,0.0571161060013809,-2.2421276615534964,-2.512847382883217,0.7660266024186106,-3.5952371795498625,-0.16210301750504896,0.07629830986116382,3.6952139405114705e-05,-3.1996665276137553e-06,3.654962146890181e-05,0.0001319667677471062,0.3513470514971782,-0.36139251112488974,2.4648006709472066,60.50682724643594
118.99999999999538,-3.5843210285174374,-0.11416093897923271,0.03814447284955158,-2.229387483085823,-2.500819833843831,0.7472405970861526,-3.5811546402545624,-0.16073375744293153,0.04907226634531936,3.7164106156638715e-05,-3.625275312340086e-06,3.588086246747901e-05,0.00013195603357343878,0.3504186703910304,-0.3757201066491783,3.2997059328761456,60.92281702451079
119.04999999999538,-3.567248500282715,-0.11281516562475018,0.01928446322192119,-2.216548789077502,-2.489155394045695,0.7277837738112449,-3.5632285134603086,-0.1610381057891782,0.031600839481236154,3.7375405287129595e-05,-4.111906435992356e-06,3.523918018936844e-05,0.00013194993620270574,0.34692979816571445,-0.38913646549817144,0.9585493644622752,66.62446955319582
119.09999999999538,-3.55015766693269,-0.1117904593745983,0.0005307799592405497,-2.2034145538010588,-2.477672797101231,0.7090256403882718,-3.546980095071082,-0.15995967313192036,0.012508300649504367,3.7575804730662124e-05,-4.595709382945751e-06,3.463082541691469e-05,0.00013194303846139448,0.3489223945371175,-0.37516266845948226,1.366601457390459,67.81677976472538
119.14999999999537,-3.533055418624283,-0.11110136539826646,-0.018148974810964936,-2.1900968113557773,-2.4664578794400907,0.6907580477777668,-3.5284989430818863,-0.15862467526613122,-0.002801535850611714,3.7766468236484054e-05,-5.086883770512699e-06,3.405509361210056e-05,0.00013193734449851874,0.3482212354094885,-0.3653518522101163,2.917627205037931,67.55696685307039
119.19999999999537,-3.515937229704155,-0.11072576822097054,-0.036721036865750886,-2.1764322445807016,-2.4553758240564374,0.6720747750137379,-3.513135321482604,-0.1590097695862936,-0.024312015642346196,3.794641615928396e-05,-5.56683185151725e-06,3.3509420432972474e-05,0.00013192930175674362,0.3518757398483596,-0.3736654552805971,0.7886658184035383,70.93102379160182
119.24999999999537,-3.4988004057846345,-0.11066688821997284,-0.05519130638782176,-2.1627329480505737,-2.4446720967385778,0.6544356366012334,-3.4927722440678046,-0.15939342835966455,-0.05893105925173758,3.8118230247627743e-05,-6.069831536169693e-06,3.2996713726968166e-05,0.00013192623183742275,0.3477058185362443,-0.35278276825010774,3.888946946930033,72.58502992280845
119.29999999999536,-3.4816925876217804,-0.11093141486089012,-0.07353681568211932,-2.1485434279497215,-2.4339985192536835,0.6353994540295824,-3.4705175253591443,-0.16042589935910298,-0.07599624178942932,3.828137783643068e-05,-6.66822552353294e-06,3.2526420648183766e-05,0.00013192036568577365,0.35512096961609096,-0.3807236514330365,2.814014355770032,75.6325485400987
119.34999999999536,-3.4645480342750554,-0.11151560799326596,-0.09183108789379839,-2.13434138714707,-2.4237244481298483,0.6171469368279077,-3.4523182952633,-0.16197855434527436,-0.09465256285388257,3.8439663529828076e-05,-7.250588600848234e-06,3.208997347595319e-05,0.00013192023734824956,0.35057839683885317,-0.36505034403351067,0.7272149788457118,79.70448727091117
119.39999999999536,-3.447445766393829,-0.11242071099802989,-0.11002260873224777,-2.119926730767276,-2.413692992049579,0.5988187645994798,-3.435892736724551,-0.1621944999039533,-0.10002375982785905,3.858891394419776e-05,-7.83006707903096e-06,3.168765525600064e-05,0.000131921433728156,0.3512384166481012,-0.36656344456858064,2.3125267763875144,78.508220488194
119.44999999999536,-3.430370598101021,-0.11362926618328133,-0.1281073135223875,-2.105225687981718,-2.403863752504575,0.5798724793080838,-3.418151352058385,-0.16308921344273858,-0.10773230567351755,3.873665547374685e-05,-8.338979680233727e-06,3.129983862094347e-05,0.00013192023329727632,0.353691370640232,-0.37892570582793944,1.3358241139129232,80.33571189688442
119.49999999999535,-3.4132937235603023,-0.11515352629570204,-0.14607822025321202,-2.0905308301255032,-2.394424646825046,0.5620714964454878,-3.4021544641702777,-0.16534096177548804,-0.14394012122286481,3.8878197842080354e-05,-8.797829072331233e-06,3.092756348870162e-05,0.00013192250740585028,0.34930995887117144,-0.3560196572519433,3.135734589428307,81.72472625359104
119.54999999999535,-3.396249916572214,-0.11698959340569148,-0.16393840757661446,-2.0758069415483944,-2.3853478963317816,0.5428038362950729,-3.381484894379846,-0.16753044177861084,-0.1648456704477108,3.899078567718615e-05,-9.371666750348736e-06,3.061645956803521e-05,0.00013193114908638894,0.3459419316758078,-0.38535320300832104,2.7468114126479257,83.60640977882677
119.59999999999535,-3.3792428613367127,-0.11913805951896954,-0.18169709477825322,-2.0607680560534045,-2.3764687006000114,0.5238811519360915,-3.3632962759581098,-0.1706376242609197,-0.18206011723759374,3.909578934954764e-05,-9.958116155305747e-06,3.0340623038304394e-05,0.00013193833387531724,0.3492948869230988,-0.37845368717964967,2.6286684666221474,87.56891911774969
119.64999999999534,-3.3622855030359995,-0.1215915978454319,-0.1993356981063887,-2.045597786165391,-2.3678856327774875,0.5058772962681912,-3.348533700901034,-0.17284148261483032,-0.19875390004412008,3.919576638805447e-05,-1.0535982501445988e-05,3.0093746568778296e-05,0.00013194600265250197,0.3486054205743661,-0.36007711335802906,1.9800761614487274,87.83725926326436
119.69999999999534,-3.345358985630155,-0.12435851658559552,-0.2168840004019883,-2.030033936359868,-2.3594330012034113,0.4891738033305879,-3.3305472329218686,-0.17547069923461844,-0.20286459868936824,3.929217703594979e-05,-1.1102611488553023e-05,2.987165140150855e-05,0.00013194944973021658,0.3542246149784566,-0.33406985875208217,2.1118629415766623,88.80796207697855
119.74999999999534,-3.32850988046395,-0.127420820680407,-0.23430116444720342,-2.0146870817740066,-2.351430964474013,0.4720866826154775,-3.311523872934291,-0.1787516946340883,-0.22471819542218885,3.94006239409383e-05,-1.1604330618196761e-05,2.9648347478752255e-05,0.00013195956449621097,0.3461594003379754,-0.3417424143022265,1.9149383708835228,89.41936344771452
119.79999999999534,-3.3116897742800653,-0.13079092768777803,-0.2515926471205961,-1.999103735333019,-2.3436429942712085,0.45482829668279745,-3.2950532920934816,-0.182037043126556,-0.235204274185568,3.948708561353033e-05,-1.2137207322868513e-05,2.9465861518530482e-05,0.00013196999387840675,0.3484254292056156,-0.34516771865361695,0.7920875716180696,90.97297135446811
119.84999999999533,-3.2949550118939532,-0.1344485417673284,-0.26882487626156704,-1.983228679282786,-2.3360665342037152,0.4357459600009559,-3.275171107457029,-0.18610948929800428,-0.2512161263360988,3.9575094927877e-05,-1.2645442315726257e-05,2.929579834415658e-05,0.00013197750498399565,0.35181218919400864,-0.3816467336368539,1.356003996961702,92.75552744271518
119.89999999999533,-3.2782545922224138,-0.13840353072441874,-0.2859862300186488,-1.9672598938081698,-2.328783300400451,0.4200708286379493,-3.25771031267788,-0.1898019833452965,-0.25964757196179855,3.965651678055149e-05,-1.3148300749165936e-05,2.914759609166324e-05,0.0001319866554299046,0.3510292932332943,-0.3135026272601535,1.5578156520105229,94.74225821293334
119.94999999999533,-3.2616343828093184,-0.1426440080098659,-0.3030410145568876,-1.9510666363354265,-2.3217216503738287,0.4023748610341342,-3.2418945635102583,-0.19394301317325685,-0.29156141978781447,3.974014429359721e-05,-1.3622580460260815e-05,2.9006263915878964e-05,0.00013199444903377088,0.3533251380486657,-0.35391935207632097,1.5908922122342868,91.77713842971083
119.99999999999532,-3.2450873183965783,-0.1471732777232251,-0.3199551198539669,-1.9349028775651282,-2.3149953941004844,0.3862959529625214,-3.226683909231921,-0.19866210637694565,-0.3105012686706923,3.9778443678758566e-05,-1.4176761833529988e-05,2.8941371094938947e-05,0.00013200894283346947,0.35015209532526,-0.3215781614322741,0.7942573998667513,93.30843365179994
120.04999999999532,-3.2286307127986573,-0.15198390704591816,-0.3367289793528031,-1.918650976292307,-2.3085426537767804,0.36961723263460833,-3.2128778927938915,-0.20324496500667977,-0.3364415384568398,3.9807452940174e-05,-1.4744012494487276e-05,2.8913862170160114e-05,0.00013202619217591143,0.34972517257656194,-0.33357440655827764,1.7648122330562164,94.27176046668687
120.09999999999532,-3.212242330134574,-0.1570770239521413,-0.3534167773764236,-1.9020477752857365,-2.3022732311156187,0.35248479947859135,-3.1981146291075384,-0.20818110952781943,-0.33075097695705535,3.981157349191017e-05,-1.5352651026870757e-05,2.894808330674381e-05,0.00013204187254363248,0.3549533200310774,-0.34264866312036163,3.1401286632634124,98.63545335563175
120.14999999999532,-3.19594965790154,-0.16244004563325187,-0.3700035121055396,-1.885436676496547,-2.2963218640705745,0.3355732400784759,-3.1812333610894328,-0.21422160541419408,-0.34650248244295456,3.987905932348783e-05,-1.5858709848121645e-05,2.8925849092783485e-05,0.00013205741009435386,0.3529049692269887,-0.3382311880023319,2.095044886486556,102.0678782704428
